stone_id,name,runic,transliteration,translation,page_url,image_url
hnias,hnias - runfont,"ᚼᚾᛁᛅᛋ
ᚠᚢᚦᚬᚱᚴ ᛬ ᚼᚾᛁᛅᛋ ᛬ ᛏᛒᛘᛚᛦ",,,https://www.christerhamp.se/runor/hnias.html,https://www.christerhamp.se/runor/hnias-1.gif
DK Bl 1,DK Bl 1 - Blekinge: Åryd-sten,,fuþorkeniastblm,-,https://www.christerhamp.se/runor/gamla/dk/dkbl1.html,https://www.christerhamp.se/runor/gamla/dk/dkbl1s.jpg
DK Bl 3,DK Bl 3 - Blekinge: Stentoften-sten,,niu hAborumR | niu hagestumR | hAþuwolAfR gAf j | hAriwolAfR (m)A--u snuh-e | hideRrunono fe(l)(A)h ekA h ed|erA ginoronoR herAmAlAsAR ArAgeu we(l)AdudsA þAt Side B bAriutiþ,"Med nio bockar och nio hingstar gav Hådulv godår. Herulv ... Himmelglansrunraden döljer jag här, kraftrunor. Ständigt med arghet, till död genom trolldom den som bryter det [minnesmärket]",https://www.christerhamp.se/runor/gamla/dk/dkbl3.html,https://www.christerhamp.se/runor/gamla/dk/dkbl3-1s.jpg
DK Bl 4,DK Bl 4 - Blekinge: Istaby,,Afatz hAriwulafa ¶ hAţuwulafz hAeruwulafiz hAţuwulafz hAeruwulafiz ¶ Afatz hAriwulafa warAit runAz ţAiAz,"Hĺdulf, Hjorulfs frände, ristade dessa runor till minne av Härjulv",https://www.christerhamp.se/runor/gamla/dk/dkbl4.html,https://www.christerhamp.se/runor/gamla/dk/dkbl4s.jpg
DK Bl 5,DK Bl 5 - Blekinge: Sölvesborg-sten,,urti : (w)Aþ- ...|- : ąsM=ut (:) sunu sin :,"Vade gjorde [stenen efter] Asmund, sin son",https://www.christerhamp.se/runor/gamla/dk/dkbl5.html,https://www.christerhamp.se/runor/gamla/dk/dkbl5s.jpg
DK Bl 6,DK Bl 6 - Blekinge: Björketorp,,,"Mäktiga runors hemlighet dolde jag här, kraftfulla runor. Den som bryter detta minnesmärke ska ständigt plågas av arghet. Svekfull död ska drabba honom. Jag spår fördärv",https://www.christerhamp.se/runor/gamla/dk/dkbl6.html,https://www.christerhamp.se/runor/gamla/dk/dkbl6-1s.jpg
DK Bl 8,DK Bl 8 - Blekinge: Lösen-sten 1,,ødmar : ok : reinmod,Ödmar och Reginmod,https://www.christerhamp.se/runor/gamla/dk/dkbl8.html,https://www.christerhamp.se/runor/gamla/dk/dkbl8.jpg
DK Bl 10,DK Bl 10 - Blekinge: Lösen-sten 3,,[ANO þNI M|CCCX (i) asio (m)i) lo](t) gøræ þen(æ) [siææn | aaeiokR | þusi]n au- føþø[ir urkræiæeer],I Herrens år 1310 i Åsjö Mi lät göra denna sten och fader ...,https://www.christerhamp.se/runor/gamla/dk/dkbl10.html,https://www.christerhamp.se/runor/gamla/dk/dkbl10.jpg
DK Bl 12,DK Bl 12 - Blekinge: Sturkö-sten,,skibarR : kuþis : raisþ... stin,Gudes skeppare reste ... sten,https://www.christerhamp.se/runor/gamla/dk/dkbl12.html,https://www.christerhamp.se/runor/gamla/dk/dkbl12s.jpg
DR BR 75,DR BR 75 - Blekinge: Tjurkö,,wurte runoz an walhakurne ** heldaz kunimudiu ***,Heldaz skrev runorna på guldet åt Kunimunduz,https://www.christerhamp.se/runor/gamla/dr/drbr75.html,https://www.christerhamp.se/runor/gamla/dr/drbr75s.jpg
Bo Hoga,Bo Hoga - Bohuslän: Hoga,,HauR/iauR i * am * tain won/þon iar o mul=a *,Hor / Jor i Ar gjorde stenen här på mulen,https://www.christerhamp.se/runor/gamla/bo/bohoga.html,https://www.christerhamp.se/runor/gamla/bo/bohogas1.jpg
Bo Kalleby,"Bo Kalleby - Bohuslän: Kalleby, Tanum",,₫rawijan * haitinaz was,-,https://www.christerhamp.se/runor/gamla/bo/bokalleby.html,https://www.christerhamp.se/runor/gamla/bo/bokallebys.jpg
Bo NIYR 1,Bo NIYR 1 - Bohuslðn: Brastads kyrka,,ma=ria mÌr h...e ±Ìim er ±ena stÌin ker±e,Jungfru Maria hjðlpe honom som gjorde denna sten,https://www.christerhamp.se/runor/gamla/bo/boniyr1.html,https://www.christerhamp.se/runor/gamla/bo/boniyr1.jpg
Bo NIYR 2,Bo NIYR 2 - Bohuslän: Kareby kyrka,,ra₫e sa er kan namn orklaski k=r=a=k,Läs den som kan namnet Torbjörn Krak,https://www.christerhamp.se/runor/gamla/bo/boniyr2.html,https://www.christerhamp.se/runor/gamla/bo/boniyr2s.jpg
Bo NIYR 3,Bo NIYR 3 - Bohuslän: Norums kyrka,,svæn : kærðe (m),Sven gjorde m[ig],https://www.christerhamp.se/runor/gamla/bo/boniyr3.html,https://www.christerhamp.se/runor/gamla/bo/boniyr3.jpg
Bo NIYR 4,"Bo NIYR 4 - Bohuslän: Utby, Herrestad",,asa fu(₫)or / fu(u)or,Åsa / gudarna ...,https://www.christerhamp.se/runor/gamla/bo/boniyr4.html,https://www.christerhamp.se/runor/gamla/bo/boniyr4s.jpg
Bo NIYR 7,"Bo NIYR 7 - Bohuslän: Kleva, Bĺtslycke, Spekeröd",,fuţor{K}hniastbmlyřkhp : ion : a mik,,https://www.christerhamp.se/runor/gamla/bo/boniyr7.html,https://www.christerhamp.se/runor/gamla/bo/boniyr7-1.jpg
Bo Rävsal,"Bo Rävsal - Bohuslän: Rävsal, Valla",,Hariwulfs/Hariþulfs * staina-,Hreidulfs / Herjulfs stenar,https://www.christerhamp.se/runor/gamla/bo/boravsal.html,https://www.christerhamp.se/runor/gamla/bo/boravsals.jpg
Bo Tossene,Bo Tossene - Bohuslän: Tossene,,-,-,https://www.christerhamp.se/runor/gamla/bo/botossene.html,https://www.christerhamp.se/runor/gamla/bo/botossenes.jpg
"Dalarna: Isala, Svärdsjö","Dalarna: Isala, Svärdsjö",,u kaahlir,,https://www.christerhamp.se/runor/gamla/d/d-isala.html,https://www.christerhamp.se/runor/gamla/d/d-isala.jpg
D RAÄ Silvberg 152,"D RAÄ Silvberg 152 - Dalarna: Sandvik, Silvberg",ᛏᛁᚤᛁᛚᛚᛗᛁᚾᛁᛁᚱᛁᚾᚨᛚᛏᛏᚾ,tiyillminiirinalttn,-,https://www.christerhamp.se/runor/gamla/d/draasilvberg152.html,https://www.christerhamp.se/runor/gamla/d/draasilvberg152s.jpg
D RAÄ Vika 182,"D RAÄ Vika 182 - Dalarna: Nyhyttan, Vika",ᛁᛁᚠᚢᛅᚦᚢᛘᛚᚱᛅᚦᛣᛁᛏᛁᚬ,iifuaþumlraþRitio,-,https://www.christerhamp.se/runor/gamla/d/draavika182.html,https://www.christerhamp.se/runor/gamla/d/draavika182s.jpg
D Rv 3,"D Rv 3 - Dalarna: Rot, Älvdalen",,EOS afuer giol läla lrug den 29 oclober anno 1752,Erik Olsson har gjort detta tråg den 29 oktober anno 1752,https://www.christerhamp.se/runor/gamla/d/drv3.html,https://www.christerhamp.se/runor/gamla/d/drv3s.jpg
D Rv 20,"D Rv 20 - Dalarna: Blyberg, Älvdalen",,anders olsun . hafer . giort . sklä . utaf : grån . at . hån . skal . giära : sina : tinest 1608 PMMLD 1726,Anders Olsson har gjort skålen av gran att hon ska göra sin tjänst. 1608.,https://www.christerhamp.se/runor/gamla/d/drv20.html,https://www.christerhamp.se/runor/gamla/d/drv20s.jpg
D Rv 29A,D Rv 29A - Dalarna: Älvdalen,,KMD -ad cad gät ai år 1799,[har] gått ... år 1799,https://www.christerhamp.se/runor/gamla/d/drv29a.html,https://www.christerhamp.se/runor/gamla/d/drv29as.jpg
D Rv 40,D Rv 40 - Dalarna: Älvdalen,,EES M1D7CCL8XX0X den XXVIII iuli då : uar : ui : är : i stak : kiön : en : uiko oc : in : tet : ber : gat : gug : nåde : os : 1783 den 19 iuli om afton kom et bod som war för suårt LSS A C,"Erik Ersson 1780 den 28 juli, då var vi här i Stackkölen en vecka och intet bärgat. Gud nåde oss. 1783 den 19 juli om aftonen kom ett bud som var för svårt. Lars Larsson.",https://www.christerhamp.se/runor/gamla/d/drv40.html,https://www.christerhamp.se/runor/gamla/d/drv40s.jpg
D Rv 41,D Rv 41 - Dalarna: Älvdalen,,1696 AED oc : tå : uar : ett : suårt : ugers : år oc : dyr : tiid gudh bettre EMS,1696 Anna Ersdotter och då var ett svårt hungersår och dyrtid. Gud bättre! Erik Mattsson,https://www.christerhamp.se/runor/gamla/d/drv41.html,https://www.christerhamp.se/runor/gamla/d/drv41s.jpg
D Rv 62,"D Rv 62 - Dalarna: Västermyckeläng, Älvdalen",,den : 30 : dec : tember datum gnåsta PMS ano 1716,Den 30 december datum Gnåsta Per Matsson anno 1716,https://www.christerhamp.se/runor/gamla/d/drv62.html,https://www.christerhamp.se/runor/gamla/d/drv62s.jpg
D Rv 74,"D Rv 74 - Dalarna: Billingsbodarna, Älvdalen",,ANO 1730 LIS OMS OOS ALS IRS NLS : dne : 11 : iulius är går mycyen mat på tnta bordnt vnlnst end som adn så mycit amne,Anno 1730 [initialer till sex personnamn] den 11 juli. Här går mycken mat på detta bordet. Väles den som hade så mycket. Amen.,https://www.christerhamp.se/runor/gamla/d/drv74.html,https://www.christerhamp.se/runor/gamla/d/drv74s.jpg
D Rv 77,D Rv 77 - Dalarna: Älvdalen,,ulåfä : sfä : kart ulåfä : afä kart,Olof har gjort,https://www.christerhamp.se/runor/gamla/d/drv77.html,https://www.christerhamp.se/runor/gamla/d/drv77s.jpg
D Rv 163,"D Rv 163 - Dalarna: Orsbleck Ollargĺrden, Orsa",,OEohk ierk ulsun an afer gort lofted 1635 ierk ĺrdesu afer gort lo ...,OE OHK Erik Olsson han har gjort loftet 1635 Erik detta ĺr har gjort loftet,https://www.christerhamp.se/runor/gamla/d/drv163.html,https://www.christerhamp.se/runor/gamla/d/drv163s.jpg
D Rv 263,D Rv 263 - Dalarna: Mora,,"kes⁝ten ⁝ swens⁝dot⁝ter spi⁝la ⁝ i ⁝ one kvla år 1846 a :a:men ⁝ idag föd ⁝ år 1827
(bomärke) i jimlen råkas wi far⁝wel ⁝ mit ⁝ iärta säger","Kerstin Svensdotter spelade i hornet (och) kulade år 1846 a, amen i dag, född år 1827. (bomärke) I himlen råkas vi, farväl mitt hjärta säger.",https://www.christerhamp.se/runor/gamla/d/drv263.html,https://www.christerhamp.se/runor/gamla/d/drv263s.jpg
D Skansvakten 1977;16,D Skansvakten 1977;16 - Dalarna: Älvdalen,,detta bärträ gorde jag den 10 september 1907 oos,,https://www.christerhamp.se/runor/gamla/d/dskansvakten1977.html,https://www.christerhamp.se/runor/gamla/d/dskansvakten1977s.jpg
G 1,G 1 - Gotland: Sundre kyrka,,ro(l)aikr : lit : giara : (s)(t)(a)(i)[n] : ok : skia=ra : yfir : rofin : broţor : sin,"Rodleik lät resa och hugga stenen över Rodfinn, sin broder",https://www.christerhamp.se/runor/gamla/g/g1.html,https://www.christerhamp.se/runor/gamla/g/g1s.jpg
G 2,G 2 - Gotland: Sundre kyrka,,[+ beþa^r : marþa] : [liþ] : gera : þinna : sþa^n : yifir : sina : kuno : o^k : sin : ba^rn :,Peter lät göra denna sten över sin hustru och sina barn,https://www.christerhamp.se/runor/gamla/g/g2.html,https://www.christerhamp.se/runor/gamla/g/g2s.jpg
G 3,G 3 - Gotland: Sundre kyrka,,[... ...garþum : lit : geara : mi]k : yfir : sina : (h)(u)(s)proiiu : ha^ldiia^uþu : hua^r : sum : biiþur : fyrri : henna... ...,... -gårda lät göra mig över sin hustfu Halldjaud. Den som ber för henne ...,https://www.christerhamp.se/runor/gamla/g/g3.html,https://www.christerhamp.se/runor/gamla/g/g3s.jpg
G 8,"G 8 - Gotland: Sigraifs, Vamlingbo",,olafr : (s)uþr * giarþi us,Olaf Suder gjorde oss,https://www.christerhamp.se/runor/gamla/g/g8.html,https://www.christerhamp.se/runor/gamla/g/g8s.jpg
G 10,G 10 - Gotland: Vamlingbo,,- raþ| |þu ...-kui...us...,tyd du ...,https://www.christerhamp.se/runor/gamla/g/g10.html,https://www.christerhamp.se/runor/gamla/g/g10s.jpg
G 13,G 13 - Gotland: Hamra kyrka,,iakoub[ar : ... kiara : s]tain : biþin : [bynir : iþrar : fyrir : sealu ...þuiar : k... : ...f]i : kaira : [s-a(s)l- : ...n... ...fb...tekum :] binidikta : in [m(u)... ...sk risti mik],Jakob lät göra stenen. Be era böner för Rudvis själ ... ristade mig,https://www.christerhamp.se/runor/gamla/g/g13.html,https://www.christerhamp.se/runor/gamla/g/g13s.jpg
G 14,G 14 - Gotland: Hamra kyrka,,[+ sial : synkr : litu : a--o : ki... aktr : r--] faþur : [... + guþ : han : barma : sik ...þk...anl...rþas : s :· siman : ier...],Sju söner lät göra [stenen] efter ... sin fader ... Gud han förbarme sig ...,https://www.christerhamp.se/runor/gamla/g/g14.html,https://www.christerhamp.se/runor/gamla/g/g14s.jpg
G 18,G 18 - Gotland: Hamra kyrka,,-,-,https://www.christerhamp.se/runor/gamla/g/g18.html,https://www.christerhamp.se/runor/gamla/g/g18s.jpg
G 20,G 20 - Gotland: Hamra kyrka,,m^naus : s^kris,Magnus ...,https://www.christerhamp.se/runor/gamla/g/g20.html,https://www.christerhamp.se/runor/gamla/g/g20s.jpg
G 21,G 21 - Gotland: Öja kyrka,,÷ iakaubs : synir : a burh : litu : g(i)(a)(r)a : stain : yvir : faþur : sen : ok : [b]roþur : sen : hera : [ni]kulas : sum : (o)ra : (k)irkiu : ati : men : guþ : uildi : biþ[i]n : fyri : þ(a)ira : sialum : ok : hehualdi : ... : syni : þair : huilas : hier : undir * o=le : (l)uþa=r : gia=rþi : mik,"Jakobs söner i Burg lär göra stenen över sin fader och broder, herr Niklas, som ägde vår kyrka medan Gud ville. Be för deras själar och för Hegvald ... son. De vilar härunder. Ole gjorde mig.",https://www.christerhamp.se/runor/gamla/g/g21.html,https://www.christerhamp.se/runor/gamla/g/g21s.jpg
G 24,G 24 - Gotland: Öja kyrka,,... sta-- y---r sen : s...,... sten över sin son ...,https://www.christerhamp.se/runor/gamla/g/g24.html,https://www.christerhamp.se/runor/gamla/g/g24s.jpg
G 25,G 25 - Gotland: Öja kyrka,,... ok : ...h : am--...,-,https://www.christerhamp.se/runor/gamla/g/g25.html,https://www.christerhamp.se/runor/gamla/g/g25s.jpg
G 26,G 26 - Gotland: Öja kyrka,,÷ ...kl : ai--era-...tae... : ...k--...,-,https://www.christerhamp.se/runor/gamla/g/g26.html,https://www.christerhamp.se/runor/gamla/g/g26s.jpg
G 27,G 27 - Gotland: Öja kyrka,,...al--...ri... ok b--a=r kiarţu mik,... och Peter gjorde mig,https://www.christerhamp.se/runor/gamla/g/g27.html,https://www.christerhamp.se/runor/gamla/g/g27s.jpg
G 28,G 28 - Gotland: Fide kyrka,,(h)(e)(h)laikr : kiarþ:i stan (þ)ani [: ...(r)(i)(n) :] ok : auþulfr :: þaiR litu : g[i(a)^(r)... ...],Heglaik gjorde denna sten. Katrin (?) och Audulf lär göra ...,https://www.christerhamp.se/runor/gamla/g/g28.html,https://www.christerhamp.se/runor/gamla/g/g28s.jpg
G 31,G 31 - Gotland: Fide kyrka,,A: ihesus : na(s)arenus ¶ iacobus ¶ lu (l)aurencius ¶ m(u)ttonmu- B: olauir C: 	þauþi : i braiþu^ki(u)(m),"Jesus av Nasaret, Jakob, Laurentius Olaf -",https://www.christerhamp.se/runor/gamla/g/g31.html,https://www.christerhamp.se/runor/gamla/g/g31a-1s.jpg
G 32,"G 32 - Gotland: Anderse, Fide",,...o : sunutahr ... ...--...,... söndag ...,https://www.christerhamp.se/runor/gamla/g/g32.html,https://www.christerhamp.se/runor/gamla/g/g32.jpg
G 33,G 33 - Gotland: Näs kyrka,,+ ruþui : af ronum : hehuiþa burna : i hangnasteþu- : (h)(a)(n) lit gera stain : yuir sen : husbonda botulf (o)k o^laf sen su^n biþin firi þaira sialum,"Rudvi från Rone, dotter till Hägvid i Hagnestäde, hon lät göra stenen över sin man Botulv och sin
son Olav. Be för deras själar!",https://www.christerhamp.se/runor/gamla/g/g33.html,https://www.christerhamp.se/runor/gamla/g/g33s.jpg
G 34,G 34 - Gotland: Näs kyrka,,+ -ik-(i)(þ)(r) : kr-k(u)-(r)fi h-- lit gera hua-... ...þiauþu : sina : husfruy... ... synir : ... : (k)---uiþi... +,"... lät göra gravvalv ... -tjaud, sin hustru ... söner ...",https://www.christerhamp.se/runor/gamla/g/g34.html,https://www.christerhamp.se/runor/gamla/g/g34s.jpg
G 35,G 35 - Gotland: Grötlingbo kyrka,,×· katrin : ioans : husfyra : i sundru : han : lit : giara : þina : stain : yfir : moþur sina : botiauþu : iak[o]bs : kunu : sihlaihs:arf(a) : biþin : f(i)(r)(i) (h)enar : sial : bater : noster :×,"Katrin, Johans husfru i Sundre, hon lät göra denna sten över sin moder Bottjaud, hustru till Jakob Siglaiks arvinge. Be för hennes själ Pater noster.",https://www.christerhamp.se/runor/gamla/g/g35.html,https://www.christerhamp.se/runor/gamla/g/g35s.jpg
G 36,G 36 - Gotland: Grötlingbo kyrka,,[+ b(o)tair mais(t)eri : kiarþi : stain : epter : bo]taaþi : ho=usfreu sina : iakus : burnu l : uetabrhum : uar hera : naþi : þaira sial : (a)ltra : [me(n)is--air(a)] oli : hiak r:unir þisar : þesun : buais,"Magister Botgeir gjorde stenen efter Botheid, sin husfru, barn till Jakob i Vetaborg. Vår herres nåd över deras själar, alla människor. Ole högg dessa runor ...",https://www.christerhamp.se/runor/gamla/g/g36.html,https://www.christerhamp.se/runor/gamla/g/g36s.jpg
G 37,G 37 - Gotland: Grötlingbo kyrka,,botuat(r) * ----(k) : heruþr : litu : stain : þena : (e)(f)... ...uþ : (m)... ...,Botvat ... Herröd lät denna sten efter ... moder ...,https://www.christerhamp.se/runor/gamla/g/g37.html,https://www.christerhamp.se/runor/gamla/g/g37s.jpg
G 42,G 42 - Gotland: Havdhems kyrka,,÷ k(a)t^rin : vestir:ga^rdum : (l)i[t] : gi[a]^ra : tinna : stai(n) : yvir : sina : modur : but^uiu : si-[t]rihks : ...,"Katrin i Västergårda lät göra denna sten över sin moder Botvi, Sigtryggs ...",https://www.christerhamp.se/runor/gamla/g/g42.html,https://www.christerhamp.se/runor/gamla/g/g42s.jpg
G 43,G 43 - Gotland: Havdhems kyrka,,...(u)[þ ·] n[aþe] : hena^r : [sial] : (b)[iþ]... ...---ri...-[t]ur... [f]yri : (h)(i)... ...(t)(a)-...,... Gud nåde hennes själ. Be ... för henne ...,https://www.christerhamp.se/runor/gamla/g/g43.html,https://www.christerhamp.se/runor/gamla/g/g43s.jpg
G 46,G 46 - Gotland: Eke kyrka,,---ai(f)(r) ...- (l)i(t) : gia(r)[a] : sain : eftiR : kun[u : s]in[a : e]stri±i : ok * [m]...,Sigraiv ... lðt g—ra stenen efter sin hustru Estrid och ...,https://www.christerhamp.se/runor/gamla/g/g46.html,https://www.christerhamp.se/runor/gamla/g/g46.jpg
G 48,G 48 - Gotland: Eke kyrka,,[arum ÷ ...bti(r) ÷ ...u... ÷ biyrþ ÷ þusinn ÷ ithuntraþ ÷ at ÷ ok ÷ sekstih ÷ ... ... ÷ kirkia] malaþ ÷ bu ÷ ra [?ur ÷ sif...na ÷ kari ÷ (a)-l(e) ÷ na^uþ] [i(r)a^l ru--r],Året efter ... födelse 1161 ... kyrkan målad BU RA ...,https://www.christerhamp.se/runor/gamla/g/g48.html,https://www.christerhamp.se/runor/gamla/g/g48s.jpg
G 50,G 50 - Gotland: Eke kyrka,,olaus : iacobi : nil : m : d : l- : u :,Olov Jakobsson,https://www.christerhamp.se/runor/gamla/g/g50.html,https://www.christerhamp.se/runor/gamla/g/g50s.jpg
G 54 C,G 54 C - Gotland: Rone kyrka,,· k(s) · statr hoar : kuz nri,-,https://www.christerhamp.se/runor/gamla/g/g54c.html,https://www.christerhamp.se/runor/gamla/g/g54cs.jpg
G 54 D,G 54 D - Gotland: Rone kyrka,,maria iuan-,Maria Johan[nes],https://www.christerhamp.se/runor/gamla/g/g54d.html,https://www.christerhamp.se/runor/gamla/g/g54ds.jpg
G 55,G 55 - Gotland: Hemse kyrka,,÷ bo--- : oka...-...s(a)rfa : h-- : l-t : (h)-ga : hina : stan : yvir : (b)udaitu : af hah:h-b- k : til : aukarsarfa + ta en : iak : uar · (s)krivaþ : (t)a uar : (h)ahal · sunudah:r · untir-aþr : b-imstafr ++ i tolf:te : r(a)(d)(u) taflu + betar · aukar·sarfa · han skr-if mik · amen ·,"Bot- från Oxarve(?) han/hon lät hugga denna sten över Budaid(?) från Hageby och till Oxarve. Då jag blev skriven, då var runan ᚼ söndagsbokstav, ᛦ primstav i tolfte raden på tavlan [1459]. Peter i Oxarve han skrev mig. Amen.",https://www.christerhamp.se/runor/gamla/g/g55.html,https://www.christerhamp.se/runor/gamla/g/g55s.jpg
G 56,G 56 - Gotland: Hemse kyrka,,fuþorkhfuþorkh fuþorkhfuþorkhfuþorkhfuþorkhfuþorkh fuþorkhfuþorkhfuþorkhfuþorkhfuþork fuþorkhfuþorkhfuþork fuþorkhfuþorkhfuþorkhfu fuþorkhfuþorkhfuþork,fuþorkh fuþorkh ...,https://www.christerhamp.se/runor/gamla/g/g56.html,https://www.christerhamp.se/runor/gamla/g/g56s.jpg
G 59,G 59 - Gotland: Hablingbo kyrka,,· hlkaiR · auk · frusti · a-(k) · atli · (þ)... ... · heftiR in...- · iþiuf... ...ku-n ·,Hallgair och Fruste och Atle de ... efter ...,https://www.christerhamp.se/runor/gamla/g/g59.html,https://www.christerhamp.se/runor/gamla/g/g59-1s.jpg
G 61,G 61 - Gotland: Hablingbo kyrka,,... botkair ... kiara ...,... Botgair ... göra ...,https://www.christerhamp.se/runor/gamla/g/g61.html,https://www.christerhamp.se/runor/gamla/g/g61s.jpg
G 63,G 63 - Gotland: Silte kyrka,,: fa^rgair : lit : mik : [(g)]iea^ra : (y)fer : s[in : fa^þ]ur : u[k] : moþ[o]r [:] b[ot]frir : [ok] : [ruþui : ok : auþuatr] : ok : mik :[+] (k)[rist]r : ma[i]u : sun na^þi : a^lum : sum : hiea^r : huila^s : uair : uk aLum : krisnum : si(a)[l+]um,"Fargair lät göra mig över sin fader och moder Botfrid och Rudvi, och Audvatr (el. Audvaldr) [högg]
mig. Krist, Marias son, vare nådig mot alla, som här under vila, och mot alla kristna själar.",https://www.christerhamp.se/runor/gamla/g/g63.html,https://www.christerhamp.se/runor/gamla/g/g63s.jpg
G 64,G 64 - Gotland: Silte kyrka,,biþhin fyri botuiþha : sial ranguals arua,"Be för Botvids, Ragnvalds arvinges, själ",https://www.christerhamp.se/runor/gamla/g/g64.html,https://www.christerhamp.se/runor/gamla/g/g64s.jpg
G 65,G 65 - Gotland: Sproge kyrka,,÷ boluiţr : i : snoţu : (l)i(t) : giara : hualf : yfir : sen faţur : (u)[k] moţur :: naţi : guţ : ţaira : sial : allra : sum : hiar : huilis : under ÷ auţualtr : kauli : giarţi : -ua lis(t)ana,"Botvid i Snoder lät göra valvet över sin fader och moder. Nĺde Gud deras själar, alla som här vilar under. Audvald göte (?) gjorde tvĺ likstenar (?)",https://www.christerhamp.se/runor/gamla/g/g65.html,https://www.christerhamp.se/runor/gamla/g/g65s.jpg
G 66,G 66 - Gotland: Sproge kyrka,,...uiţr : i : snoţu : lit : giara : stan : hi-- : yfir : sin : barn : -aţi : guţ :+ ţ-ira : sial : aldra : sum : hi-r : huil-- : -ndir + margeta ...r---...-n----u...-- : sir...----...,"Botvid i Snoder lät göra dena sten över sitt barn. Nĺde Gud deras själar, alla som här vilar under, Margareta ...",https://www.christerhamp.se/runor/gamla/g/g66.html,https://www.christerhamp.se/runor/gamla/g/g66s.jpg
G 67,G 67 - Gotland: Sproge kyrka,,÷ r[u]ţuiţr : a burh : lit : giara : stain : yvir : sen faţur : botulf : a burh naţi : ---(ţ) ţaira : sial : aldra : sum : hiar : huilas : undir : biţin : patenostu : ţair : si+al : sum hi(e)li-,"Rodvid i Burg lät göra stenen över sin fader Botulf i Burg. Nĺde Gud deras själar, alla som här vilar under. Be fadervĺr för dera själar, som ...",https://www.christerhamp.se/runor/gamla/g/g67.html,https://www.christerhamp.se/runor/gamla/g/g67s.jpg
G 68,G 68 - Gotland: Sproge kyrka,,airikr : lit [giara stan : yfir : sina :] --(t)ur : naþi : guþ : sial : -l-...,Erik lät göra stenen över sin dotter. Nåde Gud själ ...,https://www.christerhamp.se/runor/gamla/g/g68.html,https://www.christerhamp.se/runor/gamla/g/g68s.jpg
G 74,G 74 - Gotland: Eksta kyrka,,...ek...b--u...,-,https://www.christerhamp.se/runor/gamla/g/g74.html,https://www.christerhamp.se/runor/gamla/g/g74s.jpg
G 77,G 77 - Gotland: Levide kyrka,,...(o)(t)a : sun : sum : sins faþu- ...--n : a : ain : þet : uas : er--ak... ... kuþ selu þaiRa hiauna,"... son, vars fader ... äger en. Det var ... Gud själ detta par.",https://www.christerhamp.se/runor/gamla/g/g77.html,https://www.christerhamp.se/runor/gamla/g/g77s.jpg
G 79,G 79 - Gotland: Fardhems kyrka,,...-u(þ) : s(t)h(p)- : (æ)i(k) ...-or-...-- ...ol--...,-,https://www.christerhamp.se/runor/gamla/g/g79.html,https://www.christerhamp.se/runor/gamla/g/g79s.jpg
G 80,G 80 - Gotland: Linde kyrka,,s(t)ain lit × bot[ul](f) × stafa × [merki × i]... ... [hi-iR] × a(t) × unua(l)(t) × unit ...(l)(i) k(u)m[l · þi]... ... sialu hans,Botulv lät skriva stenen ... har gjort detta minnesmäsre efter Unnvald (?) ... [Gud hjälpe] han själ,https://www.christerhamp.se/runor/gamla/g/g80.html,https://www.christerhamp.se/runor/gamla/g/g80s.jpg
G 81 A,G 81 A - Gotland: Linde kyrka,,-,-,https://www.christerhamp.se/runor/gamla/g/g81a.html,https://www.christerhamp.se/runor/gamla/g/g81as.jpg
G 81 B,G 81 B - Gotland: Linde kyrka,,kuþ : hafi butui(a) : sial,Gud må ha Botnys själ.,https://www.christerhamp.se/runor/gamla/g/g81b.html,https://www.christerhamp.se/runor/gamla/g/g81bs.jpg
G 82,G 82 - Gotland: Lojsta kyrka,,... : lit : giera : m...,... lät göra ...,https://www.christerhamp.se/runor/gamla/g/g82.html,https://www.christerhamp.se/runor/gamla/g/g82s.jpg
G 83 A,G 83 A - Gotland: Lojsta kyrka,,h-ar : sum : hita : lisa : ta : bar : han : pris . . . h - sum ki . . .,"Envar som läser detta, då bär han pris ...",https://www.christerhamp.se/runor/gamla/g/g83a.html,https://www.christerhamp.se/runor/gamla/g/g83as.jpg
G 83 B,G 83 B - Gotland: Lojsta kyrka,,[...iar-a^ubolaki- : a^(r)ua],-,https://www.christerhamp.se/runor/gamla/g/g83b.html,https://www.christerhamp.se/runor/gamla/g/g83bs.jpg
G 84,G 84 - Gotland: Lojsta kyrka,,ma^ria,Maria,https://www.christerhamp.se/runor/gamla/g/g84.html,https://www.christerhamp.se/runor/gamla/g/g84s.jpg
G 85,"G 85 - Gotland: Fride, Lojsta",,e e=li l,-,https://www.christerhamp.se/runor/gamla/g/g85.html,https://www.christerhamp.se/runor/gamla/g/g85s.jpg
G 86,G 86 - Gotland: Stånga kyrka,,...R auk : b(o)... ...,... r och Bo ...,https://www.christerhamp.se/runor/gamla/g/g86.html,https://www.christerhamp.se/runor/gamla/g/g86s.jpg
G 88,G 88 - Gotland: Kylver,,"(f)uþarkg(w)hni(j)pezstbemlñdo ?
su(e)us",,https://www.christerhamp.se/runor/gamla/g/g88.html,https://www.christerhamp.se/runor/gamla/g/g88s.jpg
G 89,"G 89 - Gotland: Sutarve, Stånga",,e e=li l,-,https://www.christerhamp.se/runor/gamla/g/g89.html,https://www.christerhamp.se/runor/gamla/g/g89s.jpg
G 90,"G 90 - Gotland: Sigdes, Burs",᛭ᛒᛁᛚ,÷ bil,-,https://www.christerhamp.se/runor/gamla/g/g90.html,https://www.christerhamp.se/runor/gamla/g/g90s.jpg
G 92,"G 92 - Gotland: Bosarve, När",,...- stan ' yftir ' sun * sa ' saimaþi ' siour ...,"... sten över sin son, han (?) ...",https://www.christerhamp.se/runor/gamla/g/g92-1.html,https://www.christerhamp.se/runor/gamla/g/g92-1s.jpg
G 95,"G 95 - Gotland: Siglaifs, När",,urad^þit,-,https://www.christerhamp.se/runor/gamla/g/g95.html,https://www.christerhamp.se/runor/gamla/g/g95s.jpg
G 97,G 97 - Gotland: Etelhems kyrka,,huatr : let kear- · futkar bos,Hägvald lät göra ... dopfunt ...,https://www.christerhamp.se/runor/gamla/g/g97.html,https://www.christerhamp.se/runor/gamla/g/g97s.jpg
G 98,G 98 - Gotland: Etelhem,,mk mrla wrta(a),Merila gjorde mig,https://www.christerhamp.se/runor/gamla/g/g98.html,https://www.christerhamp.se/runor/gamla/g/g98s.jpg
G 99,G 99 - Gotland: Lye kyrka,,+ iaka^upr · i · litla^ronum · ha^n · lit · gia^ra þinna · stain · yvir · fa^þu^r · sin · o^la^f · o^k · bro^yþr · sina · liknuiþ · o^k · simo^n · biþim · f(i) þaim · o^k · a^llum · krisnum · sia^lum · o^k · þa · ua^r · liþit a^f · guz · by^rþ · fiu^rta^n · hu^nt^ra^þ · a^r o^k · ainu · are · minna · þen · {V}·tihi · a^r · o^k · i · þi · a^ri · brima^þi · k · o^k · r · su^nudahr · i · {(X)I} · ra^þu,Jakob i Lilla Rone han lät göra denna sten över sin fader Olaf och sina bröder Liknvid och Simon. Låt oss be för dem och alla kristna själar. Och då hade förflutit från Guds födelse fjorton hundra år och ett år mindre än 5tio.  Och i det året primade och söndag i 11 raden.,https://www.christerhamp.se/runor/gamla/g/g99.html,https://www.christerhamp.se/runor/gamla/g/g99s.jpg
G 100,G 100 - Gotland: Lye kyrka,,+ þinna · sten : þa · lit · husfru · ru^þvi · giera · yfir sin · bo^nda · ia^ko^p · i · ma^na^ga^rd^um · sum · skutin · ua^rþ · ihel · miþ · en : pyrsu·stin · a^f · uis·bo^rh · þa · en · ku^nuu^ng · erik · ua^r · bi·sta^lla^þ · pa · þi · fo^r·nemda · slot · en · þa ·· ua^r · liþit · a^f · guz · by^r(þ) · fiu^rta^n · hu^nd^ra^þ : a^r · o^k · ainu : a^ri · minna · þen : fem(t)igi : a^r · biþium · þet : et · guþ : na^þi · ha^nz · sia^l · o^k · a^llum · krisnum · sia^lum : amen,"Denna sten lät husfru Rudvi göra över sin man, Jakob i Mannagården, som blev skjuten ihjäl med en bössosten från Visborg, då konung Erik var belägrad på det nämnda slottet. Och då hade förflutit från Guds födelse fjorton hundra år och ett år mindre än femtio år. Vi ber att Gud nåde hans själ och alla kristna själar. Amen.",https://www.christerhamp.se/runor/gamla/g/g100.html,https://www.christerhamp.se/runor/gamla/g/LÄNKs.jpg
G 101,G 101 - Gotland: Lye kyrka,,+ gairual^tr : i : lyum : han : lit gera : hua-- : (h)-ta : yfir : [sin : sun : iakaubr : roþui]la:arfi --sn ... ...nhnuiþr : þair : lut[u : ep]tir : han : gairual^t : i : lyom,Gairvald i Lye han lät göra detta valv över sin son. Jakob i Rotarve ... och Ragnvid de ärvde efter Gairvald i Lye.,https://www.christerhamp.se/runor/gamla/g/g101.html,https://www.christerhamp.se/runor/gamla/g/g101s.jpg
G 102,G 102 - Gotland: Lye kyrka,,: botolfr : megensa^rfa : li(t) : giara : stain : [hissan : o^k : leggþi : yfir] : petar : fadur : sen^a :,"Botulv i Megensarve lät göra denna sten och lade den över Peter, sin fader",https://www.christerhamp.se/runor/gamla/g/g102.html,https://www.christerhamp.se/runor/gamla/g/g102s.jpg
G 103,G 103 - Gotland: Lye kyrka,,÷ [iuan] : i mana:gar[þ]um : han : l[it] : ger[a] : hin[na] : s[ta]in : yfir : si[n] : faþ[u- :] (b)[o]tu[lf] : [ok] : hans : [m---] : bo:t...o : ok : r[o]þu[iþ : -- : ---]k : gerin : uel [: ok] : biþin : fyri : þai[ra] : sial : aldra [... i : kuþ:i : ... : u...] mik,Johan i Mannagården han lät göra denna sten över sin fader Botulv och hans släkting Bot ... och Rotvid ... Gör väl och be för deras själar ... Gud ... mig,https://www.christerhamp.se/runor/gamla/g/g103.html,https://www.christerhamp.se/runor/gamla/g/g103s.jpg
G 104 AA,G 104 AA - Gotland: Lye kyrka,,syto hera : gesus : kristus : giak : biþr : þik : firi : þa sy[n-]h : ok : toryyfilsi : þinn suyta : mo^ ^fru ma^ria : mo^uy ¶ -------na-s-þa---t,"Söta herre Jesus Kristus, jag ber dig för den synd och bedrövelse, din söta moder fru Maria ...",https://www.christerhamp.se/runor/gamla/g/g104aa.html,https://www.christerhamp.se/runor/gamla/g/g104aas.jpg
G 104 AC,G 104 AC - Gotland: Lye kyrka,,(h)elb mari- ----,Hjälpe Maria ...,https://www.christerhamp.se/runor/gamla/g/g104ac.html,https://www.christerhamp.se/runor/gamla/g/g104acs.jpg
G 104 AE,G 104 AE - Gotland: Lye kyrka,,(h)elb m-(r)---,Hjälpe Maria ...,https://www.christerhamp.se/runor/gamla/g/g104ae.html,https://www.christerhamp.se/runor/gamla/g/g104aes.jpg
G 104 AG,G 104 AG - Gotland: Lye kyrka,,tenna · om · konst,-,https://www.christerhamp.se/runor/gamla/g/g104ag.html,https://www.christerhamp.se/runor/gamla/g/g104ags.jpg
G 104 BA,G 104 BA - Gotland: Lye kyrka,,m---- : ia^lppi os ...lisai : m^a^rla ma...a... : gyri os,Maria hjälpe oss ...,https://www.christerhamp.se/runor/gamla/g/g104ba.html,https://www.christerhamp.se/runor/gamla/g/g104bas.jpg
G 104 BB,G 104 BB - Gotland: Lye kyrka,,o^la^f o^k ia^ko^b uakada,Olaf och Jakob ...,https://www.christerhamp.se/runor/gamla/g/g104bb.html,https://www.christerhamp.se/runor/gamla/g/g104bbs.jpg
G 104 C,G 104 C - Gotland: Lye kyrka,,miskuni + us guþ k þa^un helg- ' kirk--,"Ha misskund med oss, Gud och den heliga kyrkan",https://www.christerhamp.se/runor/gamla/g/g104c.html,https://www.christerhamp.se/runor/gamla/g/g104cs.jpg
G 105,G 105 - Gotland: Lye kyrka,,mathis iohannes ma-iksen hans mariksen,Mattis Johannes Mariksen Hans Mariksen,https://www.christerhamp.se/runor/gamla/g/g105b.html,https://www.christerhamp.se/runor/gamla/g/g105bs.jpg
G 107 D,G 107 D - Gotland: Garda kyrka,,uir : haffum : rist : ibtir laurfian :,Vi har ristat efter ...,https://www.christerhamp.se/runor/gamla/g/g107.html,https://www.christerhamp.se/runor/gamla/g/g107ds.jpg
G 108,G 108 - Gotland: Alskogs kyrka,,hr hialpi : u(s) : -aun : -(e)lh(a) (k)irki(a) maria,Hjälpe oss den heliga kyrkan,https://www.christerhamp.se/runor/gamla/g/g108.html,https://www.christerhamp.se/runor/gamla/g/g108s.jpg
G 109,"G 109 - Gotland: Ollaifs, Alskog",,aft : rualta : faþur : . . .,Efter Roalde fader ...,https://www.christerhamp.se/runor/gamla/g/g109.html,https://www.christerhamp.se/runor/gamla/g/g109s.jpg
G 110,G 110 - Gotland: Tjängvide,,"fuorkhn... ...fuţr-...
... (r)aisti stain in aft iurulf bruţur sin ÷ sikuif(i)r(t)(u)(a)(n)k(i)sifil","... reste stenen efter Hjorulf, sin broder ...",https://www.christerhamp.se/runor/gamla/g/g110.html,https://www.christerhamp.se/runor/gamla/g/g110s.jpg
G 111,G 111 - Gotland: Ardre kyrka,,siba : raisti : stain : eftir : roþiauþ : kunu : sina : totur : roþkais : i : ankum : to : unk fran : ofurmagum,"Simpa reste stenen efter Rodiaud, sin hustru, dotter till Rodgair i Anga. Hon dog ung från minderåriga",https://www.christerhamp.se/runor/gamla/g/g111-1.html,https://www.christerhamp.se/runor/gamla/g/g111s.jpg
G 112,G 112 - Gotland: Ardre kyrka,,siba : lit × kearua × stain × hebtiR × totuR × sina auk × roţiauţar,Simpa lät göra stenen efter sin och Rodiauds dotter,https://www.christerhamp.se/runor/gamla/g/g112-1.html,https://www.christerhamp.se/runor/gamla/g/g112s.jpg
G 113,G 113 - Gotland: Ardre kyrka,,÷ utar + ak + kaiRuatr + ak + aiuatr + þaR + setu + stain + ebtir + likna(t) + faþur ÷ sen +,"Ottar och Gairvat och Aivat de satte stenen efter Liknat, sin fader.",https://www.christerhamp.se/runor/gamla/g/g113-1.html,https://www.christerhamp.se/runor/gamla/g/g113-1s.jpg
G 114,G 114 - Gotland: Ardre kyrka,,": syniR : likna(t)(a)- ... ...(a)rua : merki : kut : ebtir : ailikni : kunu : koþa : moþur :
...(s) : auk : kaiRuataR : auk : liknuiaR :
: kuþ a-... ... ...(n) : heni : auk : kieruantum : merki : m-... ...ua : aR : men : sin :
...(R) : i : karþum : aR : uaR : ui(u)(e) meR :: (h)...","Liknats söner [lät göra] ett gott minnesmärke efter Ailikn, en god kvinna, moder
[till Aivat och Ottar] och Gairvat och Liknvi. Gud [och Guds moder vare nådig] mot henne och mot dem som göra minnesvården, [den största] som
man kan se ... i Garda, som var hos Viv[?] ...",https://www.christerhamp.se/runor/gamla/g/g114.html,https://www.christerhamp.se/runor/gamla/g/g114-1s.jpg
G 115,G 115 - Gotland: Gammelgarns kyrka,,÷ gesus : krist : na=ţi : ha=luia : sia=l : u=nga=ga=na : husbra=ya : a=ngua:smis : dot=r hu(l)ls : hier : huer : sum : a=sir : biţi : pata=no=st=u : firi : haluia : sia=l : ma=gista=s : (g)efs : gerţi : mik : bot=uiţr : smiţr : lit : gera mik : (a)...-m ÷ (i)...- naţi : us : sihţa=ţ : ha=ns : husbryia : sum : ... bi(ţ)-...,"Jesus Kristus var nĺdig mot Hallves själ! Ung-Gannis husfru, Anga-smeds dotter vilar här. Vem som ser, be fadervĺr för Hallves själ. Magister Gefs (?) gjorde mig. Botvid smed lät göra mig ... nĺde oss. Sigtjod, hans hustru, som ... be",https://www.christerhamp.se/runor/gamla/g/g115.html,https://www.christerhamp.se/runor/gamla/g/g115s.jpg
G 116,"G 116 - Gotland: Smiss, Kr‰klingbo",,... ...ansi : eftir : mutifu : sun sin : asy : sa-...,"... efter Mutifu, sin son ...",https://www.christerhamp.se/runor/gamla/g/g116.html,https://www.christerhamp.se/runor/gamla/g/g116.jpg
G 118,G 118 - Gotland: Anga kyrka,,÷ folkar : i : austerpy ÷: han : lhit : kera mik : yvir : sin : sun : rohlla÷ik : gesus : kristus : naþ(i) : hans : sial : o=k : allum : krisnum * sialum : amen : amen ÷,"Folkar i Österby, han lät göra mig över sin son Rodleik. Jesus Kristus nåde hans själ och alla kristna själar. Amen. Amen.",https://www.christerhamp.se/runor/gamla/g/g118.html,https://www.christerhamp.se/runor/gamla/g/g118s.jpg
G 119,G 119 - Gotland: Anga kyrka,,--o : ger(þ)(u) ...R kirkiu : þisa : hehmu=ndr : miþ : fiau--m : eykium : ok liknuiþr miþ tuaim eykium : ok hehuiþr miþ ... botuiþr miþ ainum : eyk : ok : ahnmundr  likuiþr miþ : ainum eyk : : ok fargaiR : miþ : tuaim : eykiu:m roeaikr miþ ainum : eyk : ok ioan miþ tuaim : eykium : ok : hahuer miþ : ainum : eyk : ok sihulfr miþ : tuaim : eykium ok roþualr miþ : ainum : eyk : ok ronuiþr miþ tuaim eykium : ok haluatr miþ : ainum eyk ok : alt þit : fulk : sum : hiar : hafr : arfuþi : haft : baþi : nemt : ok : onemt : þa : misku-i : þaim : guþ : baþi : lifanti : ok : dauþum,"... de(?) gjorde denna kyrka, Hegmund med fyra oxar och Liknvid med två oxar och Hegvid med ... Botvid med en oxe och Agnmund [och] Liknvid med en oxe och Fargeir med två oxar, Rodleik med en oxe och Johan med två oxar och Hegver med en oxe och Sigulf med två oxar och Rodvald med en oxe och Ronvid med två oxar och Halvat med en oxe. Och allt detta folk som har haft ... här, både nämnda och onämnda, må Gud ha misskund med dem, både levande och döda.",https://www.christerhamp.se/runor/gamla/g/g119.html,https://www.christerhamp.se/runor/gamla/g/g119s.jpg
G 120,G 120 - Gotland: Anga kyrka,,þaun : litu : gera : limnink : þisa : fyriR : liknuiþaR : sial ok fyriR : botliknaR sial tygia : syskyna sialiR haluarþr : gerþi : han : iR s=kultr minas : þaiRa,"De lät göra denna målning för Liknvids själ och för Botlikns själ, två lyckosamma syskon. Hallvar gjorde. Han är skyldig att minnas dem.",https://www.christerhamp.se/runor/gamla/g/g120.html,https://www.christerhamp.se/runor/gamla/g/g120s.jpg
G 122,G 122 - Gotland: Buttle kyrka,,÷: hier : huilis : hera : ioan : raþa=rs : sun : af : at=ligabo * bi,"Här vilar herr Johan Radar, son av Atlingbo",https://www.christerhamp.se/runor/gamla/g/g122.html,https://www.christerhamp.se/runor/gamla/g/g122.jpg
G 123,G 123 - Gotland: Vänge kyrka,,...[n :] rouar : ---a-uiu... siat : pegia feiga : auþuatr : gerþi * þita hualf : gaiRualr : i ueskini : ris...,"... Roar ... själ, både fader och son. Audvat gjorde detta valv. Gairvald i Väskinde ristade runorna.",https://www.christerhamp.se/runor/gamla/g/g123.html,https://www.christerhamp.se/runor/gamla/g/g123.jpg
G 125,G 125 - Gotland: Vänge kyrka,,...tik : ilu : --r : ut : b :,-,https://www.christerhamp.se/runor/gamla/g/g125.html,https://www.christerhamp.se/runor/gamla/g/g125s.jpg
G 126,G 126 - Gotland: Guldrupe kyrka,,potolbar : karassa : han : kaup:te : messo:haku:lin : i takn :,"Botulf Krasse, han köpte mässhaken i Aachen",https://www.christerhamp.se/runor/gamla/g/g126.html,https://www.christerhamp.se/runor/gamla/g/g126s.jpg
G 127,G 127 - Gotland: Guldrupe kyrka,,afe maraa : garasia : p(l)ena,"Ave Maria, gratia plena",https://www.christerhamp.se/runor/gamla/g/g127.html,https://www.christerhamp.se/runor/gamla/g/g127s.jpg
G 128,G 128 - Gotland: Guldrupe kyrka,,[uil]lin ir : lyţa : hut : iak : uil : gerra : (l)egia : -ug-abrr-(t) : likit : ikinn : ... [skulin ... : nn] : s(y)ika : uir : biţ:um : us : i...,"Vill ni höra vad jag vill göra, ligga(?) ... skulle svika / söka. Vi ber för oss ...",https://www.christerhamp.se/runor/gamla/g/g128.html,https://www.christerhamp.se/runor/gamla/g/g128s.jpg
G 134,G 134 - Gotland: Sjonhems kyrka,,roţuisl : auk : roţalf : ţau : litu : raisa : staina : eftir : sy-... ţria : ţina : eftir : roţfos : han : siku : blakumen : i : utfaru kuţ : hialbin : sial : roţfoaR kuţ : suiki : ţa : aR : han : suiu :,"Rodvisl och Rodälv de lät resa stenarna efter sina tre söner. Denna sten efter Rodfos. Honom svek valackar, dĺ han var i utfärd. God hjälpe Rodfos själ. Gud svike dem som svek honom",https://www.christerhamp.se/runor/gamla/g/g134.html,https://www.christerhamp.se/runor/gamla/g/g134s.jpg
G 135,G 135 - Gotland: Sjonhems kyrka,,þina : eftir : a(i)--- : --- : --rþ : tauþr : a : ui(t)au : systriR : [tuaR] ...-R : bryþr : þria : roþanþr : auk : roþkutr : roþar : auk : þorstain : þiR : iRu : faþur:bryþr,"denna efter Ei ... [som] dog på Vindö. Systrar två ... bröder tre. Rodvald och Rodgaut, Rodar och Torsten, de är farbröder",https://www.christerhamp.se/runor/gamla/g/g135.html,https://www.christerhamp.se/runor/gamla/g/g135s.jpg
G 138,G 138 - Gotland: Halla kyrka,,...rti : le(g)iR : koþ(r) : ---... ...-na : has : lit : rist : kuml : a- : (k)aiRielmR : ... : ainika : sun : þaiRa ·: trabu : leybika- : ... ...naR : at : feþrka : baþa : kuþ : -(e)... ...,"... god läkare[?] ... hans hustru lät rista/resa minnesmärket efter Gairhjälm ... deras ende son
dräpte lybeckare ... stenar[?] efter far och son, de båda. Gud hjälpe ...",https://www.christerhamp.se/runor/gamla/g/g138.html,https://www.christerhamp.se/runor/gamla/g/g138-1s.jpg
G 139,G 139 - Gotland: Halla kyrka,,si up at a^uhun : run,"Se upp, på det att ögonen må finna ro.",https://www.christerhamp.se/runor/gamla/g/g139.html,https://www.christerhamp.se/runor/gamla/g/g139as.jpg
G 140,G 140 - Gotland: Halla kyrka,,... um to^lf mark,... om tolv mark,https://www.christerhamp.se/runor/gamla/g/g140.html,https://www.christerhamp.se/runor/gamla/g/g140as.jpg
G 141,"G 141 - Gotland: Unsarve, Halla",,... (l)ikmuntaR : i slitaka--... ...,... Liknmund i Slitegård ...,https://www.christerhamp.se/runor/gamla/g/g141.html,https://www.christerhamp.se/runor/gamla/g/g141s.jpg
G 142 E,G 142 E - Gotland: Ganthems kyrka,,-uþ(o)rkh...,fuþorkh...,https://www.christerhamp.se/runor/gamla/g/g142e.html,https://www.christerhamp.se/runor/gamla/g/g142es.jpg
G 142 F-G,G 142 F-G - Gotland: Ganthems kyrka,,(f)uþ(o)r-h---(s)--lm ... risti · mik,... ristade mig,https://www.christerhamp.se/runor/gamla/g/g142f.html,https://www.christerhamp.se/runor/gamla/g/g142fs.jpg
G 142 H,G 142 H - Gotland: Ganthems kyrka,,beto kumb...,Peto Kumble,https://www.christerhamp.se/runor/gamla/g/g142h.html,https://www.christerhamp.se/runor/gamla/g/g142hs.jpg
G 142 I,G 142 I - Gotland: Ganthems kyrka,,fuþorkhfuþorkh-,-,https://www.christerhamp.se/runor/gamla/g/g142i.html,https://www.christerhamp.se/runor/gamla/g/g142is.jpg
G 143,"G 143 - Gotland: Burge, Dalhem",,e e=li l,-,https://www.christerhamp.se/runor/gamla/g/g143.html,https://www.christerhamp.se/runor/gamla/g/g143s.jpg
G 151,G 151 - Gotland: Norrlanda kyrka,,iakaupr ÷ ok ÷ rol--n ÷ litu ÷ gera ÷ þina stain ÷ eptirR ÷ altuiþ ÷ sin ÷ sun,"Jakob och Ro(d)likn[?] lät göra denna sten efter Aldvid, sin son.",https://www.christerhamp.se/runor/gamla/g/g151.html,https://www.christerhamp.se/runor/gamla/g/g151s.jpg
G 152 C,G 152 C - Gotland: Norrlanda kyrka,,herra ÷ iua^n ÷ lundi : han atti : mik : um : tiu : aar,"Herr Johan [från] Lunde, han ägde mig [dvs. var sockenpräst] i tio år.",https://www.christerhamp.se/runor/gamla/g/g152c.html,https://www.christerhamp.se/runor/gamla/g/g152cs.jpg
G 155,G 155 - Gotland: Hörsne kyrka,,gaRualtr · iarnnaþi · tur,Gairvald järnbeslog dörren,https://www.christerhamp.se/runor/gamla/g/g155.html,https://www.christerhamp.se/runor/gamla/g/g155s.jpg
G 156,G 156 - Gotland: Gothems kyrka,,...-l : skialtar : auk : isakr : au... ...,... sköld(?) och Isak och ...,https://www.christerhamp.se/runor/gamla/g/g156.html,https://www.christerhamp.se/runor/gamla/g/g156s.jpg
G 157,G 157 - Gotland: Gothems kyrka,,. . . uþurfratagR - u - a . . .,-,https://www.christerhamp.se/runor/gamla/g/g157.html,https://www.christerhamp.se/runor/gamla/g/g157s.jpg
G 158,G 158 - Gotland: Gothems kyrka,,hier h[u]ili- kair(u)atr : -...-a...---t--oa-o...lir- -...þ-...a--h...o... ...(k)... kairuat^r u...-...-r(i)---ok-...--...ti(r) ha^n kuam firi kunu^nk ok irkibiskub ok oa^rn bisku(b) ----...-----l-----(i)r so uilt(i) kuþ ha^num -(l) so la^ku ua^r sta^nka^r sum þors uar su^nut-hr ok lahr bri-þi,"Här vilar Gairvat ... Gairvat ... han kom inför konungen och ärkebiskopen och vår biskop ... Så
ville Gud honom väl(?). Så länge sedan var jämmeråret(?) som þ var söndag(sruna) och l primade [dvs.
var primruna] ...",https://www.christerhamp.se/runor/gamla/g/g158.html,https://www.christerhamp.se/runor/gamla/g/g158s.jpg
G 159,G 159 - Gotland: Gothems kyrka,,,Hvatr Benedikt Jakob skräddare Erngisl,https://www.christerhamp.se/runor/gamla/g/g159.html,https://www.christerhamp.se/runor/gamla/g/g159a.jpg
G 161,G 161 - Gotland: Fröjels kyrka,,+ [o]l-(f) : [... litu : kiara : stain : ţana : ufir : sin : sun : b]u(t)a(i)[- u]-------s-afiţi... -(o)ţur ruţu(i)- ... bat-rn(o)(s)...ur : firir ţaira (s)ial ---...u--...---...----- -l-n...--a--- :,Olaf ... lät göra denna sten över sin son Botgeir (?) ... moder Rodve ... för deras själar ...,https://www.christerhamp.se/runor/gamla/g/g161.html,https://www.christerhamp.se/runor/gamla/g/g161s.jpg
G 164,G 164 - Gotland: Klinte kyrka,,:+: miþ naþum guz : roþualdr : af · hundingium : hafr : fiavit : ...[da : dail : fyri : sin : sial : ok : sinz : faþur : sial : ok : aluaz : sial :],"Med Guds nåd. Rodvald från Hunninge har givit [tionde]delen (av sin jordegendom) för sin själ och
sin faders själ och Hallvats själ.",https://www.christerhamp.se/runor/gamla/g/g164.html,https://www.christerhamp.se/runor/gamla/g/g164s.jpg
G 166,G 166 - Gotland: Klinte kyrka,,+ iuan : smiðrinn : ganuiða:arvi : uiþr : riða:nes : biþin : byn : ok : ba=lir : nostru : firi : þair[a : s]-...,Johan smed från Gannarve vid Ridanäs. Be en bön och fadervår för deras själar.,https://www.christerhamp.se/runor/gamla/g/g166.html,https://www.christerhamp.se/runor/gamla/g/g166s.jpg
G 169,G 169 - Gotland: Klinte kyrka,,...-af s...(u)k...n...-u... :,-,https://www.christerhamp.se/runor/gamla/g/g169.html,https://www.christerhamp.se/runor/gamla/g/g169s.jpg
G 170,G 170 - Gotland: Hejde kyrka,,+ betin * fyrre * petars sia=l ka=upa=rfa : ha=n : to : sia=u nat=um efder ny ta= =ua=r : o : o=k : k : prim : i : fiurta=ndo rato,Be för Peters av Kauparve själ. Han dog sju nätter efter ny. O och K [var då] prim i fjärde raden.,https://www.christerhamp.se/runor/gamla/g/g170.html,https://www.christerhamp.se/runor/gamla/g/g170s.jpg
G 173,G 173 - Gotland: Väte kyrka,,...iþr : botulfs : moþir : af uestr:huetium : ok ÷ botaiþr : hanz : husfroia : mundualz : systir : a=f rigaim : huer sum : þita -...,"... Botulfs moder från Västerväte och Botheid, hans husfru, Mundvalds syster från Ringhems. Vem som detta ...",https://www.christerhamp.se/runor/gamla/g/g173.html,https://www.christerhamp.se/runor/gamla/g/g173s.jpg
G 174,G 174 - Gotland: Väte kyrka,,+ hust=ru ga=rt=rt=ud e(t)-...-... : bo=ren : i : melno : ha=n : lit : ha=ga : t(i)-sa stain : yvir : sen : bo=nđa :,"Hustru Gertrud ... född i Mölner, hon lät hugga denna sten över sin man.",https://www.christerhamp.se/runor/gamla/g/g174.html,https://www.christerhamp.se/runor/gamla/g/g174.jpg
G 176,G 176 - Gotland: Väte kyrka,,+ i namn : gies- ...-þr þa bynir : fa-...,I Jesu namn ... böner,https://www.christerhamp.se/runor/gamla/g/g176.html,https://www.christerhamp.se/runor/gamla/g/g176s.jpg
G 177 A,G 177 A - Gotland: Väte kyrka,,: bro=þir ÷ ia=ko=pr ÷ a=f ÷ s-hom(i) ÷,Broder Jakob från Isome,https://www.christerhamp.se/runor/gamla/g/g177a.html,https://www.christerhamp.se/runor/gamla/g/g177as.jpg
G 177 B,G 177 B - Gotland: Väte kyrka,,hkþoo=rrrnnn ---oo o=rrnn,-,https://www.christerhamp.se/runor/gamla/g/g177b.html,https://www.christerhamp.se/runor/gamla/g/g177bs.jpg
G 181,G 181 - Gotland: Sanda kyrka,,: roþuisl : aug : farborn : auk : kunborn :,Rodvisl (Rodils) och Farbjörn och Gunbjörn,https://www.christerhamp.se/runor/gamla/g/g181.html,https://www.christerhamp.se/runor/gamla/g/g181s.jpg
G 184,G 184 - Gotland: Sanda kyrka,,k suntahr tir brim o^k i treta^ntu rato,k söndag[sruna] och t prim[runa] i trettonde raden [= 1493],https://www.christerhamp.se/runor/gamla/g/g184.html,https://www.christerhamp.se/runor/gamla/g/g184-1s.jpg
G 188,G 188 - Gotland: Mästerby kyrka,,[... auk × botaiþr × þaun litu × raisa s... ... haito × mirki mirlakt eftir man koþ-n · kiarn uaR × hann arla × a × kuþ troa × rumshafþ ×] raþ(e)t × miþ r(e)tu m[iug × tyrlak × ta · ta × uam · la · reksþe... ...](b)in × sialu h-... [lit × kiarþi stain × uataruek...],... och Botaid lät resa stenen ... lät göra det ståtliga minnesmärket efter den gode mannen. Han kom tidigt att tro på Gud ... hjälpe hans själ ... stenen ...,https://www.christerhamp.se/runor/gamla/g/g188.html,https://www.christerhamp.se/runor/gamla/g/g188s.jpg
G 189,G 189 - Gotland: Mästerby kyrka,,... : koþa : af...,... god ...,https://www.christerhamp.se/runor/gamla/g/g189.html,https://www.christerhamp.se/runor/gamla/g/g189s.jpg
G 190,G 190 - Gotland: Mästerby kyrka,,,,https://www.christerhamp.se/runor/gamla/g/g190m.html,https://www.christerhamp.se/runor/gamla/g/g190m.jpg
G 191,G 191 - Gotland: Mästerby kyrka,,moyar : hafin : iþra : byn : reta,"Jungfrur, be era böner rätt.",https://www.christerhamp.se/runor/gamla/g/g191.html,https://www.christerhamp.se/runor/gamla/g/g191s.jpg
G 192,G 192 - Gotland: Västergarns kyrka,,... ...rin * ţ-ir * bigu i -...-yil ... sunudager ok - * prim * ... ...(i)m(a)fr-y * miţ sinum * guţi * ok * ţingat * kumin * aLlir * ţa... ...,... Katrin (?). De bor i Fröjel ... söndag[sstav] och primstav ... himmelens frid med hans gud. Och dit kommer all deras ...,https://www.christerhamp.se/runor/gamla/g/g192.html,https://www.christerhamp.se/runor/gamla/g/g192s.jpg
G 194,G 194 - Gotland: Eskelhems kyrka,,"...uþork...f...orkhfuþ...rkhfuþorkhf...rkhf...khfuþ...þor...
ambrosii m-... vit... mikomedis (b)rimi ...-r(n)abe ...h-nn-(s) (b) ...-essi","Ambrosius, Marcus, Vitalus, Nicomedus, Primus, Barnabus, Johannes, Paulus, Processus",https://www.christerhamp.se/runor/gamla/g/g194.html,https://www.christerhamp.se/runor/gamla/g/g194-1s.jpg
G 198,G 198 - Gotland: Tofta kyrka,,+ ku[±]--(e)-ke-...--... : ... : ---...u...-... ...- : likmun-ar : - : b--mu[n]-[ar] : bon-... ...------ka...- --... ...----r : -a u...r : - : ... : (s)u-ud...- : o=k : pri- ...,... Likmund ... Botmunds bonde ... dÍ var ... s—ndag[sstaven] och prim ...,https://www.christerhamp.se/runor/gamla/g/g198.html,https://www.christerhamp.se/runor/gamla/g/g198.jpg
G 199,G 199 - Gotland: Tofta kyrka,,+ friþgaiR * ok * alualdR * ok * ro[þai]þR * litu * gieRa * stain*hualf * þis[- eftiR roþurm * faþ... sin (b)-þ-...] ...- * sia[l] * hans * saktus * barþolimeus * irni * miskunaR * sialu roþ--ms * a-e- ------... saksi -iek runaR,"Fridgeir och Alvand och Rodleid lät göra deta stenvalv efter Rodorm, deras fader.  Be ... hans själ. Sankt Bartolomeus ha misskund med Rodorms själ. Amen ... Sakse högg runorna.",https://www.christerhamp.se/runor/gamla/g/g199.html,https://www.christerhamp.se/runor/gamla/g/g199s.jpg
G 200,G 200 - Gotland: Atlingbo kyrka,,uni : auk : haknuiþr : arfaR : rakna : þaiR ... ...(h)in : aail : ui : ku-... ...(R)muþ : hialbi : soul : sunta:lausi : kris-... ...t : auþualtr risti r--...,"Une och Hagnvid, Ragnes arvingar, de ... Geirmod(?). Syndlösa Kristus hjälpe själen ... Audvald ristade runorna.",https://www.christerhamp.se/runor/gamla/g/g200.html,https://www.christerhamp.se/runor/gamla/g/g200s.jpg
G 201,G 201 - Gotland: Atlingbo kyrka,,ha=lt[ia]uþ * a=uþualtz : [enkia : -]tliks : han lit : hualf : otki[era] * yfir : sin : sun : boztan * ok han : baþ : [l]a- : biþia : fyr[ir] ha=ns *: sial * iakau[b]r : gierþi : stain : r=oþmas:a=rfi,"Halltjod, Audvalds av Atling änka, hon lät göra valvet över sin son Botstein, och hon bad: Be för hans själ. Jakob av Rodmansarve gjorde stenen.",https://www.christerhamp.se/runor/gamla/g/g201.html,https://www.christerhamp.se/runor/gamla/g/g201s.jpg
G 203,G 203 - Gotland: Hogräns kyrka,,sigmutr let rasa sain eftiR bruþr : sina : auk : bro : kierua : eftiR : sikbiern : santa mikal hie[lbi] ... ...ans auk : at : botraif auk at sigraif : auk : at aibiern : faþur þaiRa : altr : auk bikui han : i by : sunarst kaiRuiþr lekþi ormaluR nemR : in[t]i uR sikmutr [--fiR :] sliku : unit kuml karmanum : þet aR [:] ... kun : hier : mun : stanta stain : a[t] : merki bietr a : bierki in bro furiR roþ(b)iern risti run(i)R [þ]esa kaiRl-ifR sumaR aR karla kan,"Sigmund lät resa stenen efter sina bröder och göra bron efter Sigbjörn - sankt Mikael hjälpe hans själ - och efter Botreif och efter Sigreif och efter Eibjörn, fader till dem alla, och han bodde i den sydligaste byn. Geirvid lade ormslingan, han löste dem lätt. Så har Sigmund givit kumlet. Männen som kunde ... Här må stenen stå som ett minnesmärke, tydligt på berget med bron framför Rotbjörn ristade dessa runor, Geirleif några, som ... kan",https://www.christerhamp.se/runor/gamla/g/g203.html,https://www.christerhamp.se/runor/gamla/g/g203s.jpg
G 204,"G 204 - Gotland: Djupbrunns, Hogrän",ᛖᛖᛚᛁᛚ,ee=lil,-,https://www.christerhamp.se/runor/gamla/g/g204.html,https://www.christerhamp.se/runor/gamla/g/g204s.jpg
G 205,"G 205 - Gotland: Djupbrunns, Hogrän",ᚨᛚᚢ,alu,-,https://www.christerhamp.se/runor/gamla/g/g205.html,https://www.christerhamp.se/runor/gamla/g/g205s.jpg
G 206,G 206 - Gotland: Valls kyrka,,+ ulafr : i : himunafi : han : kaf : hit : i-i : sin : ban : botuiþ : ok : bulaiþu : f : kanuiþ : ok : ruþaiþu,Olav i himunafi han gav detta efter sina barn Botvid och Botaid och(?) Ganvid och Rodaid,https://www.christerhamp.se/runor/gamla/g/g206.html,https://www.christerhamp.se/runor/gamla/g/g206s.jpg
G 207,G 207 - Gotland: Stenkumla kyrka,,butmuntr : auk : butraifR : auk : kunu[ar : þaiR : raistu : stain ...arþi : karþ] : auk : sunarla : sat : miþ : skinum : auk : han : entaþis : at : ulfshala : þa : [¶ han : hil(k)(i)...],"Botmund och Botraiv och Gunnvar, de reste stenen ... gård och söderut satt
med skinn. Och han dog på Ulvshale ...",https://www.christerhamp.se/runor/gamla/g/g207.html,https://www.christerhamp.se/runor/gamla/g/g207s.jpg
G 208,G 208 - Gotland: Stenkumla kyrka,,[b]u[t]muntr : auk : butraifR : auk : kunua[r : -]... ...tu : stain : þ... ... ...[at : faþur : si]n : kuþ : h(i)albi : (s)elu : hans : auk : kus : muþiR : (b)etr : þen : uiR : biþia : kunin · ¶ -(a)... ...(a)-(n) (:),"Botmund och Botraiv och Gunnvar reste denna sten (efter) -vat(?), sin fader. Gud hjälpe hans
själ och Guds moder bättre än vi kunna bedja ...",https://www.christerhamp.se/runor/gamla/g/g208.html,https://www.christerhamp.se/runor/gamla/g/g208s.jpg
G 210,G 210 - Gotland: Västerhejde kyrka,,+ hier : likr : kairualtr : i berhi : ok : hans : hus:froya,Här ligger Geirvald i Berg och hans husfru,https://www.christerhamp.se/runor/gamla/g/g210.html,https://www.christerhamp.se/runor/gamla/g/g210s.jpg
G 211,G 211 - Gotland: Västerhejde kyrka,,...r...,-,https://www.christerhamp.se/runor/gamla/g/g211.html,https://www.christerhamp.se/runor/gamla/g/g211s.jpg
G 212,G 212 - Gotland: Björke kyrka,,[...------s-- · ub----bala^uh--n...(u)kbru- lit kira stain (u)fir io]-n k-...þ---rþ-...þ-...,... lät göra stenen över Johan ...,https://www.christerhamp.se/runor/gamla/g/g212.html,https://www.christerhamp.se/runor/gamla/g/g212s.jpg
G 213,G 213 - Gotland: Björke kyrka,,[: ia^lbi : undr : isairi]...(u)nir : ok : kerþi : stain :,... hjälpe ... och gjorde stenen,https://www.christerhamp.se/runor/gamla/g/g213.html,https://www.christerhamp.se/runor/gamla/g/g213s.jpg
G 216,"G 216 - Gotland: Timans, Roma",,: ormiga : ulfua-r : krikiaR : iaursaliR (:) islat : serklat,"Ormika, Ulfvat, Grekland, Jerusalem, Island, Särkland",https://www.christerhamp.se/runor/gamla/g/g216.html,https://www.christerhamp.se/runor/gamla/g/g216s.jpg
G 217,G 217 - Gotland: Akebäcks kyrka,,"nikulas : skraif : mik : in : s[--]rin e-[-]-b--r [--]rgretu mariu:messu:dah : ... s : uar : brim : o^k [:] ... ...-r : sunnudah
rannal(t) : berno","Niklas skrev mig . . . Margareta på Mariemässodagen, [då] s var prim[runa] och . . . söndag[sruna].
Ragnvald. Berno.",https://www.christerhamp.se/runor/gamla/g/g217.html,https://www.christerhamp.se/runor/gamla/g/g217as.jpg
G 218,G 218 - Gotland: Follingbo kyrka,,...-- × broþur × s... lati : -um...,...sin broder -,https://www.christerhamp.se/runor/gamla/g/g218.html,https://www.christerhamp.se/runor/gamla/g/g218s.jpg
G 221 A,G 221 A - Gotland: Klinte kyrka,,... kirki...,... kyrkan ...,https://www.christerhamp.se/runor/gamla/g/g221a.html,https://www.christerhamp.se/runor/gamla/g/g221as.jpg
G 223,G 223 - Gotland: Endre kyrka,,...-tRs rasmus- baa ---dtib-a,... Rasmus - -,https://www.christerhamp.se/runor/gamla/g/g223.html,https://www.christerhamp.se/runor/gamla/g/g223as.jpg
G 225,"G 225 - Gotland: Svenskens, Endre",,rani : ao þn uikur butfus ÷ fai[i],Rane äger detta spjut. Botfus ristade.,https://www.christerhamp.se/runor/gamla/g/g225.html,https://www.christerhamp.se/runor/gamla/g/g225s.jpg
G 229,G 229 - Gotland: Barlingbo kyrka,,ma- maria iohanes markus luks last gearf : a:posuli,Maria Maria (eller Matteus?) Johannes Markus Lukas ... apostel,https://www.christerhamp.se/runor/gamla/g/g229.html,https://www.christerhamp.se/runor/gamla/g/g229as.jpg
G 231,G 231 - Gotland: Vallstena kyrka,᛭ ᛋᛁᚼᚠᚱᛁᚦᚱ ᛬ ᛁ ᛬ ᛆᛚᚠᛁᚿᛆ ᛬ ᛚᛁᛏ ᛬ ᚵᛂᚱᛆ ᛬ ᛋᛐᛆᛁᚿ ᛬ ᚼᛁᛋᛆᚿ ᛬ ᚤᚡᛁᚱ ᛬ ᛒᚢᛏᛆᛁᚦᛁ ᛬ ᛑᚯᛏᚢᚱ ᛬ ᛋᛁᚿᛆ ᛬ ᚯᚴ ᛬ ᚤᚡᛁᚱ ᛬ ᛆᚢᛚᛆᛁᚠ ᛬ ᚯᚴ ᛬ ᛒᚯᛏᛚᛐᛁᚿᛁ ᛬ ᛁ ᚿᚯᚱᚦᚱᚵᛆᚱᚦᚢᛘ,+ sihfriþr : i : alfina : lit : gera : stain : hisan : yvir : butaiþi : dotur : sina : ok : yvir : aulaif : ok : botlini : i norþrgarþum,Sigfrid i Alvne lät göra denna sten över sin dotter Butaid och över Audlaiv och Botlikn i Norrgarde,https://www.christerhamp.se/runor/gamla/g/g231.html,https://www.christerhamp.se/runor/gamla/g/g231s.jpg
G 232,G 232 - Gotland: Vallstena kyrka,,+ olavr : bingil : lit : gera : mik : yvir : hera^ ^peta^r,Olav bingil lär göra mig över herr Peter,https://www.christerhamp.se/runor/gamla/g/g232.html,https://www.christerhamp.se/runor/gamla/g/g232s.jpg
G 234,G 234 - Gotland: Vallstena kyrka,,[+] b(u)---- : i : bierum : li- : gera : s[a]-[n þ--- : yfir : sen faþur : --ulf ----- o]k : mo- sin : ok : betar b-ta : --n : [o]k : li[kat : ok : yfir : hehuat : aþ-ky--a--- : -y-- : ----- ¶ iakub : i : ...] k[---- : ----],... i Bjärge lät göra denna sten över sin fader ... ulf ... och ... och Peter sin man (?) och Liknat (?) och över Hegvat ... Jakob i  ...,https://www.christerhamp.se/runor/gamla/g/g234.html,https://www.christerhamp.se/runor/gamla/g/g234s.jpg
G 236,G 236 - Gotland: Vallstena kyrka,ᚼᛆᛚᚠᚱᛁᚦᚱ,halfriþr,Hallfrid,https://www.christerhamp.se/runor/gamla/g/g236.html,https://www.christerhamp.se/runor/gamla/g/g236s.jpg
G 238,G 238 - Gotland: Källunge kyrka,,A: [heR] bot^ub : kaubarfa i...(a)t^um · sanktus : ba^ ^sank:tus : pa^ulus sank:ta · ma^ria · miskuni o^s B: ...--...- (a)(u) mari C: ...-(s)(b)-(r)-...,Herr Botulf i Kauparve ... sankte ... sankte Paulus sankta Maria misskunne oss Ave Maria,https://www.christerhamp.se/runor/gamla/g/g238.html,https://www.christerhamp.se/runor/gamla/g/g238as.jpg
G 241,G 241 - Gotland: Hejnums kyrka,,nikulas : i : rink[e] : [a mi]k,Niklas i Rings äger mig,https://www.christerhamp.se/runor/gamla/g/g241.html,https://www.christerhamp.se/runor/gamla/g/g241s.jpg
G 242,G 242 - Gotland: Hejnums kyrka,,÷: gairuatr : af * norþrby : huilis hiar : ok * hans [*] husbroia : ruþiauþ : gerin uel * (o)k * biþin * firi þaim * þaun u-ru * þet * sum * iR iarin * nu * ok * iR * uarþi(n) * þet * sum * þa=un * iaru * nu,Gairvat från Norrbys vilar här och hans hustru Rudiaud. Gör väl och be för dem. De var det som ni är nu och ni blir det som de är nu.,https://www.christerhamp.se/runor/gamla/g/g242.html,https://www.christerhamp.se/runor/gamla/g/g242s.jpg
G 247,G 247 - Gotland: Hejnums kyrka,ᚼᛅᛁᛘᛅᛚᛏᚱ ᚼᛅᛁ ᛒᚬᛏᚢᛁᚦᚱ ᛘ ᚼᛅᛁᛘ ᚼᛅᛁ,A: haimaltr B: hai C: botuiþr m haim hai,Haimaldr Ha... Botvid Haim... Hai...,https://www.christerhamp.se/runor/gamla/g/g247.html,https://www.christerhamp.se/runor/gamla/g/g247as.jpg
G 248,"G 248 - Gotland: Riddare, Hejnum",,...ik...,-,https://www.christerhamp.se/runor/gamla/g/g248.html,https://www.christerhamp.se/runor/gamla/g/g248s.jpg
G 249,G 249 - Gotland: Fole kyrka,,þeta : ier * uitni : kirkiur:pre-...- : ok : sokna:manna : et : halhuis÷boar ÷ aihu ÷ kauptan ÷ meþ ÷ einn ÷ kirkiur÷faueh ÷ ginum ÷ litlu ÷ folboa ÷ garþa,"Detta är kyrkoprästens och sockenmännens vittnesbörd att Hellvisborna äger, genom köp, för alltid(?) kyrkoväg genom Lilla Foles gårdar.",https://www.christerhamp.se/runor/gamla/g/g249.html,https://www.christerhamp.se/runor/gamla/g/g249s.jpg
G 250,G 250 - Gotland: Fole kyrka,,...in... ...biarn : -n uar : kar...þ...s...f : kuþi ...,-,https://www.christerhamp.se/runor/gamla/g/g250.html,https://www.christerhamp.se/runor/gamla/g/g250s.jpg
G 251,"G 251 - Gotland: Östra Ryftes, Folhem",,e e=li l,-,https://www.christerhamp.se/runor/gamla/g/g251.html,https://www.christerhamp.se/runor/gamla/g/g251s.jpg
G 255,G 255 - Gotland: Bro kyrka,,÷ biþin : furi : ola^fs : sia^l : iuha^s : a^rfi : e : etligi : sum : hir : legr : hans : ankia : bo[t]ia^uþ : but^kar...s : bo^rn- : e : oit-hium : l-t^r : stainin : hka : þina,"Be för Olafs själ, Johans arvinge i Ytlings, som här ligger. Hans änka Botjod, Botgeirs dotter i Utoje, lät hugga denna sten.",https://www.christerhamp.se/runor/gamla/g/g255.html,https://www.christerhamp.se/runor/gamla/g/g255s.jpg
G 264,G 264 - Gotland: Martebo kyrka,,(u)lu(ñ)kasluiña(s)(l)us-as-as(n)-u(n) --i-lrlaf-lþunñabirmjkes-,-,https://www.christerhamp.se/runor/gamla/g/g264.html,https://www.christerhamp.se/runor/gamla/g/g264s.jpg
G 268,G 268 - Gotland: Lillbjärs,,D-a(=R)u(t=)Du₫,-,https://www.christerhamp.se/runor/gamla/g/g268.html,https://www.christerhamp.se/runor/gamla/g/g268s.jpg
G 269,"G 269 - Gotland: Mos gÍrd, Stenkyrka",,gaois,Skðllaren,https://www.christerhamp.se/runor/gamla/g/g269.html,https://www.christerhamp.se/runor/gamla/g/g269.jpg
G 271,G 271 - Gotland: Tingstäde kyrka,,...r...-... : ... : ... : ... : ... : ... : ¶ ...-- : ---...-... : -fr--du : ok : -ldra : þaira : ¶ --re--- : --- : --- : -- : -------- : ... : ... : ...-...,... och alla deras ...,https://www.christerhamp.se/runor/gamla/g/g271.html,https://www.christerhamp.se/runor/gamla/g/g271s.jpg
G 275,G 275 - Gotland: Boge kyrka,,iaoiaþ---hainur,-,https://www.christerhamp.se/runor/gamla/g/g275.html,https://www.christerhamp.se/runor/gamla/g/g275s.jpg
G 278,"G 278 - Gotland: Mojner, Boge",,× in| |nomini tomini nostri asu kr-×¶×sti × kuþloh × tomini batris × ¶ iþ fili × kuþloh -biritus ¶ × sakti kuþloh × amin × kruks ¶ × ti batar × kruks ti filius × × kruks ti sbiritus × ¶ × sakti × kuþloh × amin × ¶ × kristus rihnaþ × kristu×¶×s × kuþloh × finsiþ × kristus × ¶ × imbiraþ × amin ×,"I vår Herres Jesu Kristi, Gudlög, Herrens, Faderns och Sonens, Gudlög, Den helige Andes namn, Gudlög. Amen. Kristi kors: Fadern, Kristi kors: Sonen, Kristi kors: Den helige Ande, Gudlög, Amen. Kristus regerar, Kristus segrar, Kristus härskar, Amen.",https://www.christerhamp.se/runor/gamla/g/g278.html,https://www.christerhamp.se/runor/gamla/g/g278s.jpg
G 280,"G 280 - Gotland: Pilgĺrds, Boge",,biarfaa : statu : sis[o] stain hakbiarn :  bruţr ruţuisl : austain : imuar is af[a] : st[ai]n[a] : stata : aft : raf[a] su[ţ] furi : ru[f]staini : kuamu uit i aifur : uifil [ba]uţ [u=m],"Denna ljusglänsande sten ställde Hegbjarn (och hans) bröder Rodvisl, Austain och Amund (?), vilka har ställt stenar till minne av Ravn söder om Rufstain (?). De kom vida in i Aifor. Vivil gav uppdraget.",https://www.christerhamp.se/runor/gamla/g/g280.html,https://www.christerhamp.se/runor/gamla/g/g280s.jpg
G 281,"G 281 - Gotland: Västers, Boge","ᚠᚢᚦᚭᚱᚴᚼᚾᛁᛅᛋᛏᛒᛘᛚᛦ  
ᚠᚢᛦᚴᛅᚾᛏ",fuþorkhniastbmlR fuRkant,-,https://www.christerhamp.se/runor/gamla/g/g281.html,https://www.christerhamp.se/runor/gamla/g/g281s.jpg
G 282,G 282 - Gotland: Othems kyrka,,÷ i:r biþin : kos : fyri : marhitu : sial : af [otaim : a : mik],"Be om godhet för Margits själ från Othem, hon äger mig.",https://www.christerhamp.se/runor/gamla/g/g282.html,https://www.christerhamp.se/runor/gamla/g/g282s.jpg
G 283,G 283 - Gotland: Othems kyrka,,÷ i:r biþin : fyri : haluars : sial : bontanz i [a]khnabo : su[m] : [ie]ar : unir : ui[l]as,"Be för Halvars själ, bonden i Angelbos, som här under vilar.",https://www.christerhamp.se/runor/gamla/g/g283.html,https://www.christerhamp.se/runor/gamla/g/g283s.jpg
G 284,G 284 - Gotland: Othems kyrka,,+ biþin kos : firi nikulas : sial : af k-ite : sum er uilis uti,"Be om godhet för Niklas själ från Klinte, som här vilar uti.",https://www.christerhamp.se/runor/gamla/g/g284.html,https://www.christerhamp.se/runor/gamla/g/g284s.jpg
G 287,"G 287 - Gotland: Slitebacken, Othem",,e e=li l,-,https://www.christerhamp.se/runor/gamla/g/g287.html,https://www.christerhamp.se/runor/gamla/g/g287.jpg
G 288,G 288 - Gotland: Hellvi kyrka,,÷ biþin : fir(i) [: b]u[t]u[lf]s : sia[l] : a[f] legiu :,Be för Botulfs själ från Längers,https://www.christerhamp.se/runor/gamla/g/g288.html,https://www.christerhamp.se/runor/gamla/g/g288s.jpg
G 289,G 289 - Gotland: Hellvi kyrka,,÷ [biþin] : fir[i · þair-- -i]al : [s]um -iar · ...u[-las] : bu-...aR- · ...[k · han]... ...[usb]...yu : ho...--u [:] ok : botual[d]a : ok [:] han- husbroyu katr--u ...u-- : af hambri,"Be för deras själar som här vilar, Butairs och hans hustrus ... och Botvaldes och hans hustru Katarinas ... från Hammars",https://www.christerhamp.se/runor/gamla/g/g289.html,https://www.christerhamp.se/runor/gamla/g/g289-1s.jpg
G 290,G 290 - Gotland: Hellvi kyrka,,÷ b[u]þi : huili[s] : [-ir] · ga^na dotiR · a hamb[ri ·] biþin : [firi ·] --...---- [mini...s] þe[t et · ha^n ur · þ]et [s]u[m] i[R] · ir- ...u [-^k] iR ua^rþ-n þe[t] ...m h[a^n i]r -u ·,"Buþi (?) vilar här, Gannes dotter på Hammars. Be för hennes själ. Minns att hon var det som ni är nu och ni ska bli det hon är nu!",https://www.christerhamp.se/runor/gamla/g/g290.html,https://www.christerhamp.se/runor/gamla/g/g290s.jpg
G 291,G 291 - Gotland: Hellvi kyrka,,lafrans botuiðar sun maistera gerði kirkiu þisa : af yskilaim,"Lavrans, mäster Botvids son, gjorde denna kyrka av Eskilhem",https://www.christerhamp.se/runor/gamla/g/g291.html,https://www.christerhamp.se/runor/gamla/g/g291s.jpg
G 292,G 292 - Gotland: Lärbro kyrka,,÷: kuţ : naţi : nikulas[a] : sial : ok : botiauţar : sial : ok : roţiauţur : sial : botulfr : i : a-luku : lit : mik : g-ra,Gud nĺde Niklas själ och Botjods själ och och Rodiauds själ. Botulf i ... lät göra mig.,https://www.christerhamp.se/runor/gamla/g/g292.html,https://www.christerhamp.se/runor/gamla/g/g292s.jpg
G 293,G 293 - Gotland: Lärbro kyrka,,[guţ : naţi : hehuars : sial : sum : h--... : gera fem ţusend] ar : ok : ainu : a... mina : en : tu : hundra... -r : uaru : af : adami : ok : ti- : -uz : byrţ : et ţusend : ar : ok : ţry : hundr-ţ ar : ok fimtihi : ar : uar : af : guz : byrţ : ok til : tihra : dauţa-... ...,"Gud nĺde Hegvards själ, som [här vilar ?] ... göra fem tusen ĺr och ett ĺr mindre än tvĺ hundra ĺr var frĺn Adam till Guds födelse, ett tusen och tre hundra ĺr och femtio ĺr var frĺn Guds födelse till digerdöden ...",https://www.christerhamp.se/runor/gamla/g/g293.html,https://www.christerhamp.se/runor/gamla/g/g293s.jpg
G 294,G 294 - Gotland: Lärbro kyrka,,÷ bondin : olafr : i : aghnabo : ligr : hier : untir : h[an : a mik],Bonden Olaf i Angelbos ligger här under. Han äger mig.,https://www.christerhamp.se/runor/gamla/g/g294.html,https://www.christerhamp.se/runor/gamla/g/g294s.jpg
G 295,G 295 - Gotland: Lärbro kyrka,,+ biþin · koz · fyri · b[uta]iþa · sia(l) · af bierhi · sum · hier huilis,"Be väl för Botheids själ från Bjärs, som här vilar",https://www.christerhamp.se/runor/gamla/g/g295.html,https://www.christerhamp.se/runor/gamla/g/g295s.jpg
G 305,G 305 - Gotland: Hangvars kyrka,,-,-,https://www.christerhamp.se/runor/gamla/g/g305.html,https://www.christerhamp.se/runor/gamla/g/g305s.jpg
G 306,G 306 - Gotland: Hangvars kyrka,,[× gan]uiþr : o^k · botuiþr  · [kaslla · o^k · þair] letu · haga · an stain · o^k · yfr · sin faþur · butair · aitin · guþ · alssualtuhr · hafi · þina · sial · o^k þa uar · l · o... pirimst^efr o^k fir sunutahr · o^k en ha do,Gannvid och Botvid i Kassla och de lät hugga en sten och över sin fader salig Botair. Må Gud allsmäktig ha din själ. Och då var l primstav och fir söndags[runa] och när han dog.,https://www.christerhamp.se/runor/gamla/g/g306.html,https://www.christerhamp.se/runor/gamla/g/g306s.jpg
G 307,G 307 - Gotland: Hangvars kyrka,,[sihlaif · o^k · iakaupr · a^f · flina]uik · þair · [l-t]u · gira · mik · yf[ir · sui]n · faþur sir[iaf · o^k · þotr · o^k -...fr],Siglaiv och Jakob i Flenvike de lät göra mig efter sin fader Sigraiv,https://www.christerhamp.se/runor/gamla/g/g307.html,https://www.christerhamp.se/runor/gamla/g/g307s.jpg
G 308,G 308 - Gotland: Hangvars kyrka,,+ sihrafr : i : flinauik : ha[n : lit : mik : gera : yfir] : si[n] : ...þur : iakaup : guþ : naþi : hans : sial : þa : uar : u[r : prim:stafr : ok : þos : sunut]ahr : en ha[n] : do,Sigraiv i Flenvike han lät göra mig över sin fader Jakob. Gud nåde hans själ. Då var primstav och söndagsruna när han dog.,https://www.christerhamp.se/runor/gamla/g/g308.html,https://www.christerhamp.se/runor/gamla/g/g308s.jpg
G 312,G 312 - Gotland: Halls kyrka,᛭ ᚵᚢᚦ ᛬ ᚿᛆᚦᛁ ᛬ ᛁᚢᛆᚿᛋ ᛬ ᛋᛁᛆᛚ ᛬ ᛆᚠ ᛬ ᚼᛁᛂᚱᚿᚢᛘ ᛬ ᚼᛆᛦ ᛬ ᛑᚤᛐᚱᛁᚱ ᛬ ᛚᛁᛐᚢ ᛬ ᛘᛁᚴ ᚵᛂᚱᛆ,÷ guþ : naþi : iuans : sial : af : hiernum : haz : dytrir [:] litu : mik gera,Gud nåde Johans själ från Hjärne [?]. Hans döttrar lät göra mig.,https://www.christerhamp.se/runor/gamla/g/g312.html,https://www.christerhamp.se/runor/gamla/g/g312s.jpg
G 313,G 313 - Gotland: Halls kyrka,,... : sial : af : uestrb- ...,... själ från Västerbys [?] ...,https://www.christerhamp.se/runor/gamla/g/g313.html,https://www.christerhamp.se/runor/gamla/g/g313s.jpg
G 314,G 314 - Gotland: Halls kyrka,,+--...-- : firi : i-...ubz : -... : ...k-r-... : ok : hanz : hus-r-yu : s-al : b(a)t--,... för Jakobs ... och hans hustrus själ ...,https://www.christerhamp.se/runor/gamla/g/g314.html,https://www.christerhamp.se/runor/gamla/g/g314s.jpg
G 317,G 317 - Gotland: Fleringe kyrka,,[+ guþ :] naþi : hehuata [si]al : sum : hier : huilis : han : gaf : et : oyris:la[ihi : i ær ... þairi helhu : r... ...rhet : lit ...uata...beiær : ... biþin firi : marheto : sial : botulfr : i : (m)iþium : (b)y fyrþi : mik : hit :],Gud vare nådig Hegvats själ som här vilar. Han gav ett öresleje i Ar ... åt den heliga ... Margit (?) lät .. Be för Margits själ. Botulf i Medebys (?) förde mig hit.,https://www.christerhamp.se/runor/gamla/g/g317.html,https://www.christerhamp.se/runor/gamla/g/g317s.jpg
G 319,G 319 - Gotland: Rute kyrka,,si[h]tris : aruar[r] : litu : giera : st[a]en : yfir : auþu-l- : broþur : sin : a : finlandi : do : aglia...,"Sigtryggs arvingar lät göra stenen över Audvald, deras broder, som dog i Finland ...",https://www.christerhamp.se/runor/gamla/g/g319.html,https://www.christerhamp.se/runor/gamla/g/g319s.jpg
G 320,G 320 - Gotland: Rute kyrka,,...-t-...h...,-,https://www.christerhamp.se/runor/gamla/g/g320.html,https://www.christerhamp.se/runor/gamla/g/g320s.jpg
G 321,G 321 - Gotland: Rute kyrka,,...þ · kie[rþi... ...],... gjorde ...,https://www.christerhamp.se/runor/gamla/g/g321.html,https://www.christerhamp.se/runor/gamla/g/g321s.jpg
G 324,G 324 - Gotland: Rute kyrka,,kisk---,-,https://www.christerhamp.se/runor/gamla/g/g324.html,https://www.christerhamp.se/runor/gamla/g/g324s.jpg
G 325,"G 325 - Gotland: Valla, Rute",,× rolau... : -et : reisa : ... ...btir : fri₫:beon : sun si- ...,"Rolög lät resa [stenen] efter Fridbjörn, sin son.",https://www.christerhamp.se/runor/gamla/g/g325.html,https://www.christerhamp.se/runor/gamla/g/g325s.jpg
G 326,"G 326 - Gotland: Valla, Rute",,roþri(u)^þ onk---,Rotrud ...,https://www.christerhamp.se/runor/gamla/g/g326.html,https://www.christerhamp.se/runor/gamla/g/g326.jpg
G 327,G 327 - Gotland: Bunge kyrka,,la-rans : gierþi : s-ain : þi,Lavrans gjorde denna sten,https://www.christerhamp.se/runor/gamla/g/g327.html,https://www.christerhamp.se/runor/gamla/g/g327s.jpg
G 328,G 328 - Gotland: Bunge kyrka,,[...m] : lit- : gera : -ta[-- : --- : -...],... lät göra stenen ...,https://www.christerhamp.se/runor/gamla/g/g328.html,https://www.christerhamp.se/runor/gamla/g/g328s.jpg
G 329,G 329 - Gotland: Bunge kyrka,,"-þko-orr...-...-
bþt bo
--i -ouþir ---- þa^un helha ÷ kirkia","-
Botvid [?]
-- Den heliga kyrkan",https://www.christerhamp.se/runor/gamla/g/g329.html,https://www.christerhamp.se/runor/gamla/g/g329as.jpg
G 330,G 330 - Gotland: Bunge kyrka,,huo-e : nuoaie : fu-aie : þuoaie : ruoaie : -uoaie f-fiaou-rkhniR...ri-o...kuo-- fuþorkhniastbtmR ??? -ri- hkr-þu hþ--o--rrn(n),-,https://www.christerhamp.se/runor/gamla/g/g330.html,https://www.christerhamp.se/runor/gamla/g/g330s.jpg
G 331,G 331 - Gotland: Bunge kyrka,,her ulaf i rute {1[5]-3} ÷ þie ¶ (f) ¶ b(a) iuan : klukeri sante · lafr-ns guþ ÷ han ÷ ier ÷ goþer ÷ þet ÷ ier ÷ s[a]nt roihie hþ...-or(r),Herr Olaf i Rute 15-3 [?] ... Johan klockare Sankt Lavrans Gud han är god det är sant - -,https://www.christerhamp.se/runor/gamla/g/g331.html,https://www.christerhamp.se/runor/gamla/g/g331s.jpg
G 332,G 332 - Gotland: Bunge kyrka,,f---r...hnia-...b-m f-au orrrnnn,-,https://www.christerhamp.se/runor/gamla/g/g332.html,https://www.christerhamp.se/runor/gamla/g/g332s.jpg
G 334,G 334 - Gotland: Fårö kyrka,,+ kuþ [: na]þ[i : lafran]z[ar : si]a[l ok : nikulas : hans : b]ro[þ]urs[unr : lit : mik :] kira : botu[lfr : sum : kirkiu : burti : h]an : kirþi : mik : gesus : kristus : naþi : alum [kristnum : sialum : sum : hiar : huilas : amen],"Gud nåde Lavrans själoch Nikolas, hans brorson lät mig göra. Botulf som kyrkan byggde han gjorde mig. Jesus Kristus nåde alla kristna själar som här bilar. Amen.",https://www.christerhamp.se/runor/gamla/g/g334.html,https://www.christerhamp.se/runor/gamla/g/g334s.jpg
G 337,G 337 - Gotland: Fċrö kyrka,,÷ guŝ : firi:lati us : orar : sitir : su sedi : pet-r : mura:maisŝiri :,"Gud förlċte oss vċra synder, sċ sade Peter murarmästare.",https://www.christerhamp.se/runor/gamla/g/g337.html,https://www.christerhamp.se/runor/gamla/g/g337s.jpg
G 338,"G 338 - Gotland: Stora Hoburga, FÍr—",,petar,Peter,https://www.christerhamp.se/runor/gamla/g/g338.html,https://www.christerhamp.se/runor/gamla/g/g338.jpg
G 340,"G 340 - Gotland: S:t Clemens kyrkoruin, Visby",ᛚᛁᛏ ᛫ ᚴᛁᛂᚱᛅ ᛫ ᛋᛏᛅᛁᚾ ᛫ ᛂᚠᛁ,... lit * kiera * stain * eft... ...,... lät göra stenen efter ...,https://www.christerhamp.se/runor/gamla/g/g340.html,https://www.christerhamp.se/runor/gamla/g/g340s.jpg
G 342,"G 342 - Gotland: S:t Hans kyrkoruin, Visby",,munkair × auk ...nkair × þa-R × -(a)-...----- -aþur × -...-...-(k) × a... ...un...R × al × rusta × auk × raisa × sta(i)... -...-iR × k... ...þur × uina,"Mundgair och Aingair, de ... [efter sin] fader ... runor alla, rusta och resa stenen ...",https://www.christerhamp.se/runor/gamla/g/g342.html,https://www.christerhamp.se/runor/gamla/g/g342s.jpg
G 343,"G 343 - Gotland: S:t Hans kyrkoruin, Visby",,...n : raisti : kubl : eftiR : hailkaiR : fa... ... ¶ (k)-... ... -aulu : hans : eu : miþan : uaralt : uakiR : ligR : merki : hier : yfiR : mani : þaim : aR : erfiki : iftiR -erþi ¶ ... auk : þorlaifR : þau : ristu stain f-------...,"... reste minnesvården efter Hailgair, fader .. hans själ. Alltid medan världen varar ligger minnesmärket här över den man som arvingen gjorde det efter ... och Torlaiv de ristade stenen.",https://www.christerhamp.se/runor/gamla/g/g343.html,https://www.christerhamp.se/runor/gamla/g/g343s.jpg
G 345,"G 345 - Gotland: Botaniska trädgården, Visby",,intesede pro nobis semper : þ : sancta maria mater iacobi apostuli : þ : sancta maria maggalena : þ : salumee : þ : sancta caeri,"Ingrip ständigt för oss, Sankta Maria, Jakob apostelns moder, Sankta Maria Magdalena, Salome och Sankta Katarina (?)",https://www.christerhamp.se/runor/gamla/g/g345.html,https://www.christerhamp.se/runor/gamla/g/g345s.jpg
G 351,G 351 - Gotland: Visby,ᚱᛆᚦᛁᛅᚢᚦ ᛬ ᚴᛁᛆᚱᚦᛁ ᛬ ᛘᛁᚴ ᛬ ᚠᚢᚱᛁᛦ ᛬ ᛋᚢᛁ ᛬ ᛋᛁᚾ ᛬ ᛚᛁᚴᚾᚢᛁᛅᚱ ᛬ ᚮ ᛬ ᛘᛁᚴ ᛒᛁᚱᚦᛁᚴᛁᛦ,raþiauþ : kiarþi : mik : furiR : sui : sin : liknuiar : o : mik birþikiR,"Rodiaud gjorde mig för sin son, Liknvid äger mig. byrding",https://www.christerhamp.se/runor/gamla/g/g351.html,https://www.christerhamp.se/runor/gamla/g/g351s.jpg
G 358,"G 358 - Gotland: Gairvalds, Vamlingbo",,᛫ olof : siuþin :,-,https://www.christerhamp.se/runor/gamla/g/g358.html,https://www.christerhamp.se/runor/gamla/g/g358s.jpg
G 363 A-E,G 363 A-E - Gotland: Näs kyrka,,A: ol:lafr (o) B nikolas ma^rg(o)ta^rua C: a^fi maria · gara--a : (a)^lt-nna : lokinne D: maria E: llifr(æ)t ...,A: Olav B: Nikulas Margotarve (?) C: Ave Maria gratia ... D: Maria E: -,https://www.christerhamp.se/runor/gamla/g/g363a-e.html,https://www.christerhamp.se/runor/gamla/g/g363a-cs.jpg
G 367,G 367 - Gotland: Eke kyrka,,fuþor,fuþor,https://www.christerhamp.se/runor/gamla/g/g367.html,https://www.christerhamp.se/runor/gamla/g/g367s.jpg
G 370,G 370 - Gotland: Hablingbo kyrka,,uatar : auk hilkaiR : raistu : stain iftir hailka f-þur : sin : hn : uahR -istr : farin miþ uikikum,"och Hallgeir reste stenen efter Hailgi, sin fader. Han var faren västerut med vikingar.",https://www.christerhamp.se/runor/gamla/g/g370.html,https://www.christerhamp.se/runor/gamla/g/g370s.jpg
G 371,G 371 - Gotland: Hablingbo kyrka,,A: roþuisl : ha--- B: ola(f),Rodvisl Olov,https://www.christerhamp.se/runor/gamla/g/g371.html,https://www.christerhamp.se/runor/gamla/g/g371as.jpg
G 372,G 372 - Gotland: Hablingbo kyrka,,A: bat^rnot^r B: iuli--,A: Pater Noster B: -,https://www.christerhamp.se/runor/gamla/g/g372.html,https://www.christerhamp.se/runor/gamla/g/g372as.jpg
G 373,G 373 - Gotland: Sproge kyrka,,...Rua-r × auk × auþuatr × giarþu × kukbl × yftir × kunaiþ- ----- × sina × kua--ai × nutan,Gairvat (?) och Audvat gjorde minnesmärke efter Gunheid (?) ... sina ... duglig,https://www.christerhamp.se/runor/gamla/g/g373.html,https://www.christerhamp.se/runor/gamla/g/g373s.jpg
G 374,G 374 - Gotland: Sproge kyrka,,--aruaa haa---:lak- h...-r--,-,https://www.christerhamp.se/runor/gamla/g/g374.html,https://www.christerhamp.se/runor/gamla/g/g374s.jpg
G 375,G 375 - Gotland: Levide kyrka,,...k ¤ ak--...,-,https://www.christerhamp.se/runor/gamla/g/g375.html,https://www.christerhamp.se/runor/gamla/g/g375s.jpg
G 377,G 377 - Gotland: Lojsta kyrka,,ra--ia--uf-fran-,-,https://www.christerhamp.se/runor/gamla/g/g377.html,https://www.christerhamp.se/runor/gamla/g/g377s.jpg
G 381,G 381 - Gotland: Närs kyrka,,kaupi : skrifa^ði mik,Kaupe skrev mig,https://www.christerhamp.se/runor/gamla/g/g381.html,https://www.christerhamp.se/runor/gamla/g/g381s.jpg
G 382,G 382 - Gotland: Närs kyrka,,-u...fuþo--...,-u...fuþo--...,https://www.christerhamp.se/runor/gamla/g/g382.html,https://www.christerhamp.se/runor/gamla/g/g382s.jpg
G 383,G 383 - Gotland: Lau kyrka,,ma^ria : gus mo^þir,Maria Guds moder,https://www.christerhamp.se/runor/gamla/g/g383.html,https://www.christerhamp.se/runor/gamla/g/g383s.jpg
G 384,G 384 - Gotland: Lau kyrka,,ra kuluki -la^si-,-,https://www.christerhamp.se/runor/gamla/g/g384.html,https://www.christerhamp.se/runor/gamla/g/g384s.jpg
G 385,G 385 - Gotland: Anga kyrka,,regas,-,https://www.christerhamp.se/runor/gamla/g/g385.html,https://www.christerhamp.se/runor/gamla/g/g385s.jpg
G 390,"G 390 - Gotland: Tyrvalds, Klinte",,auþi × risti × runaR × a uir-- × byþnuiaR,Öde ristade runorna ... Bödnys,https://www.christerhamp.se/runor/gamla/g/g390.html,https://www.christerhamp.se/runor/gamla/g/g390s.jpg
G 394,G 394 - Gotland: Ekeby kyrka,,---is-o---a-i þ(u)s---her---þ · biþ-pi s- u(b) at u-----sun,- - Se uppåt så att ...,https://www.christerhamp.se/runor/gamla/g/g394.html,https://www.christerhamp.se/runor/gamla/g/g394s.jpg
G 395,G 395 - Gotland: Hellvi kyrka,,...-taþi b(a)lulfr · rþ(u)(i)`(þ)(s)´(a)^r kun maistira (f)iaþi þisa kirki¶u,- Botulf Rodvinsson... (son till) mästare målade denna kyrka,https://www.christerhamp.se/runor/gamla/g/g395.html,https://www.christerhamp.se/runor/gamla/g/g395s.jpg
G ATA 351-591-2014 A-B,G ATA 351-591-2014 A-B - Gotland: Ala kyrka,,lambi iuan,Lambi Johan,https://www.christerhamp.se/runor/gamla/g/gata351-591-2014a.html,https://www.christerhamp.se/runor/gamla/g/gata351-591-2014as.jpg
G ATA 351-591-2014 C,G ATA 351-591-2014 C - Gotland: Ala kyrka,,sitt,-,https://www.christerhamp.se/runor/gamla/g/gata351-591-2014c.html,https://www.christerhamp.se/runor/gamla/g/gata351-591-2014cs.jpg
G ATA 351-591-2014 D-E,G ATA 351-591-2014 D-E - Gotland: Ala kyrka,,lafranz maria,Lafrans Maria,https://www.christerhamp.se/runor/gamla/g/gata351-591-2014d.html,https://www.christerhamp.se/runor/gamla/g/gata351-591-2014ds.jpg
Gotland: Lingsarve,Gotland: Lingsarve,ᚴᚢᚦ,kuþ,Gud,https://www.christerhamp.se/runor/gamla/g/g-lingsarve.html,https://www.christerhamp.se/runor/gamla/g/g-lingsarves.jpg
"Gotland: Mannegårda, Lye","Gotland: Mannegårda, Lye",ᚦᚭᚱ,þor,Tor,https://www.christerhamp.se/runor/gamla/g/g-mannegarda.html,https://www.christerhamp.se/runor/gamla/g/g-mannegardas.jpg
G NF 2013,G NF 2013 - Gotland: Anga kyrka,ᚮᛚᛚᛁ,olli,Olle,https://www.christerhamp.se/runor/gamla/g/gnf2013.html,https://www.christerhamp.se/runor/gamla/g/gnf2013s.jpg
G nyfynd 2018,G nyfynd 2018 - Gotland: Lye kyrka,,-r=u=k- -r=u=k- -  -  fita sauel o=k pauel ar butuir iohannes,-,https://www.christerhamp.se/runor/gamla/g/gnyf2018.html,https://www.christerhamp.se/runor/gamla/g/gnyf2018s.jpg
Gs 1,Gs 1 - Gðstrikland: østerfðrnebo kyrka,,sniolauk * lit * resa * stain * (e)ftiR * uilef * bunta * sin * in * oyniotr,"Sn—l—g lðt resa stenen efter Vilev, sin man, och ønjut [ristade]",https://www.christerhamp.se/runor/gamla/gs/gs1.html,https://www.christerhamp.se/runor/gamla/gs/gs1.jpg
Gs 2,Gs 2 - Gästrikland: Österfärnebo kyrka,,[ily]iki : ok : f[uluiki × ok : ₫urkair ... ...- × sin × snilan] : ku₫ ilubi on(t)[a],Helge och Folke och Torger [reste stenen efter ... fader] + sin + i + (vi) Gud hjälpe anden,https://www.christerhamp.se/runor/gamla/gs/gs2.html,https://www.christerhamp.se/runor/gamla/gs/gs2s.jpg
Gs 3,"Gs 3 - Gästrikland: Kungsgĺrden, Österfärnebo",,[...a + nisauit × osis × ioiklku × ihbtmsr × loifnmuosbt + a-ls × k--... ...ioi(u)(i)a...],-,https://www.christerhamp.se/runor/gamla/gs/gs3.html,https://www.christerhamp.se/runor/gamla/gs/gs3s.jpg
Gs 5,Gs 5 - Gästrikland: Hedesunda kyrka,,-,-,https://www.christerhamp.se/runor/gamla/gs/gs5.html,https://www.christerhamp.se/runor/gamla/gs/gs5s.jpg
Gs 6,"Gs 6 - Gästrikland: Hade, Hedesunda",,... yftiR ' mo₫ur ' sena ...,... efter sin moder ...,https://www.christerhamp.se/runor/gamla/gs/gs6.html,https://www.christerhamp.se/runor/gamla/gs/gs6s.jpg
Gs 7,Gs 7 - Gästrikland: Torsĺkers kyrka,,× -(u)(i)(r)(i) riti s=tin ţino × at kuţbiurna × bruţu=r si-... ...m... × kuta ' uas muţiR × kuţmu-r × ... : kuţmuntro : ţrukn-ţi :,"... reste denna sten ĺt Gudbjörn, sin broder, Guta var Gudmunds moder, Gudmund vilar i tron",https://www.christerhamp.se/runor/gamla/gs/gs7.html,https://www.christerhamp.se/runor/gamla/gs/gs7s.jpg
Gs 8,"Gs 8 - Gästrikland: Västra Hästbo, Torsåker",,asmuntr -... ...fa₫-... han : uas : uist : ---  ikla-ti... ...k=uust--,Åsmund ... fader ... han var västerut i England ...,https://www.christerhamp.se/runor/gamla/gs/gs8.html,https://www.christerhamp.se/runor/gamla/gs/gs8s.jpg
Gs 9,Gs 9 - Gästrikland: Ĺrsunda kyrka,,(i)nu-r : sun : r[u]ţ[u](r) at × [uili](t)... ...[Ris:]t eftir : ţurker : bruţu[r : sin : ok : kyţe=lfi : muţur : sina : uk] : eft[i]R : [a]sbiorn : o[k : o]ifuţ,"Önund [?] son efter ... reste efter Torgeir, sin broder, och Gudelf, sin moder, och efter Ĺsbjörn och",https://www.christerhamp.se/runor/gamla/gs/gs9.html,https://www.christerhamp.se/runor/gamla/gs/gs9s.jpg
Gs 11,"Gs 11 - Gästrikland: Järvsta, Valbo",,þiuþkiR uk| |kuþlaifr : uk| |karl þaR bruþr aliR : litu rita stain þino × abtiR þiuþmunt ' faur sin ' kuþ hialbi hons| |salu| |uk| |kuþs muþiR in osmuntr ' kara sun ' markaþi × runoR ritaR þa sat aimunt,"Tjudger och Gudlev och Karl, alla dessa bröder, lät resa denna sten efter Tjudmund, sin fader. Gud och Guds moder hjälpe hans själ. Och Åsmund Kåresson ristade rätta runor. Då satt Emund.",https://www.christerhamp.se/runor/gamla/gs/gs11.html,https://www.christerhamp.se/runor/gamla/gs/gs11s.jpg
Gs 12,"Gs 12 - Gästrikland: Lund, Valbo socken",,iþal-ra × lit rita stin þino + abtiR ibiurn sun sin × þaR uaR-... ...(h)... ...uain × auk arnfasta (a)uk ai-... þaiR u(a)... -uþ hialbi hons| |salu| |uk| |kuþs muþiR × runoR ritaR hu-msr,"... lät resa denna sten efter Ebjörn, sin son. De var ... Sven och Arnfast och ... de ... Gud hjälpe hans själ och Guds moder. Rätta runor högg Åsmund",https://www.christerhamp.se/runor/gamla/gs/gs12.html,https://www.christerhamp.se/runor/gamla/gs/gs12s.jpg
Gs 13,"Gs 13 - Gästrikland: Söderby, Valbo",,× brusi lit rita s-... ... [(a)]b--R (i)h(i)(l) brur sin : in h-n uarþ tauþr a tafstalonti × þo brusi furþi lank lans ' abtiR [br](u)r sin h(o)[n] fur (m)iR fraukiRi kuþ hialbi hons| |salu| |uk| |kuþ(s) (m)(u)[þiR ' suain ' uk osmunrt ' þaiR markaþu] +,"Bruse lät resa stenen efter Egil, sin broder. Och han dog i Tavastland när Bruse ledde landets ledung efter sin broder. Han reste med Frejgeir. Gud hjälpe hans själ och Guds moder. Sven och Åsmund gjorde minnesmärket.",https://www.christerhamp.se/runor/gamla/gs/gs13.html,https://www.christerhamp.se/runor/gamla/gs/gs13s.jpg
Gs 14,Gs 14 - Gästrikland: Ovansjö kyrka,,ehlhi ...- × osuhlfr × ok × osmuntr × ţir| |ritu : s(t)in × efti(r) ... ...is-ţ kyfti * sa(r) -... ...--str : smiţa × ok × ...,Helge och Ĺsulv och Ĺsmund de reste stenen efter ... Han var den bäste av smeder och  ...,https://www.christerhamp.se/runor/gamla/gs/gs14.html,https://www.christerhamp.se/runor/gamla/gs/gs14s.jpg
Gs 15,Gs 15 - Gästrikland: Ovansjö prästgård,,rual=tr × ok × utr × litu × restu × s[(t)en × eftr × irm...] ... ...₫ [×] iulbi × onta ...[o(n) × litsi(a)],Roald och Udd lät resa stenen efter Ärnmund ... Gud hjälpe anden!,https://www.christerhamp.se/runor/gamla/gs/gs15.html,https://www.christerhamp.se/runor/gamla/gs/gs15s.jpg
Gs 16,Gs 16 - Gästrikland: Ovansjö prästgård,,... (e)ftiR ÷ sihbi... ... ...s=ta lit ÷ biu-... ...,... efter Sibbe ... rista lät Björn ...,https://www.christerhamp.se/runor/gamla/gs/gs16.html,https://www.christerhamp.se/runor/gamla/gs/gs16.jpg
Gs 17,"Gs 17 - Gästrikland: Åsens by, Ovansjö",,... ...-arla ... runar ...,... österut / västerut ... runor ...,https://www.christerhamp.se/runor/gamla/gs/gs17.html,https://www.christerhamp.se/runor/gamla/gs/gs17.jpg
Gs 18,"Gs 18 - Gästrikland: Björke, Hille",,§A ... ' os... §B ... ...-a + ost... §C ... ...ual ' aukli-... §D ...-honis-...,-,https://www.christerhamp.se/runor/gamla/gs/gs18.html,https://www.christerhamp.se/runor/gamla/gs/gs18cs.jpg
Gs 19 #,Gs 19 # - Gästrikland: Ockelbo kyrka,,[blesa Ũ lit Ũ raisa Ũ stainŨkumbl Ũ þesa Ũ fa(i)(k)(r)(n) Ũ ef(t)ir Ũ sun sin Ũ suarŨaufþa Ũ fr(i)þelfr Ũ u-r Ũ muþir Ũ ons Ũ siionum Ũ kan : inuart : þisa Ũ bhum : arn : (i)omuan sun : (m)(i)e(k)],Bläsa lät resa dessa vackra stenkummel efter sin son Svarthövde. Fridälv var hans moder ...,https://www.christerhamp.se/runor/gamla/gs/gs19.html,https://www.christerhamp.se/runor/gamla/gs/gs19s.jpg
Gs 22,"Gs 22 - Gästrikland: Berg, Hamrånge",ᛁ ᛬ ᚱᛅᛋᛏᚢ ᛬ ᛋᛏ,...i : rastu : st... ...,... reste stenen ...,https://www.christerhamp.se/runor/gamla/gs/gs22.html,https://www.christerhamp.se/runor/gamla/gs/gs22s.jpg
DK Hal 1,DK Hal 1 - Halland: Getinge-sten 1,,rantr (:) (l)i(t) : ræisa : stain : þ... | æ-... | toi a(k)ia---- æinar : iok : ru...,Rand lät resa denna sten ... Einar högg runorna,https://www.christerhamp.se/runor/gamla/dk/dkhal1.html,https://www.christerhamp.se/runor/gamla/dk/dkhal1-1s.jpg
DK Hal 4,DK Hal 4 - Halland: Kvibille kyrka,,: efi : auk : þu(r)(g)utr : þeR : lagþu : stin : ifi- : þorlak : kuþ : hialbi : sol : hans :,Eve och Torgot de lade stenen över Thorlak. Gud hjälpe hans själ,https://www.christerhamp.se/runor/gamla/dk/dkhal4.html,https://www.christerhamp.se/runor/gamla/dk/dkhal4s.jpg
DK Hal 5,DK Hal 5 - Halland: Vapnö,,... resþu sten æft[iR] ... [Kri]str hialpi sol ha[ns],... reste stenen efter ... Kristus hjälpe hans själ,https://www.christerhamp.se/runor/gamla/dk/dkhal5.html,https://www.christerhamp.se/runor/gamla/dk/dkhal5s.jpg
DR BR 74,"DR BR 74 - Halland: Eskatorp, Fjärås",,fahid(e) iuilaidi(u)(i)igaz e=erilaz,Erilen ... målade,https://www.christerhamp.se/runor/gamla/dr/drbr74.html,https://www.christerhamp.se/runor/gamla/dr/drbr74.jpg
Hs 1,"Hs 1 - Hälsingland: Vevlinge, Bollnäs",,... × --...--bia...¶ ...h...,... Björn (?) ...,https://www.christerhamp.se/runor/gamla/hs/hs1.html,https://www.christerhamp.se/runor/gamla/hs/hs1s.jpg
Hs 2,Hs 2 - Hälsingland: Norrala kyrka,,: an asuiþr : auk utrikr auk sikbiurn ' þiR litu rita stin ×¶× aftiR katilbiurn : auk anunt : sun hans : auk saufaraR [:] kuþ hialbi [:] a-- ------------------ --rki þita,"Anasuiþr och Otrygg och Sigbjörn, de lät resa sten efter Kätilbjörn och Anund, hans son, och ... Gud hjälpe ... detta minnesmärke",https://www.christerhamp.se/runor/gamla/hs/hs2.html,https://www.christerhamp.se/runor/gamla/hs/hs2s.jpg
Hs 6,Hs 6 - Hälsingland: Järvsö prästgård,,: unulfr : auk fiuluar : ristu stin þinsa : iftiR : tiuRo : faþur sin : hriþulfs| |sun : auk at : haurlau : muþur sina : fiuluars tutur : o uitkuþ:staþum :,,https://www.christerhamp.se/runor/gamla/hs/hs6.html,https://www.christerhamp.se/runor/gamla/hs/hs6s.jpg
Hs 9,Hs 9 - Hälsingland: Hälsingtuna kyrka,,...-... : aftiR : ₫urstin : su- ...,"... efter Torsten, [sin] son ...",https://www.christerhamp.se/runor/gamla/hs/hs9.html,https://www.christerhamp.se/runor/gamla/hs/hs9s.jpg
Hs 10,Hs 10 - Hälsingland: Hälsingtuna kyrka,,[...-...l]f runaR sun lina (s)tin ţina f...(ţ)... sum sunan i na... fur ¶ ...a...i(ţ)bnu + a...t... st[in ţina] aftiR sunu sina ţria fruţmar/hruţmar in ţ(o)...flt ' uma(h)l ¶ ... ¶ in brusi asbiarnaR sun fa[ţi] : runaR ţi...[-] ¶ ... raţa *,"... runorna, Linis son, denna sten ... som i söder ... denna sten efter sina tre söner, Frodmar [Hrodmar ?] och ... och Bruse Ĺsbjörnsson gjorde runorna ... läsa",https://www.christerhamp.se/runor/gamla/hs/hs10.html,https://www.christerhamp.se/runor/gamla/hs/hs10s.jpg
Hs 11,Hs 11 - Hälsingland: Högs kyrka,,uifostr : lit ...(s)a : s---n ţina : abtiR : uta : -a-uR sin : kuţ hialbi salu honis : ţiR markaţu : runa : aluiR * ak bratr :,"Vifast lät resa denna sten efter Udde, sin fader. Gud hjälpe hans själ. De ristade runorna, Alver och Brand",https://www.christerhamp.se/runor/gamla/hs/hs11.html,https://www.christerhamp.se/runor/gamla/hs/hs11s.jpg
Hs 12,Hs 12 - Hälsingland: Högs kyrka,,kuţniutr ÷ ţru sun ÷ lit rita stin ţina ÷ ak bru kirţi ÷ aftiR bruţr sina ÷ asbiurn ÷ ak at kuţlaf,Gudnjut Truson lät rista denna sten efter sina bröder Ĺsbjörn och efter Gudlev,https://www.christerhamp.se/runor/gamla/hs/hs12.html,https://www.christerhamp.se/runor/gamla/hs/hs12s.jpg
Hs 14,"Hs 14 - Hälsingland: Malsta, Backa by, Rogsta",,"frumunt rit... staina þina| |aftiR fikiulf- ÷ brisa sun ÷ in brisi uas lina sun : in lini uas unaR sun : in un ua... ...faks| |sun i(n) (u)faka  þuris| |sun krua uas muþiR fikiulf... in þa barlaf in þa kuþrun ÷ frumunt fikiulfa sun faþi runaR þisaR : uiR sutum stin þina nur i balas...in :
kiulfiR uarþ um lanti þisu in þa nur i uika i þrim bium in þa lanakr in þa fiþrasiu","Frömund reste dessa stenar (el. denna sten) efter Rike-Gylfe, Bräses son. Och Bräse var Lines (?) son. Och Line (?) var Uns son. Och Unn var Ofegs son. Och Ofeg var Tores son. Groa var Rike-Gylfes moder. Och sedan ... Gudrun. Frömund, Rike-Gylfes son, ristade dessa runor. Vi hämtade denna sten norrut på Balsten. Gylfe förvärvade detta land och sedan mark norr i Vika (?) i tre byar samt sedan Lövånger och sedan Färdsjö",https://www.christerhamp.se/runor/gamla/hs/hs14.html,https://www.christerhamp.se/runor/gamla/hs/hs14s.jpg
Hs 16,Hs 16 - Hälsingland: Delsbo kyrka,,... ...untr : krib- [sun : risti : -... ...aţi : ...] ...ruţur hanaR [iauaRiu : aikil... ... ţin... ... ...(r)kaţi stin],... und Grepes son reste ... hennes broder. Aldrig (?) ... märkte stenen.,https://www.christerhamp.se/runor/gamla/hs/hs16.html,https://www.christerhamp.se/runor/gamla/hs/hs16s.jpg
Hs 21,Hs 21 - Hälsingland: Jättendals kyrka,,asmuntr * ok fa[r]þ[i]k[l] * þiR ritu stin * þina * aftiR þu[rkatil * faþur sin * a utrunkum * k]unburka faþ[i stin þina in kuþa],"Åsmund opch Fartegn de reste denna sten efter Torkel, sin fader, på Vattrång. Gunnborga den goda ristade denna sten.",https://www.christerhamp.se/runor/gamla/hs/hs21.html,https://www.christerhamp.se/runor/gamla/hs/hs21s.jpg
J FV 1970;86,"J FV 1970;86 - Jämtland: Lunne, Brunflo",,+ pahs portanti ÷ salus abænt(i) ÷ ingiua=(l)tr,"Fred åt bäraren, välgång åt ägaren. Ingevald.",https://www.christerhamp.se/runor/gamla/j/jfv1970-86.html,https://www.christerhamp.se/runor/gamla/j/jfv1970-86s.jpg
J RS1928;66,J RS1928;66 - Jämtland: Frösön,,austmoþ[r]/austmoþ[(r)] kuþfastaR sun */' lit rai.../ra(i)[(s)]... .../...(-)[(n)] þino/(þ)(i)no auk| |kirua bru þisa| |auk h[on] [li]t/[li](t) kristno eotalont/eo(t)alont [*]/ (o)sbiurn kirþi bru triun/(t)riun rai[s]t auk tsain/(t)sain runoR þisaR,"Östman, Gudfasts son, lät resa denna sten och göra denna bro och han lät kristna Jämtland. Åsbjörn gjorde bron, Tryn och Sten högg runorna.",https://www.christerhamp.se/runor/gamla/j/jrs1928-66.html,https://www.christerhamp.se/runor/gamla/j/jrs1928-66.jpg
M 1,"M 1 - Medelpad: Nolby, Njurunda",,barksuain uk sihuastr uk friþi raistu stain þinsa * aftiR buri faþur isin * in farþaihn markaþi,"Bergsven och Sigfast och Fride rste denna sten efter Bure, sin far, och Fartägn ristade.",https://www.christerhamp.se/runor/gamla/m/m1.html,https://www.christerhamp.se/runor/gamla/m/m1s.jpg
M 2,"M 2 - Medelpad: Svala, Njurunda",,oskir barþi,Asgeir gjorde [runorna],https://www.christerhamp.se/runor/gamla/m/m2.html,https://www.christerhamp.se/runor/gamla/m/m2s.jpg
M 3,"M 3 - Medelpad: Berga, Njurunda",,(a)lrþuþr ak sihr(a)if ritu stin þina| |abtiR kiskik faþur sin ak abtiR tisi m--ur sina,"Altrud och Sigrev reste denna sten efter Gisking, sin far, och efter Dis, sin mor.",https://www.christerhamp.se/runor/gamla/m/m3.html,https://www.christerhamp.se/runor/gamla/m/m3s.jpg
M 4,"M 4 - Medelpad: Attmarby, Attmar",,...uki raisti st... ... f(u)r austra miR i(i)...ri (i)aisinsiltaikan-... ...[na]þ(u) stain þin[a],... uki reste stenen ... for österut med Ingvar (?) ... denna sten,https://www.christerhamp.se/runor/gamla/m/m4.html,https://www.christerhamp.se/runor/gamla/m/m4s.jpg
Ingvarsstenarna,Ingvarsstenarna,,,,https://www.christerhamp.se/runor/gamla/ingvar.html,https://www.christerhamp.se/runor/pil-s.gif
M 5,"M 5 - Medelpad: Attmarby, Attmar",,hokun lit rita * stin þino| |obtiR skukna bruþur sin auk abti(R) alþruþi muþur sino kuþ hialbi þiRa salu auk| |kuþ muþiR,"Håkon lät resa denna sten efter Skygne, sin bror, och efter Altrud, sin mor. Gud och Guds moder hjälpe deras själ.",https://www.christerhamp.se/runor/gamla/m/m5.html,https://www.christerhamp.se/runor/gamla/m/m5s.jpg
M 6,"M 6 - Medelpad: Målsta, Tuna",,[(a)(n)ut riti stin þina a-ti- hakun faþuR ...],"Anund reste denna sten efter Håkon, sin fader.",https://www.christerhamp.se/runor/gamla/m/m6.html,https://www.christerhamp.se/runor/gamla/m/m6s.jpg
M 7,M 7 - Medelpad: Tuna kyrka,,(þ)(u)rs-i[n] riti stin þin... ... ...aþur : sin : hakun markaþi,Torsten ristade denna sten ... sin fader. Håkon gjorde runorna.,https://www.christerhamp.se/runor/gamla/m/m7.html,https://www.christerhamp.se/runor/gamla/m/m7s.jpg
M 8,"M 8 - Medelpad: Sköle, Tuna",,aunhar| |riti stin þina| |abtiR salua u[k at biurn s]unu si[nn],"Ögnar reste denna sten efter Salve och efter Björn, sina söner",https://www.christerhamp.se/runor/gamla/m/m8.html,https://www.christerhamp.se/runor/gamla/m/m8s.jpg
M 10,M 10 - Medelpad: Selångers kyrkoruin,,uniR : ka[(r)(l) (u)(k) (a)]ni : ritu stain þino : afti(R) ... sin,... söner ... reste denna sten efter sin ...,https://www.christerhamp.se/runor/gamla/m/m10.html,https://www.christerhamp.se/runor/gamla/m/m10s.jpg
M 11,"M 11 - Medelpad: Högom, Selånger",,kunuþr auk þurkairþ| |þaun -itu raisa st(a)(i)(n) aftiR þurstain sun sin in aun auk auntr  bruþr hons,"Gunvid och Torgärd de lät resa stenen efter Torsten, sin son. Och Örn och Önd [var] hans bröder.",https://www.christerhamp.se/runor/gamla/m/m11.html,https://www.christerhamp.se/runor/gamla/m/m11s.jpg
M 13,"M 13 - Medelpad: Oxsta, Selånger",,[...au...n... ...uissi...] --naR,... runor,https://www.christerhamp.se/runor/gamla/m/m13.html,https://www.christerhamp.se/runor/gamla/m/m13s.jpg
M 14,"M 14 - Medelpad: Byn, Sättna",,[sikuRþ suain auk hrþuR ritu stai- þina abtiR ihul foþur sin],"Sigurd, Sven och Hård reste denna sten efter Igul, sin fader",https://www.christerhamp.se/runor/gamla/m/m14.html,https://www.christerhamp.se/runor/gamla/m/m14s.jpg
M 15,M 15 - Medelpad: Sköns kyrka,,biurn : riti stain þino : aftiR : ufriþ : auk at : un sunu sin,"Björn reste denna sten efter Ofrid och efter Unn, sina söner",https://www.christerhamp.se/runor/gamla/m/m15.html,https://www.christerhamp.se/runor/gamla/m/m15s.jpg
M 16,M 16 - Medelpad: Sköns kyrka,,bia(r)(n) raiti ... ...þur sin : kuþ hialbi ant hans ... ...ti runaR,Björn reste ... sin far/bror. Gud hjälpe ... ristade runorna.,https://www.christerhamp.se/runor/gamla/m/m16.html,https://www.christerhamp.se/runor/gamla/m/m16s.jpg
Nä 3,"Nä 3 - Närke: Frösvi, Edsberg",,... ...ubl : þausi : i... ...,... detta minnesmärke efter ...,https://www.christerhamp.se/runor/gamla/na/na3.html,https://www.christerhamp.se/runor/gamla/na/na3s.jpg
Nä 4,Nä 4 - Närke: Riseberga kloster,,... ...t × reisa × merki × iftiR × faţu... ...,... lät resa minnesmärket efter [sin] fader ...,https://www.christerhamp.se/runor/gamla/na/na4.html,https://www.christerhamp.se/runor/gamla/na/na4s.jpg
Nä 8,Nä 8 - Närke: Kräcklinge kyrka,,...nu + etu(r)kn + kn...i + rstui + sitn + -... ... + ... ...--busn... ...--... ...ku...rsau ×,... reste sten ...,https://www.christerhamp.se/runor/gamla/na/na8.html,https://www.christerhamp.se/runor/gamla/na/na8s.jpg
Nä 9,"Nä 9 - Närke: Vesta, Kumla socken",,k...-- * riþi : stin : þna : eftR : erbrn : -(u)...- : s(i)n :,"... reste denna sten efter Ärnbjörn, sin make.",https://www.christerhamp.se/runor/gamla/na/na9.html,https://www.christerhamp.se/runor/gamla/na/na9s.jpg
Nä 11,"Nä 11 - Närke: Hummelsta, Odensbacken, Asker",,: biorn : auk : keiruatr : letu : resa : sten : þensa : eftiR :: eibiurn : faþur : sin : kuþ : hialbi selu : hans :,"Björn och Geirvat lät resa dena sten efter Eibjörn, sin fader. Gud hjälpe hans själ.",https://www.christerhamp.se/runor/gamla/na/na11.html,https://www.christerhamp.se/runor/gamla/na/na11s.jpg
Nä 12,Nä 12 - Närke: Stora Mellösa kyrka,,: ika : let : rietR : eftR : asl : s-ukn : sin :,"Inga lät resa [stenen] efter Aslak, sin styvson",https://www.christerhamp.se/runor/gamla/na/na12.html,https://www.christerhamp.se/runor/gamla/na/na12s.jpg
Nä 13,Nä 13 - Närke: Stora Mellösa kyrka,,sbialbuþi : l... ... auk : ...,Spjallbudi l[ät resa stenen efter] ... och ...,https://www.christerhamp.se/runor/gamla/na/na13.html,https://www.christerhamp.se/runor/gamla/na/na13s.jpg
Nä 14,"Nä 14 - Närke: Bärsta, Rönneberga, Stora Mellösa",,: uibug : risti : sitin : efitr : -(u)in : sun : sin : auk :: rikui :,"Vebjörg reste stenen efter Sven, sin son, och Rikve [reste också stenen]",https://www.christerhamp.se/runor/gamla/na/na14.html,https://www.christerhamp.se/runor/gamla/na/na14s.jpg
Nä 15,"Nä 15 - Närke: Åsby, Stora Mellösa",,anuatr : let : hika : sten : þana : eftR : bul(i) : --þur : --n : han : uaþ : tuþ : i : uinyu : þ- : f-... ...(u)biu a-s-uar :,"Anund lät hugga denna sten efter Bolle, sin fader. Han dog på Vinön ...",https://www.christerhamp.se/runor/gamla/na/na15.html,https://www.christerhamp.se/runor/gamla/na/na15s.jpg
Nš 18,"Nš 18 - Nšrke: Kumla by, Hovsta Socken",,... ...--n : froknan : tre... ... hulmi : sun : hans : ... ...y...,"""...sin, en modig ung man ...  Holme, hans son ...",https://www.christerhamp.se/runor/gamla/na/na18.html,https://www.christerhamp.se/runor/gamla/na/na18.jpg
Nä 19,Nä 19 - Närke: Täby kyrka,,-,-,https://www.christerhamp.se/runor/gamla/na/na19.html,https://www.christerhamp.se/runor/gamla/na/na19s.jpg
Nä 20,"Nä 20 - Närke: Granhammars kyrka, Vintrosa",,...-ra...-a...-------... l...(t) gæra sten ifir sif-... auiþr r(i)st ru...ur guþ gæti and -... sa(l) ...-...,...lät göra stenen över Seve [?]. Åvid[?] ristade runorna. Gud tage [hans] ande [och] själ ...,https://www.christerhamp.se/runor/gamla/na/na20.html,https://www.christerhamp.se/runor/gamla/na/na20s.jpg
Nä 23,Nä 23 - Närke: Glanshammars kyrka,,: sihrikr : lit : resa : sten : eftiR : re₫bu-n : sun sin : trek : nutan : auk : utr : a-- frysten :,"Sigrik lät resa stenen efter Reidubuin (?), sin son, en modig man, och Odd och Frösten [lät också resa stenen]",https://www.christerhamp.se/runor/gamla/na/na23.html,https://www.christerhamp.se/runor/gamla/na/na23s.jpg
Nä 26,Nä 26 - Närke: Glanshammars kyrka,,: þorkeR : auk : tu-...--a : --(t)u : kera : mer-- ...(i)R : bruna : faþur : sin : auk : moþur : sina : hulmu :,"Torgeir och ... lät göra minnesmärket efter Brune, deras fader, och deras moder Holma",https://www.christerhamp.se/runor/gamla/na/na26.html,https://www.christerhamp.se/runor/gamla/na/na26s.jpg
Nä 27,Nä 27 - Närke: Glanshammars kyrka,,-,-,https://www.christerhamp.se/runor/gamla/na/na27.html,https://www.christerhamp.se/runor/gamla/na/na27s.jpg
Nä 29,"Nä 29 - Närke: Apelboda, Glanshammar",,bofriþr : let resa eftir biurn : bruþur : si(n) : han uar farin fultrekila,"Botfrid lät ersa stenen efter Björn, sin broder. Han hade farit modigt.",https://www.christerhamp.se/runor/gamla/na/na29.html,https://www.christerhamp.se/runor/gamla/na/na29s.jpg
Nä 31,"Nä 31 - Närke: Södra Lunger, Götlunda",,helgulfR : auk : keiRlifR : þeiR : kerþu : eftiR : sigmunt : bruþur sin,"Helgulv och Gerlev, de gjorde [ minnesmärket ] efter Sigmund, sin broder",https://www.christerhamp.se/runor/gamla/na/na31.html,https://www.christerhamp.se/runor/gamla/na/na31s.jpg
N 32,"N 32 - Närke: Urvalla, Runeberg, Götlunda",,: ulfr : auk : anuntr :: titu : reisa : stein : : eftiR : (h)(u)---... ...---ur : sin : boana : kunuR :,"Ulv och Anund lät resa stenen efter Holme, sin fader, Gunnas make",https://www.christerhamp.se/runor/gamla/na/na32.html,https://www.christerhamp.se/runor/gamla/na/na32-1s.jpg
N‰ 33,N‰ 33 - N‰rke: Rinkaby kyrka,,-,-,https://www.christerhamp.se/runor/gamla/na/na33.html,https://www.christerhamp.se/runor/gamla/na/na33.jpg
Nä 34,"Nä 34 - Närke: Nasta, Rinkaby",,: þureiþ : lit : raisa : stein : eftir : lyþbyurn : sun sin : nutan :,"Tored lät resa stenen efter Lydbjörn, sin gode son",https://www.christerhamp.se/runor/gamla/na/na34.html,https://www.christerhamp.se/runor/gamla/na/na34s.jpg
DK Sk 2,DK Sk 2 - Skåne: Sankt Olofs kyrka-kalkristning,,sa=nte : o=lo=f biþ fyr mik,Sankt Olof be för mig!,https://www.christerhamp.se/runor/gamla/dk/dksk2.html,https://www.christerhamp.se/runor/gamla/dk/dksk2s.jpg
DK Sk 3,DK Sk 3 - Skåne: Hyby-sten 1,,þurþr : hu : runaR : þasi : ...r... : --- fulukui : a : huk:-...,Tord högg dessa runor ... Fulluge äger Högby (?),https://www.christerhamp.se/runor/gamla/dk/dksk3.html,https://www.christerhamp.se/runor/gamla/dk/dksk3.jpg
DK Sk 6,DK Sk 6 - Skåne: Uppåkra-sten,ᚾᛅᚠᚾᛁ ᛫ ᚱᛁᛋᚦᛁ ᛫ ᛋᛏᛁᚾ ᛫ ᚦᛅᛋᛁ ᛅᚠᛏᛁᛦ ᛫ ᛏᚢᚴᛅ ᛫ ᛒᚱᚢᚦᚢᚱ ᛫ ᛋᛁ ᚼᛅᚾ ᛫ ᚢᛅᚱᚦ ᛫ ᚢᛁᛋᛏᚱ ᛏᚢᚦᚱ,nafni × risþi × stin × þasi | aftiR × tuka × bruþur × si[n] han × uarþ × uistr | tuþr,"Namne reste denna sten efter Toke, sin broder. Han dog västerut.",https://www.christerhamp.se/runor/gamla/dk/dksk6.html,https://www.christerhamp.se/runor/gamla/dk/dksk6s.jpg
DK Sk 8 Gårdstånga-sten 1,DK Sk 8 Gårdstånga-sten 1,,: þulfR : uk : ulfR : risþu : stino : þise : ufteR : osmut : liba : felaga : sin :,"Tholf och Ulf reste dessa stenar efter Asmund Lippe, deras bolagsman",https://www.christerhamp.se/runor/gamla/dk/dksk8.html,https://www.christerhamp.se/runor/gamla/dk/dksk8s.jpg
DK Sk 9 Gårdstånga-sten 2,DK Sk 9 Gårdstånga-sten 2,,...usti : auk : kunar : ...u : stina : ₫asi : aiftiR : kn... ¶ ... ...biurn : filaka : si(n)(-) : ₫iR : trikaR : uaRu : u--(-) --isiR : i * uikiku,"Toste och Gunnar reste dessa stenar efter Knut(?) och .. björn, sina bolagsmän. De männen var orädda på vikingatåg.",https://www.christerhamp.se/runor/gamla/dk/dksk9.html,https://www.christerhamp.se/runor/gamla/dk/dksk9-1s.jpg
DK Sk 10 Gårdstånga-sten 3,DK Sk 10 Gårdstånga-sten 3,,asur × sati × stina × ₫isi : iftiR ¶ tuba :÷,Asser satte denna sten efter Tobbe,https://www.christerhamp.se/runor/gamla/dk/dksk10.html,https://www.christerhamp.se/runor/gamla/dk/dksk10s.jpg
DK Sk 11 Holmby-stenen,DK Sk 11 Holmby-stenen,,: suin : risþi : stina ¶ + ¶ þesi : ef(t)iR : þurgiR : ¶ faþur : sin :,"Sven reste denna sten efter Torger, sin fader",https://www.christerhamp.se/runor/gamla/dk/dksk11.html,https://www.christerhamp.se/runor/gamla/dk/dksk11s.jpg
DK Sk 12,DK Sk 12 - Skåne: Lyngsjö-kalkristning 1,,gesus k=rist -ni : þan ær mik : skref,Jesus Kristus ... den som skrev mig,https://www.christerhamp.se/runor/gamla/dk/dksk12.html,https://www.christerhamp.se/runor/gamla/dk/dksk12s.jpg
DK Sk 14,DK Sk 14 - Skåne: Norra Åsum-sten,,: krist : mario : sun : hiapi . þem : ær : kirku : þ(e)-... -erþ(o)/-erþi : absalon : ærki:biskup : ok : æsbiorn muli :,"Kristus, Marias son, hjälpe dem som gjorde denna kyrka, ärkebiskop Absalon och Esbjörn Mule.",https://www.christerhamp.se/runor/gamla/dk/dksk14.html,https://www.christerhamp.se/runor/gamla/dk/dksk14s.jpg
DK Sk 15,DK Sk 15 - Skåne: Vä-beslag,,kąutuiþr : kaf : þita : skala | (h)us : kuþfriþi,Gotvid gav detta skålhus till Gudfrid,https://www.christerhamp.se/runor/gamla/dk/dksk15.html,https://www.christerhamp.se/runor/gamla/dk/dksk15s.jpg
DK Sk 17,DK Sk 17 - Skåne: Vä-kalkristning,,ræhnu... ...k kristina : s--ns ... | guþ : o=k : uor : fruha ...m...,Ragnvald(?) ... och Kristina ... Gud och vår fru ...,https://www.christerhamp.se/runor/gamla/dk/dksk17.html,https://www.christerhamp.se/runor/gamla/dk/dksk17s.jpg
DK Sk 19 Dagstorp-stenen,DK Sk 19 Dagstorp-stenen,,× si(k)mtr × sati × stin × þansi × iftiR × klakR × faþur × sin ×,"Sigmund satte denna sten efter Klack, sin fader",https://www.christerhamp.se/runor/gamla/dk/dksk19.html,https://www.christerhamp.se/runor/gamla/dk/dksk19s.jpg
DK Sk 21 Lilla Harrie-font,DK Sk 21 Lilla Harrie-font,᛭ ᛘᛆᚱᛐᛂᚿ ᛬ ᛘᛁᚴ ᛬ ᚵᛁᛆᚱᚦᛂ ᛬᛭,+ marten ÷ mik ÷ giarþi ÷+,Mårten gjorde mig,https://www.christerhamp.se/runor/gamla/dk/dksk21.html,https://www.christerhamp.se/runor/gamla/dk/dksk21s.jpg
DK Sk 23,DK Sk 23 - Skåne: Stora Harrie-sten,ᛒᛁᚢᛚᛅ ᛬ ᛋᛅᛏᛁ ᛁᚠᛏᛁᛦ ᛫ ᛏᚢᚴᛅ ᛘᛅᚴ ᛋᛁᚾ,birla : sati : ... ... : iftiR : tuka mak : sin ...,"Berle satte denna sten efter Toke, sin måg",https://www.christerhamp.se/runor/gamla/dk/dksk23.html,https://www.christerhamp.se/runor/gamla/dk/dksk23s.jpg
DK Sk 24,DK Sk 24 - Skåne: Södervidinge-font,᛭ ᛘᛆᚱᛐᛂᚿ ᛬ ᛘᛁᚴ ᛬ ᚵᛁᛆᚱᚦᛂ ᛬᛭,+ marten : mik : giarþe :+,Mårten gjorde mig,https://www.christerhamp.se/runor/gamla/dk/dksk24.html,https://www.christerhamp.se/runor/gamla/dk/dksk24s.jpg
DK Sk 25 Västra Karaby-stenen,DK Sk 25 Västra Karaby-stenen,,: hals : auk : frebiurn : risþu : st¶ina : þesi : eftiR : ¶ hufa : felaga : ¶ sin :,"Hals och Frebjörn reste dessa stenar efter Hofi, deras bolagsman",https://www.christerhamp.se/runor/gamla/dk/dksk25.html,https://www.christerhamp.se/runor/gamla/dk/dksk25-1.jpg
DK Sk 26,DK Sk 26 - Skåne: Västra Sallerup-font,᛬ ᛘᛆᚱᛐᛂᚿ ᛬ ᛘᛁᚴ ᛬ ᚵᛁᛆᚱᚦᛂ ᛬,: marten : mik : giarþe :,Mårten gjorde mig,https://www.christerhamp.se/runor/gamla/dk/dksk26.html,https://www.christerhamp.se/runor/gamla/dk/dksk26s.jpg
DK Sk 28 Baldringe-stenen,DK Sk 28 Baldringe-stenen,,÷ þurkisl × sati × kubl × þausi × aftiR × tuma × sban ÷ ¶ ÷ fruþaR ' sun × faþur × sin ÷ harþa ÷ kuþan ÷ ¶ ÷ þikn,"Torgisl satte detta minnesmärke efter Tomme den framsynte, Frodes son, sin fader, en mycket god man.",https://www.christerhamp.se/runor/gamla/dk/dksk28.html,https://www.christerhamp.se/runor/gamla/dk/dksk28s.jpg
DK Sk 29 Bjäresjö-sten 1,DK Sk 29 Bjäresjö-sten 1,,× kari × sati × stain ... uftiR × aulfun ×,Kari satte stenen efter Alfvin,https://www.christerhamp.se/runor/gamla/dk/dksk29.html,https://www.christerhamp.se/runor/gamla/dk/dksk29s.jpg
DK Sk 30 Bjäresjö-sten 2,DK Sk 30 Bjäresjö-sten 2,,× oaki × sati × stain × ţansi × aftiR × ulf × bruţur × sin × harţa × kuţan × trak ×,"Ĺke satte senna sten efter Ulf, sin broder, en mycket god man",https://www.christerhamp.se/runor/gamla/dk/dksk30.html,https://www.christerhamp.se/runor/gamla/dk/dksk30s.jpg
DK Sk 31 Bjäresjö-sten 3,DK Sk 31 Bjäresjö-sten 3,,fraþi × risþi × st(e)n × þansi × aftiR × ulaf × mak × sia × ¶ × trek × harþa × kuþan ×,"Fradi reste denna sten efter Olaf, sin måg, en mycket god man",https://www.christerhamp.se/runor/gamla/dk/dksk31.html,https://www.christerhamp.se/runor/gamla/dk/dksk31s.jpg
DK Sk 33 Stora Köpinge-stenen,DK Sk 33 Stora Köpinge-stenen,,: uristr : ouk : nukR : ouk : krusa : risþu : stin : þonsi : uft : aba : filaka : sin : trik : kuþan :,"Vrest och Nöck och Kruse reste denna sten efter Abbe, deras bolagsman, en god man.",https://www.christerhamp.se/runor/gamla/dk/dksk33.html,https://www.christerhamp.se/runor/gamla/dk/dksk33s.jpg
DK Sk 34,DK Sk 34 - Skåne: Lilla Köpinge-kam,,ur(m)iltR ku|(a)þ þat kku (u)=(a)li(n)(i)...,Ormhild sade det ...,https://www.christerhamp.se/runor/gamla/dk/dksk34.html,https://www.christerhamp.se/runor/gamla/dk/dksk34s.jpg
DK Sk 36 Sövestad-billedsten,DK Sk 36 Sövestad-billedsten,,-,-,https://www.christerhamp.se/runor/gamla/dk/dksk36.html,https://www.christerhamp.se/runor/gamla/dk/dksk36s.jpg
DK Sk 37 Sövestad-stenen,DK Sk 37 Sövestad-stenen,,× tuna × sati × stain × þansi × aftiR × bram × bunta : sin × auk × askutr × sunR × hans × han × uaR × bastr × bumana × auk × ¶ × miltastr × mataR,"Tune satte denna sten efter Bram, hennes man, och Åsgöt, hans son. Han var den bäste husbonde och givmildast med mat.",https://www.christerhamp.se/runor/gamla/dk/dksk37.html,https://www.christerhamp.se/runor/gamla/dk/dksk37s.jpg
DK Sk 39 Glemminge-stenen,DK Sk 39 Glemminge-stenen,,× suini : sati : stin : þasi : iftiR : tusta : hin : skarba : fauþur ¶ sin : harþa : kuþan : buta : uirþi : at : rata : huas : ub ¶ briuti,"Svenne satte denna sten efter Toste den skarpe, sin fader, en mycket god husbonde. Må den som bryter [stenen] bli en trollkarl!",https://www.christerhamp.se/runor/gamla/dk/dksk39.html,https://www.christerhamp.se/runor/gamla/dk/dksk39s.jpg
DK Sk 42 Valleberga-stenen,DK Sk 42 Valleberga-stenen,,: suin : auk : þurgutr : kiaurþu : kubl : þisi ¶ eftiR : mana ¶ auk * suina kuþ : hialbi : siaul : þeRa : uel : ian : þeR : likia : i : luntunum,Sven och Torgöt gjorde dessa kummel efter Manne och Svenne. Gud hjälpe deras själ väl. Och de ligger i London.,https://www.christerhamp.se/runor/gamla/dk/dksk42.html,https://www.christerhamp.se/runor/gamla/dk/dksk42-1s.jpg
DK Sk 43 Östra Herrestad-stenen,DK Sk 43 Östra Herrestad-stenen,,÷ bruþiR × auk × tuki × raisþu × stain × þansi × aftiR × fraþulf × faþur × sin × harþa ÷ ¶ ÷ kuþan × þiakn ×,"Broder och Toke reste denna sten efter Fradulf, sin fader, en mycket god man",https://www.christerhamp.se/runor/gamla/dk/dksk43.html,https://www.christerhamp.se/runor/gamla/dk/dksk43s.jpg
DK Sk 46 Simris-sten 1,DK Sk 46 Simris-sten 1,,* biarngaiR × lit (*) raisa * stain * ţina * eftiR * rafn * broţur * sin * su(i)n * kun(u)--s * a suiţiuţu,"Bjarngeir lät resa denna sten efter Rafn, sin broder, Gunnulvs sven i Svithiod",https://www.christerhamp.se/runor/gamla/dk/dksk46.html,https://www.christerhamp.se/runor/gamla/dk/dksk46s.jpg
DK Sk 47 Simris-sten 2,DK Sk 47 Simris-sten 2,,× sigrif¶r : let * resa * sten : þensa : aiftiR * forkun : if--r * faþur : osulfs : triks : knus ¶ * hilbi : kuþ : on : hans,Sigrev lät resa denna sten efter Forkunn ... fader till Knuts tjänare Asulv. Gud hjälpe hans ande.,https://www.christerhamp.se/runor/gamla/dk/dksk47.html,https://www.christerhamp.se/runor/gamla/dk/dksk47s.jpg
DK Sk 48-49,DK Sk 48-49 - Skåne: Östra Vemmerlöv-kalkristning 1-2,ᚴᚱᛁᛋᛐ ᚴᚱᛁᛋ,krist kris,Kristus Kristus,https://www.christerhamp.se/runor/gamla/dk/dksk48.html,https://www.christerhamp.se/runor/gamla/dk/dksk48s.jpg
DK Sk 51 Sjörup-stenen,DK Sk 51 Sjörup-stenen,,[+ sa]ksi : sati : st[in] : ₫asi : huftiR : o[s]biurn : (s)in : fil(a)go ' ¶ (t)u-a[s : sun :] ¶ saR : flu : aki : a[t :] ub:sal(u)m : an : ua : ma₫ : an : u¶abn : a(f)₫i ',"Saxe satte denna sten efter Åsbjörn, sin kamrat, Tokes son. Han flydde inte vid Uppsala Men kämpade så länge han  hade vapen",https://www.christerhamp.se/runor/gamla/dk/dksk51.html,https://www.christerhamp.se/runor/gamla/dk/dksk51s.jpg
DK Sk 52 Skĺrby-sten 1,DK Sk 52 Skĺrby-sten 1,,× kaulfR × auk × autiR × ţaR × sautu × stain × ţans(i) × aftiR × tuma × bruţur × sia × ¶ i(R) ati × ku¶ţis×snab¶n ×,"Ka-Ulfr och Autir de satte denna sten efter Tome, sin broder, som ägde Gudis Snape",https://www.christerhamp.se/runor/gamla/dk/dksk52.html,https://www.christerhamp.se/runor/gamla/dk/dksk52s.jpg
DK Sk 53 Skårby-sten 2,DK Sk 53 Skårby-sten 2,,× autiR × sati × s(t)(a)(i)n × ₫ansi × aftiR × haku¶n,Autri satte denna sten efter Håkon,https://www.christerhamp.se/runor/gamla/dk/dksk53.html,https://www.christerhamp.se/runor/gamla/dk/dksk53s.jpg
DK Sk 54 Hunnestad-sten 1,DK Sk 54 Hunnestad-sten 1,,× osburn × (a)u(k) × tumi × þaiR × sautu × stain × þansi × a(f)[t]iR × rui × auk × ¶ laikfruþ × sunu × kuna × han[t]aR ×,"Esbjörn och Tomme de satte denna sten efter Roe och Lekfröd, Gunne Hands söner",https://www.christerhamp.se/runor/gamla/dk/dksk54.html,https://www.christerhamp.se/runor/gamla/dk/dksk54s.jpg
DK Sk 55 Hunnestad-sten 2,DK Sk 55 Hunnestad-sten 2,,× osburn × snti × stain × ₫ansi × aftiR × tuma × sun × kuna × ¶ hantaR ×,"Esbjörn satte denna sten efter Tomme, Gunne Hands son",https://www.christerhamp.se/runor/gamla/dk/dksk55.html,https://www.christerhamp.se/runor/gamla/dk/dksk55s.jpg
DK Sk 56 Hunnestad-sten 3,DK Sk 56 Hunnestad-sten 3,,-,-,https://www.christerhamp.se/runor/gamla/dk/dksk56.html,https://www.christerhamp.se/runor/gamla/dk/dksk56s.jpg
DK Sk 57 Hunnestad-sten 4,DK Sk 57 Hunnestad-sten 4,,-,-,https://www.christerhamp.se/runor/gamla/dk/dksk57.html,https://www.christerhamp.se/runor/gamla/dk/dksk57s.jpg
DK Sk 59,DK Sk 59 - Skåne: Södra Villie-sten,,: kata : karþi : kuml : þausi : iftiR : suin : baluks | sun : bunta : sin : saR : uas : þiakna : furstr,"Kata gjorde dessa minnesmärken efter Sven, Ballungs son, sin man. Han var den främste bland tegnar.",https://www.christerhamp.se/runor/gamla/dk/dksk59.html,https://www.christerhamp.se/runor/gamla/dk/dksk59s.jpg
DK Sk 60 Västra Nöbbelöv-stenen,DK Sk 60 Västra Nöbbelöv-stenen,,: tuki : risþi : stin : þainsi : iftiR : auþka : bruþur : sin : harþa : kuþan : ¶ ----,"Toke reste denna sten efter Audka, sin broder, en mycket duglig man",https://www.christerhamp.se/runor/gamla/dk/dksk60.html,https://www.christerhamp.se/runor/gamla/dk/dksk60s.jpg
DK Sk 63 Annelöv-stenen,DK Sk 63 Annelöv-stenen,,mahrns,Marinus (?),https://www.christerhamp.se/runor/gamla/dk/dksk63.html,https://www.christerhamp.se/runor/gamla/dk/dksk63-1.jpg
DK Sk 64,DK Sk 64 - Skåne: Höör-font,᛭ ᛘᛆᚱᛐᛂᚿ ᛬ ᛘᛁᚴ ᛬ ᚵᛁᛆᚱᚦᛂ ᛬ *,: marten : mik : giarþe :,Martin gjorde mig,https://www.christerhamp.se/runor/gamla/dk/dksk64.html,https://www.christerhamp.se/runor/gamla/dk/dksk64s.jpg
DK Sk 65 Västra Strö-sten 1,DK Sk 65 Västra Strö-sten 1,,faþiR : lit : hukua : runaR : þisi : uftiR : osur : bruþur : sin : is : nur : uarþ : tuþr : i : uikiku :,"Fader lät hugga dessa runor efter Asser, sin broder, som dog i norr i viking.",https://www.christerhamp.se/runor/gamla/dk/dksk65.html,https://www.christerhamp.se/runor/gamla/dk/dksk65s.jpg
DK Sk 66,DK Sk 66 - Skåne: Västra Strö,,faþiR : lit : hukua : stin : þan(s)i : uftiR : biurn : is : skib : ati : miþ : anum :,"Fader lät hugga denna sten efter Björn, som ägde skepp med honom",https://www.christerhamp.se/runor/gamla/dk/dksk66.html,https://www.christerhamp.se/runor/gamla/dk/dksk66s.jpg
DK Sk 67,DK Sk 67 - Skåne: Fosie-sten,,as(b)iarn : risþi (:) stin : þan(s)i : aftiR : tuark : filaka : sin : trik : kuþan,"Asbjörn reste denna sten efter Dvärg, sin vän, en god man",https://www.christerhamp.se/runor/gamla/dk/dksk67.html,https://www.christerhamp.se/runor/gamla/dk/dksk67s.jpg
DK Sk 68,DK Sk 68 - Skåne: Oxie sländtrissa,,-,-,https://www.christerhamp.se/runor/gamla/dk/dksk68.html,https://www.christerhamp.se/runor/gamla/dk/dksk68.jpg
DK Sk 69,DK Sk 69 - Skåne: Lindholmen-amulet,,ek erilaR sa wilagaR hateka : aaaaaaaaRRRnnn-bmuttt : alu :,"Jag, erilen, kallas den listige",https://www.christerhamp.se/runor/gamla/dk/dksk69.html,https://www.christerhamp.se/runor/gamla/dk/dksk69s.jpg
DK Sk 71,DK Sk 71 - Skåne: Bösarp-fragmenter,,tuki : sati : -...,Toke satte ...,https://www.christerhamp.se/runor/gamla/dk/dksk71.html,https://www.christerhamp.se/runor/gamla/dk/dksk71s.jpg
DK Sk 72 Fuglie-sten 1,DK Sk 72 Fuglie-sten 1,,' autr ' risţi ' stin ' ţonsi ' ¶ ' auftiR ' auţ(a) ' bruţur ' ¶ ' sin ' han ' uarţ ' tauţr ' ¶ ' o ' kutlati ' kuţ ' hialbi ' ha(n)s ' silu,"Eyndr reste denna sten efter Auđi, sin broder. Han dog pĺ Gotland. Gud hjälpe hans själ.",https://www.christerhamp.se/runor/gamla/dk/dksk72.html,https://www.christerhamp.se/runor/gamla/dk/dksk72s.jpg
DK Sk 73 Fuglie-sten 2,DK Sk 73 Fuglie-sten 2,,ati : risþi : stin : þasi : aft : þurstin : sun : sin,"Atti reste denna sten efter Torsten, sin son",https://www.christerhamp.se/runor/gamla/dk/dksk73.html,https://www.christerhamp.se/runor/gamla/dk/dksk73s.jpg
DK Sk 74 Dalby-stenen,DK Sk 74 Dalby-stenen,,þurkiR : raþi : stin : þan... ¶ (:) at : itinkil : faur : sin : kuþn : ¶ buta : as : liki/lik i/ : hu(k)(-)(-),"Torgeir reste denna sten efter Steinkell, sin fader, en god husbonde som ligger i högen",https://www.christerhamp.se/runor/gamla/dk/dksk74.html,https://www.christerhamp.se/runor/gamla/dk/dksk74s.jpg
DK Sk 76,DK Sk 76 - Skåne: Fjelie-kvadersten,ᚭᛚᛆᚠ ᛬ ᚱᛁ,olaf : ri,Olaf ristade,https://www.christerhamp.se/runor/gamla/dk/dksk76.html,https://www.christerhamp.se/runor/gamla/dk/dksk76s.jpg
DK Sk 80 Hällestad-sten 1,DK Sk 80 Hällestad-sten 1,,: askil : sati : stin : þansi : ift[iR] ¶ : tuka : kurms : sun : saR : hulan : ¶ trutin : saR : flu : aigi : at : ub:¶:salum satu : trikaR : iftiR : sin : bruþr ¶ stin : o : biarki : stuþan : runum : þiR : (k)(u)(r)(m)(s) (:) (t)(u)(k)(a) : kiku : (n)(i)(s)(t)[iR],"Eskil satte denna sten efter Toke, Gorms son, den hulde kungen. Han flydde inte vid Uppsala. Modiga män satte efter sin broder stenen på berget, stödd av runor. De gick närmast Gorms Toke.",https://www.christerhamp.se/runor/gamla/dk/dksk80.html,https://www.christerhamp.se/runor/gamla/dk/dksk80s.jpg
DK Sk 81 Hällestad-sten 2,DK Sk 81 Hällestad-sten 2,,: oskautr : ristţi : stin : ţansi (:) ¶ (:) (i)ftiR : airu : brţur : sin : ian : ¶ : saR : uas : him:ţiki : tuka : nu : ¶ : skal : stato : stin : o : biarki :,"Ĺsgöt reste denna sten efter Erra, sin broder. Och han var Tokes följeslagare. Nu ska stenen stĺ pĺ berget.",https://www.christerhamp.se/runor/gamla/dk/dksk81.html,https://www.christerhamp.se/runor/gamla/dk/dksk80s.jpg
DK Sk 82 Hällestad-sten 3,DK Sk 82 Hällestad-sten 3,,: osbiurn : him:ţaki : tuka : sati : stin ¶ : ţasi : iftiR : tuka : bruţur : sin :,"Ĺsbjörn, Tokes följeslagare, satte denna sten efter Toke, sin broder",https://www.christerhamp.se/runor/gamla/dk/dksk82.html,https://www.christerhamp.se/runor/gamla/dk/dksk82s.jpg
DK Sk 84 Norra Nöbbelöv-stenen,DK Sk 84 Norra Nöbbelöv-stenen,,: tufi : risþi : stin : þisi : iftR : umun : sin : fila...,"Tove reste denna sten efter Umon (?), sin bolagsman",https://www.christerhamp.se/runor/gamla/dk/dksk84.html,https://www.christerhamp.se/runor/gamla/dk/dksk84s.jpg
DK Sk 85,DK Sk 85 - Skåne: Östra Ingelstad-kalkristning,ᚵᛦᛚᛆ,gyla,Gylla,https://www.christerhamp.se/runor/gamla/dk/dksk85.html,https://www.christerhamp.se/runor/gamla/dk/dksk85s.jpg
DK Sk 86 Vallkärra-stenen,DK Sk 86 Vallkärra-stenen,,* tufa : risþi : stino : þisi : uftiR : kamal : buta : sin : uk : osur : ¶ : sun : hs :,"Tove reste desa stenar efter Gammal, sin man, och [efter] Assur, hans son",https://www.christerhamp.se/runor/gamla/dk/dksk86.html,https://www.christerhamp.se/runor/gamla/dk/dksk86s.jpg
DK Sk 88 Källstorp-stenen,DK Sk 88 Källstorp-stenen,,÷ þurkil ÷ karþi ÷ þurþaR ÷ sun (÷) bru ÷ þisi ÷ aft ÷ uraka ÷ bruþur ÷ ¶ sin,"Torkil, Tords son, gjorde denna bro efter Vrage, sin broder",https://www.christerhamp.se/runor/gamla/dk/dksk88-1.html,https://www.christerhamp.se/runor/gamla/dk/dksk88-1s.jpg
DK Sk 90 Skivarp-stenen,DK Sk 90 Skivarp-stenen,,: tumi : risţi : stia : ţasni : iftiR : --Ra : filaka : sia,Tumme reste denna sten efter ... sin bolagsman,https://www.christerhamp.se/runor/gamla/dk/dksk90.html,https://www.christerhamp.se/runor/gamla/dk/dksk90s.jpg
DK Sk 91 Solberga-stenen,DK Sk 91 Solberga-stenen,,bruţiR : risţi : stin : ţainsi : iftiR : isbiurn : br¶uţur : sin : saR : uaR ¶ skibari : uţ-...,"Broder reste denna sten efter Esbjörn, sin broder. Han var Öd... skeppare.",https://www.christerhamp.se/runor/gamla/dk/dksk91.html,https://www.christerhamp.se/runor/gamla/dk/dksk91s.jpg
DK Sk 94 Tullstorp-stenen,DK Sk 94 Tullstorp-stenen,,× klibiR × auk × osa × ¶ × risţu × kuml + ¶ ţusi × uftiR × ulf +,Kleppir och Ĺsa reste detta minnesmärke efter Ulf,https://www.christerhamp.se/runor/gamla/dk/dksk94.html,https://www.christerhamp.se/runor/gamla/dk/dksk94s.jpg
DK Sk 95 Örsjö-stenen,DK Sk 95 Örsjö-stenen,,tumi : risþi : stin : þaisi : iftiR : hunuiþ : bruþur : sin : harþa : ¶ kuþan : trik :,"Tumme reste denna sten efter Hunvid, sin broder, en mycket god man",https://www.christerhamp.se/runor/gamla/dk/dksk95.html,https://www.christerhamp.se/runor/gamla/dk/dksk95s.jpg
DK Sk 96 Östra Vemmenhög-stenen,DK Sk 96 Östra Vemmenhög-stenen,,bruþiR : rasþi : stin : þaisi : aiftiR : busa : bruþur : sin : harþa : kuþan : trik,"Bróðir reste stenen efter Busa, sin broder, en mycket god man",https://www.christerhamp.se/runor/gamla/dk/dksk96.html,https://www.christerhamp.se/runor/gamla/dk/dksk96s.jpg
DK Sk 97,DK Sk 97 - Skåne: Älleköpinge-sten,,bilik=r raisti af- skrauta st(a)in þina,Billing reste efter Skröte denne sten,https://www.christerhamp.se/runor/gamla/dk/dksk97.html,https://www.christerhamp.se/runor/gamla/dk/dksk97s.jpg
DK Sk 98,DK Sk 98 - Skåne: Åhus-kalkristning 1,,-- ma=ria (k)ra=kia,[Ave] Maria gratia ...,https://www.christerhamp.se/runor/gamla/dk/dksk98.html,https://www.christerhamp.se/runor/gamla/dk/dksk98.jpg
DK Sk 99,DK Sk 99 - Skåne: Åhus-kalkristning 2,,pæ-(r)us,Petrus,https://www.christerhamp.se/runor/gamla/dk/dksk99.html,https://www.christerhamp.se/runor/gamla/dk/dksk99.jpg
DK Sk 100,DK Sk 100 - Skåne: Åhus-kalkristning 3,,ruffus,Rufus,https://www.christerhamp.se/runor/gamla/dk/dksk100.html,https://www.christerhamp.se/runor/gamla/dk/dksk100.jpg
DK Sk 101,DK Sk 101 - Skåne: Åhus-kalkristning 4,,auæ : ma=ria : gra=kia : plena ...,Ave Maria gratia plena ...,https://www.christerhamp.se/runor/gamla/dk/dksk101.html,https://www.christerhamp.se/runor/gamla/dk/dksk101.jpg
DK Sk 102,DK Sk 102 - Skåne: Åhus-kalkristning 5,,pet(r)us iohannes simen/s(e)mp- fib/(i)b,"Petrus, Johannes, Simon/semper (alltid trogen?) ...",https://www.christerhamp.se/runor/gamla/dk/dksk102.html,https://www.christerhamp.se/runor/gamla/dk/dksk102.jpg
DK Sk 103,DK Sk 103 - Skåne: Åhus-kalkristning 6,,...ko : simen : (e)st : --(f)usa (:) m-(k)-(a),Jag säger att Simon är ...,https://www.christerhamp.se/runor/gamla/dk/dksk103.html,https://www.christerhamp.se/runor/gamla/dk/dksk103s.jpg
DK Sk 104,DK Sk 104 - Skåne: Åhus-kalkristning 7,,fuþork h,fuþork h,https://www.christerhamp.se/runor/gamla/dk/dksk104.html,https://www.christerhamp.se/runor/gamla/dk/dksk104s.jpg
DK Sk 105,DK Sk 105 - Skåne: Åhus-kalkristning 8,,(s)a misael,Sankt Mikael,https://www.christerhamp.se/runor/gamla/dk/dksk105.html,https://www.christerhamp.se/runor/gamla/dk/dksk105.jpg
DK Sk 106,DK Sk 106 - Skåne: Åhus-kalkristning 9,,riska : dit(æ)ma,-,https://www.christerhamp.se/runor/gamla/dk/dksk106.html,https://www.christerhamp.se/runor/gamla/dk/dksk106s.jpg
DK Sk 107,DK Sk 107 - Skåne: Åhus-kalkristning 10,,(t)u=r--e-(u)s,-,https://www.christerhamp.se/runor/gamla/dk/dksk107.html,https://www.christerhamp.se/runor/gamla/dk/dksk107.jpg
DK Sk 109,DK Sk 109 - Skåne: Åhus-kalkristning 12,,s(l)(a)=(k)at(u)us,-,https://www.christerhamp.se/runor/gamla/dk/dksk109.html,https://www.christerhamp.se/runor/gamla/dk/dksk109.jpg
DK Sk 111,DK Sk 111 - Skåne: Stoby-kalkristning 1,ᛏᚮᛔᛁ,topi,-,https://www.christerhamp.se/runor/gamla/dk/dksk111.html,https://www.christerhamp.se/runor/gamla/dk/dksk111s.jpg
DK Sk 112,DK Sk 112 - Skåne: Stoby-kalkristning 2,,ni mess(i)- -- uim missam,Har han inte också tillintetgjort den kraft som är sänd (?),https://www.christerhamp.se/runor/gamla/dk/dksk112.html,https://www.christerhamp.se/runor/gamla/dk/dksk112s.jpg
DK Sk 113,DK Sk 113 - Skåne: Stoby-kalkristning 3,ᛘᚿᚱᛁᚿ ᛬ ᚭᚢᚿ ᛬ ᛘᚿᚱᛁᚿ ᛬,mnrin : oun : mnrin :,"Maria, ave Maria",https://www.christerhamp.se/runor/gamla/dk/dksk113.html,https://www.christerhamp.se/runor/gamla/dk/dksk112s.jpg
DK Sk 114,DK Sk 114 - Skåne: Stoby-kalkristning 4,,oraba=þ iudas ...,Judas bad,https://www.christerhamp.se/runor/gamla/dk/dksk114.html,https://www.christerhamp.se/runor/gamla/dk/dksk114s.jpg
DK Sk 115,DK Sk 115 - Skåne: Stoby-kalkristning 5,,oraba(t) iutas -,Judas bad,https://www.christerhamp.se/runor/gamla/dk/dksk115.html,https://www.christerhamp.se/runor/gamla/dk/dksk115.jpg
DK Sk 116,DK Sk 116 - Skåne: Stoby-kalkristning 6,,--a=r : bæi---htæ (:) sui,-,https://www.christerhamp.se/runor/gamla/dk/dksk116.html,https://www.christerhamp.se/runor/gamla/dk/dksk116s.jpg
DK Sk 117,DK Sk 117 - Skåne: Stoby-kalkristning 7,,a=ue : m-r--,Ave Maria,https://www.christerhamp.se/runor/gamla/dk/dksk117.html,https://www.christerhamp.se/runor/gamla/dk/dksk117.jpg
DK Sk 118,DK Sk 118 - Skåne: Stoby-kalkristning 8,,uerbum (D)onumis,Herrens ord,https://www.christerhamp.se/runor/gamla/dk/dksk118.html,https://www.christerhamp.se/runor/gamla/dk/dksk118s.jpg
DK Sk 119,DK Sk 119 - Skåne: Stoby-kalkristning 9,ᚿᛁᚴᚢᛚᛆᚾ,nikulaæ,Nikolaus,https://www.christerhamp.se/runor/gamla/dk/dksk119.html,https://www.christerhamp.se/runor/gamla/dk/dksk119s.jpg
DK Sk 121,DK Sk 121 - Skåne: Stoby-kalkristning 11,ᛘᚮᚿᛆᚴᚢᛋ,monakus,munk,https://www.christerhamp.se/runor/gamla/dk/dksk121.html,https://www.christerhamp.se/runor/gamla/dk/dksk121s.jpg
DK Sk 122,DK Sk 122 - Skåne: Stoby-kalkristning 12,,(þ)ætte o=r : skr(e)fi(d) | -f ba=ssæ,Detta är skrivet av Basse,https://www.christerhamp.se/runor/gamla/dk/dksk122.html,https://www.christerhamp.se/runor/gamla/dk/dksk122s.jpg
DK Sk 130,DK Sk 130 - Skåne: Färlöv-sten,,(-)---(i)(u)-uiAA---Ar-rm,-,https://www.christerhamp.se/runor/gamla/dk/dksk130.html,https://www.christerhamp.se/runor/gamla/dk/dksk130s.jpg
DK Sk 131,DK Sk 131 - Skåne: Hästveda-stenen,,in manus tuas domine komændo spiritum | tuum : asa :,"I dina händer, Herre, överlämnar jag din själ, Åsa",https://www.christerhamp.se/runor/gamla/dk/dksk131.html,https://www.christerhamp.se/runor/gamla/dk/dksk131s.jpg
DK Sk 134,DK Sk 134 - Skåne: Lockarp-amulett,,ttta=þa,-,https://www.christerhamp.se/runor/gamla/dk/dksk134.html,https://www.christerhamp.se/runor/gamla/dk/dksk134s.jpg
DK Sk 138,DK Sk 138 - Skåne: Hardeberga-kalkristning,,i(o)(f)o=r-(e)s---u--a=b(k)(t) : ...--m : a--(u)=ottiþit=a : ba=u---(l) : o(n)--,-,https://www.christerhamp.se/runor/gamla/dk/dksk138.html,https://www.christerhamp.se/runor/gamla/dk/dksk138s.jpg
DK Sk 140,DK Sk 140 - Skåne: Högseröds kyrka,ᛘᛆᚱᛁᚾ,marin,Maria (?),https://www.christerhamp.se/runor/gamla/dk/dksk140.html,https://www.christerhamp.se/runor/gamla/dk/dksk140s.jpg
DK Sk 142,DK Sk 142 - Skåne: Åhus-stenskulptur,ᛒᚢ ᛬ ᛒᚤ ᛭ ᛒᛁ ᛬ ᛒᛂ,bu : by + bi : be,-,https://www.christerhamp.se/runor/gamla/dk/dksk142.html,https://www.christerhamp.se/runor/gamla/dk/dksk142s.jpg
Skåne: Ingelstorp-sten,Skåne: Ingelstorp-sten,,-- • una-- --n- : it-,-,https://www.christerhamp.se/runor/gamla/dk/dksk-ingelstorp.html,https://www.christerhamp.se/runor/gamla/dk/dksk-ingelstorps.jpg
Skåne: Uppåkra-spänne,Skåne: Uppåkra-spänne,,-,-,https://www.christerhamp.se/runor/gamla/dk/dksk-uppakra.html,https://www.christerhamp.se/runor/gamla/dk/dksk-uppakras.jpg
DK SkL 1,DK SkL 1 - Skåne: Lund Domkirke-sokkel 1,,kot : help,"Gud hjälpe Adams barn; början är lätt gjord, men avslutningen mödosam. Då man skrev år 1525, fredagen efter sankt Markus dag, skedde vid Lund en stor jämmer; där blev över 1500 dödskjutna och slagna; det månde de skånska kvinnorna väl klaga över.",https://www.christerhamp.se/runor/gamla/dk/dkskl1.html,https://www.christerhamp.se/runor/gamla/dk/dkskl1s.jpg
DK SkL 2,DK SkL 2 - Skåne: Lund Domkirke-sokkel 2,,got * help,Gud hjälpe !,https://www.christerhamp.se/runor/gamla/dk/dkskl2.html,https://www.christerhamp.se/runor/gamla/dk/dkskl2.jpg
DK SkL 3 Lund-sten 1,DK SkL 3 Lund-sten 1,,+ þu(r)[kisl ÷ sun ÷ i]sgis ÷ biarnaR ÷ sunaR ÷ risþi ÷ sti[no ÷ þisi] ÷ (u)(f)tiR ÷ bruþr + + sino ÷ baþa ÷ ulaf ÷ uk ÷ utar ÷ lanmitr ÷ kuþa +,"Troels, son av Esge, Björns son, reste dessa stenar efter sina båda bröder Olav och Ottar, goda landmän",https://www.christerhamp.se/runor/gamla/dk/dkskl3.html,https://www.christerhamp.se/runor/gamla/dk/dkskl3s.jpg
DK SkL 4 Lund-sten 2,DK SkL 4 Lund-sten 2,ᛏᚢᚴᛁ ᛬ ᛚᛂᛏ ᛬ ᚴᛁᚱᚴᛁᚢ ᛬ ᚴᛁᚱᚢᛅ ᛬ ᛅᚢᚴ ᛬,tuki : let : kirkiu : kirua : auk : ...,Toke lät göra kyrkan och ...,https://www.christerhamp.se/runor/gamla/dk/dkskl4.html,https://www.christerhamp.se/runor/gamla/dk/dkskl4s.jpg
DK SkL 6,DK SkL 6 - Skåne:  Lund-bennål 1,ᛏᚬᚠᛅᚾᛅ ᛫ ᛋᚴᛂᚠᚾᛁᚴ,tofana : skefnig,Anna Tuessons nål,https://www.christerhamp.se/runor/gamla/dk/dkskl6.html,https://www.christerhamp.se/runor/gamla/dk/dkskl6s.jpg
DK SkL 7,DK SkL 7 - Skåne: Lund-benstykke 1,ᛒᚱᛁ ᛬ ᛏᛁᛅ ᛬ ᛁᛅᚱᛚᛅ ᛬ ᚠᚯᛚ,bri : tiæ : iærlæ : fol,-,https://www.christerhamp.se/runor/gamla/dk/dkskl7.html,https://www.christerhamp.se/runor/gamla/dk/dkskl7s.jpg
DK SkL 9,DK SkL 9 - Skåne: Lund-kam 3,ᛁᛆᛏᚱᛁᚾᚴ,iatrink,Eadric,https://www.christerhamp.se/runor/gamla/dk/dkskl9.html,https://www.christerhamp.se/runor/gamla/dk/dkskl9s.jpg
DK SkL 13 Lund-vævebrik,DK SkL 13 Lund-vævebrik,,skuaraR : iki¶mar : afa ¶ (:) -on : m=n * krat * ¶ aallatti :,Sigvors Ingemar ska ha min gråt. Aallatti!,https://www.christerhamp.se/runor/gamla/dk/dkskl13.html,https://www.christerhamp.se/runor/gamla/dk/dkskl13.jpg
DK SkL 20 Lund-benstykke 4,DK SkL 20 Lund-benstykke 4,,bøndi Ũ risŨti Ũ malŨrunu araR Ũ ara Ũ æru Ũ fiaþraR (Ũ),Bondi ristade talrunor Örnens åror är fjädrar,https://www.christerhamp.se/runor/gamla/dk/dkskl20.html,https://www.christerhamp.se/runor/gamla/dk/dkskl20s.jpg
DK SkL 29 Lund-spadserestok,DK SkL 29 Lund-spadserestok,,ulfkil,Ulfkil,https://www.christerhamp.se/runor/gamla/dk/dkskl29.html,https://www.christerhamp.se/runor/gamla/dk/dkskl29.jpg
DK SkL 31,DK SkL 31 - Skåne: Lund-blyamulet,,+ (s)han +,-,https://www.christerhamp.se/runor/gamla/dk/dkskl31.html,https://www.christerhamp.se/runor/gamla/dk/dkskl31s.jpg
DK SkL 55 Lund-benstykke 24,DK SkL 55 Lund-benstykke 24,,fuţtramR hnki b...,Mĺ fitt-demonen ordna ... (?),https://www.christerhamp.se/runor/gamla/dk/dkskl55.html,https://www.christerhamp.se/runor/gamla/dk/dkskl55s.jpg
DR BR 64,DR BR 64 - Skåne: Norra Åsum,,(e)h=e ik akaz fahi,"Till hästen. Jag, Akaz, skrev",https://www.christerhamp.se/runor/gamla/dr/drbr64.html,https://www.christerhamp.se/runor/gamla/dr/drbr64s.jpg
DR BR 65,DR BR 65 - Skåne: Hammenhög,,?(l)kaz,purjolök,https://www.christerhamp.se/runor/gamla/dr/drbr65.html,https://www.christerhamp.se/runor/gamla/dr/drbr65s.jpg
DR BR 66,"DR BR 66 - Skåne, Väsby",,f(a)hid(e) i(u)(i)la(i)di(u)(i)igaz e=erilaz,Erilen ... målade,https://www.christerhamp.se/runor/gamla/dr/drbr66.html,https://www.christerhamp.se/runor/gamla/dr/drbr66s.jpg
DR BR 67,DR BR 67 - Skåne,,laþu lauk=az * g=ak=az alu,Lök ...,https://www.christerhamp.se/runor/gamla/dr/drbr67.html,https://www.christerhamp.se/runor/gamla/dr/drbr67s.jpg
DR BR 70,DR BR 70 - Skĺne,,eltil,-,https://www.christerhamp.se/runor/gamla/dr/drbr70.html,https://www.christerhamp.se/runor/gamla/dr/drbr70s.jpg
Sm 1,Sm 1 - Småland: Aringsås kyrkogård,,[uih]i[k]utr : resti : sten (:) ef(t)r : ru[mu]nt : faþ[ur : sin] : (k)uþ : hialbi : selu : bunta : uirskum : hiuk : askutr : [þuni],"Vignjut reste stenen efter Romund, sin fader. Åt den värendske bonden högg Åsgöt den tunne (?) runorna.",https://www.christerhamp.se/runor/gamla/sm/sm1.html,https://www.christerhamp.se/runor/gamla/sm/sm1s.jpg
Sm 3,Sm 3 - Småland: Aringsås kyrkogård,,-,-,https://www.christerhamp.se/runor/gamla/sm/sm3.html,https://www.christerhamp.se/runor/gamla/sm/sm3s.jpg
Sm 4,Sm 4 - Småland: Blädinge kyrka,᛭ ᚠᛁᚿᚡᛁᚦᛁᚱ ᚼᛁᚮᚵ ᚦᛅᛐᛆ ᚴᛆᚱ ᛬ ᛆ ᛬ ᛐᛁᚢᚱᛆ ᛬ ᛒᛁᛅᚱᚼ ᛬ ᛂ,÷ finviþir hiog þæta kar : a : tiura:biærh:e,Finnvid på Djuraberg högg detta kar,https://www.christerhamp.se/runor/gamla/sm/sm4.html,https://www.christerhamp.se/runor/gamla/sm/sm4s.jpg
"Sm 5- Småland: Transjö, Hjortsberga","Sm 5- Småland: Transjö, Hjortsberga",,: kotr : sati : sten : þana : eftR : ketil : : sun : sin : han : faR : : mana : mesr o:niþikR : eR a : eklati : ali : tunþi,"Göt satte denna sten efter Kettil, sin son. Han var den rättrådigaste av män och slutade sitt liv i England.",https://www.christerhamp.se/runor/gamla/sm/sm5.html,https://www.christerhamp.se/runor/gamla/sm/sm5-1s.jpg
Sm 6,Sm 6 - Småland: Skatelövs kyrka,,bosi : tlhi ¶ kirki ¶ bosi : ta^lh`þ´i sten ¶ til skatma ¶ kirkiu,Bose högg kyrkan. Bose högg stenen till Skatelövsbornas kyrka.,https://www.christerhamp.se/runor/gamla/sm/sm6.html,https://www.christerhamp.se/runor/gamla/sm/sm6s.jpg
Sm 7,"Sm 7 - Småland: Enet, Skatelöv",ᚦᛂᚱᛁᚦᚱ ᛫ ᛅᚴ ᛫ ᚦᚢᚾᛅᚴᛁ ᛬ ᛋᛅᛏᚢ ᛫ ᛂᚠᛏᚱ ᛫ ᚱᚢᛘᛅᚱ ᛫ ᚴᚢᚦ ᛫ ᛁᛅᛚᛒᛁ ᛫ ᚴᚢᚦ ᛅᛏ ᛫ ᛅᛋ,þeriþr * ak * þunaki : satu * eftr * rumar * kuþ * ialbi * kuþ at * as,Torfred (el. Torfrid) och Tunn-Åke (el. Tunnacke) satte (stenen) efter Rodmar. Gud hjälpe Gud hans ande,https://www.christerhamp.se/runor/gamla/sm/sm7.html,https://www.christerhamp.se/runor/gamla/sm/sm7s.jpg
Sm 8,"Sm 8 - Småland: Rävagården, Dänningelanda",,[i-l]þki[R] * auk * roþ[ein * l... s]te[in] * e[ft]iR * hiþin * sun * sin *,"Fridger (el. Tjodger ?) och Rodälv ... stenen efter Hedin, sin son.",https://www.christerhamp.se/runor/gamla/sm/sm8.html,https://www.christerhamp.se/runor/gamla/sm/sm8s.jpg
Sm 10,Sm 10 - Småland: Växjö domkyrka,ᛁᚢᚴᛁ ᚱᛂᛋᛏᛁ ᛬ ᛋᛏᛂᛁᚾ ᛬ ᛂᚠᛏᛁᚱ ᛬ ᚴᚢᚾᛅᚱ ᛬ ᛋᚢᚾ ᛬ ᚴᛁᚱᛁᛘᛋ × ᚴᚢᚦᚼᛂᛅᛚᛒᛁᛌᛂᛚᚼᛅᚾᛌ ᛏᚤᚴᛁ × ᚢᛁᚴᛁᚴᚱ,-u[(k)]i (:) reisti : stein (:) eftir : kunar : sun : kirims × kuþ healbi sel hans tyki × uikikr,"Toke reste stenen efter Gunnar, Grims son. Gud hjälpe hans själ. Toke viking.",https://www.christerhamp.se/runor/gamla/sm/sm10.html,https://www.christerhamp.se/runor/gamla/sm/sm10s.jpg
Sm 11,"Sm 11 - Småland: Kårestad, Furuby",ᚴᛚᛅᚴᛅ × ᛋᚢᚾᛁᛦ × ᛚᛂᛏᚢ × ᚼᛅᚴᚢᛅ × ᛋᛏᛂᛁᚾ × ᛂᚠᛏᛁᛦ ᛬ -ᛆ-ᚢᚱ ᛬ ᛋᛁᚾ : ᛅᚢᚴ : ᛂᚠᛏᛁᛦ : ᚴᛅᛚᛅ : ᛅᚢᚴ : ᚢᛁᚴᛁᚴ : ᛒᚱᚤᚦᚱ : ᛋᛁᚾᛅ,* klaka × suniR × letu × hakua * stein * eftiR : -aþur * sin : auk : eftiR : kala : auk : uikik : bryþr : sina,"Klackes söner lät hugga stenen efter sin fader och efter Kale och Viking, sina bröder",https://www.christerhamp.se/runor/gamla/sm/sm11.html,https://www.christerhamp.se/runor/gamla/sm/sm11s.jpg
Sm 13,"Sm 13 - Småland: Högnalöv, Uråsa",,[: sbak]R (:) le[t] : kerua : kuml : eftiR : suni : sina : suen : auk * rymik,Spak lät göra minnesmärket efter sina söner Sven och Röming,https://www.christerhamp.se/runor/gamla/sm/sm13.html,https://www.christerhamp.se/runor/gamla/sm/sm13s.jpg
Sm 15,"Sm 15 - Småland: Kåragården, Östra Torsås",,...ti : lit : kerua : bru : eftiR · suar...,... te lät göra bron efter Svar ...,https://www.christerhamp.se/runor/gamla/sm/sm15.html,https://www.christerhamp.se/runor/gamla/sm/sm15s.jpg
Sm 16,"Sm 16 - Småland: Nöbbele, Östra Torsås",,rostein * auk * eilifR * aki : auk * hakun : reisþu * þeiR * sueinaR * iftiR sin * faþur * kubl keni*likt * ftiR * kala * tauþan : þy : mun * ko... ... -m kitit * uerþa * meþ * sin * lifiR * auk * stafiR * run,"Rosten och Eliv, Åke och Håkan de svennerna reste efter sin fader Kale den döde ett märkbart kummel Därför den gode ej skall glömmas så länge stenen står och runornas stavar",https://www.christerhamp.se/runor/gamla/sm/sm16.html,https://www.christerhamp.se/runor/gamla/sm/sm16-1s.jpg
Sm 17,"Sm 17 - Småland: Kråketorp, Asa",,...n : let · -¶¶...ru... ...-u · þa¶¶s- · ...[(k) · (r)(e)(i)(s)]... s-... ... ...n : b[(r)]...¶¶þur · s... ... ¶ ...uþ ... ...[(l)u] ...,"... n lät bygga denna bro och resa denna sten efter ... n sin broder, ... Gud [hjälpe hans] själ!",https://www.christerhamp.se/runor/gamla/sm/sm17.html,https://www.christerhamp.se/runor/gamla/sm/sm17s.jpg
Sm 19,"Sm 19 - Småland: Stojby, Gårdsby",ᚦᚢᚱᛚᚢᚠ ᛫ ᚱᛅᛁᛋᚦᛁ ᛫ ᛋᛏᛅᛁᚾ ᛫ ᚦᛅᚾᛅ ᛫ ᛂᚠᛏᛁᛦ ᛫ ᛅᛚᛅ ᛫ ᛅᚢᚴ ᛫ ᛂᛏᚢ ᛫ ᚼᛁᛅᛚᛒᛁ ᛫ ᚴᚢᚦ ᛫ ᛅᚢᛏ ᛫ ᚦᛅᛁᛦᛅ,* þurluf * raisþi * stain * þana * eftiR * ala * auk * etu * hialbi * kuþ * aut * þaiRa,Torlov reste denna sten efter Ale och Ätta. Hjälpe Gud deras ande.,https://www.christerhamp.se/runor/gamla/sm/sm19.html,https://www.christerhamp.se/runor/gamla/sm/sm19s.jpg
Sm 21,"Sm 21 - Småland: Lidekvarn, Tolg",,...n ** u- * (s)------ : ...  : -... : (k)...e...i * h(a)...a ...-- * ... : ...u-...,-,https://www.christerhamp.se/runor/gamla/sm/sm21.html,https://www.christerhamp.se/runor/gamla/sm/sm21s.jpg
Sm 22,Sm 22 - Småland: Drevs kyrka,ᛆᚠᛂ ᛘᛆᚱᛁᛆ ᛬ ᚵᚱᛆᛍᛁᛆ ᛒᚱᚮᚦᛁᚱ ᛋᛁᛒᛒᛁ ᛬ ᚵᛂᛋᚢᛋ ᚴᚱᛁᛋᛐᚢᛋ,afe maria : gracia broþir sbbi : gesus kristus,Ave Maria gratia. Broder Sibbe. Jesus Kristus.,https://www.christerhamp.se/runor/gamla/sm/sm22.html,https://www.christerhamp.se/runor/gamla/sm/sm22s.jpg
Sm 23,Sm 23 - Småland: Dädesjö gamla kyrka,ᚵᛆᛒᚱᛂᛅᛚ ᛬,gabreæl :,Gabriel,https://www.christerhamp.se/runor/gamla/sm/sm23.html,https://www.christerhamp.se/runor/gamla/sm/sm23s.jpg
Sm 23B,Sm 23B - Småland: Dädesjö gamla kyrka,,h-- art(u)...--(s)----- ¶ (s)ihmunder : sk(þ)e ¶ f(u)s,Här ... Sigmund skrev oss,https://www.christerhamp.se/runor/gamla/sm/sm23b.html,https://www.christerhamp.se/runor/gamla/sm/sm23bs.jpg
Sm 24,"Sm 24 - Småland: Skårtaryd, Dädesjö",,brubao,-,https://www.christerhamp.se/runor/gamla/sm/sm24.html,https://www.christerhamp.se/runor/gamla/sm/sm24s.jpg
Sm 26,Sm 26 - Småland: Angelstads kyrka,,mahnus : þehe(u)(s) kiorþe mek guþ shni þen,Magnus Diakonus gjorde mig. Gud välsigne honom.,https://www.christerhamp.se/runor/gamla/sm/sm26.html,https://www.christerhamp.se/runor/gamla/sm/sm26s.jpg
Sm 27,Sm 27 - Småland: Berga kyrkogård,,--rþr * ris-- * kuml * þe... ... ...-aþis * o * eklanti,Tord (?) reste detta minnesmärke ... dog i England,https://www.christerhamp.se/runor/gamla/sm/sm27.html,https://www.christerhamp.se/runor/gamla/sm/sm27s.jpg
Sm 28,Sm 28 - Småland: Berga kyrkogård,... ᚾ ᚦᛅᚾᛅ ᛬ ᛂᚠᛏᛁᛦ ᛬ ᚮᛁᛏᚱ ᛬ ... ᛏᚦᚱ,... ...-n * (þ)ana : eftiR : oitr * -... ...- tþr :,... denna sten efter Vinter (eller Öjvind) ... död ...,https://www.christerhamp.se/runor/gamla/sm/sm28.html,https://www.christerhamp.se/runor/gamla/sm/sm28s.jpg
Sm 29,"Sm 29 - Småland: Ingelstad, Berga",... ᚱ ᛫ ᚱᛋᚦᛁ ᛫ ᛋᛏᛁᚾ ᛫ ᛁᚠᛏᛁᛦ ᛫ ᚦᚢᛋ--ᛦ ᛫ ᚠᛅᚦᚢᚱ ᛫ ᛋᛁᚾ ᛫ ᛋᛅᛦ ᛫ ᛂᛏᛅᚦᛁᛋ ᛫ ᚭ ᛫ ᛁᚴᛚᛅᚾᛏᛁ,...r rsþi * stin * iftiR * þur--(R) * fa-ur * sin * saR * etaþis * o * -klanti *,"... reste stenen efter Torger, sin fader. Han dog i England.",https://www.christerhamp.se/runor/gamla/sm/sm29.html,https://www.christerhamp.se/runor/gamla/sm/sm29s.jpg
Sm 30,"Sm 30 - Småland: Trotteslöv, Berga",,... ...tulf : sun * sin * m[a]n[a] ...,"... Fastulf (?), sin son, av män ...",https://www.christerhamp.se/runor/gamla/sm/sm30.html,https://www.christerhamp.se/runor/gamla/sm/sm30s.jpg
Sm 31,"Sm 31 - Småland: Toftaholm, Dörarp",,...f * sati * stan * aftiR * bruþur * sin * faua * k(u)(þ) * habi * a(u)t *,... satte stenen efter sin broder Fare (?). Gud hjälpe anden.,https://www.christerhamp.se/runor/gamla/sm/sm31.html,https://www.christerhamp.se/runor/gamla/sm/sm31s.jpg
Sm 32,Sm 32 - Småland: Hamneda gamla kyrka,... ᛒᛚ ᛬ ᚦᛅᛋᛁ ᛬ ᛂᚠᛏᛁᛦ ᛬ ᛋᚢᛁ- ᚠᛅᚦᚢᚱ ᛬ ᛋᛁᚾ,... ...bl : þasi : eftiR : sui- faþur : sin,"... detta minnesmärke efter Sven, sin fader.",https://www.christerhamp.se/runor/gamla/sm/sm32.html,https://www.christerhamp.se/runor/gamla/sm/sm32s.jpg
Sm 33,Sm 33 - Småland: Hamneda gamla kyrka,,... ...--i : st(i)na : þasi : (i)(f)(t)(i)R : þurmar : bruþur sin : h-... ... --R : man... ...,"... reste dessa stenar efter Tormar, sin brider. Han var ... av män ...",https://www.christerhamp.se/runor/gamla/sm/sm33.html,https://www.christerhamp.se/runor/gamla/sm/sm33s.jpg
Sm 35,"Sm 35 - Småland: Replösa, Ljungby",ᚴᚢᛏᚱᛅᚦᚱ ᛬ ᚴᛅᚱᚦᛁ ᛬ ᚴᚢᛒᛚ ᛬ ᚦᛁᛋᛁ ᛬ ᛁᚠᛏᛁᛦ ᛬ ᛅᛋᛏᚱᛅᚦ ᛬ ᚠᛅᚦᚢᚱ ᛬ ᛋᛁᚾ ᛬ ᚦᛅᚾ ᛬ ᚠᚱᛁᛏᛅ ᛬ ᛅᚴ ᛬ ᚦᛁᚼ᛬ᚾᛅ ᛬ ᛒᛁᛋᛏᛅᚾ ᛬ ᛁᛦᛅ ᛬ ᚠ-ᚾ᛬ᛁᚦ- ᛬ ᚠᚮᚱᚦᚢᛘ ᛬ ᚢᚠᛅᚱᛁ,: kutraþr : karþi : kubl : þisi : iftiR : astraþ : faþur : sin : þan : frita : ak : þih:na : bistan : iR a : f-n:iþ- : forþum : uf| |faRi :,"Götrad gjorde detta minnesmärke eftrer Astrad, sin fader, den bäste av fränder och tegner som fordom fanns i Finnveden.",https://www.christerhamp.se/runor/gamla/sm/sm35.html,https://www.christerhamp.se/runor/gamla/sm/sm35s.jpg
Sm 36,"Sm 36 - Småland: Bolmaryd, Nöttja",,: uintR : auk : -(i)n : (s)at : kul -usi : iftiR : osmr :,Öjvind och Sven satte dessa minnesmärken efter Ösur,https://www.christerhamp.se/runor/gamla/sm/sm36.html,https://www.christerhamp.se/runor/gamla/sm/sm36s.jpg
Sm 37,"Sm 37 - Småland: Rörbro, Nöttja",,[:] a[sur] * karþi : kubl : þesi : eftiR : uit : faþur : sin * [h]an uaR : mana : mestr : uniþikR [:] uaR : i[n]tr : mataR : uk umun hats : kuþr * þi(k)[n] kus tru : kuþa : hafþi :,"Assur gjorde detta minnesmärke efter Öjvind, sin fader. Han var av män den meste oniding, var frikostig med mat och ej sinnad för hat. Den gode tegnen hade en god gudstro.",https://www.christerhamp.se/runor/gamla/sm/sm37.html,https://www.christerhamp.se/runor/gamla/sm/sm37s.jpg
Sm 38,Sm 38 - Småland: Pjätteryds kyrka,,[a=u=æ : ma=ræi : kra=kia :] plæna : þominus : t=æ=kum : bænæþ[ikta : -=- : in muliæribus -... ... ...-ukt=-s : -=æn-=ris tui],"Ave Maria, gratia plena, Dominus tecum. Benedicta [tu] in mulieribus, [et] ... [fr]uct[u]s [v]en[t]ris tui.",https://www.christerhamp.se/runor/gamla/sm/sm38.html,https://www.christerhamp.se/runor/gamla/sm/sm38s.jpg
Sm 39,Sm 39 - Småland: Ryssby kyrka,,: kuni : sati : stin : þana : iftiR : suna : faþr : sin : milan : u... ... mataR kuþa... :,"Gunne satte denna sten efter Sune, sin fader, mild i ord och frikostig med mat.",https://www.christerhamp.se/runor/gamla/sm/sm39.html,https://www.christerhamp.se/runor/gamla/sm/sm39s.jpg
Sm 41,Sm 41 - Småland: Ryssby kyrka,... -ᚠᛏᛁᛦ ᛭ ᚴᚢᛘ ...,... -ftiR + kum... ...,... efter Gumme (?) ...,https://www.christerhamp.se/runor/gamla/sm/sm41.html,https://www.christerhamp.se/runor/gamla/sm/sm41s.jpg
Sm 42,"Sm 42 - Småland: Tuna, Ryssby",,tumi × risti : stin : þansi : iftiR × asur : ¶ bruþur × sin × þan : aR : uaR : s=kibari : hrhls : kunuks,"Tumme reste denna sten efter Assur, sin broder, som var skeppsman hos kung Harald.",https://www.christerhamp.se/runor/gamla/sm/sm42.html,https://www.christerhamp.se/runor/gamla/sm/sm42s.jpg
Sm 43,Sm 43 - Småland: Södra Ljunga kyrka,,· anut · ... ...-n · sin · uk ifti(R) ... ...þa · ...r · s-...,Anund ... sin son och efter ...,https://www.christerhamp.se/runor/gamla/sm/sm43.html,https://www.christerhamp.se/runor/gamla/sm/sm43s.jpg
Sm 44,"Sm 44 - Småland: Ivla, Södra Ljunga",,[: uim]ut[r] : [sa]ti : sten : þana ... [b]ruþr : s[in ...(i)n mi(l)... ... sina] ... m[a]tR : kuþan : [i] urþ[l]uf:i : at[ra : m...r],"Vemund satte denna sten efter sin broder Sven, mild mot de sina, med mat frikostig, i ord prisad, allra mest.",https://www.christerhamp.se/runor/gamla/sm/sm44.html,https://www.christerhamp.se/runor/gamla/sm/sm44s.jpg
Sm 45,"Sm 45 - Småland: Bräkentorp, Tutaryd",,* uestin * kar-- * --b- * þesi * efteR * esburn * bruþur * sin * uitrik * þesi * a u-ki*muti,"Västen gjorde detta minnesmärke efter Esbjörn, sin broder, denna minnesvård vid vägmötet.",https://www.christerhamp.se/runor/gamla/sm/sm45.html,https://www.christerhamp.se/runor/gamla/sm/sm45s.jpg
Sm 47,"Sm 47 - Småland: Håringe, Bolmsö",,baiþ- k(r)ak -Rr-,-,https://www.christerhamp.se/runor/gamla/sm/sm47.html,https://www.christerhamp.se/runor/gamla/sm/sm47s.jpg
Sm 48,"Sm 48 - Småland: Torp, Bredaryd",,ufakRs × s[a]ti × stin × þosi × eftiR × uta × sun sin × harþa [k]u...n × tr(i)(k) -u - [f]arþ,"Ofeg satte denna sten efter Udde, en mycket god man ...",https://www.christerhamp.se/runor/gamla/sm/sm48.html,https://www.christerhamp.se/runor/gamla/sm/sm48s.jpg
Sm 50 M,Sm 50 M - Småland: Burseryds kyrka,,: arinbiorn ÷ gørthe ÷ mi(k) ÷ uitku=nder ÷ prest=er ÷ skref : m(i)(k) : ok ÷ hær ÷ skal : um ÷ stu=nd ÷ stanta ÷,Arnbjörn gjorde mig Vidkun präst skrev mig och jag ska stå här en stund,https://www.christerhamp.se/runor/gamla/sm/sm50.html,https://www.christerhamp.se/runor/gamla/sm/sm50s.jpg
Sm 51,Sm 51 - Småland: Forsheda kyrkogård,,tusti × r...i ...tin × eftiR kuno × mak × sin × þ... ...---s × ... × uistar- × uar- ...,"Toste reste stenen efter Gunne, sin måg ... västerut blev ...",https://www.christerhamp.se/runor/gamla/sm/sm51.html,https://www.christerhamp.se/runor/gamla/sm/sm51s.jpg
Sm 52,"Sm 52 - Småland: Forsheda allmänning, Forsheda",ᚱᚼᚢᛚᚠ ᛬ ᛅᚢᚴ ᛬ ᚭᛋᚴᛁᚼᛚ ᛬ ᚱᛁᚦᚢ ᛬ ᛋᛏᛁᚾ ᛬ ᚦᚭᚾᛋᛁ ᛬ ᛂᛏᛁᛦ ᛬ ᛚᛁᚠᛋᛏᛁᚾ ᛬ ᚠᚢᚦᚢᚱ ᛬ ᛋᛁᚾ ᛬ ᛂᛋ ᛬ ᚢᛅᚱᚦ ᛬ ᛏᚢᚦᚱ ᛬᛬ ᚭ ᛬ ᛋᚴᚭᚾᚢ ᛬ ᚾ ᛬ ᚴᛅᚱᚦ᛬ᛋᛏᚭᚴᚢᛘ ᛬ ᛅᚢᚴ ᛬ ᚠᚢᚱᚦᚢ ᛬ ᚭ ᛬ ᚠᛁᚾᚼᛁᚦᛁ ᛬,: rhulf : auk : oskihl : riþu : stin : þo[nsi] : etiR : lifstin : fuþur : sin : es : uarþ : tuþr :: o : skonu : (n) : karþ:stokum : auk : furþu : o :: finhiþi [:],"Rolf och Eskil reste denna sten efter Livsten, sin fader, som dog i Skåne i Gårdstånga, och blev förd till Finnveden.",https://www.christerhamp.se/runor/gamla/sm/sm52.html,https://www.christerhamp.se/runor/gamla/sm/sm52s.jpg
Sm 53,"Sm 53 - Småland: Brödrahalla, Ölmestads by, Reftele",,ru[-]f[-] ...i + stin + þana + eftiR + s... auk [(i)s---] suni sina + tua ...- + silu þ...,Rolf reste denna sten efter ... och ... sina två söner ... deras själ.,https://www.christerhamp.se/runor/gamla/sm/sm53.html,https://www.christerhamp.se/runor/gamla/sm/sm53s.jpg
Sm 54,Sm 54 - Småland: Södra Unnaryds kyrka,,guþ gøme · h : igibrRhtso(n) sial : a^n : knutær hiar likær,Gud bevare Herr Ingebrikts sons själ. Han Knut ligger här.,https://www.christerhamp.se/runor/gamla/sm/sm54.html,https://www.christerhamp.se/runor/gamla/sm/sm54s.jpg
Sm 55,"Sm 55 - Småland: Eckersholm, Byarum",᛬ ᚼᛅᚴᛦ ᛬ ᚴᚢᛚᚴᛦ ᛬ ᛅᚢᚴᛦ ᛫ ᚴᚢᚦᚴᚢᚱᛦ ᛬ ᚱᛁᚦ ᛬ ᛁᛏᛦᚾ ᛬ ᚦᛅᚾ ᛬ ᛁᛋᚢᚾᛦ ᛬ ᛅᚢᛏᛁ ᛬ ᛦᛏᛁᚾ ᚠ,: hakR : kulkR : aukR * kuþkurR : riþ : itRn : þan : isunR : auti : Rtin f,"Hake, Kolke, Auke, mor och dotter, reste stenen, sönerma, efter Sten, fadern",https://www.christerhamp.se/runor/gamla/sm/sm55.html,https://www.christerhamp.se/runor/gamla/sm/sm55s.jpg
Sm 56,Sm 56 - Småland: Rydaholms kyrka,,-,-,https://www.christerhamp.se/runor/gamla/sm/sm56.html,https://www.christerhamp.se/runor/gamla/sm/sm56s.jpg
Sm 57,Sm 57 - Småland: Rydaholms kyrka,ᛆᛋᛐᛁ. ᚵᚢᚦ,asti. guþ,... Gud,https://www.christerhamp.se/runor/gamla/sm/sm57.html,https://www.christerhamp.se/runor/gamla/sm/sm57s.jpg
Sm 58,Sm 58 - Småland: Rydaholms kyrka,,-,-,https://www.christerhamp.se/runor/gamla/sm/sm58.html,https://www.christerhamp.se/runor/gamla/sm/sm58s.jpg 
Sm 59,"Sm 59 - Småland: Horda, Rydaholm",᛬ ᛋᛂᚴᛘᚢᛏᚱ ᛬ ᚴᛂᛅᚱᚦ ... ᚢᛚᚠ ᛬ ᛒᚢᚱᚢᚦᚢᚱ ᛬ ᛋᛁᚾ,: sekmutr : kearþ... ... ...ulf : buruþur : sin,"Sigmund gjorde ... -ulf, sin broder",https://www.christerhamp.se/runor/gamla/sm/sm59.html,https://www.christerhamp.se/runor/gamla/sm/sm59s.jpg
Sm 60,"Sm 60 - Småland: Skaftarp, Rydaholm",᛫ ᛋᛂᚾ ᛫ ᚢᚴᚢ ᛫ ᛋᛏᛅᚱᚴᛁ ᛫ ᚴᛅᚱᚦᚢ ᛫ ᛫ ᚴᚢᛒᛚ ᛫ ᚦᛂᛋᛁ ᛫ ᛂᚠᛂᛁᛦ ᛫ ᚴᚢᚦᛘᚢᛏ ᛫ ᚠᛅᚦᚢᚱ ᛫ ᛋᛁᚾ ᛫ ᚢᛁᛏᚱᚴ ᛫ ᚦᛅᛋᛁ ᛫ ᛓᚢᛂᚼᛅ ᛫ ᛘᚢᛏᛁ,* sen * uku * starki * karþu * * kubl * þesi * efeiR * kuþmut * faþur * sin * uitrk * þasi * o ueha*muti *,"Sven och Ostarke gjorde detta minnesmärke efter Gudmund, sin fader, detta vittnesbörd vid vägmötet.",https://www.christerhamp.se/runor/gamla/sm/sm60.html,https://www.christerhamp.se/runor/gamla/sm/sm60s.jpg
Sm 61,"Sm 61 - Småland: Runstensholm, Tånnö",ᚴᚢᚦᚢᛅᚱ ᛬ ᛚᛂᛏ ᛬ ᚱᛂᛋᛅ ᛬ ᛋᛏᛂᛁᚾ ᛬ ᚦᛅᚾᛅ ᛬ ᛂᚠᛏᛦ ᛫ ᛅᚢᚦᛅ ᛬ ᛋᚢᚾ ᛬ ᛋᛁᚾ ᛅᚢᚴ ᛫ ᚴᛅᚱᛚ ᛫ ᛂᚠᛏᛁᛦ ᛬ ᛋᛐᛁᚾ ᛬ ᛋᚢᚾ ᛬ ᛋᛁᚾ ᛬ ᚴᚢᚦ ᚼᛁᛅᛚᛒᛁ ᛬ ᛋᛅᚢ,kuþuar : let : resa : stein : þana : eftR ᛫ auþa : sun : sin auk ᛫ karl ᛫ eftiR : stin : sun : sin : kuþ hialbi : sau ᛫,"Gudvar lät resa denna sten efter Öde, sin son, och Karl efter Styen, sin son. Gud hjälpe själen.",https://www.christerhamp.se/runor/gamla/sm/sm61.html,https://www.christerhamp.se/runor/gamla/sm/sm61s.jpg
Sm 62,"Sm 62 - Småland: Ed, Voxtorp",,tusti : karþi : kubl : þasi : efti : eta : sun s...,"Toste gjorde detta minnesmärke efter Ätte, sin son",https://www.christerhamp.se/runor/gamla/sm/sm62.html,https://www.christerhamp.se/runor/gamla/sm/sm62s.jpg
Sm 64,"Sm 64 - Småland: Västhorja, Värnamo",,þurun : sati : stin : eftiR : oskil : buta : sin : auk : eftiR ᛫ sunu : sina : suin : auk : tufa : kuþ : hialbi : selu : þiRa,"Torun satte stenen efter Eskil, sin man, och efter sina söner Sven och Tove. Gud hjälpe deras själ.",https://www.christerhamp.se/runor/gamla/sm/sm64.html,https://www.christerhamp.se/runor/gamla/sm/sm64s.jpg
Sm 65,Sm 65 - Småland: Åkers prästgård,,manurfik kubl * þim,... kummel ...,https://www.christerhamp.se/runor/gamla/sm/sm65.html,https://www.christerhamp.se/runor/gamla/sm/sm65s.jpg
Sm 66,Sm 66 - Småland: Almesåkra kyrka,ᚴᚢᛁᚿᚱᛁ,ku inri,Gud. INRI,https://www.christerhamp.se/runor/gamla/sm/sm66.html,https://www.christerhamp.se/runor/gamla/sm/sm66s.jpg
Sm67,Sm67 - Småland: Bringetofta kyrka,,kum her magnus,... herr Magnus,https://www.christerhamp.se/runor/gamla/sm/sm67.html,https://www.christerhamp.se/runor/gamla/sm/sm67s.jpg
Sm68,Sm68 - Småland: Bringetofta kyrka,,mahno fuþorkhniastm(l)(R) k(i)(u)(r)kh---(l)m frof------,Magnus fuþorkhniastbmlR ...,https://www.christerhamp.se/runor/gamla/sm/sm68.html,https://www.christerhamp.se/runor/gamla/sm/sm68s.jpg
Sm 69,Sm 69 - Småland: Fröderyds kyrkogård,ᚴᚼᛁᛦᛒᛁᛅᚱᚾ ᛬ ᛋᛅᛏᛁ ᛬ ᛋᛏᛂᛁᚾ ᛬ ᚦᛅᚾᛅ ᛬ ᛂᚠᛏᛁᛦ ᛬ ᛋᚢᛁᛚ ᛬ ᛒᚱᚢᚦᚢᚱ ᛬ ᛋᛁᚾ,khiRbiarn : sati : stein : þana : eftiR : suil : bruþur : si(n) :,"Gerbjörn satte denna sten efter Sven, sin broder",https://www.christerhamp.se/runor/gamla/sm/sm69.html,https://www.christerhamp.se/runor/gamla/sm/sm69s.jpg
Sm 70,Sm 70 - Småland: Hylletofta kyrka,,...uþor--uþor(b)(h)fu...-rk...þorkh---...,-,https://www.christerhamp.se/runor/gamla/sm/sm70.html,https://www.christerhamp.se/runor/gamla/sm/sm70s.jpg
Sm 71,Sm 71 - Småland: Norra Sandsjö prästgård,,× erinuorþr × let × reisa × stein × þena × eftiR × heka × faþur × sin × auk × heru × faþur : hans × auk × karl × hans × faþur ... × heru × hans × faþur × auk × þiagn × hans × faþur × auk × eftiR × þe × lagfaþrga × fem ×,"Ärinvard lät resa denna sten efter Hägge, sin fader, och Hära, hans fader, och Karl, hans fader ... Hära, hans fader, och Tegn, hans fader, och efter dessa fem förfäder",https://www.christerhamp.se/runor/gamla/sm/sm71.html,https://www.christerhamp.se/runor/gamla/sm/sm71s.jpg
Sm 72,Sm 72 - Småland: Ramkvilla kyrka,ᚱᛂᛁᛋᛅ × ᛋᛏᛂᛁᚾ × ᛅᚢᚴ ᚴ ᚼᛁᛅᛚᛒᛁ × ᚭᚾᛏ × ᚼᛅᚾᛋ ×,... reisa × stein × auk × k--- ... hialbi × ont × hans ×,... resa stenen och gjorde ... hjälpe hans ande,https://www.christerhamp.se/runor/gamla/sm/sm72.html,https://www.christerhamp.se/runor/gamla/sm/sm72s.jpg
Sm 73,"Sm 73 - Småland: Terle, Skepperstad",,: hulmi : let : ka[ra : bro : ift]R : þurkut : fnþr : sia,"Holme lät göra bron efter Torgöt, sin fader",https://www.christerhamp.se/runor/gamla/sm/sm73.html,https://www.christerhamp.se/runor/gamla/sm/sm73s.jpg
Sm 75,"Sm 75 - Småland: Morarp, Svenarum",,s(i)[k]u(a)rþr * (l)e(t) reisa : stein : eftiR * --... --þur : (s)in : at*menr ---- * uek sin : (b)e-an : kuþ hialbi (o)nt : h(a)ns,Sigvard lät resa stenen efter ... sin fader / broder. Ättemännen ... sin ära. Gud hjälpe hans ande.,https://www.christerhamp.se/runor/gamla/sm/sm75.html,https://www.christerhamp.se/runor/gamla/sm/sm75s.jpg
Sm 76,"Sm 76 - Smĺland: Komstad, Sävsjö",,[tufa : risti : stin : ţina : eftiR : ura : faţur : sin : stalar]a : hkunaR : [iarls],"Tova reste denna sten efter Vrĺe, sin fader, Hĺkon jarls stallare",https://www.christerhamp.se/runor/gamla/sm/sm76.html,https://www.christerhamp.se/runor/gamla/sm/sm76.jpg
Sm 77,Sm 77 - Smĺland: Sävsjö Västergĺrd,,: urai : sati : stin : ţonsi : eftiR : kuna : bruţur : sin : han : uaR tauţr : o : iklati,"Vrĺe satte denna sten efter Gunne, sin broder. Han dog i England",https://www.christerhamp.se/runor/gamla/sm/sm77.html,https://www.christerhamp.se/runor/gamla/sm/sm77s.jpg
Sm 78,"Sm 78 - Småland: Uppåkra, Sävsjö",ᚢᛚᛅᚠᛦ ᛬ ᛋᛅᛏᛁ ᛬ ᛋᛏᛁᚾ ᛬ ᚦᛅᚾᛋᛁ ᛬ ᛂᚠᛏᛁᛦ ᛬ ᛋᛁᛒᛅ ᛬ ᛋᚢᚾ ᛬ ᛋᛁᚾ,ulafR : sati : stin : þansi : eftiR : siba : sun : sin,"Olov satte denna sten efter Sibbe, sin son",https://www.christerhamp.se/runor/gamla/sm/sm78.html,https://www.christerhamp.se/runor/gamla/sm/sm78s.jpg
Sm 80,"Sm 80 - Småland: Vallsjö, Sävsjö",᛬ ᚢᛂᛋᛏᛁ ᛬ ᛅᚢᚴ᛬ ᛁᚢᛅᚱ ᛬ ᛅᚢᚴ ᛬ᛋᚢᛚᚠᛅ ᛬ ᛒᚱᚢᚦᚱ ᛬ ᚦᚱᛁᛦ ᛬ ᚴᛅᚱᚦᚢ ᛬ ᛒᚱᚢ ᛬ ᚦᛅᛋᛁ ᛬ ᛅᚢᚴ ᛬ ᛋᛅᛏᚢ ᛬ ᛋᛏᛂᛁᚾ ᛬ ᚦᛅᚾᛅ ᛬ ᛂᚠᛏᛁᛦ ᛬ ᚦᛁᛅᛚᚠᛅ ᛬ ᚠᛅᚦᚢᚱ ᛬ ᛋᛁᚾ,÷ uesti : auk : iuar : auk : s(u)[lfa :] (b)ruþr : þriR : karþu : bru : þasi : (a)uk : satu : stein : þana : eftiR : þialfa : faþur : [sin],"Väste och Ivar och Sylva, tre bröder, gjorde denna bro och satte denna sten efter Tjälve, sin fader",https://www.christerhamp.se/runor/gamla/sm/sm80.html,https://www.christerhamp.se/runor/gamla/sm/sm80s.jpg
Sm 85,Sm 85 - Småland: Alseda kyrkogård,,* ku-k-R auk þiR * bruþr * ristu : s... ...[nsi * ef]tiR * [ma]R(t)in : sin : faþur : sun hurstins,"... och hans bröder reste denna sten efter Martin, deras fader, Torstens son",https://www.christerhamp.se/runor/gamla/sm/sm85.html,https://www.christerhamp.se/runor/gamla/sm/sm85s.jpg
Sm 87,"Sm 87 - Småland: Repperda, Alseda",,: haral[t(R)] ... ...ftii : ... [br](u)þur sin,Harald ... efter ... sin broder,https://www.christerhamp.se/runor/gamla/sm/sm87.html,https://www.christerhamp.se/runor/gamla/sm/sm87s.jpg
Sm 89,"Sm 89 - Småland: Repperda skattgård, Alseda",᛬ ᛒᚢᛁ ᛬ ᛋᛅᛏᛁ ᛬ ᛋᛏᛁᚾ ᛬ ᚦᛅᚾᛅ᛬ ᛂᚠᛏᛁᛦ ᛬ ᚦᚢᚱᚴᚢᛏ ᛬ ᛒᚱᚢᚦᚢᚱ ᛬,: bui : sati : stin : þana : eftiR : þurkut : bruþur :,"Boe satte denna sten efter Torgöt, sin broder",https://www.christerhamp.se/runor/gamla/sm/sm89.html,https://www.christerhamp.se/runor/gamla/sm/sm89s.jpg
Sm 90,"Sm 90 - Torshag (Reppekäll), Alseda",,...(k)arR * st... ...(u)-...,-,https://www.christerhamp.se/runor/gamla/sm/sm90.html,https://www.christerhamp.se/runor/gamla/sm/sm90.jpg
Sm 91,"Sm 91 - Småland: Slättåkra, Alseda",,: heli : risti : sin : ₫esi : eftiR * ausr : sun : sin :,"Helge reste stenen efter Assur, sin son",https://www.christerhamp.se/runor/gamla/sm/sm91.html,https://www.christerhamp.se/runor/gamla/sm/sm91s.jpg
Sm 92,Sm 92 - Småland: Björkö kyrkogård,,...ui : kuþfastr * seti * stia * ha... ...-il * faþu * s*in * suikui * kuþ : þn * iR ... ... : uk : at fiarui : astn :,... Gudfast satte stenen ... sin fader. Svike Gud den ...,https://www.christerhamp.se/runor/gamla/sm/sm92.html,https://www.christerhamp.se/runor/gamla/sm/sm92s.jpg
Sm 93,"Sm 93 - Småland: Nömme, Björkö",᛬ ᚱᚢᚠᛦᛅ ᛬ ᚱᛁᛋᛏᛁ ᛬ ᛋᛏᛁᚾ ᛬ ᚦᛅᚾᛋᛁ ᛬ ᛂᚠᛏᛁᛦ ᛁᛋᚢᚾᛁ ᛬ ᛋᛁᚾᛅ ᛬ ᛋᛁᚾ ᛬ ᛅᚢᚴ ᛬ ᚦᚢᚱᛋᛏᛁᚾ ᛬ ᛅᚢᚴ ᛬ ᛅᛏ ᛬ ᛋᛅᛘ ᛬᛬ ᛏᛁᚱᛁᚴᛅ ᛬ ᚴᚢᚦᛅ ᛬ ᚢᚢᛒᛁᛦ ᛬ ᛅᛏ ᛬ ᛋᛁᚾ ᛬ ᚠᛅᚦᚢᚱᛅ ᛬,: rufRa : risti : stin : þansi : aftiR isuni : sina : sin : auk : þurstin : auk : at : sam :: tirika : kuþa : uubiR : at : sin : faþura :,"Rolf reste denna sten efter sina söner Sven och Torsten och efter Såm, goda unga män, Öper efter sin fader.",https://www.christerhamp.se/runor/gamla/sm/sm93.html,https://www.christerhamp.se/runor/gamla/sm/sm93s.jpg
Sm 94,Sm 94 - Småland: Lannaskede kyrka,,kinfast(r) ...et : lekia ... totu[r] * sina,Ginfast ... lät lägga ... sin dotter,https://www.christerhamp.se/runor/gamla/sm/sm94.html,https://www.christerhamp.se/runor/gamla/sm/sm94s.jpg
Sm 95,Sm 95 - Småland: Lannaskede kyrka,,u... (u)k ... þe=r * (l)(e)tu leka * ufi(R) ...--o-o * -ans ...þ(e) e-- * ...ok,... och ... de lät lägga över ... deras,https://www.christerhamp.se/runor/gamla/sm/sm95.html,https://www.christerhamp.se/runor/gamla/sm/sm95s.jpg
Sm 96,"Sm 96 - Småland: Brobyholm, Lannaskede",ᚦᚢᚱᛋᛏᛁᚾ ᛬ ᚱᛁᛋᛏ ᛫ ᛋᛏᛁᚾ ᚦᚾᛁᛅ ᛬ ᛅᚠᛏᛦ ᛬ ᚴᚢᚦᛅ ᛬ ᛋᚢᚾ ᛫ ᛋᛁᚾ ᚦᚢᚱᛋᛏᛁᚾ ᛬ ᚴᛅᚱᚦᛁ ᛬ ᛒᚢᚢ ᛂᚠᛏᛁᛦ ᛫ ᚴᚢᚾᚢᛅᚱ ᛬ ᛒᚢᚦᚢᚱ ᛬ ᛋᛁᛚᛅ ᛬ ᛅᚴ ᚼᚠᛏᛦ ᛬ ᛅᛋᛒᚭᚦ ᛬ ᚴᚢᚾᚢ ᛬ ᛋᛁᛚᛅ ᛬,þurstin : rist * stin þnia : aftR : kuþa : sun * sin þurstin : karþi : bu(u) [ef]tiR * kunuar : buþur : sila : ak hftR : asboþ : kunu : sila :,"Torsten reste denna sten efter Gude, sin son Torsten gjorde bron efter Gunnvar, sin broder, och efter Åsbod, sin hustru",https://www.christerhamp.se/runor/gamla/sm/sm96.html,https://www.christerhamp.se/runor/gamla/sm/sm96-1s.jpg
Sm 97,Sm 97 - Småland: Myresjö gamla kyrka,,---n-r * sa(t)(i) * (s)(t)in þa... ... ...(a)þur * (s)(i)n,... satte dena sten ... sin fader,https://www.christerhamp.se/runor/gamla/sm/sm97.html,https://www.christerhamp.se/runor/gamla/sm/sm97s.jpg
Sm 98,Sm 98 - Småland: Myresjö gamla kyrka,ᛋᛂᛏᛁ ᛬ ᛋᛏᛁᚾ ᛬ ᚦᛅᚾᛋᛁ ᛬ ᛂᚠᛏᛁᛦ ᛬ ᛏᚢᛏᛅ ᛫ ᛋᚢ ᛬ ᛒᚱᚢᚦᚢᚱ ᛬ ᚴᛅᚢᛋ ᛬,... seti : stin : þansi : eftiR : tuta : su : -... bruþur : kaus :,"... satte denna sten efter Tota, son ... Gauts broder",https://www.christerhamp.se/runor/gamla/sm/sm98.html,https://www.christerhamp.se/runor/gamla/sm/sm98s.jpg
Sm 99,"Sm 99 - Småland: Nederby, Myresjö",,: þurþR * auk * þurbiourn * karþu [b](r)(u) [þas]i [ef]tiR : uersku(l)f * faþur * sin,"Tord och Torbjörn gjorde denna bro efter Verskulv, sin fader",https://www.christerhamp.se/runor/gamla/sm/sm99.html,https://www.christerhamp.se/runor/gamla/sm/sm99s.jpg
Sm 100,"Sm 100 - Småland: Glömsjö, Nävelsjö",,× þormar × let × kiara × bro þesi × eftiR × sagsa × sun × sin × kuþ × hialbi × ont hans × uel ×,"Tormar lät göra denna bro efter Saxe, sin son. Gud hjälpe hans ande väl.",https://www.christerhamp.se/runor/gamla/sm/sm100.html,https://www.christerhamp.se/runor/gamla/sm/sm100s.jpg
Sm 101,"Sm 101 - Småland: Nöbbelesholm, Nävelsjö",ᚴᚢᚾᛏᚴᛂᛚ ᛬ ᛋᛅᛏᛁ ᛬ ᛋᛏᛂᚾ ᛬ ᚦᛅᚾᛋᛁ ᛬ ᛂᚠᛏᛁᛦ ᛬ ᚴᚢᚾᛅᚱ ᛬ ᚠᛅᚦᚢᚱ ᛬ ᛋᛁᚾ ᛬ ᛋᚢᚾ ᛬ ᚼᚱᚢᚦᛅ ᛬ ᚼᛅᛚᚵᛁ ᛬ ᛚᛅᚵᚦᛁ ᛬ ᚼᛅᚾ ᛬ ᛁ ᛬ ᛋᛏᛂᚾ ᛬ ᚦᚱ ᛬ ᛒᚱᚢ ᚦᚢᚱ ᛬ ᛋᛁᚾ ᛬ ᛅ ᛬ ᚼᚾᚴᛚᛅᛏᛁ ᛬ ᛁ ᛬ ᛒᚾᚦᚢᛘ,: kuntkel : sati : sten : þansi : eftiR : kunar : faþur : sin : sun : hruþa : halgi : lagþi : han : i : sten:þr : bru þur : sin : a : haklati : i : baþum,"Gunnkel satte denna sten efter Gunnar, sin fader, Rodes son. Helge lade honom, sin broder, i stenkista i England i Bath.",https://www.christerhamp.se/runor/gamla/sm/sm101.html,https://www.christerhamp.se/runor/gamla/sm/sm101s.jpg
Sm 102,Sm 102 - Småland: Skede kyrka,,...imasina...-stinba ...-lr : is,-,https://www.christerhamp.se/runor/gamla/sm/sm102.html,https://www.christerhamp.se/runor/gamla/sm/sm102-1s.jpg
Sm 104,Sm 104 - Småland: Vetlanda kyrka,,...(l)ika : uastr * a * i...-ti,... västerut i England,https://www.christerhamp.se/runor/gamla/sm/sm104.html,https://www.christerhamp.se/runor/gamla/sm/sm104s.jpg
Sm 105,Sm 105 - Småland: Vetlanda kyrka,ᚼᛂᚾᚵᛅ ᛬ ᛋᛅᛏᛁ ᛬ ᛋᛏᛁᚾ ᛬ ᚦᛅᚾᛅ ᛬ ᛅᛏ ᛬ ᛂᚢᛘᚢᚾᛏ ᛬ ᛒᚢᚱ᛬ᚢᚦᚢᚱ,he(l)ga : sati : stin : þana : at : eumunt : bur:uþur,"Helga satte denna sten efter Emund, sin broder",https://www.christerhamp.se/runor/gamla/sm/sm105.html,https://www.christerhamp.se/runor/gamla/sm/sm105s.jpg
Sm 106,Sm 106 - Småland: Vetlanda kyrka,᛬ ᛋᛅᚾᛏᛅᚱ ᛬ ᛋᛅᛏᛁ ᛬ ᛁᚠᛏᛁᛦ ᛬ ᛁᚤᛋᛏᛁᚾ ᛬᛬ ᛒᚱᚢᚦᚢᚱ ᛋᛁᚾ,: santar : sati : iftiR : iystin :: bruþur sin,"Sandar satte [stenen] efter Östen, sin broder",https://www.christerhamp.se/runor/gamla/sm/sm106.html,https://www.christerhamp.se/runor/gamla/sm/sm106s.jpg
Sm 107,Sm 107 - Småland: Vetlanda kyrkogård,,biur * risti * stn afti... ...starhasbkn kuþ kiuai sil as * a-mi,Bjur reste stenen efter Starkben. Gud give hans själ glädje.,https://www.christerhamp.se/runor/gamla/sm/sm107.html,https://www.christerhamp.se/runor/gamla/sm/sm107.jpg
Sm 108,Sm 108 - Småland: Vetlanda kyrkogård,,-,-,https://www.christerhamp.se/runor/gamla/sm/sm108.html,https://www.christerhamp.se/runor/gamla/sm/sm108.jpg
Sm 109,Sm 109 - Småland: Vetlanda kyrkogård,,katil × risti × sten × efti sin broþur : nahhar stens su- +,Kettil reste stenen efter sin broder ... Stens son,https://www.christerhamp.se/runor/gamla/sm/sm109.html,https://www.christerhamp.se/runor/gamla/sm/sm109.jpg
Sm 110,"Sm 110 - Småland: Torget, Vetlanda",,* arinmu(n) : sati s(t)in : þansi : eftiR : heru : fþur : s-- * a-- * bruþr : sina : þurbun : auk : nfa :,"Ärinmund satte denna sten efter Hära, sin fader, och sina bröder Torbjörn och Näve",https://www.christerhamp.se/runor/gamla/sm/sm110.html,https://www.christerhamp.se/runor/gamla/sm/sm110s.jpg
Sm 111,"Sm 111 - Småland: Fageräng, Vetlanda",᛬ ᚢᛁᚴᚢᛏᚱ ᛬ ᚱᛁᛋᛏᛁ ᛫ ᛋᛏᛁᚾ ᛫ ᚦᛅᛋᛁ ᛫ ᛂᚠᛏᛁᛦ ᚴᛁᛦᚠᛅᛋᛏ ᛫ ᛒᚱᚢᚦᚢᚱ ᛋᛁᚾ ᛅᚴᚢ- ᛬ ᚼᛁᚢ-,: uikutr : risti * stin * þasi * e(f)tiR kiRfast * bruþur sin * aku- : hiu-,"Vigöt reste denna sten efter Gerfast, sin broder. Gud hjälpe.",https://www.christerhamp.se/runor/gamla/sm/sm111.html,https://www.christerhamp.se/runor/gamla/sm/sm111s.jpg
Sm 112,"Sm 112 - Småland: Storebro, Vetlanda",ᚴᚢ,...ku-...,-,https://www.christerhamp.se/runor/gamla/sm/sm112.html,https://www.christerhamp.se/runor/gamla/sm/sm112.jpg
Sm 113,"Sm 113 - Småland: Tångerda, Vetlanda",,o(s)bakR * (l)e(t) ...sa : kubl : eftiR : faþur : stiubsun : sin :,"ospak lät resa kumlet efter Fader, sin styvson",https://www.christerhamp.se/runor/gamla/sm/sm113.html,https://www.christerhamp.se/runor/gamla/sm/sm113s.jpg
Sm 115,Sm 115 - Småland: Öreryds kyrkogård,,{HIC ÷ IA[C]ET MAGNUS ET ÷ HELENA LEGET ÷ A} au(æ) [mauia krakia ÷ klænt ÷] (d)om(i)(u)s ÷ tekum ÷ bænætikta ÷ tu ÷ in ÷ muliæribus,"{Hic iacet Magnus et Helena. Lege Ave}. Ave Maria gratia plena. Dominus tecum. Benedicta tu in mulieribus
Här ligger Magnus och Helena. Läs! Var hälsad Maria, full av nåd. Herren är med dig. Välsignad vare du bland kvinnor.",https://www.christerhamp.se/runor/gamla/sm/sm115.html,https://www.christerhamp.se/runor/gamla/sm/sm115s.jpg
Sm 118,Sm 118 - Smĺland: Barkeryds kyrkogĺrd,,ćstreţ,Astrid,https://www.christerhamp.se/runor/gamla/sm/sm118.html,https://www.christerhamp.se/runor/gamla/sm/sm118s.jpg
Sm 119,Sm 119 - Smĺland: Järstorps kyrka,,ia=rnsto=rp,Järnstorp,https://www.christerhamp.se/runor/gamla/sm/sm119.html,https://www.christerhamp.se/runor/gamla/sm/sm119.jpg
Sm 120,Sm 120 - Småland: Lekeryds kyrka,,ioha=n,Johan,https://www.christerhamp.se/runor/gamla/sm/sm120.html,https://www.christerhamp.se/runor/gamla/sm/sm120.jpg
Sm 121,Sm 121 - Smĺland: Rogberga kyrkogĺrd,,ketil : resţi : kuml : [ţ]usi : eftiR : le- * [muţ]ur[:]bruţur : sin :,Kettil reste detta kummel efter ... sin morbror,https://www.christerhamp.se/runor/gamla/sm/sm121.html,https://www.christerhamp.se/runor/gamla/sm/sm121s.jpg
Sm 122,"Sm 122 - Småland: Uppgränna, Gränna",᛬ ᛋᚢᛁᚾ ᛬ ᚱᛁᛋᚦᛁ ᛬ ᛋᛏᛁᚾᛅ ᛬ ᚦᛂᛋᛁ ᛬ ᛂᚠᛏᛁᛦ ᛬ ᚬᛋᛚᛅᚴ ᛬ ᛅᚢᚴ ᛬ ᛂᚠᛏᛁᛦ ᛬ ᚴᚢᛏᛅ ᛬ ᛋᚢᚾ ᛬ ᚼᚭᚾᛋ ᛬ ᛂᚾ ᛬ ᚭᛋᛚᛅᚴᛋ ᛬ ᚢᛅᛋ ᛬ ᛒᚱᚢᚦᛁᛦ ᛬ ᛋᚢᛁᚾᛋ ᛬,: suin : risþi : stina : þesi : eftiR : oslak : auk : eftiR : kuta : sun : hons : en : oslaks : uas : bruþiR : suins :,"Sven resta dessa stenar efter Åslak och efter Gute, hans son. Och Åslak avr Svens broder.",https://www.christerhamp.se/runor/gamla/sm/sm122.html,https://www.christerhamp.se/runor/gamla/sm/sm122s.jpg
Sm 123,"Sm 123 - Småland: Brahekyrkan, Visingsö",,asmutær * kærþi * tRr þa=r * lafri *,Åsmund gjorde denna dörr ...,https://www.christerhamp.se/runor/gamla/sm/sm123.html,https://www.christerhamp.se/runor/gamla/sm/sm123s.jpg
Sm 124,"Sm 124 - Småland: Kumlaby kyrka, Visingsö",᛬ ᛁᛋᚴᛁᛚ ᛬ ᛅᚢᚴ ᛬ ᚴᚢᚾᛅ ᛬ ᛚᛅᚵᚦᚢ ᛬ ᛋᛂᛏᚾ ᛬ ᚾ ᛬ ᛒᚢᚾᛏᛅ ᛋᛁᚾ ᛬ ᚴᚢᚦ ᚼᛅᛚᛒ ᛬ ᛋᛂᛚᚢ ᚼᛅᛋ ᛬,: iskil : auk : kuna : (l)agþu : setn : ...n : bunta sin : kuþ halb : se(l)u has :,Eskil och Gunna lade stenen ... efter deras man. Gud hjälpe hans själ.,https://www.christerhamp.se/runor/gamla/sm/sm124.html,https://www.christerhamp.se/runor/gamla/sm/sm124s.jpg
Sm 125,"Sm 125 - Småland: Kumlaby kyrka, Visingsö",ᚾ × ᛚᛁᛏ ᛬ ᚴᛅᚢᚱᛅ ᛬ ᛋᛏᛅᛁᚾ ᛬ ᚦᛁᚾᛋᛁ ×᛬ ᛅᚠᛏᛁᚱ ᚠᛁᚢᛚ᛬ᛘᚢᚦ᛬,...n × lit : kaura : stain : þinsi ×: aftir : fiul:muþ : ...,... lät göra denna sten efter Fjulmund ...,https://www.christerhamp.se/runor/gamla/sm/sm125.html,https://www.christerhamp.se/runor/gamla/sm/sm125s.jpg
Sm 127,"Sm 127 - Småland: Bona gästgivaregård, Bredestad",,...a... ...aR : hakunaR : þ-t : ru-s : far-...,"... Håkans, som ...",https://www.christerhamp.se/runor/gamla/sm/sm127.html,https://www.christerhamp.se/runor/gamla/sm/sm127s.jpg
Sm 128,"Sm 128 - Småland: Göberga, Linderås",,... ...in × iftiR þ...rlak -...,... stenen efter Torlak ...,https://www.christerhamp.se/runor/gamla/sm/sm128.html,https://www.christerhamp.se/runor/gamla/sm/sm128s.jpg
Sm 130,Sm 130 - Småland: Eksjö kyrka,,: (i)arbR : let : resa ... ...-fti : siba : broþur : sin : auk : br- : kiara : hla-R--...--... sibi : ...r...,"Järp lät resa ... efter Sibbe, sin broder, och göra bro ... Sibbe ...",https://www.christerhamp.se/runor/gamla/sm/sm130.html,https://www.christerhamp.se/runor/gamla/sm/sm130s.jpg
Sm 131,"Sm 131 - Småland: Hjortholmen, Flisby",,: tu-iR : resþi : sta... ... unþik : bru-ur : sin :,"Tolir reste stenen efter Osniken, sin broder",https://www.christerhamp.se/runor/gamla/sm/sm131.html,https://www.christerhamp.se/runor/gamla/sm/sm131s.jpg
Sm 132,"Sm 132 - Småland: Rickelstorp, Flisby",,(h)ilhi : raisti [:] s(t)(e)[i]n [:] (þ)eni : eftiR : fin : faþur * sin,"Helge reste dena sten efter Finn, sin fader",https://www.christerhamp.se/runor/gamla/sm/sm132.html,https://www.christerhamp.se/runor/gamla/sm/sm132s.jpg
Sm 133,"Sm 133 - Småland: Sunneränga, Flisby",᛬ ᚴᛚᛅᚴᛦ ᛬ ᚱᛁᛋᚦᛁ ᛬ ᛋᛏᛁᚾ ᛬ ᚦᛅᛁᛋᛁ ᛬ ᛅᚠᛏᛦ ᛬ ᛋᚢᚾ ᛬ ᛋᛁᚾ ᛬ᚦᚢᚱ᛬ᛒᛁᛅᚢᚱᚾ ᛬,: klakR : risþi : stin : þaisi : aftR : su[n] : sin : þur:biaurn :,Klack reste denna sten efter sin son Torbjörn,https://www.christerhamp.se/runor/gamla/sm/sm133.html,https://www.christerhamp.se/runor/gamla/sm/sm133s.jpg
Sm 134,"Sm 134 - Småland: Sandshult, Hult",᛬ ᚴᚢᚦᚠᛅᛋᛏᚱ ᛬ ᚱᛅᛁᛋᛏᛁ ᛬ ᛋᛅᛁᚾ ᛬ ᚦᛁᚾᛅ ᛫ ᛂᚠᛏᛁᛦ ᛫ ᚴᚢᚾᛅᚱ ᚠᛅᚦᚢᚱ ᛋᛁᚾ,: kuþfastr : raisti : sain : þina : eftiR * kunar faþur sin,"Gudfast reste denna sten efter Gunnar, sin fader",https://www.christerhamp.se/runor/gamla/sm/sm134.html,https://www.christerhamp.se/runor/gamla/sm/sm134s.jpg
Sm 137,"Sm 137 - Småland: Kvarnarp, Höreda",,× s... × kiara × bro × þes- ...ftiR × klint × sun × sin × kuþ × hialbi × ont × hans,"... göra denna bro efter Klint, sin son. Gud hjälpe hans ande.",https://www.christerhamp.se/runor/gamla/sm/sm137.html,https://www.christerhamp.se/runor/gamla/sm/sm137s.jpg
Sm 141,"Sm 141 - Småland: Medalby, Mellby",,* ---ki : rei... ...ka * broþur *,... resa ... broder,https://www.christerhamp.se/runor/gamla/sm/sm141.html,https://www.christerhamp.se/runor/gamla/sm/sm141s.jpg
Sm 142,"Sm 142 - Småland: Värneslätt, Mellby",,* suin : garþi : kuml : efti... ...as(t)munt : faþur : sin *,"Sven gjorde kumlet efter Fastmund, sin fader",https://www.christerhamp.se/runor/gamla/sm/sm142.html,https://www.christerhamp.se/runor/gamla/sm/sm142s.jpg
Sm 143,"Sm 143 - Småland: Värneslätt, Mellby",,keiRmu...(r) : (l)e(t) × k...ra × kuml af(t)(i)R : --(þ)(k)--R : (f)aþur × sin : kuþ : hialbi : ont : hans :,"Germund lät göra kumlet efter ...ger, sin fader. Gud hjäle hans ande.",https://www.christerhamp.se/runor/gamla/sm/sm143.html,https://www.christerhamp.se/runor/gamla/sm/sm143s.jpg
Sm 144,"Sm 144 - Småland: Gursten, Lofta",,sunuR na ¶ ut smiþ ¶ a kata uifrþaR ...un... kuþaskaki faþi,Sonen fick Kåte Vifridssons smiden. Guda-Skägge utförde (ristningen).,https://www.christerhamp.se/runor/gamla/sm/sm144.html,https://www.christerhamp.se/runor/gamla/sm/sm144s.jpg
Sm 147,Sm 147 - Småland: Västra Eds ödekyrka,,iar-eiR risti * stin þ... ...--r--- * stRalr * k(a)(r)- uniþik(r),Jarger reste dena sten efter ... oniding,https://www.christerhamp.se/runor/gamla/sm/sm147.html,https://www.christerhamp.se/runor/gamla/sm/sm147s.jpg
Sm 152,"Sm 152 - Småland: Sinnerstad, Mörlunda",,...fi * karþ... ... [afti × hk]rulf × faþur sin [uk asr ×] uk * ikir,"... gjorde ... efter Herjulf, sin fader, och [efter] Osur och Ingegerd",https://www.christerhamp.se/runor/gamla/sm/sm152.html,https://www.christerhamp.se/runor/gamla/sm/sm152s.jpg
Sm 154,Sm 154 - Småland: Högsby kyrka,,(s)igtrykR × let × setia × stein × þena × ef(t)iR × haltan × faþur × sin × kuþ × hia(l)... -nt × hans ×,"Sigtrygg lät sätta denna sten efter Halvdan, sin fader. Gud hjälpe hans ande",https://www.christerhamp.se/runor/gamla/sm/sm154.html,https://www.christerhamp.se/runor/gamla/sm/sm154s.jpg
Sm 155,"Sm 155 - Småland: Bötterum, Långemåla",,uti : lit : s... ... faþur sin : ku... ...,Udde lär sätta ... sin gode fader,https://www.christerhamp.se/runor/gamla/sm/sm155.html,https://www.christerhamp.se/runor/gamla/sm/sm155s.jpg
Sm 157,Sm 157 - Småland: Ryssby kyrka,,ilugi * ... [bro iftiR ka]... ...þur sin| |nytan,Illuge [lät göra] bron efter ... sin duktige fader / broder,https://www.christerhamp.se/runor/gamla/sm/sm157.html,https://www.christerhamp.se/runor/gamla/sm/sm157s.jpg
Sm 163,Sm 163 - Småland: Arby kyrka,,...- × r--sa × kuml × iftiR × bofa × ...,... lät resa kumlet efter Bofi ...,https://www.christerhamp.se/runor/gamla/sm/sm163.html,https://www.christerhamp.se/runor/gamla/sm/sm163s.jpg
Sm 164,Sm 164 - Småland: Hossmo kyrka,,iak : biþ : þik : b...-- : at : þu : biþ : na=fnleka : fyrer : þæn : man : s=um : m...k : gio=rþe : ia=ko=b : het : h-...,Jag ber dig att du ber med namn för den man som gjorde mig. Jakob heter han.,https://www.christerhamp.se/runor/gamla/sm/sm164.html,https://www.christerhamp.se/runor/gamla/sm/sm164s.jpg
Sm 165,Sm 165 - Småland: Hossmo kyrka,,...fuþokrhtamiskmtm... ...fuþokrhlamisam ÷ tifuofi...,-,https://www.christerhamp.se/runor/gamla/sm/sm165.html,https://www.christerhamp.se/runor/gamla/sm/sm165s.jpg
Sm 166,Sm 166 - Småland: Hossmo kyrka,,... : þena : yfi... ... salu : k-...,... denna över ... själ ...,https://www.christerhamp.se/runor/gamla/sm/sm166.html,https://www.christerhamp.se/runor/gamla/sm/sm166s.jpg
Sm 167,Sm 167 - Småland: Hossmo kyrka,,...yri ᛫ li... ...,... lät ...,https://www.christerhamp.se/runor/gamla/sm/sm167.html,https://www.christerhamp.se/runor/gamla/sm/sm167s.jpg
Sm 168,Sm 168 - Småland: Hossmo kyrka,,...s----u ᛫ --...,-,https://www.christerhamp.se/runor/gamla/sm/sm168.html,https://www.christerhamp.se/runor/gamla/sm/sm168s.jpg
Sm 169,Sm 169 - Småland: Ljungby kyrka,,(f)iatr ᛫ ouk ᛫ rakn ᛫ þu ᛫ letu ᛫ risþa ᛫ stina ᛫ iutiR ᛫ uitlþa,och Ragna lät rista stenarna efter,https://www.christerhamp.se/runor/gamla/sm/sm169.html,https://www.christerhamp.se/runor/gamla/sm/sm169s.jpg
Sm 170,"Sm 170 - Småland: Skansen, Ljungby",᛫ ᚢᛂᚠᚢᛋ ᛫ ᛋᛅᛏᛁ ᛫ ᛋᛏᛁᚾ ᛫ ᛂᚠ ... ᛒᛁᚢᚱᚴ ᛫ ᚦᛁᛦᛅ ᛫ ᛋᚢᛋᛏᚢᚱ ...,* uefus * s(a)ti * stin * ef... ... ...biurk * þiRa * sustur ...--...,"Väfuss satte stenen efter ... -borg, deras syster ...",https://www.christerhamp.se/runor/gamla/sm/sm170.html,https://www.christerhamp.se/runor/gamla/sm/sm170s.jpg
Sm ATA 4278/31,"Sm ATA 4278/31 - Öland: Trånghalla, Bankeryd",,fnsutlR þia hor,-,https://www.christerhamp.se/runor/gamla/sm/smata4278-31.html,https://www.christerhamp.se/runor/gamla/sm/smata4278-31s.jpg
Sm IK 339,Sm IK 339 - Småland: Forsheda,,alweuiuiluuþ(þ)(a)uuuaewdaluuu,-,https://www.christerhamp.se/runor/gamla/sm/smik339.html,https://www.christerhamp.se/runor/gamla/sm/smik339s.jpg
Sm NOR 1997;25,"Sm NOR 1997;25 - Småland: kv. Harven, Jönköping",,kuþ : ...l-al^an,Gud ...,https://www.christerhamp.se/runor/gamla/sm/smnor1997-25.html,https://www.christerhamp.se/runor/gamla/sm/smnor1997-25s.jpg
Sm NOR 2002;25,"Sm NOR 2002;25 - Småland: Tovhult, Bredaryd",,... ...tin knut... ...,"... -sten, Knut ...",https://www.christerhamp.se/runor/gamla/sm/smnor2002-25.html,https://www.christerhamp.se/runor/gamla/sm/smnor2002-25s.jpg
Sm IVOS 1990;18,"Sm IVOS 1990;18 - Småland: Mjäryd, Södra Ljunga",᛬ ᚢᚠᛏᛁ,... : ufti- ...,... efter ...,https://www.christerhamp.se/runor/gamla/sm/smivos1990-18.html,https://www.christerhamp.se/runor/gamla/sm/smivos1990-18.jpg
Sm SvS 1973;4,Sm SvS 1973;4 - Småland: Mellby kyrka,ᚴᛂᚱᛘᚢᚾᛏᚱ × ᛚᛂᛏ ᚴᛁᛅᚱᛅ × ᚴᛁᛅᚱᛅ × ᚴᚢᛘᛚ  ᚦᛂᛏᛅ  ᛂᚠᛏᛁᛦ × ᛅᚢᚦᛂᛚᚠᛁ ×  ᛅᚢᚴ × ᚢᛅᚱᛁᚾ × ᚢᛁᚾᛁᚢᛏᚱ × ᛁᚠᛏᛁᛦ × ᛏᚱᚤᚴᚢᛚᚠ × ᚠᛅᚦᚢᚱ ᛋᛁᚾ × ᚴᚢᚦ ᚼᛁᛅᛚᛒᛁ × ᚭᚾᛏ × ᚦᛂᛁᛦᛅ ×,ke(r)munt(r) × let kiara × kiara × kum(l) : þeta : eftiR × auþelfi × auk × uarin × uiniutr × iftiR × trykulf × faþur sin × kuþ hialbi × ont × þeiRa ×,"Germund lät göra detta kummel efter Ödälv och Varin, Vinjut efter Tryggulf, sin fader. Gud hjälpe deras ande.",https://www.christerhamp.se/runor/gamla/sm/smsvs1973-4.html,https://www.christerhamp.se/runor/gamla/sm/smsvs1973-4s.jpg
Sö 2,"Sö 2 - Södermanland: Axala, Björnlunda",,sloþi rahnfriþ þaun * litu * hakua * stain * iftiR * ihulbiarn * sun * sin * hialbi * kristr ant * has,"Slode, Ragnfrid de lät hugga stenen efter Igulbörn, sin son. Kristus hjälpe hans ande.",https://www.christerhamp.se/runor/gamla/so/so2.html,https://www.christerhamp.se/runor/gamla/so/so2s.jpg
Sö 3,"Sö 3 - Södermanland: Vänga, Björnlunda",,kefluk · auk · kula · þau · lit[u · raisa ... ...isa · at · sty]fialt · sun · sin · broþur · iluka,"Gevlög och Gylla lät resa denna sten efter Styviald, sin son, broder till Illuge",https://www.christerhamp.se/runor/gamla/so/so3.html,https://www.christerhamp.se/runor/gamla/so/so3s.jpg
Sö 7,"Sö 7 - Södermanland: Öja, Björnlunda",,· suainalti : auk : suainunkR : auk : asi : auk : gas : þau : litu : raisa : stain : at : biarn : faþur : sin : nytan : kuþ : hialbi : ant : hns auk : gus moþiR,"Svenaide och Svenung och Äse och Gas, de läto resa stenen efter Björn, sin idoge fader. Gud hjälpe hans ande och Guds moder!",https://www.christerhamp.se/runor/gamla/so/so7.html,https://www.christerhamp.se/runor/gamla/so/so7s.jpg
Sö 8,"Sö 8 - Södermanland: Nybble, Dillnäs",,kyla : auk : raknþruþr þaR : raistu : stain : at : uraiþ : faþur : si[n] buna auluafaR : bruþur : biarnaR : kuþ · hialbi : selu · ans,"Gylla och Ragntrud, de reste stenen efter Vred, sin fader, make till Olväv, broder till Björn. Gud hjälpe hans själ!",https://www.christerhamp.se/runor/gamla/so/so8.html,https://www.christerhamp.se/runor/gamla/so/so8s.jpg
Sö 9,"Sö 9 - Södermanland: Lifsinge, Dillnäs",,barkuiþr × auk × þu : helka × raistu × stain × þansi : at · ulf : sun · sin · han × entaþis + miþ : ikuari + kuþ + hialbi + salu ulfs ×,"Bergvid, han och Helga, reste denna sten efter Ulv, sin son. Han dog med Ingvar. Gud hjälpe Ulvs själ!",https://www.christerhamp.se/runor/gamla/so/so9.html,https://www.christerhamp.se/runor/gamla/so/so9s.jpg
Sö 10,Sö 10 - Södermanland: Frustuna kyrka,,inkimar * auk * inkimuntr * auk * suiunkR * þaiR * litu * raisa * stain * at * iarl * faþur : sin : kuþan : kuþ : halbi * ant hans *,"Ingemar och Ingemund och Svenung, de lät resa stenen efter Jarl, sin gode fader. Gud hjälpe hans ande.",https://www.christerhamp.se/runor/gamla/so/so10.html,https://www.christerhamp.se/runor/gamla/so/so10s.jpg
Sö 11,Sö 11 - Södermanland: Gryts kyrka,,fraybiarn : auk : kuţrun : ţau : ritu : stain : at * romunt * sun * sin * snialan * haiR * at * marhu * roţkais * broţiR * kuţ * hialbi * antu * ybiR * hiok runaR [iRma : k],"Fröbjörn och Gudrun, de reste stenen efter Romund, sin raske son, här till minnesmärke. [Han var] Rodgers broder. Gud hjälpe hans ande. Öpir högg runorna ...",https://www.christerhamp.se/runor/gamla/so/so11.html,https://www.christerhamp.se/runor/gamla/so/so11s.jpg
Sö 14,Sö 14 - Södermanland: Gåsinge kyrka,,rakna * raisti * stain * þansi * at * suin * buta * sit * auk * sifa * auk * r-knburk * at * sit * faþur * kuþ * hil[b]i * at * [hat]s * uit * iak * þet * uaR * sui- * uestr * miþ * kuti,"Ragna reste denna sten efter Sven, sin make, och Säva och Ragnborg efter sin fader. Gud hjälpe hans ande. Jag vet att Sven var västerut med Göt.",https://www.christerhamp.se/runor/gamla/so/so14.html,https://www.christerhamp.se/runor/gamla/so/so14s.jpg
Sö 15,Sö 15 - Södermanland: Gåsinge kyrka,,... * tau₫ * mu...,... död mo[der] ...,https://www.christerhamp.se/runor/gamla/so/so15.html,https://www.christerhamp.se/runor/gamla/so/so15s.jpg
Sö 16,Sö 16 - Södermanland: Kattnäs kyrkogård,,... ...uþin * han * unR * tauþr * i[hail]... ... [iþaby] halbi * kuþ * aat * aR/ma,...uden[?] han blev död ... i Hedeby. Gud hjälpe anden.,https://www.christerhamp.se/runor/gamla/so/so16.html,https://www.christerhamp.se/runor/gamla/so/so16s.jpg
Sö 20,"Sö 20 - Södermanland: Smedsta, Hölö",,...uþmunr ti : riti : stin : þensa * abtiR : þurfas : fu... ...,Gudmund lät resa denna sten efter Torfast ...,https://www.christerhamp.se/runor/gamla/so/so20.html,https://www.christerhamp.se/runor/gamla/so/so20s.jpg
Sö 22,"Sö 22 - Södermanland: Håga, Mörkö",,* þrikr : auk : frusti : litu : k(a)r[a * bro : a]uk * [l]itu raisa : stin at : orma : faþur : sin : koþan,"och Froste lät göra bron och resa stenen efter Orme, sin gode fader",https://www.christerhamp.se/runor/gamla/so/so22.html,https://www.christerhamp.se/runor/gamla/so/so22s.jpg
Sö 24,"Sö 24 - Södermanland: Berga, Trosa-Vagnhärad",ᚠᛁᛅᛟ ᛊᚫᛚᛁᚫᚷᚫᛊᛏᛁᛉ,fino saligastiz,"Fino, Saligester",https://www.christerhamp.se/runor/gamla/so/so24.html,https://www.christerhamp.se/runor/gamla/so/so24s.jpg
Sö 25,"Sö 25 - Södermanland: Långbro, Trosa-Vagnhärad",,* ui*gautra : auk : igialtr : a[uk : usurR : þaiR : rais... ...tae]n : þinsa * a[t] * su[ain * ...aþur : sin,"Vigöt och Ingjald och Assur, de reste denna sten efter Sven, sin fader",https://www.christerhamp.se/runor/gamla/so/so25.html,https://www.christerhamp.se/runor/gamla/so/so25s.jpg
Sö 26,"Sö 26 - Södermanland: Ytterstene, Trosa-Vagnhärad",,fasti * auk * hsbakR * litu * raisa * stai[n * at * si]khuat * br[u]þur sin,"Faste och Ospak lät resa stenen efter Sigvat, sin broder",https://www.christerhamp.se/runor/gamla/so/so26.html,https://www.christerhamp.se/runor/gamla/so/so26s.jpg
Sö 27,"Sö 27 - Södermanland: Sör-Husby, Trosa-Vagnhärad",ᚴᚢᚾᛅᚢᚴ ᛫ ᛏᚢᚠᛁ ᛫ ... ᛒᚱᚢᚦᚢᚱ ᛫ ᛋᛁᚾ ᛫ ᚴᚢᚦ ᛫ ᚼᛁᛅᛚᛒᛁ,kuna uk • tufi • (u)... ... ... ... ... ... bruþur • sin • kuþ • hialbi,Gunna och Tove ... sin broder. Gud hjälpe!,https://www.christerhamp.se/runor/gamla/so/so27.html,https://www.christerhamp.se/runor/gamla/so/so27s.jpg
Sö 32,Sö 32 - Södermanland: Skåäng,,"harija hleugazt
skanmals auk × olauf × þau × litu × kiara × merki × þausi × eftiR × suain × faþur × sin kuþ × hialbi salu hans
harija leugaz","Skamhals och Olof de lät göra dessa minnesmärken efter Sven, sin fader. Gud hjälpe hans själ.",https://www.christerhamp.se/runor/gamla/so/so32.html,https://www.christerhamp.se/runor/gamla/so/so32s.jpg
Sö 36,"Sö 36 - Södermanland: Trosa bro, Trosa-Vagnhärad",ᚦᚢᚱᚴᛁᛦ ᛫ ᛅᚢᚴ ᛫ ᚢᚱᛁ ᛫ ᚦᛅᛁᛦ ᛫ ᚱᛅᛁᛋᛏᚢ ᛫ ᛋᛏᛅᛁᚾᛅ ᛫ ᛅᛏ ᛫ ᚢᛚᛅᛁᚠ ᛫ ᚠᛅᚦᚢᚱ ᛫ ᛋᛁᚾ ᛬ ᛅᚢᚴ ᛬ ᛅᛏ ᛫ ᛋᚢᛅᛁᚾ ᛫ ᛒᚱᚢᚦᚢᚱ ᛋᛁᚾ ᛫,þurkiR • auk • uri • þaiR • raistu • staina • at • ulaif • faþur • sin : auk : at • suain • bruþur sin •,"Torger och Orre, de reste stenarna efter Olev, sin fader, och efter Sven, sin broder",https://www.christerhamp.se/runor/gamla/so/so36.html,https://www.christerhamp.se/runor/gamla/so/so36s.jpg
Sö 39,"Sö 39 - Södermanland: Åda, Trosa-Vagnhärad",,: hermoþr : lit : hagua : at : barkuiþ : bruþur : sin : h[an] trukn-þi : [a] lf:lanti :,"Hermod lät hugga efter Bergvid, sin broder. Han drunknade i Livland.",https://www.christerhamp.se/runor/gamla/so/so39.html,https://www.christerhamp.se/runor/gamla/so/so39s.jpg
Sö 40,Sö 40 - Södermanland: Västerljungs kyrka,ᚼᛅᚢᚾᛂᚠᛦ ᛭ ᚱᛅᛋᛏᛁ ᛫ ᛅᛏ ᛫ ᚴᛅᛁᛦᛘᛅᚱ ᛫ ᚠᛅᚦᚢᚱ ᛫ ᛋᛁᚾ ᛭ ᚼᛅᛅ ᛫ ᛁᛦᛁᚾᛏᛅᚦᚱ ᛫ ᚯ ᛫ ᚦᛁᚢᛋᛏᛁ ᛫ ᛋᚴᛅᛘᛅᛚᛋ ᛫ ᚼᛁᛅᚴ ᛫ ᚱᚢᚾᛅᛦᚦᛅᛦᛋᛁ,haunefR + raisti • at • kaiRmar • faþur • sin + haa • iR intaþr • o • þiusti • skamals • hiak • runaR þaRsi +,"Hunnäv reste efter Germar, sin fader. Han dog i Tjust. Skamhals högg dessa runor.",https://www.christerhamp.se/runor/gamla/so/so40.html,https://www.christerhamp.se/runor/gamla/so/so40s.jpg
Sö 41,"Sö 41 - Södermanland: Björke, Västerljung",,tati + iok + eftiR + faþur + sin × skaka × mirki| |it + mikla + man + (i)auRn,Tate högg efter sin fader Skakke det stora minnemärket. Man ska alltid höra talas om det.,https://www.christerhamp.se/runor/gamla/so/so41.html,https://www.christerhamp.se/runor/gamla/so/so41s.jpg
Sö 42,"Sö 42 - Södermanland: Gillberga, Västerljung",,sigualti : r[aisti ... ... ...kil * br]utia : sin,Sigvald reste ... sin rättare,https://www.christerhamp.se/runor/gamla/so/so42.html,https://www.christerhamp.se/runor/gamla/so/so42s.jpg
Sö 45,"Sö 45 - Södermanland: Släbro, Nyköping",,: kaiRf--tr : aistfari : raisþu : stain : þansi : eftiR : frayst... ...-[r :] sin : auk at ruakn : bruþur si:n (u)...þr : uinurniR :,"Gerfast och Estfare reste denna sten efter Frösten, sin fader och efter Vagn, sin broder ...",https://www.christerhamp.se/runor/gamla/so/so45.html,https://www.christerhamp.se/runor/gamla/so/so45s.jpg
Sö 46,"Sö 46 - Södermanand: Hormesta, Nykyrka socken",,iskil : auk : knauþimanr : raistu : stain : þansi : at : bruþur : sin : suera : as : uarþ : tauþr * o * eklanti kuml * kiarþu : þatsi [: ki]til  [s](b)[akR],"Eskil och Gnödigmand reste denna sten efter sin broder Sverre, som dog i England. Detta minnesmärke gjorde Kättil och Spak.",https://www.christerhamp.se/runor/gamla/so/so46.html,https://www.christerhamp.se/runor/gamla/so/so46s.jpg
Sö 47,"Sö 47 - Södermanland: Vålsta, Nykyrka",,...(R)-kR : kiarþi : kuml : þat:si : eftiR : osmunt : sun : sin + han : is : krafin : o · ku...,"Rörik gjorde detta minnesmärke efter Asmund, sin son. Han är begraven i kyrkan. Röset hopfört efter Röriks son.",https://www.christerhamp.se/runor/gamla/so/so47.html,https://www.christerhamp.se/runor/gamla/so/so47s.jpg
Sö 48,Sö 48 - Södermanland: Stigtomta kyrka,,× uiglaikR × auk × kiuli × auk × helgi × auk × iulfastr × ₫eiR × raistu × stain eftiR × ₫orbiarn,"Viglek och Gylle och Helge och Igulfast, de reste stenen efter Torbjörn.",https://www.christerhamp.se/runor/gamla/so/so48.html,https://www.christerhamp.se/runor/gamla/so/so48s.jpg
Sö 49,"Sö 49 - Södermanland: Ene, Stigtomta",,þurþr : auk : tuki + raistu + stain + þansi + aftiR + bysiu ++ faþur sin ¤ han + uarþ tauþr : o kniri :,"Tord och Toke reste denna sten efter Bysja, sin fader. Han dog på knarren.",https://www.christerhamp.se/runor/gamla/so/so49.html,https://www.christerhamp.se/runor/gamla/so/so49s.jpg
Sö 50,"Sö 50 - Södermanland: Jogersta, Tuna socken",,ţorbiarn × auk × fraylaug × litu × rita × stan × iftR × ayt sun sin,"Torbjörn och Frölög lät resa stenen efter Önd, sin son",https://www.christerhamp.se/runor/gamla/so/so50.html,https://www.christerhamp.se/runor/gamla/so/so50s.jpg
Sö 51,"Sö 51 - Södermanland: Allhelgonakyrkan, Nyköping",,: kuþfastr : saiulfr : raistu : at : hulmstain : [b]ruþur san : stain :,"Gudfast Säulv reste stenen efter Holmsten, sin broder",https://www.christerhamp.se/runor/gamla/so/so51.html,https://www.christerhamp.se/runor/gamla/so/so51s.jpg
Sö 52,"Sö 52 - Södermanland: Märings spång, Bettna",,faraukiR : rais(t)[i : stain : þina]si : [a]t : ulaif : faþur sin han : at : kaiR[uni],"Freygeir reste denna sten efter Oleif, sin fader. Han ägde Geirun",https://www.christerhamp.se/runor/gamla/so/so52.html,https://www.christerhamp.se/runor/gamla/so/so52s.jpg
Sö 54,"Sö 54 - Södermanland: Bjudby, Blacksta",,þurstain : auk : aystain : auk : natfari : raistu : stain : at : finuiþ : auk : ulif : þurkil buruþr sin uaru * aliR * uikiks * suniR latburniR * man * litu * rita * stain stainkil * rist * runaR,"Torsten och Östen och Nattfare reste stenen efter Finnvid och Olev, Torkel, sin broder. Lantborna män lät resa stenen, var alla Vikings söner. Stenkil ristade runorna.",https://www.christerhamp.se/runor/gamla/so/so54.html,https://www.christerhamp.se/runor/gamla/so/so54s.jpg
Sö 55,"Sö 55 - Södermanland: Bjudby, Blacksta",,ţorstain (l)(i)... ...sa : stain : ţena : ... sik : sialfan : auk : sun : sin : hefni : uaR til : enklans : ukr : trenkr : farin : uarţ : ţa * haima : at : harmi tauţr kuţ hialbi : sialu : ţaima bruni : auk : sloţi : ţaiR ...(u) stan ţena,"Torsten lät resa denna sten efter sig själv och sin son Hävner. Till England hade den unge kämpen farit, dog sedan sorgligen hemma. Gud hjälpe deras själar. Brune och Slode ristade denna sten.",https://www.christerhamp.se/runor/gamla/so/so55.html,https://www.christerhamp.se/runor/gamla/so/so55s.jpg
Sö 56,"Sö 56 - Södermanland: Fyrby, Blacksta",,iak * uait : hastain : þa : hulmstain : bryþr * menr : rynasta : a : miþkarþi : setu : stain : auk : stafa : marga eftiR * fraystain * faþur * sin *,"Jag vet Håsten och Holmsten, bröderna vara runkunnigast bland män i Midgård De satte stenen och stavar många efter Frösten fader sin",https://www.christerhamp.se/runor/gamla/so/so56.html,https://www.christerhamp.se/runor/gamla/so/so56s.jpg
Sö 58,Sö 58 - Södermanland: Floda kyrka,,lifstain * ... fraubiarn * au... ... ...uniR : suarthaufþa : eftiR : sin faþ...,Livsten och Fröbjärn och ... Svarthövdes söner efter sin fader,https://www.christerhamp.se/runor/gamla/so/so58.html,https://www.christerhamp.se/runor/gamla/so/so58s.jpg
Sö 65,"Sö 65 - Södermanland: Djulefors, Stora Malm",,[inka : raisti : stain : þansi : at : ulai](f) : sin : [a...k] : han : austarla : arþi : barþi : auk : o : lakbarþilanti : [anlaþis +],"Inga reste denna sten efter Olov, sin arvinge. Han österut plöjde med stäven och i Langbardaland dog han.",https://www.christerhamp.se/runor/gamla/so/so65.html,https://www.christerhamp.se/runor/gamla/so/so65s.jpg
Sö 66,Sö 66 - Södermanland: Sköldinge kyrka,,+ hiar : ritiR : kulaifr : ok : ... ... : ku₫ : biarhi : sial : hans ×,Här reser Gudlev och ... Gud hjälpe hans själ,https://www.christerhamp.se/runor/gamla/so/so66.html,https://www.christerhamp.se/runor/gamla/so/so66-1s.jpg
Sö 69,Sö 69 - Södermanland: Valla by,,¤ inkialr ¤ a-... ...-fR : raistu [sta]-- : ₫ansi : at ¤ kana ¤ [sun kuna ¤],"Ingjald och ...ulv reste denna sten efter Kane, Gunnes son",https://www.christerhamp.se/runor/gamla/so/so69.html,https://www.christerhamp.se/runor/gamla/so/so69s.jpg
Sö 70,"Sö 70 - Södermanland: Hedenlunda, Vadsbro",,[kitil]haufþi : auk : stinktil : þaiR : raistu stin [:] þansi : at : sikitl : bru[þur sin] sinalR : sunR : ulaufR ·,"Kättilhövde och Stenkättil, de reste denna sten efter Sigkättil, sin broder, Olovs raska söner",https://www.christerhamp.se/runor/gamla/so/so70.html,https://www.christerhamp.se/runor/gamla/so/so70s.jpg
Sö 71,"Sö 71 - Södermanland: Hansta, Västra Vingåker",,...----k--(r)nur þasi (i)f(t)iR ----fau(r) + si(u)--... ...ariul-r,... denna efter ... sin fader ... Härjulf,https://www.christerhamp.se/runor/gamla/so/so71.html,https://www.christerhamp.se/runor/gamla/so/so71s.jpg
Sö 73,"Sö 73 - Södermanland: Lyttersta, Västra Vingåker",,: þurkunr : raisti : stain : þansi : abtiR : siriþ(i)R ×,Torgunn reste denna sten efter Sigrid,https://www.christerhamp.se/runor/gamla/so/so73.html,https://www.christerhamp.se/runor/gamla/so/so73s.jpg
Sö 74,"Sö 74 - Södermanland: Ålsäter, Västra Vingåker",,¤ þuraaR : raisti : stain : þansi : at : sun : sin : kurR : auk : kiarþi : sbankaR : ufiR * sun :,Torer reste denna sten efter sin son Gyrd och gjorde spänger över sonen,https://www.christerhamp.se/runor/gamla/so/so74.html,https://www.christerhamp.se/runor/gamla/so/so74s.jpg
Sö 75,Sö 75 - Södermanland: Vrena kyrka,,niniR : auk : tiþkum : raistu : stain : at : ulf : bruþur sin,"Nenni och Tidkume reste stenen efter Ulf, sin broder",https://www.christerhamp.se/runor/gamla/so/so75.html,https://www.christerhamp.se/runor/gamla/so/so75s.jpg
Sö 79,"Sö 79 - Södermanland: Hällby, Torshälla",,...rn auk · þi-..--... r...u at : f...-...(r) (s)in : stai-...-(o)(r)n : ...uk a- n-tir(f) (b)--u... ...-,"... Björn och ... ristade efter Stenbjörn, sin fader, och efter ...djärv, sin broder",https://www.christerhamp.se/runor/gamla/so/so79.html,https://www.christerhamp.se/runor/gamla/so/so79s.jpg
Sö 82,Sö 82 - Södermanland: Tumbo kyrka,,[+] ui--(a)n [× (b)a-]iR × (i)þrn + RftRh × fraitRn × bruþur × [is](R)n × þuþR ×  kRkum (×) [þulR × iuk × uln ×],"Visten [?] reste stenen efter Frösten sin broder, död i Grekland. Tule högg runorna",https://www.christerhamp.se/runor/gamla/so/so82.html,https://www.christerhamp.se/runor/gamla/so/so82s.jpg
Sö 84,Sö 84,,× a...R ...et * raisa * stain * at * þorbiorn * boroþur * sin * sun * þorstainR * i skytiki * kuþ * hiolbi * ant * ¶ * þorbiornaR *,"... lät resa stenen efter Torbjörn, sin broder, son till Torsten i Skyttinge. Gud hjälpe Torbjörns ande",https://www.christerhamp.se/runor/gamla/so/so84.html,https://www.christerhamp.se/runor/gamla/so/so84s.jpg
Sö 85,"Sö 85 - Södermanland: Västerby, Tumbo",,: ansuar : auk : ern... ... [: faþur sin : han : enta]þis : ut i : krikum (r)uþr : ---...unk------an-----,Ansvar och Ärn... [reste denna sten efter ... ] sin fader. Han dog ute i Grekland ...,https://www.christerhamp.se/runor/gamla/so/so85.html,https://www.christerhamp.se/runor/gamla/so/so85s.jpg
Sö 86,"Sö 86 - Södermanland: Södra Åby, Västermo",,: asmuhtr : auk : fraybiurn * litu kera : meki * siRun * at * herbiurn * faþur : sin :,"Asmund och Fröbjörn lät göra runtäckta vårdar efter Härbjörn, sin fader",https://www.christerhamp.se/runor/gamla/so/so86.html,https://www.christerhamp.se/runor/gamla/so/so86s.jpg
Sö 88,"Sö 88 - Södermanland: Valby, Öja",,stin : fastulfR : heriulfR : ristu stin : þansi : eftiR : kilf : faþur : sin : auk at ulfuiþ briuþur : kilfs : kauþu : kuml : snaliR : suniR : hulmlaukaR,"Sten, Fastulv, Härjulv reste denna sten efter Gelv, sin fader, och efter Ulvvid, Gelvs broder. Kumlet gjorde Holmlögs kloka söner.",https://www.christerhamp.se/runor/gamla/so/so88.html,https://www.christerhamp.se/runor/gamla/so/so88s.jpg
Sö 90,"Sö 90 - Södermanland: Lövhulta, Hammarby",,: atuitr : raisti : stein ... at : aisi : faþur : sin : þrutaR : þiakn :,"Andvätt reste denna sten efter Est, sin fader, en dugande man",https://www.christerhamp.se/runor/gamla/so/so90.html,https://www.christerhamp.se/runor/gamla/so/so90s.jpg
Sö 91,"Sö 91 - Södermanland: Tidö, Hammarby",,: ikulfR : auk : uasati : raistu : stain : þansi · aftiR : buka : au- : sikstin : þuþ hialbi · salu : þiRa :,Ingulv och Väsäte reste denna sten efter Bugge och Sigsten. Gud hjälpe deras själ!,https://www.christerhamp.se/runor/gamla/so/so91.html,https://www.christerhamp.se/runor/gamla/so/so91s.jpg
Sö 92,"Sö 92 - Södermanland: Husby kyrkogård, Husby-Rekarne",,... * lit * raisa * st... ... rysu * br(o)... * sin * ha... ... austr * bali * ..,"... lät resa stenen [efter] Rysja (?), sin broder. Han [dog] österut. Balle ...",https://www.christerhamp.se/runor/gamla/so/so92.html,https://www.christerhamp.se/runor/gamla/so/so92s.jpg
Sö 96,Sö 96 - Södermanland: Jäders kyrka,,... ... -(t)ain : ₫ansi : at : begli : fa₫ur : sii :: buanta :: sifuR :: han : uaR : fa... ...,"... denna sten efter Bägler, sin fader, make till Säva. Han var faren ...",https://www.christerhamp.se/runor/gamla/so/so96.html,https://www.christerhamp.se/runor/gamla/so/so96s.jpg
Sö 97,Sö 97 - Södermanland: Jäders kyrka,,asgautr : raisti : stin : þena : ... ...(r)(l) : faþur : sin × fostra : arna,"Åsgöt reste denna sten efter ... sin fader, Arnes fosterbroder",https://www.christerhamp.se/runor/gamla/so/so97.html,https://www.christerhamp.se/runor/gamla/so/so97s.jpg
Sö 98,Sö 98 - Södermanland: Jäders kyrka,,... × risti × runaR ft... ...,... ristade runorna efter ...,https://www.christerhamp.se/runor/gamla/so/so98.html,https://www.christerhamp.se/runor/gamla/so/so98s.jpg
Sö 100,Sö 100 - Södermanland: Jäders kyrka,,-,-,https://www.christerhamp.se/runor/gamla/so/so100.html,https://www.christerhamp.se/runor/gamla/so/so100s.jpg
Sö 101,Sö 101 - Södermanland: Ramsundsberget,ᛋᛁᚱᛁᚦᚱ ᛬ ᚴᛁᛅᚱᚦᛁ ᛬ ᛒᚢᚱ ᛬ ᚦᚬᛋᛁ ᛬ ᛘᚢᚦᛁᛦ ᛬ ᛅᛚᚱᛁᚴᛋ ᛬ ᛏᚢᛏᛁᛦ ᛬ ᚢᚱᛘᛋ ᛬ ᚠᚢᚱ ᛫ ᛋᛅᛚᚢ ᛬ ᚼᚢᛚᛘᚴᛁᚱᛋ ᛬ ᚠᛅᚢᚦᚱ ᛬ ᛋᚢᚴᚱᚢᚦᛅᚱ ᛒᚢᛅᛏᛅ ᛫ ᛋᛁᛋ ᛫,siriþr : kiarþi : bur : þosi : muþiR : alriks : tutiR : urms : fur * salu : hulmkirs : faþur : sukruþar buata * sis *,"Sigrid gjorde denna bro, Alriks moder, Orms dotter, för Holmgers själ, fadern till Sigröd, sin make.",https://www.christerhamp.se/runor/gamla/so/so101.html,https://www.christerhamp.se/runor/gamla/so/so101s.jpg
Sö 102,"Sö 102 - Södermanland: Vävle, Jäder",,omuþa ᛫ lit ᛫ raisa ᛫ stain ᛫ þinsa ᛫ eftir ᛫ ku[na]... sun ᛫ sin ᛫ kuþ ᛫ ialbi ans ᛫ (s)alu,"Amoda lät resa denna stene efter Gunne, sin son. Gud hjälpe hans själ!",https://www.christerhamp.se/runor/gamla/so/so102.html,https://www.christerhamp.se/runor/gamla/so/so102s.jpg
Sö 103,"Sö 103 - Södermanland: Vävle, Jäder",,: biurn ᛫ kirþi ᛫ kuml ᛫ þisa ᛫ at ᛫ hulfast ᛫ faþur ᛫ sin ᛫ auk ᛫ ᛫ iarl ᛫ broþur ᛫ sin ᛫,"Björn gjorde detta minnesmärke efter Holfast, sin fader, och Jarl, sin broder.",https://www.christerhamp.se/runor/gamla/so/so103.html,https://www.christerhamp.se/runor/gamla/so/so103s.jpg
Sö 104,"Sö 104 - Södermanland: Berga, Kjula",,frkstin : riti : tsin : þina : at heþinfastþ : faþur sin : ulfr : o : (a)i(k)u a(l)ib :,"Frösten reste denna sten efter Hedinfast, sin fader. Ulv på Nor ristade.",https://www.christerhamp.se/runor/gamla/so/so104.html,https://www.christerhamp.se/runor/gamla/so/so104s.jpg
Sö 105,"Sö 105 - Södermanland: Högstena, Kjula",,: hulmuiþr : -þi-(s)... ...(R) ...ur--(r)- su[n]  han : uaR : fa-in : m(i)- : ikuari ×+,"Holmvid [reste denna sten efter] Torbärn [?], sin fader. Han var faren med Ingvar.",https://www.christerhamp.se/runor/gamla/so/so105.html,https://www.christerhamp.se/runor/gamla/so/so105s.jpg
Sö 106,"Sö 106 - Södermanland: Kungshållet, Kjula",,alrikR ¤ raisti ¤ stain × sun × siriþaR × at × sin faþur × sbiut ×× saR × uisitaula × um × uaRit : hafþi × burg × um brutna : i : auk × um barþa +× firþ × han × kar(s)aR + kuni + alaR ×,"Alrik reste stenen, Sigrids son, efter sin fader Spjut, som varit västerut, brutit borg och slagit borgmän. Färdens fästen kände han alla.",https://www.christerhamp.se/runor/gamla/so/so106.html,https://www.christerhamp.se/runor/gamla/so/so106s.jpg
Sö 107,Sö 107 - Södermanland: Balsta,,: rulifR : raisti : stein : þnsi : at : faþur : sin : skarf : ha[n] uaR : farin : miþ : ikuari :,"Rodleif reste denna sten efter Skarv, sin fader. Han hade farit med Ingvar",https://www.christerhamp.se/runor/gamla/so/so107.html,https://www.christerhamp.se/runor/gamla/so/so107s.jpg
Sö 108,Sö 108 - Södermanland: Gredby,,kunulfR : raisti : stein : ţansi : at : ulf : faţur : sin : han : uaR i : faru : miţ : ikuari :,"Gunnulv reste denna sten efter Ulv, sin fader. Han for med Ingvar.",https://www.christerhamp.se/runor/gamla/so/so108.html,https://www.christerhamp.se/runor/gamla/so/so108s.jpg
Sö 109,Sö 109 - Södermanland: Gredby bro,,ormar auk × uifriþ ¤ auk × hulmriþ ¤ auk × kal ¤ auk ¤ þolfr auk ¤ (s)krim(i) ¤ þu ¤ hui ¤  --(s)keni ¤ litu (r)(s)(a) × stin × aftir þolf ×,"Ormar och Vifrid och Holmfrid och Kal och Tolv och Skrime, dessa äkta makar lät resa stenen efter Tolv.",https://www.christerhamp.se/runor/gamla/so/so109.html,https://www.christerhamp.se/runor/gamla/so/so109s.jpg
Sö 111,Sö 111 - Södermanland: Stenkvista kyrkogård,,᛫ helki ᛫ auk ᛫ fraykaiR ᛫ auk ᛫ þorkautr ᛫ raistu ᛫ merki ᛫ siRun ᛫ at ᛫ þiuþmunt faþur ᛫ sin,"Helge och Fröger och Torgöt reste runtäckta vårdar efter Tjudmund, sin fader",https://www.christerhamp.se/runor/gamla/so/so111.html,https://www.christerhamp.se/runor/gamla/so/so111s.jpg
Sö 112,"Sö 112 - Södermanland: Kolunda, Stenkvista",,: u(i)[k]tirfR : auk : tiarfR : raisþu : stain : þans[i :] at : þurkil : faþur : sin þrutaR [þi]akn ᛫,"Vigdjärv och Djärv reste denna sten efter Torkel, sin fader, en kraftkarl",https://www.christerhamp.se/runor/gamla/so/so112.html,https://www.christerhamp.se/runor/gamla/so/so112s.jpg
Sö 113,"Sö 113 - Södermanland: Kolunda, Stenkvista",,: þaiR : situ : stin : suniR : þurkitils : auk : fulku hiar : faþur : auk : muþur : iftiR ' kiarþu ' trikila :,"De satte stenen, sönerna Torkättil och Folka, här efter fader och moder gjorde de manligen [minnesvård]",https://www.christerhamp.se/runor/gamla/so/so113.html,https://www.christerhamp.se/runor/gamla/so/so113s.jpg
Sö 116,Sö 116 - Södermanland: Sundby kyrka,,× hani : auk : siguiþr : letu : karua : kumbl : þisa : eftiR :: hulmuiþ : faþur : sen : auk : kuriþr : eftiR : hulmuiþ : buita : sin :,"Hane och Sigvid lät göra dessa minnesmärken efter Holmvid, sin fader, och Gyrid efter Holmvid, sin man",https://www.christerhamp.se/runor/gamla/so/so116.html,https://www.christerhamp.se/runor/gamla/so/so116s.jpg
Sö 118,"Sö 118 - Södermanland: Ostra, Sundby",,uitr : lit : raisi : merki : at : biorn : in : kuþ : hialbi : ant :,Önd lät resa minnesvården efter Björn och Gud hjälpe anden!,https://www.christerhamp.se/runor/gamla/so/so118.html,https://www.christerhamp.se/runor/gamla/so/so118s.jpg
Sö 119,"Sö 119 - Södermanland: Gundband, Vallby",ᛘᛅᛚ ᛬ ᛅᚢᚴ ᛫ ᛁᚢᛚ ᛬ ᛅᚢᚴ ᛫ ᚴᛦᚴ ᛬ ᚴᛅᛁᛋᛏᛁ ᛬,mal : auk ᛫ iul : auk ᛫ kRk : raisti :,"M(åns) A(nders) L(arsson), J(ohan) O(lov) L(arsson), K(arl) Ö(sten) K(arlsson) reste",https://www.christerhamp.se/runor/gamla/so/so119.html,https://www.christerhamp.se/runor/gamla/so/so119s.jpg
Sö 120,"Sö 120 - Södermanland: Skogshall, Ärla",,+ fastulfR + sun + uiulfs + lit + hagua + stain + at + hulmkaiR + broþur + sin + auk + þoruar + moþur + sina + guþ + healbi + ant + þaiRa +,"Fastulv, Viulvs son, lät hugga stenen efter Holmgeir, sin broder, och Torvar, sin moder. Gud hjälpe deras ande.",https://www.christerhamp.se/runor/gamla/so/so120.html,https://www.christerhamp.se/runor/gamla/so/so120s.jpg
Sö 122,"Sö 122 - Södermanland: Skresta, Helgona",,: stain : stanr : it : histain : raisþi stalfR : faþiR : at : sun tauþan oskutr : kiarþi : tre,Stenen står efter Håsten. Fadern reste själv efter sin döde son. Åsgöt gjorde ...,https://www.christerhamp.se/runor/gamla/so/so122.html,https://www.christerhamp.se/runor/gamla/so/so122s.jpg
Sö 123,"Sö 123 - Södermanland: Skresta, Helgona",,oskutr : rsþi stan þansi : at : hastin :,Åsgöt reste stenen efter Håsten,https://www.christerhamp.se/runor/gamla/so/so123.html,https://www.christerhamp.se/runor/gamla/so/so123s.jpg
Sö 124,Sö 124 - Södermanland: Bogsta kyrka,ᚼᚢᛚᛘᛋᛏᛅᛁᚾ ᛫ ᛅᚢᚴ ᛫ ᛋᛁᚼᚢᛁᚦᚱ ᛫ ᚦᛅᛁᛦ ᛫ ᚱᛅᛁᛋᛏᚢ ᛫ ᛅᛏ ᛫ ᚦᚬᚴᚱᛁᛘ ᛫ ᚠᚦᚢᚱ ᛫ ᛋᛁᚾ ᛫ ᛅᚢᚴ ᛫ ᛅᛏ ᛫ ᚼᛅᚴᛋᛏᛅᛁᚾ ᛫,hulmstain * auk * sihuiþr * þaiR [r]aistu * at * þokrim * faþur * sin * auk * at * hakstain *,"Holmsten och Sigvid reste [stenen] efter Togrim sin fader, och efter Haksten.",https://www.christerhamp.se/runor/gamla/so/so124.html,https://www.christerhamp.se/runor/gamla/so/so124s.jpg
Sö 125,Sö 125 - Södermanland: Bogsta kyrka,,[ketilfas × let * reisa ×] tsein × eftiR × bryniulf × f[aþur × sin × guþan × hialmbi * i]n heilhi × kristr × h[ans| |sal],"Kättilfast lät resa stenen efter Brynjulf, hennes gode far. Helige Kristus hjälpe hans själ.",https://www.christerhamp.se/runor/gamla/so/so125.html,https://www.christerhamp.se/runor/gamla/so/so125s.jpg
Sö 137,"Sö 137 - Södermanland: Aspa, Ludgo",,"þura : raisþi : stin : þiisi at : ubi : buanti : sin
: stain : saR:si : stanr : at : ybi : o þik*staþi : at ¶ : þuru : uar : han : uestarla : uakti : karla ¶ [sa þar] * sunr þaþ * traknasuatau(k)i(f)maR[sua]","Tora reste denna sten efter Öpir, sin man. Dena sten står efter Öpir på tingstaden, efter Toras man. Han var västerut ...",https://www.christerhamp.se/runor/gamla/so/so137.html,https://www.christerhamp.se/runor/gamla/so/so137-1s.jpg
Sö 138,"Sö 138 - Södermanland: Aspa, Ludgo",,: hiar : stainr : stin : at : kuþan : ybis : arfa : ak : þurunaR kylu : broþurs : kuþ hialbin : at :,"Här står stenen efter den gode arvingen till Öpir och Torun, Gyllas broders sten. Gud hjälpe anden.",https://www.christerhamp.se/runor/gamla/so/so138.html,https://www.christerhamp.se/runor/gamla/so/so138s.jpg
Sö 141,"Sö 141 - Södermanland: Löta, Ludgo",,sloþi auk · rahnfriþ · þau · litu · biþi · bro · k(i)ara · a... · (s)...in · ra-(s)n · eftiR ihulbiarn · sun sin ·,"Slode och Ragnfrid lät göra bro och resa sten efter Igulbjörn, sin son",https://www.christerhamp.se/runor/gamla/so/so141.html,https://www.christerhamp.se/runor/gamla/so/so141s.jpg
Sö 144,"Sö 144 - Södermanland: Broby, Runtuna",,otrukr * ahmuntr : sihraifr : þaiR : litu : hakua : stain : at : bofa : faþur : sin * snialan *,"Otrygg, Agmund, Sigrev, de lät hugga stenen efter Bove, sin fader klok",https://www.christerhamp.se/runor/gamla/so/so144.html,https://www.christerhamp.se/runor/gamla/so/so144s.jpg
Sö 148,"Sö 148 - Södermanland: Innberga, Runtuna",,þiuþulfR : bui : þaiR : raisþu : stain þansi : at : farulf : faþur : sin : han uas antaþ austr i kaþ(u)(m),"Tjudulv, Boe, de reste denna sten efter Farulv, sin fader. Han ändades österut i Gårdarike",https://www.christerhamp.se/runor/gamla/so/so148.html,https://www.christerhamp.se/runor/gamla/so/so148s.jpg
Sö 159,"Sö 159 - Södermanland: Österberga, Runtuna",,: ikialtr : ak : aluiR : raisþu : stain : þansi : at : þurbiurn : faþur : sin : han uaistr hafR uf uaRit leki ¶ rorikR * kumytr biu * kunlaifR hiuk ru-aR,"Ingjald och Alver reste denna sten efter Torbjörn, sin fader. Han har länge varit västerut. Rörik, Gudmund, Boe, Gunnlev högg runorna",https://www.christerhamp.se/runor/gamla/so/so159.html,https://www.christerhamp.se/runor/gamla/so/so159s.jpg
Sö 165,"Sö 165 - Södermanland: Grinda, Spelvik",,kuþrun : raisti : stain : at : hiþin : uaR : nafi suais : uaR : han :: i : krikum iuli skifti : kristr : hialb : ant : kristunia :,"Gudrun reste stenen efter Hidin, var brors(syster-)son till Sven. Var han i Grekland, guld skiftade. Kristus hjälp anden! Kristus älskade han alltid.",https://www.christerhamp.se/runor/gamla/so/so165.html,https://www.christerhamp.se/runor/gamla/so/so165s.jpg
Sö 166,"Sö 166 - Södermanland: Grinda, Spelvik",,: kriutkarþr : ainriþi : suniR : kiarþu : at : faþur : snialan : kuþuiR : uaR uastr : a : aklati : kialti : skifti : burkiR : a : sahks:lanti : suti : kaula,"Grytgard, Ändride, sönerna, gjorde [minnesmärket] efter sin käcke fader. Gudver var västerut i England, skiftade danagälden, hemsökte i Saxland befolkningens städer.",https://www.christerhamp.se/runor/gamla/so/so166.html,https://www.christerhamp.se/runor/gamla/so/so166s.jpg
Sö 171,"Sö 171 - Södermanand: Esta, Sättersta",,(i)nk(i)f(a)[s]tr · l[i](t) (h)(a)ku... st(a)...n · eftiR · sihuiþ · faþ-r · si[n · han · fial · i h]ul(m)[karþi · skaiþaR · uisi mi]þ · ski...ra,"Ingefast lär hugga stenen efter Sigvid, sin fader. Han föll i Holmgård, skeppare med sin besättning",https://www.christerhamp.se/runor/gamla/so/so171.html,https://www.christerhamp.se/runor/gamla/so/so171s.jpg
Sö 172,Sö 172 - Södermanland: Tystberga kyrka,,· kuþla... ...et · r-... ... ...tiR sun sin · hialbi · kir... ...,Gudlev ... efter sin son. Hjälpe Kristus ...,https://www.christerhamp.se/runor/gamla/so/so172.html,https://www.christerhamp.se/runor/gamla/so/so172s.jpg
Sö 173,Sö 173 - Södermanland: Tystberga,,mus:kia : a(u)[k :] (m)an(i) : litu : rasa : ku[(m)(l) : þausi : at : b]ruþur · (s)in : hr(u)þkaiR · auk : faþur sin hulm:stain · · han hafþi · ystarla u(m) : uaRit · lenki : tuu : a:ustarla : meþ : inkuari,Myskja och Manne lät resa detta minnesmärke efter sin broder Rodger och sin fader Holmsten. Han hade österut varit länge de dog österut med Ingvar,https://www.christerhamp.se/runor/gamla/so/so173.html,https://www.christerhamp.se/runor/gamla/so/so173s.jpg
Sö 174,Sö 174 - Södermanland: Aspö kyrka,,[ub]lubR · lit · kira : kuml : likhus : auk : bru · at sun sin : biurn : uaR trebin : a : kut:lanti : þy : lit : fiur · sit : fluþu : kankiR : þaiR uiþ[ulkuR] : uiltu iki halta : guþ : hilbi : anta : hans,"Upp-Lum lät göra minnesvård, härbärge och bro efter sin son Björn, (som) blev dräpt på Gotland. Därför lät han livet, att följesmännen flydde; Björns fälttecken de ville icke hålla. Gud hjälpe hans ande!",https://www.christerhamp.se/runor/gamla/so/so174.html,https://www.christerhamp.se/runor/gamla/so/so174s.jpg
Sö 176,Sö 176 - Södermanland: Kärnbo ödekyrka,,... (n) · þina| |aft · mik · sialbR · in aft kaiRulf · bruþur min : uarb iak · hrauR hi(n)uslik(R) · hi(a)-- · an(a)-- · ... [u](l) · af-raiþu ÷ i[n h]uariaR · aiku (l)(o)kmuþrk(u) þriaR · bar(n) (s)(i)ak(s) · bas[t] ·,"... själv denna sten efter mig, och efter Gerulv, min broder, uppkastade jag ett
gravröse ... och de tre stammödrarna [mor, mormor och mormors mor] ha vardera sex barn,
de bästa",https://www.christerhamp.se/runor/gamla/so/so176.html,https://www.christerhamp.se/runor/gamla/so/so176s.jpg
Sö 177,Sö 177 - Södermanland: Kärnbo ödekyrka,,ragna : let × raisa × stain × ţin(a) ... ... × sun × kuţbirnaR × trenk × ufi(l)an,"Ragna lät resa denna sten ... Gudbjörns son, en modig man",https://www.christerhamp.se/runor/gamla/so/so177.html,https://www.christerhamp.se/runor/gamla/so/so177s.jpg
Sö 178,Sö 178 - Södermanland: Kärnbo,,hikkulfr × auk × aulfr × ţaiR × letu × raiisa × staina × baţa × at + broţur × sin × kitilmut * auk × bro × iftiR × somu × moţur × sina × in × iruni × (h)iuk × broţiR + hinaR ×,"Helgulf och Ejulf de lät resa bĺda stenarna efter sin broder Kättilmund och bron efter Soma, sin moder. Och Brune, hennes broder, högg.",https://www.christerhamp.se/runor/gamla/so/so178.html,https://www.christerhamp.se/runor/gamla/so/so178s.jpg
Sö 179,Sö 179 - Södermanland: Kärnbo,,× tula : lit : raisa : stain : ţinsa| |at : sun : sin : haralt : bruţur : inkuars : ţaiR furu : trikila : fiari : at : kuli : auk : a:ustarla| |ar:ni : kafu : tuu : sunar:la : a sirk:lan:ti,"Tola lät resa denna sten efter sin son Harald, Ingvars broder.
De foro manligen fjärran efter guld och österut gĺvo örnen [föda] De dogo söderut i Särkland",https://www.christerhamp.se/runor/gamla/so/so179.html,https://www.christerhamp.se/runor/gamla/so/so179s.jpg
Sö 180,"Sö 180 - Södermanland: Harby, Kärnbo",,...r · li- -ai... ... ...r · ilka · kuþ · hial(b)(i) ...,... lät resa ... efter Helge. Gud hjälpe ...,https://www.christerhamp.se/runor/gamla/so/so180.html,https://www.christerhamp.se/runor/gamla/so/so180s.jpg
Sö 182,Sö 182 - Södermanland: Läggesta,,...- : sun : sin : uikik * h(a)... ...,... sin son Viking. Han ...,https://www.christerhamp.se/runor/gamla/so/so182.html,https://www.christerhamp.se/runor/gamla/so/so182.gif
Sö 182,"Sö 182 - Södermanland: Viggeby, Kärnbo",,: sibi : auk : rusia : auk : krifi : þiR : raistu : stin : þansa : at : sluru : faþur : sin,"Sibbe och Rysja och Krifi de reste denna sten efter Slora, sin fader",https://www.christerhamp.se/runor/gamla/so/so183.html,https://www.christerhamp.se/runor/gamla/so/so183s.jpg
Sö 184,"Sö 184 - Södermanland: Årby, Kärnbo",,hermuþr : lit : raisa × stain : þinsa × at × al + bruþur × sin : kuþan × kuþ hialbi anta + hans,"Hermod lät resa denna sten efter Hall (?), sin gode broder. Gud hjälpe hans ande.",https://www.christerhamp.se/runor/gamla/so/so184.html,https://www.christerhamp.se/runor/gamla/so/so184s.jpg
Sö 187,"Sö 187 - Södermanland: Harby, Toresund",,× ţaiR ţurţr × auk × bruni × auk × tiţkumi × letu × raisa × stin × ţensa × aftiR × syiţbalka × faţur × sin × kuţ × hialbi × isolu × hans ×,"Tord och Brune och Tidkume lät resa denna sten efter Svedbalke, sin fader. Gud hjälpe hans själ.",https://www.christerhamp.se/runor/gamla/so/so187.html,https://www.christerhamp.se/runor/gamla/so/so187s.jpg
Sö 190,Sö 190 - Södermanland: Ytterenhörna kyrka,,* anun-[r] * auk * suara--r * auk * finuiþr * litu * raisa * stain * þinsa * iftiR * usl * faþur * --- * auk * biurn * at bruþur * sin * guþ hialbi * ant * ha[n]s * (þ)--(b)iurn * risti * runaR,"Anund och Svarald och Finnvid lät resa denna sten efter Ögisl, sin fader, och Björn efter sin broder. Gud hjälpe hans ande. Torbjörn ristade runorna.",https://www.christerhamp.se/runor/gamla/so/so190.html,https://www.christerhamp.se/runor/gamla/so/so190s.jpg
Sö 192,"Sö 192 - Södermanland: Berg, Ytterselö",,inka lat * rasa * miarki * ibtiR * sti(r)---rn * buana * sin kuþa*n * ak * ibtim * fara * sun sin * kuþan * kuþ ulbi * aiþaR ha * arli,"Inga lät resa minnesmärket efter Styrbjörn, sin gode make, och efter Fare, sin gode son. Gud hjälpe deras ...",https://www.christerhamp.se/runor/gamla/so/so192.html,https://www.christerhamp.se/runor/gamla/so/so192s.jpg
Sö 194,"Sö 194 - Södermanland: Brösicke, Ytterselö",,ekimunr · auk · þalfi · þir · ristu · stin · þina · at · þurktil · faþur sin,"Ingemund och Tjalve reste denna sten efter Torkettil, deras fader.",https://www.christerhamp.se/runor/gamla/so/so194.html,https://www.christerhamp.se/runor/gamla/so/so194s.jpg
Sö 195,Sö 195 - Södermanland: Brösicke,,hulmstein · raisti : stin : eftiR : stainulf : faþurs×faþur : sen : bohnta [(k)(u)-an by-i| |i -ru-](a)iki :: kuþ : bergi : sel : hans betr : þen : han : af(R) : til : art : halburin : hiuk : a : runaR :,"Holmsten reste stenen efter Steinulf, sin farfar, en god husbonde. Han bodde i Brösicke. Gud bärge hans själ bättre än han förtjänade. Hallbjörn högg runorna.",https://www.christerhamp.se/runor/gamla/so/so195.html,https://www.christerhamp.se/runor/gamla/so/so195s.jpg
Sö 196,"Sö 196 - Södermanland: Kolsundet, Husby, Ytterselö",,• hikifriþr • lit • r-isa • sain • þna • iftiR • ayulf • faþur • sin • auk • staf • ayulf- (k)iarþi •• þat • ausþiki • hiuk • asur • ifnti • kina • uistr,"Ingefrid lät resa denna sten efter Öulv, sin fader, och stav ...",https://www.christerhamp.se/runor/gamla/so/so196.html,https://www.christerhamp.se/runor/gamla/so/so196s.jpg
Sö 197,"Sö 197 - Södermanland: Kolsundet, Husby, Ytterselö",,' byrn ' auk * kerþar ' litu * hauka ' stin ' at * brþr * sena * uikik ' auk * sigfast * kuþ ' halbi * selu þira ' bet * þan ' til * kuni ' kerua ',Björn och Gärdar lät hugga stenen efter sina bröder Viking och Sigfast. Gud hjölpe deras själ bättre än de kunde förtjäna.,https://www.christerhamp.se/runor/gamla/so/so197.html,https://www.christerhamp.se/runor/gamla/so/so197-1.jpg
SĂ¶ 198,"SĂ¶ 198 - SĂ¶dermanland: Mervalla, YtterselĂ¶",,siriĂľ * lit * resa * stan * [Ăľin](a) [*] (a)(t) * suen * sin * [b]unta * h[n] * uft * siklt * til * simk(a)(l)(a) * t(u)ru[m] * knari * um * tumisnis,"Sigrid lĂ¤t resa denna sten efter Sven, sin make. Han seglade ofta till Semgallen med dyr knarr, runt DomesnĂ¤s",https://www.christerhamp.se/runor/gamla/so/so198.html,https://www.christerhamp.se/runor/gamla/so/so198.jpg
Sö199,"Sö199 - Södermanland: Ullunda, Ytterselö",,--... ...stain ... ...str ' þair · litu · hakua ' stin ' þina ' (a)... ...,... sten ... de lät hugga denna sten efter ...,https://www.christerhamp.se/runor/gamla/so/so199.html,https://www.christerhamp.se/runor/gamla/so/so199s.jpg
S— 200,"S— 200 - S—dermanland: ésa, Yttersel—",,[±roti *] (a)[u](k) * rulef * auk * ystin * auk * nasi * auk * glaki * (±)iR * ristu * stin * ±tina * at * ars(t)[in * fa±ur sin],"Trotte och Olev och østen och Nase och Glðgge, de reste denna sten efter Arnsten, sin fader",https://www.christerhamp.se/runor/gamla/so/so200.html,https://www.christerhamp.se/runor/gamla/so/so200.jpg
Sö 201,"Sö 201 - Södermanland: Älby, Ytterselö",,-,-,https://www.christerhamp.se/runor/gamla/so/so201.html,https://www.christerhamp.se/runor/gamla/so/so201s.jpg
Sö 202,"Sö 202 - Södermanland: Östa, Ytterselö",,: ţurbyrna : resti : s(t)(a)i[n] --(n)a : yti : usbaka : faţur : sen ai ×× ati (k)(u)la:hui ×,"Torbjörn reste denna sten efter Ospake, sin fader, han ägde ...",https://www.christerhamp.se/runor/gamla/so/so202.html,https://www.christerhamp.se/runor/gamla/so/so202s.jpg
Sö 203,"Sö 203 - Södermanland: Östa, Ytterselö",,' byorn ' auk * kerţar ' litu ' rasa ' stan ' ţina ' at ' bryţr * sena * uikik ' auk * sigfast ' bali * risti ',Björn och Gerdar lät resa denna sten efter sina bröder Viking och Sigfast. Bale ristade,https://www.christerhamp.se/runor/gamla/so/so203.html,https://www.christerhamp.se/runor/gamla/so/so203s.jpg
Sö 204,Sö 204 - Södermanland: Överselö kyrka,,: hier : skal : stenta : stei(n) ...kia(l)t : runi... ... (u)arfaitr : (i)(f)tiR : faþurs:broþur * sen *,Här ska stenen stå ... efter sin farbror,https://www.christerhamp.se/runor/gamla/so/so204.html,https://www.christerhamp.se/runor/gamla/so/so204s.jpg
Sö 205,Sö 205 - Södermanland: Överselö kyrka,,[ikialr : auk : uisti *  stainulfr * þaiR * raistu * s]tain * at * karl * faþ[ur * sin * auk * kilaum * at * boan]ta * sin * auk * ika * at * sun * si[n *] (a)uk * irnkaiR * at * b[roþur * s(i)n *] [esbern * auk * tiþkumi * hiuku * runiR * arikaa : stkink],"Ingjald och Visäte ochh Stenulv, de reste stenen efter Karl, sin fader, och Gillög efter sin make och Inga efter sin son och Ärnger efter sin broder. Äsbjörn och Tidkume högg runorna. Orökja målade (?).",https://www.christerhamp.se/runor/gamla/so/so205.html,https://www.christerhamp.se/runor/gamla/so/so205s.jpg
Sö 206,Sö 206 - Södermanland: Överselö kyrka,,: hir : skal : stenta : staena : þisiR : runum : ru-niR :** raisti : k---auk : at syni : sina : auk : hielmlauk : at bryþr : sina *,Här skall stånda stenarna dessa av runor röda reste dem Gudlög efter sina söner och Hjälmlög efter sina bröder,https://www.christerhamp.se/runor/gamla/so/so206.html,https://www.christerhamp.se/runor/gamla/so/so206s.jpg
Sö 207,Sö 207 - Södermanland: Överselö kyrka,,kuþr... ... (f)aþur sin * fur * hfila * hn * til * iklans * kuþ halbi * sil hns,Gudr ... sin fader. Han for manligen till England. Gud hjälpe hans själ.,https://www.christerhamp.se/runor/gamla/so/so207.html,https://www.christerhamp.se/runor/gamla/so/so207s.jpg
Sö 208,Sö 208 - Södermanland: Överselö kyrka,,: kuţlauk * auk : hielmlaug : ţaR : ----(u) * raistu : ... ...ern : auk : at : ţorstain :: boanta : koţan : buki : i frayslutum : arfi : fu(l)... ... sum iR : sustursun inibrataR :,"Gudlög och Gjälmlög ... de reste ... bärn och efter Torsten, en god bonde, som bodde i Fröslunds, Fulluges arvinge ... som är Annebrants systerson",https://www.christerhamp.se/runor/gamla/so/so208.html,https://www.christerhamp.se/runor/gamla/so/so208s.jpg
Sö 209,"Sö 209 - Södermanland: Fröberga, Överselö",,* uikhiulmbR * auk * auţmuntr * ţai(R) * litu * raisa * sten * at * serkiR * broţur * sen * koţna *,"Vighjälm och Ödmund de lät resa stenen efter Sverker, sin gode broder",https://www.christerhamp.se/runor/gamla/so/so209.html,https://www.christerhamp.se/runor/gamla/so/so209s.jpg
Sö 210,"Sö 210 - Södermanland: Klippinge, Överselö",,' uarasi ' lit ' risa ' stan ' þina ' a(t) ' [ulmk]a[R ' brþur '] sen ' kuþ ' (h)----- --- [' ha]ns * betr * þan * han * kuni * til * kerua * bali * risti [(r)(u)](n)iR þisaR ×,"Var-Åse (?) lät resa denna sten efter Holmger, sin broder. Gud hjälpe hans själ bättre än han förtjänade. Balle ristade dessa runor.",https://www.christerhamp.se/runor/gamla/so/so210.html,https://www.christerhamp.se/runor/gamla/so/so210s.jpg
Sö 211,"Sö 211 - Södermanland: Ljunga, Överselö",,stinulfR + auk × ha(k)- --- × þ[ur]RikR + auk × aubiarn × auk × uflati × þaiR : raistu × sta-- [þa]si : at × ulf × faþur + sin,"Stenulv och Hake och Tryrik och Öbjörn och Ovlate, de reste denna sten efter Ulv, sin fader",https://www.christerhamp.se/runor/gamla/so/so211.html,https://www.christerhamp.se/runor/gamla/so/so211s.jpg
Sö 212,"Sö 212 - Södermanland: Lilla Lundby, Överselö",,' suain ' let ' ra-- ' -t-n ' þina * at * fasta ' brouþur ' sen ' kuþ ' hielbi ' sal ' hans ' betr ' þan ' (h)an ' kuni ' til ' gerua,"Sven lät resa denna sten efter Faste, sin broder. Gud hjälpe hans själ bättre än han kunde förtjäna",https://www.christerhamp.se/runor/gamla/so/so212.html,https://www.christerhamp.se/runor/gamla/so/so212s.jpg
Sö 213,"Sö 213 - Södermanland: Nybble, Överselö",,s=tain : hiuk : esbern : stintn : at : uitum : bat miþ : runum : raisti : kyla : at : gaiRbern : boanta : sin :* auk * kofriþ : at : faþur : sin : han uaR : boanti : bestr i : kili : raþi : saR : kuni :,"Stenen högg Äsbjörn målad till minnesmärke. Han band den med runor Gylla den reste efter Gerbjörn, sin make, och Gudfrid efter sin fader. Han var den bäste bonden i Kil. Tyde den som kan!",https://www.christerhamp.se/runor/gamla/so/so213.html,https://www.christerhamp.se/runor/gamla/so/so213s.jpg
Sö 214,"Sö 214 - Södermanland: Ĺrby, Överselö",,* suin * let * ra[is]a * s(t)ain * ţina * at * uikaiR * faţur * sen * koţan * b[yki| |i * a]rby * bali * risti *,"Sven lät resa denna sten efter Vigeir, sin gode fader, som bodde i Ĺrby. Balle ristade.",https://www.christerhamp.se/runor/gamla/so/so214.html,https://www.christerhamp.se/runor/gamla/so/so214s.jpg
Sö 217,"Sö 217 - Södermanland: Berga, Sorunda",,+ suertikr : nuk + kari : auk : kuþmutr : auk : skari : auk : knutr : raistu : stain : þena : aftiR : utruk * faþur : sin : is fel * i liþi : kuþuis +,"Svärting och Kåre och Gudmund och Skåre och Knut reste demma stem efter Otrygg, sin fader, som föll i Gudves följe.",https://www.christerhamp.se/runor/gamla/so/so217.html,https://www.christerhamp.se/runor/gamla/so/so217s.jpg
Sö 218,"Sö 218 - Södermanland: Billsta, Sorunda",,× hulmkaiR × auk × s(t)ainbiar- -ai- ---u × h--ua × (i)(f)tiR × k(u)þ(l)(i)f × fa-u-,"Holmger och Stenbjörn de lät hugga [runorna] efter Gudlev, [sin] fader",https://www.christerhamp.se/runor/gamla/so/so218.html,https://www.christerhamp.se/runor/gamla/so/so218s.jpg
Sö 219,"Sö 219 - Södermanland: Blista, Sorunda",,× ak(u)ti × lit × hkua (m)erki × þisa × iftiR × furusta + broþur × sin × hikuiþr + kiarþi s(t)ain,"Ågöte lät hugga dessa minnesmärken efter Froste, sin broder. Hägvid gjorde stenen.",https://www.christerhamp.se/runor/gamla/so/so219.html,https://www.christerhamp.se/runor/gamla/so/so219s.jpg
Sö 220,"Sö 220 - Södermanland: Blista, Sorunda",,× kuikR × a[u]k × ailaifR × þaiR × litu × [a]hkua × mirki + iftiR × roþkaiR × faþ-r × sin × ku,"Kvick och Eilev lät hugga minnesmärket efter Rodger, sin gode fader",https://www.christerhamp.se/runor/gamla/so/so220.html,https://www.christerhamp.se/runor/gamla/so/so220s.jpg
Sö 221,"Sö 221 - Södermanland: Blista, Sorunda",,× st-infastr × lit × hakua × mirki × þita × eftiR × saimut × faþur × sin -uþ hialbi,"Stenfast läthugga detta minnesmärke efter Sämund, sin fader. Gud hjälpe.",https://www.christerhamp.se/runor/gamla/so/so221.html,https://www.christerhamp.se/runor/gamla/so/so221s.jpg
Sö 222,"Sö 222 - Södermanland: Frölunda, Sorunda",,·· k--kr lit : (h)akua : sta-n · þina : aftRr (h)(u)lmf(a)str : sun ...,"Kvick lät hugga denna sten efter Holmfast, sin son",https://www.christerhamp.se/runor/gamla/so/so222.html,https://www.christerhamp.se/runor/gamla/so/so222s.jpg
Sö 224,"Sö 224 - Södermanland: Grödby, Sorunda",,: ragi : auk : sagsi : auk : tutr : r(a)(i)stu : stain : þinsa : at : fasta : faþur : sin,"Ragge och Saxe och Dyntr reste denna sten efter Faste, sin fader",https://www.christerhamp.se/runor/gamla/so/so224.html,https://www.christerhamp.se/runor/gamla/so/so224s.jpg
Sö 225,"Sö 225 - Södermanland: Grödby, Sorunda",,-,-,https://www.christerhamp.se/runor/gamla/so/so225.html,https://www.christerhamp.se/runor/gamla/so/so225s.jpg
Sö 227,"Sö 227 - Södermanland: Sundby, Sorunda",,× rota × lit × hakua × mirki × þisa × iftiR × kaiRfast × boroþur × sin × mag × aubiarnaR × krus,"Rota lät hugga dessa minnesmärken efter Geirfast, sin broder, Öbjörns släkting. Kors.",https://www.christerhamp.se/runor/gamla/so/so227.html,https://www.christerhamp.se/runor/gamla/so/so227.jpg
Sö 231,"Sö 231 - Södermanland: Trollsta, Sorunda",,... ...u × ---- × -ftir --þiuka · ---ur sin · k-an,... [ristade stenen] efter ... sin [gode fader] ...,https://www.christerhamp.se/runor/gamla/so/so231.html,https://www.christerhamp.se/runor/gamla/so/so231s.jpg
Sö 232,"Sö 232 - Södermanland: Trollsta, Sorunda",,+ frau:stain : auk : ikul [: raistu stin] : at : þ[urbio]rn : faþur · sih au[k · þoriR · at broþur sin],"Frösten och Igul reste stenen efter Torbjörn, sin fader, och Tore efter sin broder",https://www.christerhamp.se/runor/gamla/so/so232.html,https://www.christerhamp.se/runor/gamla/so/so232s.jpg
Sö 233,"Sö 233 - Södermanland: Trollsta, Sorunda",,kun[i × au]k × þorfastr × raistu × stain × at × þori × faþ-... ... [amut]i (h)iuk,"Gunne och Torfast reste stenen efter Tore, sin fader. Amunde högg.",https://www.christerhamp.se/runor/gamla/so/so233.html,https://www.christerhamp.se/runor/gamla/so/so233s.jpg
Sö 234,"Sö 234 - Södermanland: Trollsta, Sorunda",,× ormkaiR × auk × iuk(a)iR × a(u)k × if[r]s[t]a[in × þai]R -aist[u] at ·: kuna faþur : sin ·,"Ormger och Joger och Juvursten de reste [stenen] efter Gunne, sin fader.",https://www.christerhamp.se/runor/gamla/so/so234.html,https://www.christerhamp.se/runor/gamla/so/so234s.jpg
Sö 236,"Sö 236 - Södermanland: Alvsta, Västerhaninge",,a-s(k)(u)ltr × auk + stineltr × litu × resa × stin × eftiR + s(t)en(b)i(a)rna × kuþan,Höskuld och Stenhild lät resa stenen efter Stenbjörn den gode,https://www.christerhamp.se/runor/gamla/so/so236.html,https://www.christerhamp.se/runor/gamla/so/so236s.jpg
Sö 237,"Sö 237 - Södermanland: Fors, Västerhaninge",,: þauriR : auk : þiahkn : litu : raiso : stain : þina : aftir :: fastbiaurn : faþur : þiahkn : auk : onut : sun : sin,"Tore ochTägn lät resa dennasten efter Fastbjörn, Tägns fader, och [Tore efter] Anund, sin son",https://www.christerhamp.se/runor/gamla/so/so237.html,https://www.christerhamp.se/runor/gamla/so/so237s.jpg
Sö 239,"Sö 239 - Södermanland: Häringe, Västerhaninge",,biarn · li(t) ... ...- · ul- -(o)(r)oþur · sen ·,"Björn lät ... Ulf, sin broder",https://www.christerhamp.se/runor/gamla/so/so239.html,https://www.christerhamp.se/runor/gamla/so/so239s.jpg
Sö 240,"Sö 240 - Södermanland: Ribby, Västerhaninge",,• suin • lit • raisa • stain • at • roþisl • faþr • sia •,"Sven lät resa stenen efter Rodisl, sin fader",https://www.christerhamp.se/runor/gamla/so/so240.html,https://www.christerhamp.se/runor/gamla/so/so240s.jpg
Sö 241,"Sö 241 - Södermanland: Skogs-Ekeby, Västerhaninge",,uik-l(s) : a-- kiRhimR : litu : ri(s)- stin : iftiR : burþur sen : kuþbiarn : --biarn : hiuk : stin,"Vigils och Gerhjälm lät resa stenen efter sin broder Gudbjörn, -björn högg stenen",https://www.christerhamp.se/runor/gamla/so/so241.html,https://www.christerhamp.se/runor/gamla/so/so241s.jpg
Sö 242,"Sö 242 - Södermanland: Stav, Västerhaninge",᛭ ᛅᚢᚦᛅ ᛭ ᚱᛅᛁᛋᛏᛁ ᛭ ᛋᛏᛅᛁᚾ ᛬ ᛅᛏ ᛬ ᚼᛅᚱᛅᛚᛏ ᛫ ᛒᚢᛅᛏᛅ ᛫ ᛋᛁᚾ ᛬ ᛅᚢᚴ ᛫ ᚠᛅᛋᛏᛚᛅᚢᚴ ᛫ ᛅᛏ ᛭ ᚠᛅᚦᚢᚱ ᛋᛁᚾ,+ auþa + raisti + stain : at : haralt • buata • sin : auk • fastlauk • at + faþur sin,"Auda reste stenen efter Harald, sin make, och Fastlög efter sin fader",https://www.christerhamp.se/runor/gamla/so/so242.html,https://www.christerhamp.se/runor/gamla/so/so242s.jpg
Sö 243,"Sö 243 - Södermanland: Stav, Västerhaninge",,...-k... ... : sen :,... sin ...,https://www.christerhamp.se/runor/gamla/so/so243.html,https://www.christerhamp.se/runor/gamla/so/so243.jpg
Sö 245,"Sö 245 - Södermanland: Tungelsta, Västerhaninge",,...ul : ma- : san : (b)-...,-,https://www.christerhamp.se/runor/gamla/so/so245.html,https://www.christerhamp.se/runor/gamla/so/so245s.jpg
Sö 246,"Sö 246 - Södermanland: Vreten, Västerhaninge",,...riR : auk : auþsta... ... ...-... ...ntr · rnistu stai... ... ... sin,Tore och Östen ... Anund reste stenen ... sin,https://www.christerhamp.se/runor/gamla/so/so246.html,https://www.christerhamp.se/runor/gamla/so/so246s.jpg
Sö 248,"Sö 248 - Södermanland: Björsta, Ösmo",,: a[n]... ... ...fR * auk * þorstain * auk un : þaiR * lit[u] at * þius[tu]... ...[þ]ur sin,"Anund (?), Olev (?) och Torsten och Unn lät [hugga stenen] efter Tjustulv, sin fader",https://www.christerhamp.se/runor/gamla/so/so248.html,https://www.christerhamp.se/runor/gamla/so/so248s.jpg
Sö 250,"Sö 250 - Södermanland: Jursta, Ösmo",,kyna : raisti : stain : þina × aftiR : sagsa : sun : hlftahaR :,"Gynna reste denna sten efter Saxe, Halvdans son",https://www.christerhamp.se/runor/gamla/so/so250.html,https://www.christerhamp.se/runor/gamla/so/so250s.jpg
Sö 251,"Sö 251 - Södermanland: Klastorp, Ösmo",,÷ tisilfR × auk × ika × letu × raisa × st--n × þina × eftiR × sloþa × faþur × sin,"Disälv och Inga lät resa denna sten efter Slode, sin fader.",https://www.christerhamp.se/runor/gamla/so/so251.html,https://www.christerhamp.se/runor/gamla/so/so251s.jpg
Sö 252,"Sö 252 - Södermanland: Säby, Ösmo",,× u... ... ... ... ...(i)sa × au(k) [×] raisa × stain × iftiR × toka × broþur × sin * ku +,"... lät göra denna bro och resa stenen efter Toke, sin gode broder",https://www.christerhamp.se/runor/gamla/so/so252.html,https://www.christerhamp.se/runor/gamla/so/so252s.jpg
Sö 254,"Sö 254 - Södermanland: Vansta, Ösmo",,* suan : auk stain : raistu * stain : at * tos(t)a : faþur : sin : is uarþ : tauþr * i liþi : ikuars : au(k) at * þo(r)stain : auk kt : aystain : alhiltar * s--,"Sven och Sten reste stenen efter Toste, sin fader, som dog i Ingvars följe, och efter Torsten och efter Östen, Alvhilds son.",https://www.christerhamp.se/runor/gamla/so/so254.html,https://www.christerhamp.se/runor/gamla/so/so254s.jpg
"Sö 255- Södermanland: Vidby, Ösmo","Sö 255- Södermanland: Vidby, Ösmo",,× ubi × li- × hakua × merki : þisa : iftiR : aibiarn * broþur : sin : kuþ : hilbi ×,"Ubbe lät hugga dess minnesmärken efter Ebjörn, sin broder. Gud hjälpe!",https://www.christerhamp.se/runor/gamla/so/so255.html,https://www.christerhamp.se/runor/gamla/so/so255s.jpg
Sö 256,"Sö 256 - Södermanland: Älby, Ösmo",,+ suarthaufþi + ak + uifari + auk + uibiaurn + auk + onutr + r(a)(i)stu + stain + þina +  faruki + faþr + sina,"Svarthövde och Vidfare och Vibjörn och Anund reste denna sten [efter] faruki, sin fader.",https://www.christerhamp.se/runor/gamla/so/so256.html,https://www.christerhamp.se/runor/gamla/so/so256s.jpg
Sö 258,"Sö 258 - Södermanland: Älby, Ösmo",,× firþkari : rasi : stan : þinsi : iftR : k(u)(i)(b)an : suni : sinum ᛫,"Färd-Kåre reste denna sten efter Gudbjörn(?), åt sin son.",https://www.christerhamp.se/runor/gamla/so/so258.html,https://www.christerhamp.se/runor/gamla/so/so258s.jpg
Sö 259,"Sö 259 - Södermanland: Alby, Österhaninge",,...kar : (l)... ... bruþru : [...þa...],... broder ...,https://www.christerhamp.se/runor/gamla/so/so259.html,https://www.christerhamp.se/runor/gamla/so/so259.jpg
Sö 260,"Sö 260 - Södermanland: Södra Betby, Österhaninge",,... ... ...a : stin : eftiR : ierunt : sun : sia : aR * uaR : uestþr : meþ ulfi : suni * hakunar *,"... sten efter Jerund, sin son, som var västerut med Ulv, Håkons son",https://www.christerhamp.se/runor/gamla/so/so260.html,https://www.christerhamp.se/runor/gamla/so/so260s.jpg
Sö 261,"Sö 261 - Södermanland: Södra Betby, Österhaninge",,-,-,https://www.christerhamp.se/runor/gamla/so/so261.html,https://www.christerhamp.se/runor/gamla/so/so261s.jpg
Sö 262,"Sö 262 - Södermanland: Blista, Österhaninge",× ᛋᚢᛅᛁᚾ × ᛚᛁᛏ × ᚱᛁᛋᛅ × ᛋᛏᛁᚾ ... ᚠᛅᚦᚢᚱ × ᛋᛁᚾ × ᚴᚢᚦᛅᚾ × ᛅᚢᚴ × ᛁᚠᛏᛁᛦ × ᚴᚢᚦᚠᛅᚱ ᛫,× suain × lit × risa × stin ... ... faþur × sin × kuþan × auk × iftiR × kuþfar •,Sven lät resa stenen ... sin gode fader och efter Gudvar,https://www.christerhamp.se/runor/gamla/so/so262.html,https://www.christerhamp.se/runor/gamla/so/so262s.jpg
Sö 264,"Sö 264 - Södermanland: Hässlingby, Österhaninge",,rt : ¶ ii ÷ ¶ f : ¶ aþ :,-,https://www.christerhamp.se/runor/gamla/so/so264.html,https://www.christerhamp.se/runor/gamla/so/so264s.jpg
Sö 265,"Sö 265 - Södermanland: Högsta, Österhaninge",,ka-i · raisti · stain : at : osur : sun : sin : auk : at : ulf,"[Gåse] reste stenen efter Assur, sin son, och efter Ulv",https://www.christerhamp.se/runor/gamla/so/so265.html,https://www.christerhamp.se/runor/gamla/so/so265s.jpg
Sö 266,"Sö 266 - Södermanland: Sanda, Österhaninge",,+ iaurun : lit : raisa : stain : at • ontuit : sun : sin : auk • at • onunt•ar + osbiarn,"Jorun lät resa stenen efter Andvätt, sin son, och [efter] Anunds. Asbjörn",https://www.christerhamp.se/runor/gamla/so/so266.html,https://www.christerhamp.se/runor/gamla/so/so266s.jpg
Sö 268,"Sö 268 - Södermanland: Söderby, Österhaninge",,+ hialmuiþr + raisti + stain + at * þorkut + sun sn + amuti + risti + runar +,"Hjälmvid reste stenen efter Torgöt, sin son. Amunde ristade runorna.",https://www.christerhamp.se/runor/gamla/so/so268.html,https://www.christerhamp.se/runor/gamla/so/so268s.jpg
Sö 269,"Sö 269 - Södermanland: Söderby malm, Österhaninge",,+ out[r] ... ...[ut]r + raiistu + -[t](i)n + þina + at + uikika + faþur + s[in] sun stura +,"Önund ... -und reste denna sten efter efter Viking, deras fader, Stores son",https://www.christerhamp.se/runor/gamla/so/so269.html,https://www.christerhamp.se/runor/gamla/so/so269s.jpg
Sö 270,"Sö 270 - Södermanland: Tyresta, Österhaninge",,far(e)biarn : lit : hagua : stain : et : haulf : sun • si- : hal(t)an : hiak : runa,"Farbjörn lät hugga stenen efter Håulv, sin son. Halvdan högg runorna.",https://www.christerhamp.se/runor/gamla/so/so270.html,https://www.christerhamp.se/runor/gamla/so/so270s.jpg
Sö 272,"Sö 272 - Södermanland: Upp-Norrby, Österhaninge",,•• þurfa(s)tr • let • rai-- • s-aen • þena • aftiR • halftan • suna • s-n ••,"Torfast lät resa denna sten efter Halvdan, sin son",https://www.christerhamp.se/runor/gamla/so/so272.html,https://www.christerhamp.se/runor/gamla/so/so272s.jpg
Sö 273,"Sö 273 - Södermanland: Valsta, Österhaninge",,+ sikni(u)- + raisti + stai- -t + siR=uþr + faþur sin + siba --(o)þur,"Signjut reste stenen efter Sigröd, sin fader, Sibbes broder",https://www.christerhamp.se/runor/gamla/so/so273.html,https://www.christerhamp.se/runor/gamla/so/so273s.jpg
Sö 274,Sö 274 - Södermanland: Södersluss,,+ karl [+] au[k +] oţ[is]la + litu + rai(s)... ... ... + aurnisl + faţur + -...,"Karl och Adisla lät resa [denna sten efter] Arnisl, [sin] fader",https://www.christerhamp.se/runor/gamla/so/so274.html,https://www.christerhamp.se/runor/gamla/so/so274s.jpg
S— 275,S— 275 - S—dermanland: Strðngnðs domkyrka,,... ...na * bist * mat-- (h)i * a[imi * uar],... han var den gðstfriaste av alla mðn i vðrlden ...,https://www.christerhamp.se/runor/gamla/so/so275.html,https://www.christerhamp.se/runor/gamla/so/so275.jpg
Sö 276,Sö 276 - Södermanland: Strängnäs domkyrka,,sihuiţr : auk : suain : auk : uihielbr : auk : kyla : ţaun : litu : raisa : stain : eftiR * olaif,Sigvid och Sven och Vilhjälm och Gylla de lät resa stenen efter Olev,https://www.christerhamp.se/runor/gamla/so/so276.html,https://www.christerhamp.se/runor/gamla/so/so276s.jpg
Sö 277,Sö 277 - Södermanland: Strängnäs domkyrka,,u--r : auk : inki:burk : (l)itu : ra... ... ...- : ...a at * uerþr * iki : inkuars : ma... ...,... och Ingeborg lät resa ... blir icke någon av Ingvars män,https://www.christerhamp.se/runor/gamla/so/so277.html,https://www.christerhamp.se/runor/gamla/so/so277s.jpg
Sö 278,Sö 278 - Södermanland: Strängnäs domkyrka,,k(u)nbiurn lit raisa : st... ... ... ₫[ana]imuntiR :,Gunnbjörn lät resa stenen ... son till Emund [?] ...,https://www.christerhamp.se/runor/gamla/so/so278.html,https://www.christerhamp.se/runor/gamla/so/so278s.jpg
Sö 278,Sö 278 - Södermanland: Strängnäs domkyrka,,ai... ... ...(u)a : --(a)- ... ...uni ÷ aimunt... ... sunarla : a : se(r)kl...,E ... hugga stenen ... Emunds söner ... söderut i Särkland,https://www.christerhamp.se/runor/gamla/so/so279.html,https://www.christerhamp.se/runor/gamla/so/so279.jpg
Sö 280,Sö 280 - Södermanland: Strängnäs domkyrka,,...nbiur * auk þau * ut---uk * (m)uþkni * litu * aukua * sti(n) * þna * iftiR * ulfrik * auk * þa * þ--a * faþka auk * -au(a) * sun * utrlaukar,"...björn och Underlög, moder och son, lät hugga denna sten efter Ulvrik och ... fader och son, och efter ... Underlögs son",https://www.christerhamp.se/runor/gamla/so/so280.html,https://www.christerhamp.se/runor/gamla/so/so280s.jpg
Sö 281,Sö 281 - Södermanland: Strängnäs domkyrka,,...(a)lui : lit * kira : kubl : ifti... ... burţur : ulfs * ţiR * a(u)... ... (m)iţ * ikuari : o : sirk*la(t),... lät göra minnesmärket efter ... Ulvs broder. De ... österut ... med Ingvar i Särkland,https://www.christerhamp.se/runor/gamla/so/so281.html,https://www.christerhamp.se/runor/gamla/so/so281s.jpg
Sö 282,Sö 282 - Södermanland: Botkyrka kyrka,,uifastr × auk × hauk- × raist- stain × eftiR × naus × fa... ... ... ... ...(u)aka × broþur × þaiRa,Vifast och Hök reste stenen efter deras fader ... deras broder,https://www.christerhamp.se/runor/gamla/so/so282.html,https://www.christerhamp.se/runor/gamla/so/so282s.jpg
Sö 283,Sö 283 - Södermanland: Botkyrka kyrka,,... ...k tufi : ₫aiR lit:u rais[a : stain : ₫insa : ftiR : ka-...],... Tove lät resa denna sten efter ...,https://www.christerhamp.se/runor/gamla/so/so283.html,https://www.christerhamp.se/runor/gamla/so/so283s.jpg
Sö 284,Sö 284 - Södermanland: Botkyrka kyrka,,...(u)na + bruþu : ---...,... broder ...,https://www.christerhamp.se/runor/gamla/so/so284.html,https://www.christerhamp.se/runor/gamla/so/so284s.jpg
S— 285,S— 285 - S—dermanland: Botkyrka kyrka,,æ uikautrr * auk * --fun- * ris±u * sten * i... ... ... ...ni * sina *,Veg—t och ... reste stenen efter ... sina s—ner,https://www.christerhamp.se/runor/gamla/so/so285.html,https://www.christerhamp.se/runor/gamla/so/so285.jpg
Sö 286,Sö 286 - Södermanland: Botkyrka kyrka,,"+ {QI * LEGET * ET * NESCIT * VIR * NOBILIS * HIC * REQIESCIT *÷* SIT MVNDVS * SORDE * BIORN : DICTV XPE PRE[C]OR TE} ÷
[k]ar[l +] (k)[æ](r)(þ)(i) ÷ stin + i(f)[(t)]iR + biorn + fren[t]a + sæn + su[en]s + sun + -k + [be](n)k(f)ri[þa +] i ha[im]a[rbu] +
---(u)bu (+) hans + ha(r) + [lik](r) [+] han + yn(t)i + s[t]eni + þei[m]i + bank(f)riþi a[t] (+) [k]a(r)-h----[r + su]n sin +","Den som läser och är okunnig [ må veta att ] en ädel man vilar här. Jag beder dig, Kristus, att du må säga: ""Han, Björn, må vara ren från [ syndens ] orenhet"" Karl gjorde stenen efter Björn, sin frände, Svens  och Bänkfrids son i Hammarby, ... hans. Här ligger han under denna sten. Bänkfrid efter ... sin son.",https://www.christerhamp.se/runor/gamla/so/so286.html,https://www.christerhamp.se/runor/gamla/so/so286s.jpg
Sö 288,"Sö 288 - Södermanland: Hågelby, Botkyrka",,sibi auk · iurun auk · þurkun · auk inkikirþr · þau : sustkyn ---(u) raisa · stain · þinsa · ibtiR · tia faþur sin auk| |kuþ(m)uþ · at bunta sin kuþ hialbi sial hans ·,"Sibbe och Jorun och Torgunn och Ingegärd, de syskonen läto resa denna sten efter Tjarve (?),sin fader, och Gudmod efter sin make. Gud hjälpe hans själ.",https://www.christerhamp.se/runor/gamla/so/so288.html,https://www.christerhamp.se/runor/gamla/so/so288s.jpg
Sö 289,"Sö 289 - Södermanland: Spåntorp, Hamra, Botkyrka",,biurn · auk · hu... (r)i^s(þ)(u) s(t)(n) þ--a i(f)tiR kil(b)--... ...ur · -in kuþ h--l... ...u,"Björn och Holm- reste denna sten efter Kättilbjörn[?], sin fader. Gud hjälpe själen.",https://www.christerhamp.se/runor/gamla/so/so289.html,https://www.christerhamp.se/runor/gamla/so/so289s.jpg
Sö 290,Sö 290 - Södermanland: Farsta gĺrd,,+ ţuriR + auk + suaen + litu + raisa + stain + at + uinut + baurţur + sen + sun * hlku *,"Tore och Sven lät resa stenen efter Vinjut sin broder, Helgas son",https://www.christerhamp.se/runor/gamla/so/so290.html,https://www.christerhamp.se/runor/gamla/so/so290s.jpg
Sö 291,Sö 291 - Södermanland: Grödinge kyrka,,-a(r)-lfr/(þ)(o)(r)-lfr auk · ulfr : auk : sikstin : auk ...ar : þair : ristu : sain : þinsa : iftir : ualt faþur sin,"Farulv och Ulv och Sigsten och Gunnar, de reste denna sten efter Roald, sin fader",https://www.christerhamp.se/runor/gamla/so/so291.html,https://www.christerhamp.se/runor/gamla/so/so291s.jpg
Sö 293,"Sö 293 - Södermanland: Eldtomta, Grödinge socken",,[auintr : auk : kerþar : auk : iki](a)ltr · auk · ti[þkumi : auk : sikraif · þaiR : raistu : stain : þin]sa : at · tu[li : faþur : sin],"Öjvind och Gärdar och Ingjald och Tidkume och Sigrev, de reste denna sten efter Tole, sin fader",https://www.christerhamp.se/runor/gamla/so/so293.html,https://www.christerhamp.se/runor/gamla/so/so293s.jpg
Sö 296,"Sö 296 - Södermanand: Skälby, Grödinge",,× oskautrR : raisti : stain : þinsi : aftiR · airnfast : mu...[uþur sin : sun · kuþi(k)]s : uk · aftiR : ulafu kunu : sina : kairþi : oskutr : kuml : þausi +,"Åsgöt reste denna sten efter Ärnfast, sin morbror, Gydings son, och efter Olov, sin hustru, gjorde Åsgöt detta minnesmärke",https://www.christerhamp.se/runor/gamla/so/so296.html,https://www.christerhamp.se/runor/gamla/so/so296s.jpg
Sö 299,Sö 299 - Södermanland: Huddinge kyrka,,onunr : uk þurfa... ... ... ...-r sino : þaiR kirþu bru,Anund och Torfast [lät resa stenen efter] ... sin moder. De gjorde bro.,https://www.christerhamp.se/runor/gamla/so/so299.html,https://www.christerhamp.se/runor/gamla/so/so299s.jpg
Sö 300,"Sö 300 - Södermanland: Glömsta, Huddinge socken",,suerkiR : lit : boro : kiera : eftiR * erinkuni * moþur koþa,Sverker lät göra bron efter Ärengunn [sin] goda moder,https://www.christerhamp.se/runor/gamla/so/so300.html,https://www.christerhamp.se/runor/gamla/so/so300s.jpg
Sö 301,"Sö 301 - Södermanland: Ågesta bro, Huddinge socken",,** ₫uri[R : auk] ...(u)i... ... [: s]taean ...f-- : o...-a : fa₫r ... **,Tore och ... sten ... fader,https://www.christerhamp.se/runor/gamla/so/so301.html,https://www.christerhamp.se/runor/gamla/so/so301s.jpg
Sö 302,"Sö 302 - Södermanland: Bergaholm, Salem",,a:ustain ᛫ lit ᛫ raisa ᛫ stain ᛫ at ᛫ þurkirþi ᛫ sistur ᛫ sina ᛫ hilbiarn at ᛫ moþur ᛫ sina,"Östen lät resa stenen Torgärd, sin syster, Hallbjörn efter sin moder",https://www.christerhamp.se/runor/gamla/so/so302.html,https://www.christerhamp.se/runor/gamla/so/so302s.jpg
Sö 303,"Sö 303 - Södermanland: Bornö, Salem",,kuþlauh : -et raisa ... ...(i)R : þurhaR : uk frusta : su(n)... (s)ino : uk ainiutr : at : stiub sin,"Gudlög lät resa stenen efter Torger och Fröste, sina söner, och Enjut efter sin styvson",https://www.christerhamp.se/runor/gamla/so/so303.html,https://www.christerhamp.se/runor/gamla/so/so303s.jpg
Sö 304,"Sö 304 - Södermanland: Oxelby, Salem",,× kuti ×× lit × raisa + [st]ain + þinsa × eftiR + urukiu + sun + sin +,"Gute lät resa denna sten efter Orökja, sin son",https://www.christerhamp.se/runor/gamla/so/so304.html,https://www.christerhamp.se/runor/gamla/so/so304s.jpg
Sö 305,"Sö 305 - Södermanland: Tumba, Botkyrka",,× sibi auk × tiarui × litu × raisa stain × þinsa × iftiR × þorkil × faþur sin,"Sibbe och Tjarve lät resa denna sten efter Torkel, sin fader",https://www.christerhamp.se/runor/gamla/so/so305.html,https://www.christerhamp.se/runor/gamla/so/so305s.jpg
Sö 306,"Sö 306 - Södermanland: Söderby krog, Salem",,...[rn :] auk · fasti : raist^u st[a]in ·· at · k(i)(l)beaurn : faþ(u)r : si(n) : [buata : þo]r[·kiai]rþ[i ··],"Björn och Faste reste stenen efter Kättilbjörn, sin fader, Torgärds make",https://www.christerhamp.se/runor/gamla/so/so306.html,https://www.christerhamp.se/runor/gamla/so/so306s.jpg
Sö 307,"Sö 307 - Södermanland: Igelsta kvarn, Södertälje",,ul(f)hiþin * auk : au... ... ...aiR : raistu : stai(n) : þinsa : at : þurstin : faþur : sin :,"Ulvheden och Gunnar de reste denna sten efter Torsten, sin fader.",https://www.christerhamp.se/runor/gamla/so/so307.html,https://www.christerhamp.se/runor/gamla/so/so307s.jpg
Sö 308,"Sö 308 - Södermanland: Järnavägen, Södertälje",,hulmfastr ' roţelfr ' ---u ' [ri]sta ' run[a] ' a- ... ... (i)kifast ' suni : sina ['] -iR ua(R)u * hua=str * i(n) * ybir risti,Holmfast [och] Rodälv de ristade runorna efter ... Ingefast sina söner som hade varit västerut. Men Öpir ristade.,https://www.christerhamp.se/runor/gamla/so/so308.html,https://www.christerhamp.se/runor/gamla/so/so308s.jpg
Sö 309,Sö 309 - Södermanland: Södertälje kyrkogård,,... ...(n) + þis^a + iftiR + bleik + ... ...- · a- · --...,... denna sten efter Blek ...,https://www.christerhamp.se/runor/gamla/so/so309.html,https://www.christerhamp.se/runor/gamla/so/so309s.jpg
Sö 311,"Sö 311 - Södermanland: Holmfastvägen, Södertälje",,hulfastr + lit + braut + ruþia + aftR + ik----(þ)i + mu(þ)-r + sina + ku-- + -r-a... + sina +,Holmfast lät röja väg efter Ingegerd [?] sin goda moder ...,https://www.christerhamp.se/runor/gamla/so/so311.html,https://www.christerhamp.se/runor/gamla/so/so311s.jpg
Sö 312,"Sö 312 - Södermanland: Holmfastvägen, Södertälje",,hulfastr lit × braut × ryþia × auk × bro kiara iftiR gam-- × faþur × sin × sum × byki| |i : nesby × kuþ × hialbi ant hans aystain,"Holmfast lät röja väg och göra bro efter Gamal, sin fader, som bodde i Näsby. Gud hjälpe hans ande. Östen [ristade].",https://www.christerhamp.se/runor/gamla/so/so312.html,https://www.christerhamp.se/runor/gamla/so/so312s.jpg
Sö 313,"Sö 313 - Södermanland: Holmfastvägen, Södertälje",,-,-,https://www.christerhamp.se/runor/gamla/so/so313.html,https://www.christerhamp.se/runor/gamla/so/so313s.jpg
Sö 314,Sö 314 - Södermanland: Torshälla kyrka,,... : raisa : ¶ : at : kakr : boana : nytan,"... resa [stenen] efter Gagarr, sin duglige make",https://www.christerhamp.se/runor/gamla/so/so314.html,https://www.christerhamp.se/runor/gamla/so/so314s.jpg
Sö 321,"Sö 321 - Södermanland: Kråktorp, Fogdö",,(u)fik(R) : auk --...rn · l--u · ris- · ... ... ... --- · an · hafþi · til · kart,Ofeg och .. lät resa ... än han hade förtjänat,https://www.christerhamp.se/runor/gamla/so/so321.html,https://www.christerhamp.se/runor/gamla/so/so321s.jpg
Sö 322,"Sö 322 - Södermanland: Stora Väsby, Fogdö",,-,-,https://www.christerhamp.se/runor/gamla/so/so322.html,https://www.christerhamp.se/runor/gamla/so/so322s.jpg
Sö 324,"Sö 324 - Södermanland: Åsby, Helgarö",,: umal * auk : hlr(a)Rnla : rais(t)e : stain (þ)ans : at aur(m)R usa : fauþra : stuol : auk : kul : rbkas tin hs=bt : abka : sin :,... reste denna sten efter ... fader ...,https://www.christerhamp.se/runor/gamla/so/so324.html,https://www.christerhamp.se/runor/gamla/so/so324s.jpg
Sö 325,Sö 325 - Södermanland: Härads kyrka,,: kaubi * resti : stin : eftiR :* su(i)ni : faţur : sin :,"Köpe reste stenen after Svene, sin fader",https://www.christerhamp.se/runor/gamla/so/so325.html,https://www.christerhamp.se/runor/gamla/so/so325s.jpg
Sö 327,"Sö 327 - Södermanland: Göksten (Näsbyholm), Härad",,... (i)uraRi : kaum : isaio : raisti : stai : ain : þansi : at : : þuaR : fauþr : sloþn : kbrat : sin faþu... ul(i) * hano : msi +,"Roar, Gumes son, reste denna sten efter Audar, Slodes fader och efter sin fader. Guld han i semgallernas land skiftade",https://www.christerhamp.se/runor/gamla/so/so327.html,https://www.christerhamp.se/runor/gamla/so/so327s.jpg
Sö 328,"Sö 328 - Södermanland: Tynäs, Strängnäs",,þurulfR × auk × untrlauh : þau : raistu × stina × þasi auk × bru × kia(r)(þ)(u) -(t) (k)u(þ)ui × faþur : sin buanta × asu ×,"Torulv och Underlög reste dessa stenar och gjorde bro efter Gudver, isn fader, Åsas make",https://www.christerhamp.se/runor/gamla/so/so328.html,https://www.christerhamp.se/runor/gamla/so/so328s.jpg
Sö 330,"Sö 330 - Södermanland: Bråtorp, Åker",,mudløg,Handfat,https://www.christerhamp.se/runor/gamla/so/so330.html,https://www.christerhamp.se/runor/gamla/so/so330s.jpg
Sö 331,"Sö 331 - Södermanland: Skämby, Åker",,biriR * auk * -(u)(l)ma * litu * kera * mari * þisa * at * hulma ** sun * sin * koþan * hulmnui * tutr sia * kuþ * hialbi * s(i)(l)u * þaiRa,"Birger och Holma lät göra dessa minnesmärken efter Holme, sin gode son, [och efter] Holmvi, sin dotter. Gud hjälpe deras själ!",https://www.christerhamp.se/runor/gamla/so/so331.html,https://www.christerhamp.se/runor/gamla/so/so331s.jpg
Sö 332,"Sö 332 - Södermanland: Skämby, Åker",,...-þb-urn * lit * kira * mirki * þ-si ...-... ...u-mlaug sun -in,"Gudbjörn lät göra dessa minnesmärken efter Holmlög, sin son",https://www.christerhamp.se/runor/gamla/so/so332.html,https://www.christerhamp.se/runor/gamla/so/so332s.jpg
Sö 333,Sö 333 - Södermanland: Ärja ödekyrka,,: amuit * rsti * sina * ţina * yti * suna * sina * rnulfu * aku * hrenki bruţur * sena * uarţi * uti * terebina * i * kalmarna * sutuma * furu * afu * skani ×× eski * rsti * runa * ţasi ×,"Amunde reste denna sten efter sin son Runulv och [efter] RIng, sin broder. [Han] blev dräpt ute i Kalmarkund, [dĺ de] for frĺn Skĺne. Eskil ristade dessa runor",https://www.christerhamp.se/runor/gamla/so/so333.html,https://www.christerhamp.se/runor/gamla/so/so333s.jpg
Sö 334,Sö 334 - Södermanland: Ärja ödekyrka,,...- : boanta : --- (k)oþan,... goda ... make,https://www.christerhamp.se/runor/gamla/so/so334.html,https://www.christerhamp.se/runor/gamla/so/so334.jpg
Sö 335,Sö 335 - Södermanland: Ärja ödekyrka,,u ulf=ui : raisti : stain ţana| |at bruţur sin : u:snikin saR furs : a:ust:arla : maţ : i:ikn:u:ari : ksibari hulmstains,"Ulv [?] reste denna sten efter sin broder Osniken, som dog österut med Ingvar, [han var] Holmstens skeppskamrat",https://www.christerhamp.se/runor/gamla/so/so335.html,https://www.christerhamp.se/runor/gamla/so/so335s.jpg
Sö 336,Sö 336 - Södermanland: Kungsör,,[þorkils lit * kera * merki * ef](t)iR + askaut × auk + þorkut × bry(þ)r * sina [* hi]a[l]bi [* k]u[þ] × [a]nt ×,"Torgils lät göra minnesmärket efter Åsgöt och Torgöt, sina bröder. Gud hjälpe [deras] andar!",https://www.christerhamp.se/runor/gamla/so/so336.html,https://www.christerhamp.se/runor/gamla/so/so336s.jpg
Sö 337,Sö 337 - Södermanland: Torpa kyrka,,"+ øþu(l)fær : (k)ærþe ki(r)(i)k(i)(u)
+ oþriti • iauþo- : kikir ioþu siki an þais kirku + oþriti : ïauk ekiukr",Ödulf gjorde kyrkan,https://www.christerhamp.se/runor/gamla/so/so337.html,https://www.christerhamp.se/runor/gamla/so/so337s.jpg
Sö 338,Sö 338 - Södermanland: Turinge kyrka,,· ketil : auk + biorn + þaiR + raistu + stain + þin[a] + at + þourstain : faþur + sin + anuntr + at + bruþur + sin + auk : hu[skar]laR + hifiR + iafna + ketilau at + buanta sin · bruþr uaRu þaR bistra mana : a : lanti auk : i liþi : uti : h(i)(l)(t)u sini huska(r)la : ui- + han + fial + i + urustu + austr + i + garþum + lis + furugi + lanmana + bestr,"Kettil och Björn de reste denna sten efter Torsten, deras fader, Anund efter sin broder och huskarlarna efter den rättvise (?). Kättilö efter sin make.
Bröderna var de bästa bland män i landet och i ledung ute, höll sina huskarlar väl. Han föll i strid österut i Gårdarike ledungens hövding, av landsmän den bäste.",https://www.christerhamp.se/runor/gamla/so/so338.html,https://www.christerhamp.se/runor/gamla/so/so338s.jpg
Sö 340,"Sö 340 - Södermanland: Östra Kumla, Turinge",,[: stin : saR:si sonr : at · frusta ik]irunaR : [sun : aik : kuþlifs : ulifR : raisti aftiR bruþur sin ¶ kus],"Denna sten står efter Froste, Ingeruns och Gudlevs son. Olev reste den efter sin broder. Kors.",https://www.christerhamp.se/runor/gamla/so/so340.html,https://www.christerhamp.se/runor/gamla/so/so340s.jpg
S— 343,S— 343 - S—dermanland: Tveta kyrka,,inkialtr [: raisti : auk : ±r]stin * stain * ±ina * at * arnfast : fa±ur : sin :,"Ingjald och Torsten reste denna sten efter Arnfast, sin broder.",https://www.christerhamp.se/runor/gamla/so/so343.html,https://www.christerhamp.se/runor/gamla/so/so343.jpg
Sö 344,"Sö 344 - Södermanland: Kiholm, Västertälje",,× auþbiarn × auk × sigbiarn ×  kuþbian × þaiR × byþr × litu × hakua × stain × þinsa × eftiR × biurn × fnþur × sin ---(a)lan,"Audbjörn och Sigbjörn och Gudbjörn de bröderna lät hugga denna sten efter Björn, deras raske fader",https://www.christerhamp.se/runor/gamla/so/so344.html,https://www.christerhamp.se/runor/gamla/so/so344s.jpg
Sö 345,Sö 345 - Södermanland: Ytterjärna kyrka,,... ...in × þinsa × at × kai(r)... ... ...-n * eR * e[n-a]þr × ut-| |- × kr... ... ...roþur × ... ... ... raisa : ...,... [resa st]en denna efter Ger ... Han ändades ute i Grekland.,https://www.christerhamp.se/runor/gamla/so/so345.html,https://www.christerhamp.se/runor/gamla/so/so345s.jpg
Sö 345 B,Sö 345 B - Södermanland: Ytterjärna kyrka,,... ...roþur × ...,... [b]roder ...,https://www.christerhamp.se/runor/gamla/so/so345-2.html,https://www.christerhamp.se/runor/gamla/so/so345-2.jpg
Sö 349,"Sö 349 - Södermanland: Lideby, Ytterjärna",,i(n)ki * auk * kati... ... ... * stain * at * þtgn * -aþur * sin * koþan * kuþ * ialbi,"Inge och Kättil ... stenen efter Tägn, sin gode fader",https://www.christerhamp.se/runor/gamla/so/so349.html,https://www.christerhamp.se/runor/gamla/so/so349s.jpg
Sö 350,"Sö 350 - Södermanland: Valsta, Ytterjärna",,ulfR : auk : igul : raistu : stain : þensa : at ur[i : fa]þur sin : kuþan : kuþ : hialb[i ·] --- hn...,"Ulf och Igul reste denna sten efter Orre, sin gode fader. Gud hjälpe ...",https://www.christerhamp.se/runor/gamla/so/so350.html,https://www.christerhamp.se/runor/gamla/so/so350s.jpg
Sö 351,Sö 351 - Södermanland: Överjärna kyrka,,...[u] + raisti + stain + þansi + at + uikaiR + faþur + sin + uinr... ... ...abu + h-n ×,"... reste denna sten efter Viger, sin fader ... dräpte honom.",https://www.christerhamp.se/runor/gamla/so/so351.html,https://www.christerhamp.se/runor/gamla/so/so351s.jpg
Sö 352,"Sö 352 - Södermanland: Linga, Överjärna",,"ailkulfR : raisþi : stin : þansi : [at] : þurfast : mag : sin : tisa : at bruþur sia ...---u
tisa : kiarþ- eft-- ... sina
tuþruu","Helgulv reste denna sten till mine av Torfast, sin svåger, Disa till minne av sin broder Disa gjorde efter ... sina död",https://www.christerhamp.se/runor/gamla/so/so352.html,https://www.christerhamp.se/runor/gamla/so/so352-1s.jpg
Sö 355,"Sö 355 - Södermanland: Fors kyrka, Eskilstuna",,... ... ...[uiþ](r) : letu : ... ... (þ)isa : ef... ...,... -vid lät [resa] denna [sten] efter ...,https://www.christerhamp.se/runor/gamla/so/so355.html,https://www.christerhamp.se/runor/gamla/so/so355s.jpg
Sö 356,Sö 356 - Södermanland: Eskilstuna,,+ ku... ... + ant + hans ... ku... ... ...uk + þ(a)... ... + sum + kiara + litu + tofi + risti + runaR + a + nesbiurn + hiok + sta...,"Gud och Guds moder hjälpe hans ande och de mäns (ande), som ha låtit göra (denna grav).
Tove ristade runorna härpå. Näsbjörn högg stenarna.",https://www.christerhamp.se/runor/gamla/so/so356.html,https://www.christerhamp.se/runor/gamla/so/so356s.jpg
S— 357,S— 357 - S—dermanland: Slottsskolan,,(a)(t) : (a)utisi : sustur ...,"Efter Eidisa, syster ...",https://www.christerhamp.se/runor/gamla/so/so357.html,https://www.christerhamp.se/runor/gamla/so/so357.jpg
Sö 358,"Sö 358 - Södermanland: Slottsskolan, Eskilstuna",,...--f :: br...,-,https://www.christerhamp.se/runor/gamla/so/so358.html,https://www.christerhamp.se/runor/gamla/so/so358s.jpg
Sö 359,"Sö 359 - Södermanland: Åda, Trosa-Vagnhärad",,• arulfr • auk • kamal • auk • sbiuti • þair • litu • heli • hakua • eftir • rukuat • faþur • sin • kuþan,"Arnulv och Gammal och Spjute, de lät hugga hällen efter Rogvat, sin gode fader",https://www.christerhamp.se/runor/gamla/so/so359.html,https://www.christerhamp.se/runor/gamla/so/so359s.jpg
S— 360,"S— 360 - S—dermanland: Bjuddby, Blacksta",,: ±urstin : reisti : stin : ±isi : iffir : bruuR : sin ±urbn *: sun : ru-ts : farit : uas i : far-nki :,"Torsten reste denna sten efter sin broder Torbj—rn, Ruts son. Han hade farit ...",https://www.christerhamp.se/runor/gamla/so/so360.html,https://www.christerhamp.se/runor/gamla/so/so360.jpg
Sö 362,Sö 362 - Södermanland: Tumbo kyrka,,+ kulben * auk * iuli * restu * stin * uftiR * ikuar * bruþur * sin *,Kolben och Jule reste stenen efter Ingvar sin broder,https://www.christerhamp.se/runor/gamla/so/so362.html,https://www.christerhamp.se/runor/gamla/so/so362s.jpg
Sö 363,Sö 363 - Södermanland: Tumbo kyrka,,* aystin * raisti * stin * at * þorstin * faþur sin * kuþ * hiolbi * ant *: þorstinR *,"Östen reste stenen efter Torsten, sin fader. Gud hjälpe Torstens ande",https://www.christerhamp.se/runor/gamla/so/so363.html,https://www.christerhamp.se/runor/gamla/so/so363s.jpg
S— 364,S— 364 - S—dermanland: Tumbo kyrka,,...(u)k ** (t)-...,,https://www.christerhamp.se/runor/gamla/so/so364.html,https://www.christerhamp.se/runor/gamla/so/so364.jpg
Sö 366,"Sö 366 - Södermanland: Yttervalla, Frustuna",,...sa i · at... ...rþr...,-,https://www.christerhamp.se/runor/gamla/so/so366.html,https://www.christerhamp.se/runor/gamla/so/so366as.jpg
Sö 367,"Sö 367 - Södermanland: Släbro, Nyköping",,hamunr : ulfR raisþu : stain : þinsi : efti : hrulf : faþur : sin : ayburg : at : unir sin þaiR otu : by : slaiþa:bru + fraystain : hrulfR o=þrutoR þiakna,"Håmund [och] Ulf reste denna sten efter Rolf, sin fader, Öborg efter sin man. De ägde byn Släbro, Frösten och Rolf, dugande män.",https://www.christerhamp.se/runor/gamla/so/so367.html,https://www.christerhamp.se/runor/gamla/so/so367s.jpg
Sö 374,Sö 374 - Södermanland: Tystberga,,...--- l-t · r-isa · stain · -ftiR mana musku ruþur · tufialtr risti runaR ... fulkoþan fnþ...,"... lät resa stenen efter Manne, Muskias broder. Styvjald ristade runorna ... gode fader ...",https://www.christerhamp.se/runor/gamla/so/so374.html,https://www.christerhamp.se/runor/gamla/so/so374s.jpg
Sö 377,Sö 377 - Södermanland: Överselö kyrka,,... ...isa * sti- ... -t * su... ...,... resa denna sten ... efter son ...,https://www.christerhamp.se/runor/gamla/so/so377.html,https://www.christerhamp.se/runor/gamla/so/so377s.jpg
Sö 381,"Sö 381 - Södermanland: Ladvik, Salem",,... ...(t) : igul : faþu... ...,"... efter Igul, sin fader ...",https://www.christerhamp.se/runor/gamla/so/so381.html,https://www.christerhamp.se/runor/gamla/so/so381.jpg
SÖ ATA 6447/61,SÖ ATA 6447/61 - Södermanland: Edeby,,... ...ulmstains × ...,... Holmstens ...,https://www.christerhamp.se/runor/gamla/so/soata6447-61.html,https://www.christerhamp.se/runor/gamla/so/soata6447-61.jpg
Sö ATA5501/52,Sö ATA5501/52 - Södermanland: Vadsbro kyrka,ᛅᛚ,...al...,-,https://www.christerhamp.se/runor/gamla/so/soata5501-52.html,https://www.christerhamp.se/runor/gamla/so/soata5501-52s.jpg
Sö ATA 6294/59,"Sö ATA 6294/59 - Södermanland: Rällinge, Helgarö",,-,-,https://www.christerhamp.se/runor/gamla/so/soata6294-59.html,https://www.christerhamp.se/runor/gamla/so/soata6294-59s.jpg
Sö ATA 6491/60,"Sö ATA 6491/60  - Södermanland: Rällinge, Helgarö",,...- × r(i)(t)(a) × stin × þina × at × runul- ...-...,... resa denna sten efter Runulf ...,https://www.christerhamp.se/runor/gamla/so/soata6491-60.html,https://www.christerhamp.se/runor/gamla/so/soata6491-60s.jpg
Sö ATA 4202/63,Sö ATA 4202/63 - Södermanland: Toresunds kyrkogård,,...-nu...,-,https://www.christerhamp.se/runor/gamla/so/soata4202-63.html,https://www.christerhamp.se/runor/gamla/so/soata4202-63.jpg
Sö ATA 7551/92,"Sö ATA 7551/92 - Södermanland: Örleds såg, Barva",,...-- * lit * -aisa * stain * þinsa * iftir * tu-ta * s-- ...----...,... lät resa denna sten efter Toste (?) sin son ...,https://www.christerhamp.se/runor/gamla/so/soata7551-92.html,https://www.christerhamp.se/runor/gamla/so/soata7551-92s.jpg
Sö ATA 322-4237-2011,"Sö ATA 322-4237-2011 - Södermanland: Småhamra, Österhaninge",,: kunar : auk : ulfr : auk : sighialnmR : litu : risa : stin : atn : halftan : faþur : sin : kuþ : hial¶bi : ¶ : ant : hans,"Gunnar och Ulf och Sighjälm lät resa stenen efter Halvdan, sin fader. Gud hjälpe hans ande",https://www.christerhamp.se/runor/gamla/so/soata322-4237-2011.html,https://www.christerhamp.se/runor/gamla/so/soata322-4237-2011s.jpg
Sö FV 1948;291,"Sö FV 1948;291 - Södermanland: Giberga, Lunda",,...- · kiarþu · skibuarþ · (a)-... · trbnfr,... [de] gjorde skeppsvakt ... dräpt ...,https://www.christerhamp.se/runor/gamla/so/sofv1948-291.html,https://www.christerhamp.se/runor/gamla/so/sofv1948-291s.jpg
Sö FV 1948;295,Sö FV 1948;295 - Södermanland: Lunda kyrka,,: halftan ÷ rasþi : st(a)- ...si : at : raknualt : faþur : sin : ouk : tan * bruþur sin þrutaR þiak(n)a,"Halvdan reste denna sten efter Ragnvald, sin fader, och Dan, sin broder, dugande män",https://www.christerhamp.se/runor/gamla/so/sofv1948-295.html,https://www.christerhamp.se/runor/gamla/so/sofv1948-295s.jpg
Sö FV 1948;298,"Sö FV 1948;298 - Södermanland: Ådala, Ösmo",,: biarni : auk : -ai- : litu : -aisa : stin : at : nikbiurn : faþur sin : bu--a : --ui · bruþur kuþfins :,Bjarne och Ger lät resa stenen efter Näsbjörn (?) sin fader ... Gudfinns broder,https://www.christerhamp.se/runor/gamla/so/sofv1948-298.html,https://www.christerhamp.se/runor/gamla/so/sofv1948-298s.jpg
Sö FV 1948;289,"Sö FV 1948;289 - Södermanland: Aspa bro, Löten, Ludgo",,ostriþ : lit : -ira : ku(m)... ...usi ÷ at : anunt ÷ auk : raknualt : sun : sin ÷: urþu : ta...R : - (t)an...-...(k)u : ua-u : rikiR : o rauniki : ak : snialastiR : i : suiþiuþu,"Astrid lät göra detta minnesmärke efter Anund och Ragnvald, sin son. Blev döda i Danmark var rikast i Rauninge och raskast i Svitjod",https://www.christerhamp.se/runor/gamla/so/sofv1948-289.html,https://www.christerhamp.se/runor/gamla/so/sofv1948-289s.jpg
Sö FV1948;314,Sö FV1948;314 - Södermanland: Toresunds kyrka,,... : sun : s...,... sin son ...,https://www.christerhamp.se/runor/gamla/so/sofv1948-314.html,https://www.christerhamp.se/runor/gamla/so/sofv1948-314s.jpg
Sö FV 1954;19,Sö FV 1954;19 - Södermanland: Vrena kyrka,,krist × biþia ... ...-...(a)(i) · (m)... ... ...i faþur sin ... ...--a × sin × hinha,Kristus be ... sin fader ... sin heliga,https://www.christerhamp.se/runor/gamla/so/sofv1954-19.html,https://www.christerhamp.se/runor/gamla/so/sofv1954-19s.jpg
Sö FV 1958;242,Sö FV 1958;242 - Södermanland: Tumbo kyrka,,* anunr * auk * bruni * raistu * at * kulbain * þina * stain *,Anund och Brune reste denna sten efter Kolben,https://www.christerhamp.se/runor/gamla/so/sofv1958-242.html,https://www.christerhamp.se/runor/gamla/so/sofv1958-242s.jpg
Sö FV 1959;262,"Sö FV 1959;262 - Södermanland: Lövhagen, Österhaninge",,· a-þkuþr · auk · arkir · li-u · raisa ...a ...ai... ...-... ...---t · b...þu- -in,Ödgunn [?] och Arngärd lät resa [denna sten efter] ... sin broder,https://www.christerhamp.se/runor/gamla/so/sofv1959-262.html,https://www.christerhamp.se/runor/gamla/so/sofv1959-262s.jpg
Sö FV 1965;133,"Sö FV 1965;133 - Södermanland: Nyköping, kv. Rådhuset",,margareta a mik,Margareta äger mig,https://www.christerhamp.se/runor/gamla/so/sofv1965-133.html,https://www.christerhamp.se/runor/gamla/so/sofv1965-133s.jpg
Sö FV 1969;298,Sö FV 1969;298 - Södermanland: Kjula kyrka,,... : þensa : iftir : eskil : (b)(r)-(þ)... ...,"... denna [sten] efter Eskil, [sin] broder",https://www.christerhamp.se/runor/gamla/so/sofv1969-298.html,https://www.christerhamp.se/runor/gamla/so/sofv1969-298s.jpg
Sö FV 1971;207,"Sö FV 1971;207 - Södermanland: Tyresö, Tyresö",,kunbiarn : lit : r-... ... ...(b)(i) : ant : btr · þan ...,Gunbjörn lät resa ... hjälpe ande bättre än ...,https://www.christerhamp.se/runor/gamla/so/sofv1971-207.html,https://www.christerhamp.se/runor/gamla/so/sofv1971-207s.jpg
Sö FV 1971;208,"Sö FV 1971;208 - Södermanland: Säby, Ösmo",,× uihmar ᛫ raisti ᛫ sten ᛫ þinsa ᛫ eftiR ᛫ kara ᛫ faþur ᛫ sin ᛫ auk þora ×,"Vigmar reste denna sten efter Kåre, sin fader, och Tora",https://www.christerhamp.se/runor/gamla/so/sofv1971-208.html,https://www.christerhamp.se/runor/gamla/so/sofv1971-208s.jpg
Sö FV1973;189,Sö FV1973;189 - Södermanland: Julita gård,,,,https://www.christerhamp.se/runor/gamla/so/sofv1973-189.html,https://www.christerhamp.se/runor/gamla/so/sofv1973-189s.jpg
Sö FV 1981;197,"Sö FV 1981;197 - Södermanland: Årsta, Österhaninge socken",,fuþorkhnias... fuþorkhniast... ...hn(i)(a)stbm(l)R,,https://www.christerhamp.se/runor/gamla/so/sofv1981-197.html,https://www.christerhamp.se/runor/gamla/so/sofv1981-197s.jpg
Sö FV 1984;253,"Sö FV 1984;253 - Södermanland: Åkra gård, Bettna",,... ...in : þina : at : osuar : mu(þ)... ...,"... denna sten efter Åsvar, sin moder ...",https://www.christerhamp.se/runor/gamla/so/sofv1984-253.html,https://www.christerhamp.se/runor/gamla/so/sofv1984-253s.jpg
Sö FV 1986;218,"Sö FV 1986;218 - Södermanland: Harby, Kjula",,× kaR : reþi sin : eti : bui : uiburk uaR : muþR :  snuR : fatriþ : ----,"... gjorde ... efter Boe. Viborg var moder, Sno fader.",https://www.christerhamp.se/runor/gamla/so/sofv1986-218.html,https://www.christerhamp.se/runor/gamla/so/sofv1986-218s.jpg
Sö FV1986;220,"Sö FV1986;220 - Södermanland: Igelsta, Östertälje",,: ... ...--R · eykr ¶ -m.../...R,-,https://www.christerhamp.se/runor/gamla/so/sofv1986-220.html,https://www.christerhamp.se/runor/gamla/so/sofv1986-220s.jpg
Sö FV 1993;229,"Sö FV 1993;229 - Södermanland: Årby, Kloster",,botuiþr * au- ...uri * rai=stu * merki ... ...---rn * broþur * sin *,Botvid och ... reste minnesmärket ... sin broder,https://www.christerhamp.se/runor/gamla/so/sofv1993-229.html,https://www.christerhamp.se/runor/gamla/so/sofv1993-229s.jpg
Sö FV1993;230,"Sö FV1993;230 - Södermanland: Jägarstugan, Vadsbro",,... ...-ialan ...-k ...,... raske ...,https://www.christerhamp.se/runor/gamla/so/sofv1993-230.html,https://www.christerhamp.se/runor/gamla/so/sofv1993-230s.jpg
Sö NOR 1998;23,"Sö NOR 1998;23  - Södermanland: Lilla Bjurstorp, Stora Malm",,... : eftiR : man : tau... ...,... efter den döde mannen ...,https://www.christerhamp.se/runor/gamla/so/sonor1998-23.html,https://www.christerhamp.se/runor/gamla/so/sonor1998-23s.jpg
Sö NOR 2003;21,"Sö NOR 2003;21 - Södermanland: Snäckstavik, Grödinge",,... ...u : br- ...,... lät göra bro ...,https://www.christerhamp.se/runor/gamla/so/sonor2003-21.html,https://www.christerhamp.se/runor/gamla/so/sonor2003-21s.jpg
Sö RAÄ Sundby 41:1,"Sö RAÄ Sundby 41:1 - Södermanland: Ramsundsbron, Sundby",ᛁᚯᛁᛋᛁᚾ,ioisin / nisioi,-,https://www.christerhamp.se/runor/gamla/so/so-raa-sundby-41-1.html,https://www.christerhamp.se/runor/gamla/so/so-raa-sundby-41-1s.jpg
S— SB 1965;12,S— SB 1965;12 - S—dermanland: Tumbo kyrka,,: ormr : auk : faskr : auk : ±ora :* litu : raisa : at : uifa : brour : sin :,Orm och Fastger och Tora lðt resa [stenen] efter Vive sin broder,https://www.christerhamp.se/runor/gamla/so/sosb1965-12.html,https://www.christerhamp.se/runor/gamla/so/sosb1965-12.jpg
Sö SB 1965;19,"Sö SB 1965;19 - Södermanland: Runmarsvreten, Berga, Österhaninge",,ku...---- ...--... kuna + l-...u + hakua + stain + þina + auk + buru + þ...-a + if... ...-... ...-- sinn,Gu... [och] Gunna lät hugga denna sten och [göra] denna bro efter ... sin,https://www.christerhamp.se/runor/gamla/so/sosb1965-19.html,https://www.christerhamp.se/runor/gamla/so/sosb1965-19s.jpg
Södermanland: Nyköping,Södermanland: Nyköping,ᛒ,b,,https://www.christerhamp.se/runor/gamla/so/so-nykoping.html,https://www.christerhamp.se/runor/gamla/so/so-nykoping.jpg
U 1,U 1 - Uppland: Adelsö kyrka,,[as]kil : lit : rita : stin : þa[na * -f-]- : u[n]-- : faþur : [si]n [-u-]a : kuþ[an],"Eskil lät resa denna sten efter ... sin fader, en god bonde (?)",https://www.christerhamp.se/runor/gamla/u1/u1.html,https://www.christerhamp.se/runor/gamla/u1/u1.jpg
U 6-8,"U 6-8 - Uppland: Björkö, Adelsö",,× þorst … stain rais … -stri- … uk × eftiR … tunba … ain ×,Torsten [och -]sten reste [stenen efter] ... Estrid ... och efter ...,https://www.christerhamp.se/runor/gamla/u1/u6.html,https://www.christerhamp.se/runor/gamla/u1/u6s.jpg
U 10,U 10 - Uppland: Adelsö kyrka,,aft ybi sonti st(a)(i)n saR ak lki kaRþi f,Efter Öpir (?) står stenen ... gjorde,https://www.christerhamp.se/runor/gamla/u1/u10.html,https://www.christerhamp.se/runor/gamla/u1/u10.jpg
U 11,U 11 - Uppland: Hovgården,,raþ| |þu : runaR : ret : lit : rista : toliR : bry[t]i : i roþ : kunuki : toliR : a(u)k : gyla : litu : ris... ...- : þaun : hion : eftiR ...k : merki srni... haku(n) * (b)aþ : rista,"Råd du runorna rätt! Tolir bryte i Rod lät rista [dem] åt konungen. Tolir och Gyla lät rista [runorna], makarna båda som minnesmärke efter sig[?] Håkon bjöd rista.",https://www.christerhamp.se/runor/gamla/u1/u11.html,https://www.christerhamp.se/runor/gamla/u1/u11s.jpg
U 13,U 13 - Uppland: Bj—rn Jðrnsidas h—g,,... ...[r]kutr ±aiR ... ... ...atu ' ok| |ku[±]... ...,"... Torg—t, de ... [hans] ande och Guds [moder] ...",https://www.christerhamp.se/runor/gamla/u1/u13.html,https://www.christerhamp.se/runor/gamla/u1/u13.jpg
U 14,"U 14 - Uppland: Munkudden, Munsö",,: tuki : ok : ₫orker : ₫au * li... ... at : forkun : sun : sin :,"Toke och Torgärd de lät [resa stenen] efter Forkunn, sin son",https://www.christerhamp.se/runor/gamla/u1/u14.html,https://www.christerhamp.se/runor/gamla/u1/u14s.jpg
U 15,U 15 - Uppland: Ekerö kyrka,,iggeborg ÷ filia : ermundi ÷ iacet : hic : ?,"Ingeborg, Ermunds dotter, vilar här",https://www.christerhamp.se/runor/gamla/u1/u15.html,https://www.christerhamp.se/runor/gamla/u1/u15s.jpg
U 17,U 17 - Uppland: Skytteholm,,: ţuruti * auk * asi * raisa * stin * aftR * auţkiR * (b)... ...- kuţ * hialbi * at * hns :,"Trotte och Ĺsa reser stenen efter Ödger, [sin] broder ... Gud hjälpe hans ande",https://www.christerhamp.se/runor/gamla/u1/u17.html,https://www.christerhamp.se/runor/gamla/u1/u17s.jpg
U 18,U 18 - Uppland: Stavsund,,-a-ur * [au]k : ul... * ristu : tin [:] (þ)ina * [efti(R) * -au-altar * mak *] sin * k[uþa]n * [i * uiki :],... och ... reste denna sten efter ... sin gode frände i Vik,https://www.christerhamp.se/runor/gamla/u1/u18.html,https://www.christerhamp.se/runor/gamla/u1/u18s.jpg
U 19,U 19 - Uppland: Älby,᛬ ᚠᚱᛂᚤᛋᛏᛁᚾ ᛬ ᚱᛂᛁᛋᛏᛁ ᛬ ᛋᛏᛂᛁᚾ ᛬ ᚦᛂᚾᛋᛅ ᛬ ᛂᚠᛏᛁᛦ ᛬ ᚼᛅᚦᛋᚴᛅ ᛬ ᚠᛅᚦᚢᚱ ᛋᛁᚾ ᛬,: freystin : reisti : stein : þensa : eftiR : haþska : faþur sin :,"Frösten reste denna sten efter Hadske, sin fader",https://www.christerhamp.se/runor/gamla/u1/u19.html,https://www.christerhamp.se/runor/gamla/u1/u19s.jpg
U 20,U 20 - 21 - Uppland: Färentuna kyrka,,... ...k * bunta sin ... auk -... ...(u)ţrik * faţur sin * gu... ...-b... ...n- *,"... sin hustru ... och ... -odrik, sin fader. Gu[d hjälpe hans själ]",https://www.christerhamp.se/runor/gamla/u1/u20.html,https://www.christerhamp.se/runor/gamla/u1/u20s.jpg
U 22,U 22,,ulfr * uk uikil + uk syrkil * þa... ...- stain * þina i(f)(t)iR ayt--u faþur sin ku*þ (h)ia[lbi] a-t,Ulf och Vikel och Syrkel de .. denna sten efter ... sin fader. Gud hjälpe anden,https://www.christerhamp.se/runor/gamla/u1/u22.html,https://www.christerhamp.se/runor/gamla/u1/u22s.jpg
U 23,U 23,,suain ' [lit] ...ais- [*] st(a)ina ...f... ...ah ' faþur sin [*] ybiR [*] risti,Sven lät resta stenarna efter ... sin fader. Öpir ristade,https://www.christerhamp.se/runor/gamla/u1/u23.html,https://www.christerhamp.se/runor/gamla/u1/u23.jpg
U 24,U 24 - Uppland: Hilleshögs kyrka,,... faţur sin + guţ hialbi * --- ' han... ...,... sin fader. Gud hjälpe hans [ande] ...,https://www.christerhamp.se/runor/gamla/u1/u24.html,https://www.christerhamp.se/runor/gamla/u1/u24s.jpg
U 25,U 25 - Uppland: Hilleshögs kyrka,,* humfriþr ' lit × ris- * stn * þinsa * ifa-- * haur * bunta * sin * kuþ hialbi i ot hans,"Holmfrid lät resa denna sten efter Haurr, sin make. Gud hjälpe hans ande",https://www.christerhamp.se/runor/gamla/u1/u25.html,https://www.christerhamp.se/runor/gamla/u1/u25s.jpg
U 26,U 26,,-,-,https://www.christerhamp.se/runor/gamla/u1/u26.html,https://www.christerhamp.se/runor/gamla/u1/u26.jpg
U 27,U 27 - Uppland: Hilleshögs kyrka,,-,-,https://www.christerhamp.se/runor/gamla/u1/u27.html,https://www.christerhamp.se/runor/gamla/u1/u27.jpg
U 28,U 28 - Uppland: Hilleshögs kyrka,,...smn... ...s...,,https://www.christerhamp.se/runor/gamla/u1/u28.html,https://www.christerhamp.se/runor/gamla/u1/u28s.jpg
U 29,"U 29 - Uppland: Hillersjö, Hilleshögs socken",,raþ| |þu kaiRmuntr -ik * kaiR[l]a[uk *] (m)aytumi| |i þa * finku * þau sun * aþ han * truknaþi + in sun to : siþan : þa + fi(k) (h)(u)- --þrik * ha-... ... (þ)(i)nsa * þa * finku þa(u) [bar](n) ... (i)(n) maR ain lifþi * hun hit ' ...g[a] ' h(a)... fik raknfastr * i * snutastaþum * þa uarþ han tauþr * auk * sun * siþan * in * moþir kuam + at sunar ' arfi ' þa ' fik hun ' airik ' þar ' uarþ hun tauþ ' þar kuam ' gaiRlauk at arfi ' inku tutur sinar þurbiur(n) ' skalt ' risti runar,"Tyd! Germund fick till hustru Gerlög som ungmö. Sedan fick de en son, innan han [Germund] drunknade. Och sonen dog sedan. Därpå fick hon Gudrik till man. Han ... denna ... Sedan fick de barn. Men en enda flicka levde kvar; hon hette Inga. Henne fick Ragnfast i Snottsta till hustru. Därpå dog han, och sonen sedan, och modern kom till arv efter sin son. Sedan fick hon Erik till man. Därpå dog hon. Då kom Gerlög till arv efter Inga, sin dotter. Torbjörn skald ristade runorna.",https://www.christerhamp.se/runor/gamla/u1/u29.html,https://www.christerhamp.se/runor/gamla/u1/u29.jpg
U 30,"U 30 - Uppland: Kvarsta, Hilleshög",,stainulfr lit raisa * stain þ(a)--a ebtiR * sikfast * faþur sin auk hulmkirþr at bunta sin kuþ ----b- sal hans,"Stenulf lät resa denna sten efter Sigfast, sin fader, och Holmgerd efter sin make. Gud hjälpe hans själ.",https://www.christerhamp.se/runor/gamla/u1/u30.html,https://www.christerhamp.se/runor/gamla/u1/u30.jpg
U 31,"U 31 - Uppland: Väntholmen, Hilleshög",,: sta[infas-r : li- ... ...in : at : b]iar[n] -u---[u]r ...i[n] ... at : bia-[n a-... ...rnfas]... ...,"Stenfast lät ... sten efter Björn, sin broder ... efter Björn och Arnfast [?]",https://www.christerhamp.se/runor/gamla/u1/u31.html,https://www.christerhamp.se/runor/gamla/u1/u31s.jpg
U 32,"U 32 - Uppland: Stockby, Sånga",,+ unfaikr + auk + krukr + auk × stain + auk + halki × litu + raisa + stain × þana + aftir × suain + foþur sin × auk + at + butna + bruþur sin auk × ika + kuþ × hialbi + ont þaira,"Ofeg och Krok och Sten och Helge och Inga lät resa denna sten efter Sven, sin fader och efter Botne, sin broder. Gud hjäple deras ande",https://www.christerhamp.se/runor/gamla/u1/u32.html,https://www.christerhamp.se/runor/gamla/u1/u32s.jpg
U 34,"U 34 - Uppland: Sundby, Sånga socken",,suain × auk × halftan × auk × þora × litu × raisa × stain -ina × aftir × uikik × foþur sin × au(k) × at × þagn × bruþur × sin × kuþ × hialbi at þaira,"Sven och Halvdan och Tora lät resa denna sten after Viking, sin fader, och efter Tägn, sin broder. Gud hjälpe deras ande.",https://www.christerhamp.se/runor/gamla/u1/u34.html,https://www.christerhamp.se/runor/gamla/u1/u34s.jpg
U 35,U 35 - Uppland: Svartsjö,,aþisl : auk : ays- : auk : ---fr : þaiR : litu : raisa : stain : þinsa : at : uikisl : faþur : sin : boanta : irfriþaR,"Adils och Ösel [?] och Olov [?] de lät resa denna sten efter Vigisl, sin fader, Ärnfrids make",https://www.christerhamp.se/runor/gamla/u1/u35.html,https://www.christerhamp.se/runor/gamla/u1/u35s.jpg
U 36,"U 36 - Uppland: Svartsjö djurgård, Sånga socken",,inkimo₫ ' lit ' raisa ' staina ' uk ' bro ' eftiR ' karl boanta sin ybiR risti,"Ingemod lät resa stenarna och [göra] bron efter Karl, sin man. Öpir ristade",https://www.christerhamp.se/runor/gamla/u1/u36.html,https://www.christerhamp.se/runor/gamla/u1/u36s.jpg
U 37,"U 37 - Uppland: Säby, Galgbacken, Sånga",,+ utrykr + auk + buanti + auk + alfrikr + raistu + stain + þinsa + eftiR + kara + faþur + sin + auk + guneþr + at + buanta + sin * guþ hialbi (a)-- -ans + þurbiurn + hiuk ' runaR,"Otrygg och Bonde och Alvrik reste denna sten efter Kare, sin fader, och Gunheid efter sin make. Gud hjälpe hans ande. Torbjörn högg runorna",https://www.christerhamp.se/runor/gamla/u1/u37.html,https://www.christerhamp.se/runor/gamla/u1/u37s.jpg
U 38,"U 38 - Uppland: Säby, Galgbacken, Sĺnga",,' likuiţr ' auk ' knu-... ... ...(t)u ' r--sa ' ...n * at * (u)... si- * (b)u--t(a) ' ...rlaugar * kuţ hie(b)li - sal * ha-s,Likvid och Knut ... lät resa stenen efter ... deras ... Geirlaugs make. Gud hjälpe hans själ.,https://www.christerhamp.se/runor/gamla/u1/u38.html,https://www.christerhamp.se/runor/gamla/u1/u38s.jpg
U 40,U 40 - Uppland: Eneby,,: asbiarn ... ţo[nnstr... ... ...-kuilfr : l]itu : at : asulf * faţur sen,"Asbjörn ... Gunnälv lät [resa stenen] efter Ĺsulv, sin fader",https://www.christerhamp.se/runor/gamla/u1/u40.html,https://www.christerhamp.se/runor/gamla/u1/u40.jpg
"U 41- Uppland: Eneby, Skå","U 41- Uppland: Eneby, Skå",᛬ ᚠᚬᚱᚴᚢᚦᚱ ᛬ ᛅᚢᚴ ᛬ ᚠᚢᛚᚢᚴᛁ ᛬ ᛚᛁᛏᚢ ᛬ ᚱᛁᛋᛏᛅ ᛬ ᚱᚢᚾᛅ ᛬ ᛁᚠᛏᛁᚱ ᛫ ᚼᛁᛚᚢᚴᛅ ᛬ ᚠᛅᚦᚢᚱ ᛫ ᛁᛋᛁᚾ ᛬ ᚴᚱᛁᛋᛏᚱᚼᛁᛅᛚᛒᛁᚾ ᛫ ᛁᚱᛁᚾᚠᛅᛋᛏᚱ ᚱᛁᛋᛏᛁ ᛫,: forkuþr : auk : fuluki : litu : rista : runa : iftir · hiluka : faþur · isin : kristr hialbin · irinfastr risti ·,"Forkunn och Fulluge lät rista runorna efter Illuge, sin fader. Kristus hjälpe [hans själ]. Ärenfast ristade.",https://www.christerhamp.se/runor/gamla/u1/u41.html,https://www.christerhamp.se/runor/gamla/u1/u41s.jpg
U 42,U 42 - Uppland: Troxhammar,,kiulakr × lit × raisa istai[n] × iftir × kuih sua[un] sin × (k)u-an ×,"Kjulak lät resa stenen efter Kvig, sin gode son",https://www.christerhamp.se/runor/gamla/u1/u42.html,https://www.christerhamp.se/runor/gamla/u1/u42.jpg
U 43,"U 43 - Uppland: Törnby, Skå",,: ofaikr : ok : sikmar : ok : fraibiarn : þiR : raistu : at : iarut : faþr : sin : bota : gunum : : irnfastr : iuk : runaR : þasi :,"Ofeg och Sigmar och Fröbjörn de reste [stenen] efter Jörund, sin fader, Gunnas man. Ärnfast högg dessa runor.",https://www.christerhamp.se/runor/gamla/u1/u43.html,https://www.christerhamp.se/runor/gamla/u1/u43s.jpg
U 44,U 44 - Uppland: Törnby,,1: aystin : ok : fraystin [: ra... ... i]ftiR : aista [: faţur * s]in : ok : ... 2: asker : -- bu-a : --- : en : snari : iak,"Östen och Frösten satte stenen efter Este, sin fader och ... Snare högg",https://www.christerhamp.se/runor/gamla/u1/u44.html,https://www.christerhamp.se/runor/gamla/u1/u44s.jpg
U 45,"U 45 - Uppland: Törnby, Skĺ socken",,sahsi * lit ' stain ' hakua ' ok * bro * kiara eft-- -...(r)ţi ' moţor ' sina suain iak,Saxe lät hugga sten och göra bro efter ... sin moder. Sven högg,https://www.christerhamp.se/runor/gamla/u1/u45.html,https://www.christerhamp.se/runor/gamla/u1/u45s.jpg
U 46,U 46 - Uppland: Lovö kyrka,,,Holmger och ... reste sten ... efter moder ...,https://www.christerhamp.se/runor/gamla/u1/u46.html,https://www.christerhamp.se/runor/gamla/u1/u46s.jpg
U 47,U 47 - Uppland: Lovö kyrka,,,"Torgils och Signjut de reste stenen efter Vig, sin fader",https://www.christerhamp.se/runor/gamla/u1/u47.html,https://www.christerhamp.se/runor/gamla/u1/u47s.jpg
U 48,U 48 - Uppland: Lovö kyrka,,,"Illuge lät resa stenen efter Tingfast, sin son ... -fast efter sin broder",https://www.christerhamp.se/runor/gamla/u1/u48.html,https://www.christerhamp.se/runor/gamla/u1/u48s.jpg
U 49,U 49 - Uppland: Lovö kyrka,,+ siR + hulmstain + ketilfastr + la₫i a *,"... Holmsten, Kättilfast ...",https://www.christerhamp.se/runor/gamla/u1/u49.html,https://www.christerhamp.se/runor/gamla/u1/u49s.jpg
U 50,U 50 - Uppland: Lovö kyrka,,+ iuan * stretn + merki + ok + rahnuor + eftiri boanta +,Kättilfast lade märkena efter Johan streten och Ragnvor efter sin man Holmsten,https://www.christerhamp.se/runor/gamla/u1/u50.html,https://www.christerhamp.se/runor/gamla/u1/u50s.jpg
U 52,U 52 - Uppland: Edeby,,afriţ : lit : at : suartau(a) : auk : at : iulfast : suni : sina : ok : at : askaut *,"Ĺfrid lät [hugga hällen] efter Svarthövde och efter Igulfast, sina söner,  och efter Ĺsgöt",https://www.christerhamp.se/runor/gamla/u1/u52.html,https://www.christerhamp.se/runor/gamla/u1/u52s.jpg
U 53,U 53 - Uppland: Prästgatan,,₫or--ain * auk * fraykun ' ₫au ...- * stain ' iftiR -... sun sin,Torsten och Frögunn [de lät] resa stenen efter ... sin son.,https://www.christerhamp.se/runor/gamla/u1/u53.html,https://www.christerhamp.se/runor/gamla/u1/u53s.jpg
U 56,U 56 - Uppland: Glia,,× k[a]mal ak × þialfi × þiR × litu × risa × s(t)ain × þi(n)sa × ... faþur × sin × man| |nu(t)an × ialbin kuþ × sial an,"Gammal och Tjälve de lät resa denna sten [efter ..] sin fader, en dugande man. Gud hjälpe hans själ",https://www.christerhamp.se/runor/gamla/u1/u56.html,https://www.christerhamp.se/runor/gamla/u1/u56s.jpg
U 58,"U 58 - Uppland: Riksby, Bromma",,,,https://www.christerhamp.se/runor/gamla/u1/u58.html,https://www.christerhamp.se/runor/gamla/u1/u58s.jpg
U 59,"U 59 - Uppland: Riksby, Bromma",,,,https://www.christerhamp.se/runor/gamla/u1/u59.html,https://www.christerhamp.se/runor/gamla/u1/u59s.jpg
U 60,U 60 - Uppland: Ängby,,kirRþu þRir utr × lRt + rnesn × s=tnea + iftRr + bira fnþur + RkRkriþnr × hna × ohr × irfRkR uRþa × h...-...þ,"Udd lät resa stenen efter Björn, Ingrids fader, han var Vides arvinge",https://www.christerhamp.se/runor/gamla/u1/u60.html,https://www.christerhamp.se/runor/gamla/u1/u60s.jpg
U 61,U 61 - Uppland: Spånga kyrka,,,,https://www.christerhamp.se/runor/gamla/u1/u61.html,https://www.christerhamp.se/runor/gamla/u1/u61.jpg
U 62,U 62 - Uppland: Spånga kyrka,,,,https://www.christerhamp.se/runor/gamla/u1/u62.html,https://www.christerhamp.se/runor/gamla/u1/u62s.jpg
U 63,U 63 - Uppland: Spånga kyrka,,[... stain × if-... bia... ...],... sten ef[ter] Bjö[rn] ...,https://www.christerhamp.se/runor/gamla/u1/u63.html,https://www.christerhamp.se/runor/gamla/u1/u63s.jpg
U 64,U 64 - Uppland: Spånga kyrka,,--u[iþatrik + o]k [gio]kuif[r] þøn litu kiar mirki i(f)(t)ur ar-- -tur[æiþ] : [oæ],... de lät göra minnesmärket efter ...,https://www.christerhamp.se/runor/gamla/u1/u64.html,https://www.christerhamp.se/runor/gamla/u1/u64s.jpg
U 65,U 65 - Uppland: Spånga kyrka,,betar * lit,Peter lät ...,https://www.christerhamp.se/runor/gamla/u1/u65.html,https://www.christerhamp.se/runor/gamla/u1/u65s.jpg
U 66,U 66 - Uppland: Spånga kyrka,,r + au,-,https://www.christerhamp.se/runor/gamla/u1/u66.html,https://www.christerhamp.se/runor/gamla/u1/u66s.jpg
U 67,U 67 - Uppland: Spånga kyrka,,... * sihatr : litu * r(a)... ...,... Sigvat läto resa ...,https://www.christerhamp.se/runor/gamla/u1/u67.html,https://www.christerhamp.se/runor/gamla/u1/u67s.jpg
U 68,U 68 - Uppland: Spĺnga prästgĺrd,,reisa + st,... resa stenen ...,https://www.christerhamp.se/runor/gamla/u1/u68.html,https://www.christerhamp.se/runor/gamla/u1/u68s.jpg
U 69,"U 69 - Uppland: Eggeby, Spånga",,,,https://www.christerhamp.se/runor/gamla/u1/u69.html,https://www.christerhamp.se/runor/gamla/u1/u69s.jpg
U 72,U 72 - Uppland: Hansta,,* kiarţar + auk * ioruntr * lata ' reisa * ţisa * steina * eftir * systur*suni * sina * irnmunt : auk ' ikiunt *,Gärdar och Jorund lĺter resa dessa stenar till minne av sina systersöner Ärnmund och Ingemund,https://www.christerhamp.se/runor/gamla/u1/u72.html,https://www.christerhamp.se/runor/gamla/u1/u72s.jpg
U 73,"U 73 - Uppland: Hägerstalund, Spånga",,,,https://www.christerhamp.se/runor/gamla/u1/u73.html,https://www.christerhamp.se/runor/gamla/u1/u73s.jpg
U 74,U 74 - Uppland: Husby,,+ biorn + let + resa + stein + þisa + if[t]R + be[rþur sin +] ...(s)tein + koþ hialbi ' ant hans + auk + kos moþiR uisti × risti,Björn lät resa denna sten efter sin broder ... sten. Gud och Guds moder hjälpe hans själ. Visäte ristade,https://www.christerhamp.se/runor/gamla/u1/u74.html,https://www.christerhamp.se/runor/gamla/u1/u74s.jpg
U 75,U 75 - Uppland: Kista,,: sihuiþr : lit : reisa : þina stein : eftR : faþur * sin * ehuiþ auk * moþu : sna * hulmfriþi : auk : iyfur*firþ,"Sigvid lät resa denna sten efter sin fader Egvid och sin moder Holmfrid, och Jovurfrid",https://www.christerhamp.se/runor/gamla/u1/u75.html,https://www.christerhamp.se/runor/gamla/u1/u75s.jpg
U 77,"U 77 - Uppland: Råsta, Spånga",,hulmstin × auk × haosui × litu × raisa istain × iftir × iybiurn × faþur sin × auk × kiriþ × ifti,"Holmsten och Hosve lät resa stenen efter Jobjörn, sin fader, och Gyrid efter [honom]",https://www.christerhamp.se/runor/gamla/u1/u77.html,https://www.christerhamp.se/runor/gamla/u1/u77s.jpg
U 78,U 78 - Uppland: Råsta,,[hasui * uk * siriþ * uk * ketilu * litu *] raisa ' stain ' þina ' aftiR ['] hulmstain ' b[roþur * sin],Hosve och Sigrid och Kettilö lät resa denna sten efter Holmsten sin broder,https://www.christerhamp.se/runor/gamla/u1/u78.html,https://www.christerhamp.se/runor/gamla/u1/u78s.jpg
U 79,U 79 - Uppland: Skesta,,,,https://www.christerhamp.se/runor/gamla/u1/u79.html,https://www.christerhamp.se/runor/gamla/u1/u79s.jpg
U 80,U 80 - Uppland: Sundby,,,,https://www.christerhamp.se/runor/gamla/u1/u80.html,https://www.christerhamp.se/runor/gamla/u1/u80s.jpg
U 81,U 81 - Uppland: Sundby,,,,https://www.christerhamp.se/runor/gamla/u1/u81.html,https://www.christerhamp.se/runor/gamla/u1/u81.jpg
U 84,U 84 - Uppland: Eggelunda,,× -(s)kautr × lit × rai[sa × stai- -]... buenta -...,Åsgöt lät resa stenen ... make ...,https://www.christerhamp.se/runor/gamla/u1/u84.html,https://www.christerhamp.se/runor/gamla/u1/u84s.jpg
U 85,"U 85 - Uppland: L—vsta, Jðrfðlla",,biorn : auk : fuluik : ±aiR : litu : hakua : stain * ... sin,Bj—rn och Fulluge de lðt hugga stenen ... sin ...,https://www.christerhamp.se/runor/gamla/u1/u85.html,https://www.christerhamp.se/runor/gamla/u1/u85.jpg
U 86,U 86 - Uppland: Viksjö,,,,https://www.christerhamp.se/runor/gamla/u1/u86.html,https://www.christerhamp.se/runor/gamla/u1/u86s.jpg
U 88,"U 88 - Uppland: Skälby, Järfälla",,,,https://www.christerhamp.se/runor/gamla/u1/u88.html,https://www.christerhamp.se/runor/gamla/u1/u88s.jpg
U 89,"U 89 - Uppland: Skälby, Järfälla",,,,https://www.christerhamp.se/runor/gamla/u1/u89.html,https://www.christerhamp.se/runor/gamla/u1/u89s.jpg
U 90,U 90 - Uppland: Säby,,× uifiriR × lit × hkua × ili × þisa × eftiR × brþur × sin × þerf × auk × munti × at × mah × sin ×,"Vifrid lät hugga denna häll efter sin broder Tärv, och Munde efter sin svåger",https://www.christerhamp.se/runor/gamla/u1/u90.html,https://www.christerhamp.se/runor/gamla/u1/u90s.jpg
U 91,U 91 - Uppland: Jakobsberg,,,,https://www.christerhamp.se/runor/gamla/u1/u91.html,https://www.christerhamp.se/runor/gamla/u1/u91s.jpg
U 92,U 92 - Uppland: Jakobsberg,,,,https://www.christerhamp.se/runor/gamla/u1/u92.html,https://www.christerhamp.se/runor/gamla/u1/u92s.jpg
U 94,U 94 - Uppland: Sollentuna kyrka,,--(l)ugi + ok kunar + litu + risa : stin + þina + iftiR + kiru + faþur ... ... halbi : hans ant,Fulluge och Gunnar lät resa denna sten efter Gerröd [sin] fader. Gud hjälpe hans ande,https://www.christerhamp.se/runor/gamla/u1/u94.html,https://www.christerhamp.se/runor/gamla/u1/u94s.jpg
U 95,U 95 - Uppland: Sollentuna kyrka,,"... ...in + þinsa + ifti(R) ... ant hans
þartunki",... denna sten efter ... hans ande,https://www.christerhamp.se/runor/gamla/u1/u95.html,https://www.christerhamp.se/runor/gamla/u1/u95-1.jpg
U 96,U 96 - Uppland: Edsberg,,× hulms[tain × auk × forku-r × --... ...ast × faþur × sin ×] kuþ hialbi × ant × hans ×,"Holmsten och Forkunn ... -fast, sin fader. Gud hjälpe hans ande",https://www.christerhamp.se/runor/gamla/u1/u96.html,https://www.christerhamp.se/runor/gamla/u1/u96s.jpg
U 99,U 99 - Uppland: Skillinge,,afari × auk × þurkisl × litu × rista × runa × iftir × aursa × faþur sin × auk × iftir × uifara × bruþur sin ×,"Atfare och Torgils lät rista runorna efter Horse, sin fader, och efter Vidfare, sin broder",https://www.christerhamp.se/runor/gamla/u1/u99.html,https://www.christerhamp.se/runor/gamla/u1/u99s.jpg
U 100,"U 100 - Uppland: Skälby, Sollentuna socken",,× guriþ × lit × raisa × stain × at * ulfkel × sun × sin × auk * kui * (a)... ... broþur * sin × auk × at × hulmtisi * sustur * sina ×,"Gyrid lät resa stenen efter Ulvkel, sin son, och Gye ... sin broder och efter Holmdis sin syster",https://www.christerhamp.se/runor/gamla/u1/u100.html,https://www.christerhamp.se/runor/gamla/u1/u100s.jpg
U 101,U 101 - Uppland: Södra Sätra,,× henmikr × auk × iarlabaki × þaiR × litu × braut + ryþia × auk × broaR × kiara × eftiR × faþur × sin × auk × estriþ × eftiR suni × sina × inkifast × auk × inkuar + kuþ × hialbi × ant × þaiRa ×,Häming och Jarlabanke de lät röja väg och göra broar efter sin fader och Estrid efter sina söner Ingefast och Ingvar. Gud hjälpe deras ande,https://www.christerhamp.se/runor/gamla/u1/u101.html,https://www.christerhamp.se/runor/gamla/u1/u101s.jpg
Jarlabanke,Jarlabanke,,,,https://www.christerhamp.se/runor/gamla/jarlabanke.html,https://www.christerhamp.se/runor/pil-s.gif
U 102,U 102 - Uppland: Viby,,kal|i| |l|it hkua heli ţisa iftiR * suni sina toa * auk ţau ikiţora * bR- (a)ina kiarţu mukit mirki furiR arkum mani,"Kale lät hugga dena häll efter sina tvĺ söner och han och Ingetora gjorde en bro, ett stort minnesmärke inför mĺnga män",https://www.christerhamp.se/runor/gamla/u1/u102.html,https://www.christerhamp.se/runor/gamla/u1/u102s.jpg
U 103,U 103 - Uppland: Ytterby,,* suin * uk * kiti[lm](u)[t]r * u[k] * (i)rin[m]utr * þi[R] * (l)[i]tu * r[i]sa * (s)tin * þina * e(f)tiR * ti(þ)(k)uma * faþur sin,"Sven och Kättilmund och Ärinmund de lät resa denna sten efter Tidkume, sin fader",https://www.christerhamp.se/runor/gamla/u1/u103.html,https://www.christerhamp.se/runor/gamla/u1/u103s.jpg
U 104,U 104 - Uppland: Eds kyrka,,' ţorstin ' lit × kera ' merki ' ftiR ' suin ' faţur ' sin ' uk ' ftiR ' ţori ' (b)roţur ' sin ' ţiR ' huaru ' hut ' til ' k--ika ' (u)(k) ' iftiR ' inkiţuru ' moţur ' sin ' ybiR risti ',"Torsten lät göra minnesmärket efter Sven, sin fader, och efter Tore, sin broder - de var ut till Grekland - och efter Ingetora, sin moder. Öpir ristade.",https://www.christerhamp.se/runor/gamla/u1/u104.html,https://www.christerhamp.se/runor/gamla/u1/u104s.jpg
U 106,"U 106 - Uppland: Prästgården, Eds socken",,...(u)n[ar] × auk × suain × raistu × st=ain × at × ton(u) × mo₫ur ...,"Gunnar och Sven reste stenen efter Tona, [sin] moder ...",https://www.christerhamp.se/runor/gamla/u1/u106.html,https://www.christerhamp.se/runor/gamla/u1/u106s.jpg
U 107,"U 107 - Uppland: Antuna, Ed",,ke-lak- ' l-t ... ...tiR -emik ' -un sin ' auk ' iri-muntr ifte × hulmf-i₫i × kunu × sina + au(k) × ifte × unu × totur,"Gerlak lät [resa stenen] efter Häming, sin son, och Ärnmund efter Holmfrid, sin hustru, och efter Una, sin dotter",https://www.christerhamp.se/runor/gamla/u1/u107.html,https://www.christerhamp.se/runor/gamla/u1/u107s.jpg
"U 108, U 110","U 108, U 110 - Uppland: Bisslinge, Ed",,,,https://www.christerhamp.se/runor/gamla/u1/u108.html,https://www.christerhamp.se/runor/gamla/u1/u108.jpg
U 112,"U 112 - Uppland: Kyrkstigen, Eds socken",,* rahnualtr * lit * rista * runar * efR * fastui * moþur * sina * onems * totR * to i * aiþi * kuþ hialbi * ant * hena *,"Ragnvald lät rista runorna efter Fastvi, sin moder, Onäms dotter, hon dog i Ed. Gud hjälpe hennes ande",https://www.christerhamp.se/runor/gamla/u1/u112-1.html,https://www.christerhamp.se/runor/gamla/u1/u112-1s.jpg
U 114,U 114 - Uppland: Runby,,"* ikriþ ' l[i]t * laþbo * kiara ' auk * stain * haku[a eftir] ikim[a]r (b)(o)[ta s]in * auk * eftar * tan * auk * eftir * baka * suni * sina
' þaiR byku ' i rynby ' auk ' bo atu ' [kr]istr * ialbi ' s(a)(l)(u) * þai[r- *] (þ)it skal ' at minum * mana ' miþan * min li[fa]","Ingrid lät göra ladbron och hugga stenen efter Ingemar, sin man, och efter Dan och Banke, sina söner.
De bodde i Runby och ägde där gård. Krist hjälpe deras själar. Detta ska vara till minne av männen så länge människor lever.",https://www.christerhamp.se/runor/gamla/u1/u114.html,https://www.christerhamp.se/runor/gamla/u1/u114-1s.jpg
U 115,"U 115 - Uppland: Runby, Ed",,... finuiþr * sun * rahnfriþ * lit ... ...r * sum * hati * inkikiar * uk * t-... ... ...ir kuiks * uk * finui-... ...,"Finnvid, Ragnfrids son, lät ... som hade Ingegerd och ... Kviks och Finnvids ...",https://www.christerhamp.se/runor/gamla/u1/u115-1.html,https://www.christerhamp.se/runor/gamla/u1/u115-1s.jpg
U 116,"U 116 - Uppland: Älvsunda, Ed",,tirui * risti * runar * auk * ţorkar * ţair * litu hkua * stain eftiR bryţr * sina,"Tyrve ristade runorna, och han och Torger lät hugga stenen efter sina bröder",https://www.christerhamp.se/runor/gamla/u1/u116.html,https://www.christerhamp.se/runor/gamla/u1/u116s.jpg
U 117,"U 117 - Uppland: Älvsunda, Ed",,₫orfastr ' uk * ikiluk ' litu ' raisa ' stain ' iftiR ' keRbiarn sun sin,"Torfast och Ingelög lät resa stenen efter Gerbjörn, sin son",https://www.christerhamp.se/runor/gamla/u1/u117.html,https://www.christerhamp.se/runor/gamla/u1/u117s.jpg
U 118,"U 118 - Uppland: Älvsunda, Ed",,ragnfastr ' lit ' (r)[ai](s)a ' [stain * uk * bro * kara ' iftiR] emink ' fa₫(u)[r *] sin * an uaR ' sun ' rag[niltaR * in *] ybiR [risti run]a[R],"Ragnfast lät resa stenen och göra bron efter Heming, sin fader. Han var Ragnhilds son. Och Öpir ristade runorna.",https://www.christerhamp.se/runor/gamla/u1/u118.html,https://www.christerhamp.se/runor/gamla/u1/u118s.jpg
U 119,"U 119 - Uppland: Älvsunda, Ed",,' skagi ' lit ' raisa ' þina ' stein ' at ' faþur ' sin ' stin,Skag lät resa denna sten efter sin fader Sten,https://www.christerhamp.se/runor/gamla/u1/u119.html,https://www.christerhamp.se/runor/gamla/u1/u119.jpg
U 120,U 120 - Uppland: Solna kyrka,,uitr : li(t) ... ...-ihiu...,Andvätt lät ...,https://www.christerhamp.se/runor/gamla/u1/u120.html,https://www.christerhamp.se/runor/gamla/u1/u120.jpg
U 121,U 121 - Uppland: Frösunda,,eubern + ok × saen + þaiR × raistu × stain × eftiR × þorfriþ × boata × ikiþoru *,"Jobjörn och Sven de reste stenen efter Torfred, Ingetoras make",https://www.christerhamp.se/runor/gamla/u1/u121.html,https://www.christerhamp.se/runor/gamla/u1/u121s.jpg
U 124,U 124 - Uppland: Karlberg,,,Anund och Torgils de lät resa stenen efter Åsgöt,https://www.christerhamp.se/runor/gamla/u1/u124.html,https://www.christerhamp.se/runor/gamla/u1/u124s.jpg
U 126,"U 126 - Uppland: Överjärva, Solna",,[× furkuþr :] lit : (r)[isa : ---(n) : ...(k) : bru : þasi : efti : þurkar : sun : sin : auk : efti : hskis : kuþ : h(i)l(b)(i) --t : þisa : auk kus · mas : kuþ],"Forkun lät resa stenen och göra bro efter Torger, sin son, och efter Åsgisl. Gud hjälpe deras ande och Guds ...",https://www.christerhamp.se/runor/gamla/u1/u126.html,https://www.christerhamp.se/runor/gamla/u1/u126s.jpg
U 127,U 127 - Uppland: Danderyds kyrka,,æ iarlaæbaki æ lit raisa [æ] staina æ ±asa at sik æ kuikuan æ auk bru ±isa kar±i æ fur ont sina æ auk æ ain ati tabu ala-,"Jarlabanke lðt resa dessa stenar efter sig, medan han levde, och han gjorde denna bro f—r sin sjðl, och han ðgde ensam hela Tðby",https://www.christerhamp.se/runor/gamla/u1/u127.html,https://www.christerhamp.se/runor/gamla/u1/u127.jpg
U 128-129,U 128-129 - Uppland: Danderyds kyrka,,"U 128: friþi ' uk ' ka... ...(k) ' sihatr ' ... ...aþur ' sin -...(n) sniris
U 129: ...laks ' lit ' rita ' stain ' aftiR ' k-... ...--bi si(a)l","U 128: Fride och ... och Sigvat ... sin fader ... Snärres
U 129: ... lät resa stenen efter ... hjälpe själen",https://www.christerhamp.se/runor/gamla/u1/u128.html,https://www.christerhamp.se/runor/gamla/u1/u128s.jpg
U 130,U 130 - Uppland: Danderyds kyrka,,biurn ' finuiþaR sun lit ' haukua ' hili þisa ' aftiR ulaif bruþur sin ' hon uarþ suikuin o f(i)(n)aiþi ' kuþ hialbi on hons ' iR þisi biR ' þaiRa uþal uk at(r)fi ' finuþaR sun o ilhiastaþum,"Björn, Finnvids son lät hugga denna häll efter Olev, sin broder. Han blev sviken på Finnveden. Gud hjälpe hans ande. Denna gård är odal och ättearv. Finnvidssönerna på Älgesta",https://www.christerhamp.se/runor/gamla/u1/u130.html,https://www.christerhamp.se/runor/gamla/u1/u130s.jpg
U 131,U 131 - Uppland: Rinkeby,,× þiakn × auk × tan × [lit]u × raisa × stain × aftiR × þorstain × faþur × sin × auk × kunuar aftiR × bonta × sin ×,"Tägn och Dan lät resa stenen efter Torsten, sin fader, och Gunvar efter sin man",https://www.christerhamp.se/runor/gamla/u1/u131.html,https://www.christerhamp.se/runor/gamla/u1/u131s.jpg
U 133,U 133 - Uppland: Täby kyrka,,+ kuţluk * lit ... ... ... ...a × sun * sin * auk * at * sik * sialfa * han * to * a lank*barţa*l--ti *,"Gudlög lät resa stenarna efter Holme, sin son, och efter sig själv. Han dog i Langbardaland.",https://www.christerhamp.se/runor/gamla/u1/u133.html,https://www.christerhamp.se/runor/gamla/u1/u133.jpg
U 134,U 134 - Uppland: østra Arninge,,[æ kunar æ ... ...stir-...] ... ...aisa * --...,Gunnar ... resa ...,https://www.christerhamp.se/runor/gamla/u1/u134.html,https://www.christerhamp.se/runor/gamla/u1/u134.jpg
U 135,U 135 - Uppland: Broby,,× ikifastr × auk × austain × auk × suain × litu * raisa + staina þasa * at * austain faþur × sin × auk × bru × þasa karþu × auk × hauk þana ×,"Ingefast och Östen och Sven lät resa dessa stenar sfter Östen, sin fader, och de gjorde denna bro och denna hög",https://www.christerhamp.se/runor/gamla/u1/u135.html,https://www.christerhamp.se/runor/gamla/u1/u135s.jpg
U 136,U 136 - Uppland: Broby,,× astriþr × la(t) + raisa × staina × þasa × [a]t austain × buta sin × is × suti × iursalir auk antaþis ubi| |i × kirkum,"Estrid lät resa dessa stenar efter Östen, sin man, som drog till Jerusalem och dog borta i Grekland",https://www.christerhamp.se/runor/gamla/u1/u136.html,https://www.christerhamp.se/runor/gamla/u1/u136s.jpg
U 137,U 137 - Uppland: Broby,,* aystin * auk * astriþr * raistu * stina * aftir * kak * sun * sin *,"Östen och Estrid reste stenarna efter Gag, sin son",https://www.christerhamp.se/runor/gamla/u1/u137.html,https://www.christerhamp.se/runor/gamla/u1/u137s.jpg
U 139,U 139 - Uppland: Broby,,... ...sti ' ru... ... * hia(l)... ... hans,... ristade runorna ... hjðlpe hans [ande],https://www.christerhamp.se/runor/gamla/u1/u139.html,https://www.christerhamp.se/runor/gamla/u1/u139.jpg
U 140,U 140 - Uppland: Broby,,× ...la×b(a)... ... han : entaþis * i kirikium,[Jar]laba[nke] ... han ändade i Grekland,https://www.christerhamp.se/runor/gamla/u1/u140.html,https://www.christerhamp.se/runor/gamla/u1/u140s.jpg
U 142,U 142 - Uppland: Fällbro,,ikifastr ' lit ' raisa ' stain * uk ' bro ' kera ' eftiR ' iarlabaka ' faþur ' s[in ' uk ' sun ' io]runa ' uk ' ketilau lit ' at ' bonta ' sin ybir risti,"Ingefast lät resa stenen och göra bron efter Jarlabanke sin fader och Joruns son, och Kättilö lät [resa stenen] efter sin man. Öpir ristade",https://www.christerhamp.se/runor/gamla/u1/u142.html,https://www.christerhamp.se/runor/gamla/u1/u142s.jpg
U 143,"U 143 - Uppland: Hagby gärde, Täby",,× iurun × lit × kiara ×× broaR × iftiR × boanta ×× sen ×× auk ×× henminkr × auk × iarlabanki × eftiR × ink[i]fast × estriþ × iftR × inkuar × alkoþan × trenk,"Jorun lät göra broar efter sin man och Häming och Jarlabanke efter Ingefast, Estrid efter Ingvar, en mycket god ung man",https://www.christerhamp.se/runor/gamla/u1/u143.html,https://www.christerhamp.se/runor/gamla/u1/u143s.jpg
U 144,"U 144 - Uppland: Hagby gärde, Täby",,+ kamal × auk × ţurstain + auk × ţurhils × litu × rista × runa × iftiR × biarn × faţur isnn × auk + iftiR × isikat × bruţur is- auk × hulmfriR iftiR buanta sin,"Gammal och Torsten och Torgils lät rista runorna efter Björn, sin fader, och efter Sigvat, sin broder, och Holmfrid efter sin man",https://www.christerhamp.se/runor/gamla/u1/u144.html,https://www.christerhamp.se/runor/gamla/u1/u144s.jpg
U 145,U 145 - Uppland: Fällbro,,þurkel × auk × fuluhi × litu × ahkua × eli ' þisa × auk × bru kia * eftiR stain × faþur sen × ulayifr iak,"Torkel och Fulluge lät hugga denna häll och göra bron efter Sten, sin fader. Olev högg",https://www.christerhamp.se/runor/gamla/u1/u145.html,https://www.christerhamp.se/runor/gamla/u1/u145s.jpg
U 146,U 146 - Uppland: Fällbro,,inkiberh lit ' haka ' heli ' uk ' bro kara ' iftiR ' holmstain ' (b)uanta ' sin ' uk ' iftiR ' þorstai- ' son sin þustains ' sona ÷ sin,"Ingeborg lät hugga hällen och göra bron efter Holmsten, sin man, och efter Torsten, sin son. Torstens, sonens [minnesvård]",https://www.christerhamp.se/runor/gamla/u1/u146.html,https://www.christerhamp.se/runor/gamla/u1/u146s.jpg
U 147,"U 147 - Uppland: Hagby, Sparingsberg, Täby",,-(u)(r)(u)(n) ...(t)(r)... ₫aR × litu × hakua × staina × --ti- × iakif... -uk + inkuar,Jorun ... de lät hugga stenarna efter Ingefast och Ingvar,https://www.christerhamp.se/runor/gamla/u1/u147.html,https://www.christerhamp.se/runor/gamla/u1/u147s.jpg
U 148,"U 148 - Uppland: Hagby, Sparingsberg, Täby",,× inkifastr × lit × rista × runaR þisaR × aftiR × rahnfriþi × kuinu × sina × auk × -[m-](n)kr × aftiR × muþur × sina,"Ingefast lät rista dessa runor efter Ragnfrid, sin hustru, och Häming efter sin moder",https://www.christerhamp.se/runor/gamla/u1/u148.html,https://www.christerhamp.se/runor/gamla/u1/u148s.jpg
U 150,U 150 - Uppland: Karby,,[* iarla*b]aki * auk * fastui * litu * raisa * stina * aftiR [* suain * sun * sin],Jarlabanke och Fastvi lät resa stenen efter sin son Sven,https://www.christerhamp.se/runor/gamla/u1/u150.html,https://www.christerhamp.se/runor/gamla/u1/u150s.jpg
U 151,U 151 - Uppland: Karby,,× ţurbiarn × uk × ikiţura × litu × raisa × ist[ai]n × ţina × iftiR × ikul × faţur sin × uk × irinui × iftiR × buanta sin × uk afti(R) ---,"Torbjörn och Ingetora lät resa denna sten efter Ingul, sin far, och Ärenvi efter sin man och efter ...",https://www.christerhamp.se/runor/gamla/u1/u151.html,https://www.christerhamp.se/runor/gamla/u1/u151s.jpg
U 152,U 152 - Uppland: Lissby,,× hulmfriR × -it --isa × istain × ₫ina × iftiR × biarn × buanta isin × auk × iftiR × isikat (s)un isin ×,"Holmfrid lät resa denna sten efter Björn, sin man, och efter Sigvat, sin son",https://www.christerhamp.se/runor/gamla/u1/u152.html,https://www.christerhamp.se/runor/gamla/u1/u152s.jpg
U 153,U 153 - Uppland: Lissby,,...[(u)](a)i- × [(a)]uk × ulf- litu × raisa × stai-(a) × e(f)tiR × hlftan * auk * eftiR × kunar × bryţr × sina × ţaiR * antaţus × aust... ...(u)m,"Sven och Ulv lät resa stenarna efter Halvdan och efter Gunnar, sina bröder. De dog österut ...",https://www.christerhamp.se/runor/gamla/u1/u153.html,https://www.christerhamp.se/runor/gamla/u1/u153s.jpg
U 154,"U 154 - Uppland: Lissby, Täby",,[₫(o)]...r × lit × rai... ... ...fast * auk × at × (k)aiRbiarn × bru₫- ... ...i(R) * (t)o a(u)s... ×,"... lät resa ... -fast och efter Gerbjörn, [sina] bröder. De dog österut ...",https://www.christerhamp.se/runor/gamla/u1/u154.html,https://www.christerhamp.se/runor/gamla/u1/u154s.jpg
U 155,U 155 - Uppland: Lissby,,...n × auk × ulfr litu × rai(s)(a) sta... ... ... ...na × ţaiR × uaru × suniR × arnar × auk × raknfriţar ×,... [Sve]n och Ulf lät resa stenarna. De var Örns och Ragnfrids söner,https://www.christerhamp.se/runor/gamla/u1/u155.html,https://www.christerhamp.se/runor/gamla/u1/u155s.jpg
U 156,U 156 - Uppland: Lissby,,× (h)-lmi × lit × ...,Holme lät ...,https://www.christerhamp.se/runor/gamla/u1/u156.html,https://www.christerhamp.se/runor/gamla/u1/u156.jpg
U 157,U 157 - Uppland: Lissby,,-,-,https://www.christerhamp.se/runor/gamla/u1/u157.html,https://www.christerhamp.se/runor/gamla/u1/u157.jpg
U 160,"U 160 - Uppland: Risbyle, Täby socken",,ulfkitil * uk * kui uk + uni + þiR × litu * rhisa × stin þina * iftiR * ulf * faþur * sin * kuþan on * buki * i skul(o)bri * kuþ * ilbi * ons * at * uk * salu * uk * kusþ muþiR * li anum lus * uk baratis,"Ulvkättil och Gye och Une de lät resa denna sten efter Ulf, sin gode fader. Han bodde i Skålhamra. Gud och Guds moder hjälpe hans ande och själ, förläne honom ljus och paradis",https://www.christerhamp.se/runor/gamla/u1/u160.html,https://www.christerhamp.se/runor/gamla/u1/u160s.jpg
U 161,"U 161 - Uppland: Risbyle, Täby socken",,ulfR * iuk i barstam * iftiR * ulf * i skulobri * mak * sin * kuþan * ulfkil lit akua,"Ulv i Bårresta högg efter Ulv i Skålhamra, sin gode frände. Ulvkell lät hugga.",https://www.christerhamp.se/runor/gamla/u1/u161.html,https://www.christerhamp.se/runor/gamla/u1/u161s.jpg
U 163,U 163 - Uppland: Såsta,,k=lamal as=auk=a n=sa=u=kain=fa auk + farulfr + litu + rista × ili tfs=l'fR + þuri + R=ufa=kþ=au=mr=a s=lin × auk × kamal × iftiR × fusra sin f-str × iaRk,"Gammal och Sven och Farulv lät rista hällen efter Tore, sin fader, och Gammal efter sin fosterfader. -fast högg",https://www.christerhamp.se/runor/gamla/u1/u163.html,https://www.christerhamp.se/runor/gamla/u1/u163s.jpg
U 164,U 164 - Uppland: Täby tä,,× iarlabaki × lit × raisa × stain × þisa × at sik × kuikuan ×× auk bru × þisa × karþi × fur ont × sina × auk ain ati × alan × tabu × kuþ hialbi ont hans,"Jarlabanke lät resa desa stenar efter sig, medan han levde, och han gjorde denna bro för sin själ, och ensam ägde han hela Täby",https://www.christerhamp.se/runor/gamla/u1/u164.html,https://www.christerhamp.se/runor/gamla/u1/u164s.jpg
U 165,U 165 - Uppland: Täby tä,,ia[r]labaki × li- ---sa × staina × þisa × at sik × kuikuan × auk bru þis(a) [× karþi fur ont ×] si-- --- × ati + (a)lan × tabu +,"Jarlabanke lät resa desa stenar efter sig, medan han levde, och han gjorde denna bro för sin själ ... ägde hela Täby",https://www.christerhamp.se/runor/gamla/u1/u165.html,https://www.christerhamp.se/runor/gamla/u1/u165s.jpg
U 166,U 166 - Uppland: Östra Ryds kyrka,,ku lit * rasa *  kuþlauh * iftiR * sun *  miuk * nutan * trik * mirki * þisa * an it * sihuastr *,"Gye lät resa, och Gudlög, efter sin son, en mycket duglig man, dessa minnesmärken. Han hette Sigvast.",https://www.christerhamp.se/runor/gamla/u1/u166.html,https://www.christerhamp.se/runor/gamla/u1/u166.jpg
U 167,U 167 - Uppland: Östra Ryds kyrka,,× asur × lit × raisa × stain × a[t] × kuna × mak * sin × han × uas × broþiR × kuþlaukaR × fotr × risti × runaR × þasi ×,"Assur lät resa stenen efter Gunne, sin frände. Han var Gudlögs broder. Fot ristade dessa runor.",https://www.christerhamp.se/runor/gamla/u1/u167.html,https://www.christerhamp.se/runor/gamla/u1/u167s.jpg
U 168,"U 168 - Uppland: Björkeby, Östra Ryd",,[hu^lmstin ' ranfastr ' aystin · litu akua ' stain · a]t · f[asta ' lusa · sin · -- þoru ybiR · iak],"Holmsten, Ragnfast, Östen lät hugga stenen efter Faste, sin frigivne, och Tora. Öpir högg.",https://www.christerhamp.se/runor/gamla/u1/u168.html,https://www.christerhamp.se/runor/gamla/u1/u168s.jpg
U 169,"U 169 - Uppland: Björkeby, Östra Ryd",,ulmstin × i ruþi × urm-... ... ...(t)in × þina × iftiR × frustin × sun sin × uk + iftiR × uku + my sina ×,"Holmsten i Ryd, Orm- ... denna sten efter Frösten, sin son, och efter sin unga dotter",https://www.christerhamp.se/runor/gamla/u1/u169.html,https://www.christerhamp.se/runor/gamla/u1/u169s.jpg
U 170,"U 170 - Uppland: Bogesund, Östra Ryd",,: kuni * auk * as(a) * litu * raisa * st-- þina * auk * hualf * iftiR * akn- -un sin an ... ...auþr * i akru * a- -R * krafin * i * kirikiu*karþi * fastulfR * risti * runaR * kuin * raisti * stainhal þisa *,"Gunne och Åsa lät resa denna sten och valv efter Agne (?), sin son. Han dog på Ekerö och är begraven på kyrkogården. Fastulv ristade runorna. Gunne reste denna stenhäll.",https://www.christerhamp.se/runor/gamla/u1/u170.html,https://www.christerhamp.se/runor/gamla/u1/u170s.jpg
U 171,"U 171 - Uppland: Söderby, Östra Ryd",,kuni * lit * akua * stain * ţi-a * iftiR * aunt * sun * sin * kuţan * auk * if(t)(i)- * s(i)(k) * sialfan * fasti risti runaR,"Gunne lät hugga denna sten efter Eynd, sin gode son, och efter sig själv. Faste ristade runorna.",https://www.christerhamp.se/runor/gamla/u1/u171.html,https://www.christerhamp.se/runor/gamla/u1/u171s.jpg
U 172,U 172 - Uppland: Islinge,,× kori × auk × inkaltr × au- ... ...[t]iR * biern : faþur × sin * kuþ i[a]... ...,"Kore och Ingjald och ... efter Björn, sin fader. Gud hjälpe ...",https://www.christerhamp.se/runor/gamla/u1/u172.html,https://www.christerhamp.se/runor/gamla/u1/u172s.jpg
U 173,"U 173 - Uppland: Väsby, Värmdö",,[s]kali ' auk ' sibi ' uk ' lifstain ' litu ' raisa ' stai[n ' ift]iR ' anuit ' fa₫ur ' sin ' in ' kilauk ' at ' bonta ' sin,"Skalle och Sibbe och Livsten lät resa stenen efter Andvätt, deras fader, och Gillög efter sin man",https://www.christerhamp.se/runor/gamla/u1/u173.html,https://www.christerhamp.se/runor/gamla/u1/u173s.jpg
U 175,U 175 - Uppland: Österåkers kyrka,,[× a]su... ... stain × iftiR × uikink × faþur sin × auk × iftiR × toku m-þur sina ×,"As ... stenen efter Viking, sin fader, och efter Toka, sin moder",https://www.christerhamp.se/runor/gamla/u1/u175.html,https://www.christerhamp.se/runor/gamla/u1/u175s.jpg
U 179,U 179 - Uppland: Riala kyrka,,ioan ' uk lifstain ' litu ' raisa ' sta... ...a- ' h-... (f)a±ur ' sin ybir ' rist,Johan och Livsten lðt resa stenen [efter] ... sin fader.øpir ristade.,https://www.christerhamp.se/runor/gamla/u1/u179.html,https://www.christerhamp.se/runor/gamla/u1/u179.jpg
U 180,U 180 - Uppland: Össeby-Garns kyrka,,+ sihatr * uk + ţurbiorn + uk * ţurkri(m) + uk * erinmontr '× litu × reisn + stein + aftiR + broţur + sin + sikstnin + hn to i uib(u)(r)kum,Sigvat och Torbjörn och Torgrim och Ärenmund lät resa stenen efter sin broder Sigsten. Han dog i Viborg,https://www.christerhamp.se/runor/gamla/u1/u180.html,https://www.christerhamp.se/runor/gamla/u1/u180s.jpg
U 181,U 181 - Uppland: Össeby-Garns kyrka,,askutr ' uk ' suain ' ikifastr ' uk ' ikibiarn ' uk ' tutr ' ... ...ain ' iftiR ' est ' fa₫ur ' sin ' in ' ubiR ' risti ' run,"Åsgöt och Sven, Ingefast och Ingebjörn och döttrarna ... stenen efter Est, son fader, och Öpir ristade runorna",https://www.christerhamp.se/runor/gamla/u1/u181.html,https://www.christerhamp.se/runor/gamla/u1/u181s.jpg
U 182,U 182 - Uppland: ÷sseby-Garns kyrka,,[...-kuti * auk * ikifa...] ... ...u ◊ raisa ' [...tain * iftiR ...] ...ir... [...asntr...],... goti och Ingefast ... l‰t resa stenen efter ...,https://www.christerhamp.se/runor/gamla/u1/u182.html,https://www.christerhamp.se/runor/gamla/u1/u182.jpg
U 183,U 183 - Uppland: Össeby ödekyrka,,... ...rki * eftiR * inkihualt * sun * si(n) ...-kun--...,"... [minnesmä]rke efter Ingevald, sin son ...",https://www.christerhamp.se/runor/gamla/u1/u183.html,https://www.christerhamp.se/runor/gamla/u1/u183.jpg
U 184,U 184 - Uppland: Össeby ödekyrka,,iaR ' likr ' huskarl,Här ligger Huskarl,https://www.christerhamp.se/runor/gamla/u1/u184.html,https://www.christerhamp.se/runor/gamla/u1/u184s.jpg
"U 185, U OWE 1996B;119","U 185, U OWE 1996B;119 - Uppland: Össeby-Garns kyrka",,"... (u)k * run-... ...har ' li... [...r ' as... ...-r ' h(a)...]
...in * au...","... och Run ...
...",https://www.christerhamp.se/runor/gamla/u1/u185.html,https://www.christerhamp.se/runor/gamla/u1/u185.jpg
U 186,"U 186 - Uppland: Gillberga, Össeby-Garn",,trani × uk × osbiarn þiR litu risa × stin × þina iftiR × iarkiR faþur sin kuþan,"Trane och Åsbjörn de lät resa denna sten efter Jarger, sin gode fader",https://www.christerhamp.se/runor/gamla/u1/u186.html,https://www.christerhamp.se/runor/gamla/u1/u186s.jpg
U 188,"U 188 - Uppland: Gillberga, Össeby-Garn",,sasi × is uk at × iarkiR,Denna är också efter Jarger,https://www.christerhamp.se/runor/gamla/u1/u188.html,https://www.christerhamp.se/runor/gamla/u1/u188s.jpg
U190,"U190 - Stångberga, Össeby-Garns socken",,× fastbiurn × lit rita × stain × iftiR mintil × faþurR sin,"Fastbjörn lät resa stenen efter Myndill, sin fader",https://www.christerhamp.se/runor/gamla/u1/u190.html,https://www.christerhamp.se/runor/gamla/u1/u190s.jpg
U 192,"U 192 - Uppland: Sjöberg, Össeby-Garn",,... uk × þurkrimr × -...,... och Torgrim ...,https://www.christerhamp.se/runor/gamla/u1/u192.html,https://www.christerhamp.se/runor/gamla/u1/u192s.jpg
U 193,"U 193 - Uppland: Svista, Össeby-Garn",,kuno auk inkialtr iluhi þoh litu ritu rita stin abtiR sihfasta buanta ku-u,"Gunna och Ingjald [och] Illuge, de lät resa stenen efter Sigfaste, Gunnas man",https://www.christerhamp.se/runor/gamla/u1/u193.html,https://www.christerhamp.se/runor/gamla/u1/u193s.jpg
U 194,"U 194 - Uppland: Väsby, Össeby-Garn",,alit raisa stain þinoftiR sik sialfan ' hon tuknuts kialt anklanti ' kuþ hialbi hons ant,Ale lät resa denna sten efter sig själv. Han tog Knuts gäld i England. Gud hjälpe hans ande.,https://www.christerhamp.se/runor/gamla/u1/u194.html,https://www.christerhamp.se/runor/gamla/u1/u194s.jpg
U195,"U195 - Stĺngberga, Össeby-Garns socken",,...- lit * raisa ' stain ' aftR ' ketilmunt ' uk ' aftR ' olaf ' sun -...,"... lät resa stenen efter Kättelmund och efter Olof, [sin] son ...",https://www.christerhamp.se/runor/gamla/u1/u195.html,https://www.christerhamp.se/runor/gamla/u1/u195s.jpg
U 235,"U 235 - Kusta, Vallentuna",,+ ulef[R × auk × þ](u)riR × auk × (t)ufa × [rstu · stin × þi](n)a iftiR × kuþmut × ku[þan · bota],"Olev och Torir och Tofa reste denna sten efter Gudmund, en god bonde",https://www.christerhamp.se/runor/gamla/u1/u235.html,https://www.christerhamp.se/runor/gamla/u1/u235s.jpg
U 200,"U 200 - Uppland: Stora Benhamra, Vada",,× finuiþr × risti stin þina × iftiR × bruþur sin × þurþr × þialfa × sun × kuþ halbi × at × hns × auk × kus × muþiR × hn × k×rþi bru × at bruþur sin auk osa muþiR þiRa,"Finnvid reste denna sten efter sin broder Tord, Tjälves son. Gud hjälpe hans ande och Guds moder! Han gjorde bron efter sin broder och Åsa, deras moder",https://www.christerhamp.se/runor/gamla/u1/u200.html,https://www.christerhamp.se/runor/gamla/u1/u200s.jpg
U 201,U 201 - Uppland: Angarns kyrka,,* þiagn * uk * kutirfR * uk * sunatr * uk * þurulf * þiR * litu * risa * stin * þina * iftiR * tuka * faþur * sin * on * furs * ut i * krikum * kuþ * ialbi ot ans * ot * uk * salu,"Tägn och Götdjärv och Sunvat och Torulv de lät resa denna sten efter Toke, sin fader. Han dog ute i Grekland. Gud hjälpe hans ande och själ.",https://www.christerhamp.se/runor/gamla/u1/u201.html,https://www.christerhamp.se/runor/gamla/u1/u201s.jpg
U 202,U 202 - Uppland: Angarns kyrka,,× orikia × auk × ikul × litu × raisa × stain × ... ...biurn × faþur sin ×,"Orökja och Igul lät resa stenen [efter] ... björn, sin fader",https://www.christerhamp.se/runor/gamla/u1/u202.html,https://www.christerhamp.se/runor/gamla/u1/u202s.jpg
U 203,U 203 - Uppland: Angarns kyrka,,ali lit -... ...-(i)n þino ' aftiR ' ulf sun sin ' faþur ' fraikirþaR ' i uisbi ' rit is ristit,"Alle lät resa denna sten efter Ulv, sin son, fader till Frögärd i Väsby. Rätt är ristat.",https://www.christerhamp.se/runor/gamla/u1/u203.html,https://www.christerhamp.se/runor/gamla/u1/u203s.jpg
U 204,U 204 - Uppland: Angarns kyrka,,biurn × auk × uikuntr × litu raisa × stin × eftiR × suin × fostrsun × sin,"Björn och Vigunn lät resa stenen efter Sven, sin fosterson",https://www.christerhamp.se/runor/gamla/u1/u204.html,https://www.christerhamp.se/runor/gamla/u1/u204s.jpg
U 207,"U 207 - Uppland: Råcksta, Angarn",,ulfr ' auk ' þurmontr ' auk ' kamal ' lata ' reis(a) þisa ' stina ' þar + eftR ' faþur ' sin ',Ulv och Tormund och Gammal låter resa dessa stenar här efter sin fader,https://www.christerhamp.se/runor/gamla/u1/u207.html,https://www.christerhamp.se/runor/gamla/u1/u207s.jpg
U 208,"U 208 - Uppland: Råcksta, Angarn",,ristu ' merk(i) at ' man ' metan ' sunir ' alkoþir ' at ÷ sin ' faþur sterkar usiti ' rsti stina,"Minnesvård ristade åt märklig man, fullgoda söner åt sin fader Sterkar. Visäte ristade stenarna.",https://www.christerhamp.se/runor/gamla/u1/u208.html,https://www.christerhamp.se/runor/gamla/u1/u208s.jpg
U 209,"U 209 - Uppland: Veda, Angarn",,þurtsain × kiarþi| |if×tiR irinmunt × sun sin auk| |kaubti þinsa bu × auk × aflaþi × austr i karþum,"Torsten gjorde [minnesmärket] efter Ärnmund, sin son, och köpte denna gård och förvärvade [rikedom] i öster, i Gårdarike",https://www.christerhamp.se/runor/gamla/u1/u209.html,https://www.christerhamp.se/runor/gamla/u1/u209s.jpg
U 210,"U 210 - Uppland: Åsta, Angarn",,finuiþr ' auk ' hulmkaiR ' litu ' kera ' merki ÷ at ÷ hulmkut ' faþur ÷ sin ÷ iþinui ' at ' bonta sin ' ybiR ' iak,"Finnvid och Holmger lät göra minnesmärket efter Holmgöt, sin fader, och Hedenvi efter sin make. Öpir högg.",https://www.christerhamp.se/runor/gamla/u1/u210.html,https://www.christerhamp.se/runor/gamla/u1/u210s.jpg
U 211,"U 211 - Uppland: Örsta, Angarn",ᛁᚢᚠᚱᛁᚦ ᛫ ᛚᛂᛐ ᛫ ᛋᛐᛅᛁᚾ ᛫ ᚼᚴᚢᚢ ᛫ ᛂᚠᛐᛦ ᛫ ᛋᛒᛁᛂ ... ᛐᛅ ᛫ ᛋᛁᚾ ᛫,iufriþ · let · stain · hkua · eftR · sbie... ...ta · sin ·,"Jofrid lät hugga stenen efter Spjälle (?), sin man",https://www.christerhamp.se/runor/gamla/u1/u211.html,https://www.christerhamp.se/runor/gamla/u1/u211s.jpg
U 212,U 212 - Uppland: Vallentuna kyrka,,"× iarlibaki × lit × raisa × stan + þina × a... ... ...kuan + han × ati ain × tabu × alan × -... ... ont hans +
× iarlabaki × lit raisa × stain × þin- at sik kuikuan × auk × þinkstaþ × þina × karþi + auk × ain ati + alt hu-(t)ari × þita +","Jarlabanke lät resa denna sten [efter sig själv] medan han levde. Han ägde ensam hela Täby. [Gud hjälpe] hans själ
Jarlabanke lät resa denna sten efter sig, medan han levde och gjorde denna tingsplats och innehade ensam detta hundare",https://www.christerhamp.se/runor/gamla/u1/u212.html,https://www.christerhamp.se/runor/gamla/u1/u212-1s.jpg
U 214,U 214 - Uppland: Vallentuna kyrka,,... uk × inkiber × eftiR × buanta × sin ' han ' troknaþi ÷ a ' holms ' hafi ' skreþ ' knar ' hans ' i ' kaf þriR ' eniR ' kamo ' af,"... och Ingeberg efter sin make. / Han drunknade i Holms hav / hans knarr gick i kvav / endast tre kom av
Ragnhild och Ulfhild lät [resa] stenen efter sin fader och broder och Ingeberg efter sin make. / Han drunknade i Holms hav / hans knarr gick i kvav / endast tre kom av",https://www.christerhamp.se/runor/gamla/u1/u214.html,https://www.christerhamp.se/runor/gamla/u1/u214s.jpg
U 216,U 216 - Uppland: Vallentuna kyrka,,iuan ¼ lit ¼ raisa ' staina + ef... ' ays[t]ain + fa±ur ' sin ¼ drosboi ¼ risti,"Johan lðt resa stenarna efter østen, sin fader. Drosboe ristade",https://www.christerhamp.se/runor/gamla/u1/u216.html,https://www.christerhamp.se/runor/gamla/u1/u216.jpg
U 217,U 217 - Uppland: Vallentuna kyrka,,[ikifastr lit bro kiarua i]ftR * s...,Ingefast lät göra bron efter ...,https://www.christerhamp.se/runor/gamla/u1/u217.html,https://www.christerhamp.se/runor/gamla/u1/u217.jpg
U 219,U 219 - Uppland: Vallentuna kyrka,,an(d)ur ÷ (t)elht(i) ₫inna fakra sten : host ',Andor högg denna fagra sten ...,https://www.christerhamp.se/runor/gamla/u1/u219.html,https://www.christerhamp.se/runor/gamla/u1/u219s.jpg
U 220,U 220 - Uppland: Vallentuna kyrka,,[dafi₫] (t)ælhdi,David högg,https://www.christerhamp.se/runor/gamla/u1/u220.html,https://www.christerhamp.se/runor/gamla/u1/u220.jpg
U 221,U 221 - Uppland: Vallentuna kyrka,,...ifkn * f-... ...ftiR * sikf... ...,... efter Sigfast [?] ...,https://www.christerhamp.se/runor/gamla/u1/u221.html,https://www.christerhamp.se/runor/gamla/u1/u221s.jpg
U 225,U 225 - Uppland: Bällsta,,... uk * arkil * uk * kui * þiR * kariþu * iar * þikstaþ ... ...unu * iki mirki * maiRi * uirþa * þan * ulfs * suniR * iftiR * kir... ...iR * suinaR * at * sin * faþur,[Ulfkel] och Arnkel och Gye de gjorde här tingsplats ... Ej skall en minnesvård / bliva större / än den Ulfs söner / gjorde efter honom / raska(?) svenner / efter sin fader,https://www.christerhamp.se/runor/gamla/u1/u225.html,https://www.christerhamp.se/runor/gamla/u1/u225s.jpg
U 226,U 226 - Uppland: Bällsta,,ristu * stina * uk * staf * uan * uk * in * mikla * at * iartiknum uk kuri₫i * kas at * uiri * ₫u mon i krati * kiatit lata kunar ik stin,De reste stenarna / och även staven därovan(?) / den stora / till hederstecken(?). / Också Gyrid / älskade sin make. / Därför i sorgekväde / skall han besjungas. Gunnar högg stenen,https://www.christerhamp.se/runor/gamla/u1/u226.html,https://www.christerhamp.se/runor/gamla/u1/u226s.jpg
U 227,U 227 - Uppland: Grana,,× u(l)[k]il × lit × raisa × istain × iftiR × fraistain × bruþur isin × a[uk × k]u[ntru] × ifti sun sin ×,"Ulfkel lät resa stenen efter Frösten, sin broder, och Kuntru efter sin son",https://www.christerhamp.se/runor/gamla/u1/u227.html,https://www.christerhamp.se/runor/gamla/u1/u227s.jpg
U 229,"U 229 - Uppland: Gällsta, Vallentuna",,halfntan ÷ auk ' tubi ÷ litu ' risa ' stin ' at ' huta ' faţur ' sin ' sun * ţorbiarn ÷ ybir ÷ risti * ruan,"Halvdan och Tobbe lät resa stenen efter Odde, deras fader, Torbjörns son. Öpir ristade runorna.",https://www.christerhamp.se/runor/gamla/u1/u229.html,https://www.christerhamp.se/runor/gamla/u1/u229s.jpg
U 230,"U 230 - Uppland: Gällsta, Vallentuna",,-,-,https://www.christerhamp.se/runor/gamla/u1/u230.html,https://www.christerhamp.se/runor/gamla/u1/u230.jpg
U 231,"U 231 - Uppland: Gällsta, Vallentuna",,iþinui ' uk ' austain ' uk ' ulfr ' uk * ol(a)[fr * litu * raisa * s]tain * iftiR hal(f)tan faþur sin,Hedinvi och Östen och Ulv och Olov lät resa stenen efter Halvdan sin fader,https://www.christerhamp.se/runor/gamla/u1/u231.html,https://www.christerhamp.se/runor/gamla/u1/u231s.jpg
U 232,"U 232 - Uppland: Gällsta, Vallentuna",,tosti ÷ uk ' sihus ' uk ' sihmar ' litu ' raisa ' sta-- * iftiR ÷ tuba ÷ fa₫ur * sin,"Toste och Sigus och Sigmar lät resa stenen efter Tobbe, sin fader",https://www.christerhamp.se/runor/gamla/u1/u232.html,https://www.christerhamp.se/runor/gamla/u1/u232s.jpg
U 233,"U 233 - Uppland: Kusta, Vallentuna",,ilafr ' uk ' osmuntr ' uk ' istain ' litu ' risa stain ' iftiR ÷ olaf ' faþur ÷ sin ÷ in ' k[uþluk ' at ' t]an ' sun si[n],"Elov och Åsmund och Östen lät resa stenen efter Olov, sin fader, och Gudlög åt Dan, sin son",https://www.christerhamp.se/runor/gamla/u1/u233.html,https://www.christerhamp.se/runor/gamla/u1/u233s.jpg
U 236,U 236 - Uppland: Lindö,,' ulfs arfar ' i linteu ' lata ' raisa ' ţisa ' staina ' eftR ' faţur ' sin ' uk ' broţur ' uk ' bru ' karţu × uiseti hiuk,Ulfs arvingar i Lindö lĺter resa dessa stenar efter sin fader och broder och gjorde bron. Visäte högg,https://www.christerhamp.se/runor/gamla/u1/u236.html,https://www.christerhamp.se/runor/gamla/u1/u236s.jpg
U 237,"U 237 - Uppland: Lindö, Gullbron, Vallentuna",,[karţar * auk * fuluhi * ... s...]ref ' [auk * sibi * auk * sihuat]r ' ţe[i](r) [bereţr * lata * reisa * ţina '' stein * at *] (f)aţur ' sn ' uf * auk ' suein ' [b]roţu[r '] sin ' k(o)[ţ ialb]... ... ţi(u)...,"Gärdar och Fullhuge och Sigrev och Sibbe och Sigvat, de bröderna lät resa stenen ĺt sin fader Ulv och ĺt Sven, sin broder. Gud hjälpe ...",https://www.christerhamp.se/runor/gamla/u1/u237.html,https://www.christerhamp.se/runor/gamla/u1/u237s.jpg
U 238,"U 238 - Uppland: Lindö, Gullbron, Vallentuna",,' astriţ ' lit reisa ' ţina ' stein ' eftiR sun sin ' suein : auk × ulf × bonta ' sin ',"Astrid lät resa denna sten efter sin son Sven och Ulf, sin man",https://www.christerhamp.se/runor/gamla/u1/u238.html,https://www.christerhamp.se/runor/gamla/u1/u238s.jpg
U 239,U 239 - Uppland: Lind—,,i(k)a lit hkua * staina * ... ...a -o--a ... ----kru-...,Inga lðt hugga stenarna (efter sin make?),https://www.christerhamp.se/runor/gamla/u1/u239.html,https://www.christerhamp.se/runor/gamla/u1/u239.jpg
U 240,"U 240 - Uppland: Lingsberg, Vallentuna",,tan auk hus(k)arl + auk suain + auk hulmfriþr × þaun (m)(i)(þ)kin litu rita stin þino × aftiR halftan + fa(þ)ur þaiRa tans ' auk hum(f)riþr at buanta sin,"Dan och Huskarl och Sven och Holmfrid, moder och söner, lät resa denna sten till minne av Halvdan, fader till Dan och hans bröder, och Holmfrid efter sin make",https://www.christerhamp.se/runor/gamla/u1/u240.html,https://www.christerhamp.se/runor/gamla/u1/u240s.jpg
"U 241 -Uppland: Lingsberg, Vallentuna","U 241 -Uppland: Lingsberg, Vallentuna",,n tan auk huskarl ' auk sua(i)n ' l(i)tu rita stin aftiR ' ulfrik ' faþurfaþur sino ' hon hafþi o| |onklanti tuh kialt| |takit + kuþ hialbi þiRa kiþka salu| |uk| |kuþs muþ(i),"och Dan och Huskarl och Sven lät resa stenen efter Ulvrik, sin farfar. Han hade tagit två gälder i England. Gud och Guds moder hjälpe faderns och sonens själar.",https://www.christerhamp.se/runor/gamla/u1/u241.html,https://www.christerhamp.se/runor/gamla/u1/u241s.jpg
U 242,"U 242 - Uppland: Lingsberg, Vallentuna",,- × auk × st[u]... ... ...- × (r)(a)(i)(s)(a) × ...,... och ... [lät] resa [stenen] ...,https://www.christerhamp.se/runor/gamla/u1/u242.html,https://www.christerhamp.se/runor/gamla/u1/u242.jpg
U 244,"U 244 - Uppland: Mðll—sa, Vallentuna",,fasti ' lit * hkua * stain * iftR * fastulf * sun ¼ sin,"Faste lðt hugga stenen efter Fastulv, sin son",https://www.christerhamp.se/runor/gamla/u1/u244.html,https://www.christerhamp.se/runor/gamla/u1/u244.jpg
U 246,"U 246 - Uppland: Mðll—sa, Vallentuna",,-ia * -n * eftiR * h(l)...,... sten efter ...,https://www.christerhamp.se/runor/gamla/u1/u246.html,https://www.christerhamp.se/runor/gamla/u1/u246.jpg
U 247,"U 247 - Uppland: Lilla Mðll—sa, Vallentuna",,kasla[uk *] lt [hkua *] s[tai](n) [*] i[f]tiR * ketil * bro±u(r) [s](i)n [su]ain (r)[sti],"Fastl—g (?) lðt hugga stenen efter Kðttil, sin broder",https://www.christerhamp.se/runor/gamla/u1/u247.html,https://www.christerhamp.se/runor/gamla/u1/u247.jpg
U 248,"U 248 - Uppland: Näle, Norrgĺrden, Vallentuna",,-,-,https://www.christerhamp.se/runor/gamla/u1/u248.html,https://www.christerhamp.se/runor/gamla/u1/u248.jpg
U 249,"U 249 - Uppland: Näle, Södergården, Vallentuna",,kunuiþr * lit * stain * hkua * auk * kase * eftiR * suartaþa faþur * sin ma(n) k--na,"Gunnvid lät hugga stenen och Kase [lät hugga] efter Svarthövde, sin fader,en god man",https://www.christerhamp.se/runor/gamla/u1/u249.html,https://www.christerhamp.se/runor/gamla/u1/u249s.jpg
U 250,"U 250 - Uppland: Rickeby, Vallentuna",,...[(n)]lr...,-,https://www.christerhamp.se/runor/gamla/u1/u250.html,https://www.christerhamp.se/runor/gamla/u1/u250.jpg
U 251,"U 251 - Uppland: Sursta, Vallentuna",,fasti * lit * hkua * runar * ±isar * iftR fastulf * sun sin,"Faste lðt hugga dessa runor efter Fastulv,sin son",https://www.christerhamp.se/runor/gamla/u1/u251.html,https://www.christerhamp.se/runor/gamla/u1/u251.jpg
U 252,U 252 - Uppland: Fresta kyrka,,,,https://www.christerhamp.se/runor/gamla/u1/u252.html,https://www.christerhamp.se/runor/gamla/u1/u252s.jpg
U 253,U 253 - Uppland: Fresta kyrka,,* kuţrlaug * lit * hk-...- * stain * iftiR * su...-u * b(u)nta * sin ...--- * auk * fasti * ţaiR * ...,"Gudlög lät hugga stenen efter ... sin man ... ... och Faste, de ...",https://www.christerhamp.se/runor/gamla/u1/u253.html,https://www.christerhamp.se/runor/gamla/u1/u253s.jpg
"U 254, U FV1959;255","U 254, U FV1959;255 - Uppland: Fresta kyrka",,"... lit ' at ' fa(₫)... ...
...- ' rita ' s...","U FV1959;255:  ... lät [resa stenen] efter [sin] fad[er] ...
U 254:  ... resa s[tenen] ...",https://www.christerhamp.se/runor/gamla/u1/u254.html,https://www.christerhamp.se/runor/gamla/u1/u254s.jpg
U 255,U 255 - Uppland: Fresta kyrka,,× iluki × lit × rais(a) × ---(n)(a) × ----R × biarn × broþur × sin × auk × giluk × at × sun sin ×,"Illuge lät resa stenarna efter Björn, sin broder, och Gillög efter sin son",https://www.christerhamp.se/runor/gamla/u1/u255.html,https://www.christerhamp.se/runor/gamla/u1/u255s.jpg
U 256,U 256 - Uppland: Fresta kyrka,,æ inkialtr æ auk æ heminkr æ litu æ raisa æ staina æ eftir * ulf æ fa±ur æ sin æ,"Ingjald och Hðming lðt resa stenarna efter Ulv, sin fader",https://www.christerhamp.se/runor/gamla/u1/u256.html,https://www.christerhamp.se/runor/gamla/u1/u256.jpg
U 257,U 257 - Uppland: Fresta kyrka,,...r * risti runaR ±isaR,... ristade dessa runor,https://www.christerhamp.se/runor/gamla/u1/u257.html,https://www.christerhamp.se/runor/gamla/u1/u257.jpg
U 258,U 258 - Uppland: Fresta kyrka,,,,https://www.christerhamp.se/runor/gamla/u1/u258.html,https://www.christerhamp.se/runor/gamla/u1/u258s.jpg
U 259,U 259 - Uppland: Fresta kyrka,,,,https://www.christerhamp.se/runor/gamla/u1/u259.html,https://www.christerhamp.se/runor/gamla/u1/u259s.jpg
U 260,U 260 - Uppland: Fresta kyrka,,,,https://www.christerhamp.se/runor/gamla/u1/u260.html,https://www.christerhamp.se/runor/gamla/u1/u260s.jpg
U 261,U 261 - Uppland: Fresta kyrka,,iarlaba... lit × raisa × s[taina × þasa × a]t sik × kuikuan × ¶ auk × bru × þisa × karþi × fur ont [×] s[in]a × auk × ain ati alan tabu,Jarlabanke lät resa dessa stenar efter sig medan han levde och han gjorde denna bro och han ägde ensam hela Täby,https://www.christerhamp.se/runor/gamla/u1/u261.html,https://www.christerhamp.se/runor/gamla/u1/u261s.jpg
U 264,U 264 - Uppland: Fresta kyrka,,* kuţrlaug * lit * hk-...- * stain * iftiR * su...-u * b(u)nta * sin ...--- * auk * fasti * ţaiR * ...,"Gudlög lät hugga stenen efter ... sin man ... ... och Faste, de ...",https://www.christerhamp.se/runor/gamla/u1/u264.html,https://www.christerhamp.se/runor/gamla/u1/u264s.jpg
U 265,"U 265 - Uppland: Ekeby, Fresta",,erinui * lit * rista * heli * eftR * ailaif sun sin * koţan,"Ärenvi lät rista hällen efter Elev, sin gode son",https://www.christerhamp.se/runor/gamla/u1/u265.html,https://www.christerhamp.se/runor/gamla/u1/u265s.jpg
U 266,"U 266 - Uppland: Ekeby, Fresta",,sihstain * auk * uistain * litu * raisa * stain -i-a * e[f]tiR * [inku]ari fa₫ur s[in],"Sigsten och Visten lät resa denna sten efter Ingvar [?], sin fader",https://www.christerhamp.se/runor/gamla/u1/u266.html,https://www.christerhamp.se/runor/gamla/u1/u266s.jpg
U 267,"U 267 - Uppland: Harby, Fresta",,× kiluk × lit × rais[a × stina × a]uk × bro × kiara × eftiR biarn × sun × sin ×,"Gillög lät resa stenarna och göra bron efter Björn, sin son",https://www.christerhamp.se/runor/gamla/u1/u267.html,https://www.christerhamp.se/runor/gamla/u1/u267s.jpg
U 268,"U 268 - Uppland: Harby, Fresta",,fotr ◊ risti ◊,Fot ristade,https://www.christerhamp.se/runor/gamla/u1/u268.html,https://www.christerhamp.se/runor/gamla/u1/u268.jpg
U 269,"U 269 - Uppland: Harby, Fresta",,× iluki + lit × raisa × stina × auk × hauk × (k)[iara ef](t)iR × biarn × broþur × sin ×,"Illuge lät resa stenarna och göra högen efter Björn, sin broder",https://www.christerhamp.se/runor/gamla/u1/u269.html,https://www.christerhamp.se/runor/gamla/u1/u269s.jpg
U 272,U 272 - Uppland: Hammarby kyrka,,× iafurfost × l... ...- × istain × auk × bru × (k)(i)(a)(r)(u)(a) × ----(R) ...na × sun sin × ku₫ ihialbin × sialu × ans ×,Jovurfast lät resa stenen och göra bron till minne av ... sin son. Gud hjälpe hans själ.,https://www.christerhamp.se/runor/gamla/u1/u272.html,https://www.christerhamp.se/runor/gamla/u1/u272s.jpg
U 273,U 273 - Uppland: Hammarby kyrka,,iluhi × lit × s(t)(a)in × rita -- ...- × faþur sin × asur × auk × fuluhi × at × bruþur sin ×,"Illuge lät resa stenen efter Djärv, sin fader, Assur och Fulluge efter sin broder",https://www.christerhamp.se/runor/gamla/u1/u273.html,https://www.christerhamp.se/runor/gamla/u1/u273s.jpg
U 275,"U 275 - Uppland: Brunnby, Hammarby",,ţuri ÷ auk frystain ' litu raisa stain iftiR ' ţurstain broţur sin,"Tore och Frösten lät resa stenen efter Torsten, sin broder",https://www.christerhamp.se/runor/gamla/u1/u275.html,https://www.christerhamp.se/runor/gamla/u1/u275s.jpg
U 276,U 276 - Uppland: Hammarby,,,,https://www.christerhamp.se/runor/gamla/u1/u276.html,https://www.christerhamp.se/runor/gamla/u1/u276s.jpg
U 277,U 277 - Uppland: Hammarby,,ketilkir * l[it] * stain * hkua * iftiR * asur * bota sin * auk * ulfR * lit * hkua * iftR * biarn,"Kättilgärd lät hugga stenen efter Assur, sin make, och Ulv lät hugga efter Björn",https://www.christerhamp.se/runor/gamla/u1/u277.html,https://www.christerhamp.se/runor/gamla/u1/u277s.jpg
U 278,"U 278 - Uppland: Nibble, Hammarby",,aus(t)... ... ...(n) * faþ...,... Östen ... fader ...,https://www.christerhamp.se/runor/gamla/u1/u278.html,https://www.christerhamp.se/runor/gamla/u1/u278s.jpg
U 279,U 279 - Uppland: Skälby,,biarn + uk ' ihulfastr uk × ion + litu kiara ' (b)ro ' at ' þorsti(n) ' broþur sin ybiR ' risti runa,"Björn och Igulfast och Jon lät göra bron åt Torsten, sin broder. Öpir ristade runorna",https://www.christerhamp.se/runor/gamla/u1/u279.html,https://www.christerhamp.se/runor/gamla/u1/u279s.jpg
U 280,U 280 - Uppland: Smedby,,,,https://www.christerhamp.se/runor/gamla/u1/u280.html,https://www.christerhamp.se/runor/gamla/u1/u280s.jpg
U 281,U 281 - Uppland: Smedby,,,,https://www.christerhamp.se/runor/gamla/u1/u281.html,https://www.christerhamp.se/runor/gamla/u1/u281s.jpg
U 284,"U 284 - Uppland: Torsĺker, Hammarby",,suain * risti * runar * ţisar * ik=til * lit * hkua * auk * mani * ţaiR * litu * hkua iftR * kuna * faţur * sin,"Sven ristade dessa runor. Kettil lät hugga och Manne, de lät hugga efter Gunnar, sin fader",https://www.christerhamp.se/runor/gamla/u1/u284.html,https://www.christerhamp.se/runor/gamla/u1/u284s.jpg
U 285,"U 285 - Uppland: Tryninge, Hammarby",,[h...luk × lit + raisa ×] (s)taina × eftiR × olaif × sun sin × auk × eftiR × ketil[munt × bro₫ur] ...n ×,"Holmlög lät resa stenarna efter Olaf, sin son, och efter Kettilmund, sin broder",https://www.christerhamp.se/runor/gamla/u1/u285.html,https://www.christerhamp.se/runor/gamla/u1/u285s.jpg
U 286,"U 286 - Uppland: Tryninge, Hammarby",,× hu... uk × kiluk × litu × raisa × stain × eftiR × o(l)... ...,Holmlög [?] och Gillög lät resa stenen efter Oleif,https://www.christerhamp.se/runor/gamla/u1/u286.html,https://www.christerhamp.se/runor/gamla/u1/u286s.jpg
U 287,U 287 - Uppland: Vik,,giulakr lit raisa stain eftiR sun ' sin ' ingifast ' auk ' inguaR ' (u)(k) ' at ' bro₫ur ' sin ' in ' ybiR [ri]sti ' runa,"Gjulak (?) lät resa stenen efter sin son Ingefast, och Ingvar också åt sin broder, och Öpir ristade runorna",https://www.christerhamp.se/runor/gamla/u1/u287.html,https://www.christerhamp.se/runor/gamla/u1/u287s.jpg
U 288,U 288 - Uppland: Vik,,olafr ' uk ' kunilr ' litu ' raisa ' stain ' eftR ÷ kuna ' sun ' sin ' uk ' ketil ' lit ÷ eftiR ÷ broţur ' sin ' ybir ' risti ' runa,"Olov och Gunnhild lät resa stenen efter Gunne, sin son, och Kättil lät [resa stenen] efter sin broder. Öpir ristade runorna",https://www.christerhamp.se/runor/gamla/u1/u288.html,https://www.christerhamp.se/runor/gamla/u1/u288s.jpg
U 289,U 289 - Uppland: Vik,,...r × auk hulm[fastr × litu × risa stina × iftiR ×] (h)ulmkiR × faþur × sin trink hifan,"... och Holmfast lät resa stenarna efter Holmger, sin fader, en duglig man",https://www.christerhamp.se/runor/gamla/u1/u289.html,https://www.christerhamp.se/runor/gamla/u1/u289s.jpg
U 291,"U 291 - Uppland: Vik, Hammarby",,ri---,-,https://www.christerhamp.se/runor/gamla/u1/u291.html,https://www.christerhamp.se/runor/gamla/u1/u291.jpg
U 292,"U 292 - Uppland: Stora Vilunda, Hammarby",,...kaþfari ' litu ' rai-... ... ...luha ' faþur ...,"... -far lät resa ... -luge, fader ...",https://www.christerhamp.se/runor/gamla/u1/u292.html,https://www.christerhamp.se/runor/gamla/u1/u292s.jpg
U 293,U 293 - Uppland: Lilla Vilunda,,' forkuþr × auk ' þurir × lata ' reisa ' steina ' þisa ' eftR ' faþur sn ' ketil ' koþ hi-lbi + ant ' hns ',Forkunn och Tore låter resa dessa stenar efter sin fader Kättil. Gud hjälpe hans ande,https://www.christerhamp.se/runor/gamla/u1/u293.html,https://www.christerhamp.se/runor/gamla/u1/u293s.jpg
U 294,"U 294 - Uppland: Lilla Vilunda, Hammarby socken",,kuþrlauk * lit * stain hkua iftiR * forkun bonta * sin auk kitelfR,"Gudlög lät hugga stenen efter Forkunn, sin make, och Kättilälv [lät också hugga]",https://www.christerhamp.se/runor/gamla/u1/u294.html,https://www.christerhamp.se/runor/gamla/u1/u294s.jpg
U 295,U 295 - Uppland: Skånela kyrka,,u(i)faiR * li[t] * stain * h[ku](a) -f... ...su sun sin fa--lauk lit stain hkua ift(R) b-o(þ)ur sin fuluka,"Viger lät hugga stenen efter ... , sin son. Fastlög lät hugga stenen efter sin broder Fulluge",https://www.christerhamp.se/runor/gamla/u1/u295.html,https://www.christerhamp.se/runor/gamla/u1/u295s.jpg
U 296,U 296 - Uppland: Skånela kyrka,,inkiualtr ' ok ' kislauh ' litu ' hkua ' staina ' eftr ' inkimunt ' sun sin,"Ingevald och Gislög lät hugga stenarna efter Ingemund, sin son",https://www.christerhamp.se/runor/gamla/u1/u296.html,https://www.christerhamp.se/runor/gamla/u1/u296s.jpg
U 297,U 297 - Uppland: Skånela kyrka,,× iubiarn × raisti × staina × eftiR × sybiarn * fa₫ur sin ×,Jobjörn reste stenarna efter Sigbjörn sin fader,https://www.christerhamp.se/runor/gamla/u1/u297.html,https://www.christerhamp.se/runor/gamla/u1/u297s.jpg
U 299,U 299 - Uppland: Skånela kyrka,,,,https://www.christerhamp.se/runor/gamla/u1/u299.html,https://www.christerhamp.se/runor/gamla/u1/u299.jpg
U 302,U 302 - Uppland: Skånela kyrka,,-----ui * uk * ikriþr ... * ris*a * stin * þina * ift... ...(r) þiR * i * s--... ... ... ...a(l)u * uk * kuþs * mþiR,Kättilvi och Ingrid [lät] resa denna sten efter ... [Gud hjälpe deras] själ och Guds moder,https://www.christerhamp.se/runor/gamla/u1/u302.html,https://www.christerhamp.se/runor/gamla/u1/u302s.jpg
U 304,"U 304 - Uppland: Bensta, Skĺnela",,fuluki * lit * hkua * stain * auk ţaiR * hukR * baţiR bry[ţr * e]fti(R) * mana * faţur sin,"Fulluge lät hugga stenen tillsammans med Hök, bĺda bröderna, efter Manne, sin fader",https://www.christerhamp.se/runor/gamla/u1/u304.html,https://www.christerhamp.se/runor/gamla/u1/u304s.jpg
U 305,U 305 - Uppland: Bensta,,askala lit hiua stain iftiR fuluka auk iluki auk sikni,Ĺskatla lät hugga stenen efter Fulluge och Illuge och Signy,https://www.christerhamp.se/runor/gamla/u1/u305.html,https://www.christerhamp.se/runor/gamla/u1/u305s.jpg
U 306,"U 306 - Uppland: Dal, Skånela",,ikriþ * lit * hkua * stain * eftiR * iubiarn * auk * ikimar * aui * ikiuatr * auk * karl * auk ikriþr,"Ingrid lät hugga stenen efter Jobjörn, och Ingemar och Ingevald och Karl [ lät också hugga ]",https://www.christerhamp.se/runor/gamla/u1/u306.html,https://www.christerhamp.se/runor/gamla/u1/u306s.jpg
U 307,"U 307 - Uppland: Ekeby, Skånela",,iaruntr uk iarl ' (þ)--- ...uniR * ikimar ÷ uk * ketilyaR * litu kiara mi[r]ki * [i]f(t)iR inkuar * broþur * sin in ' ybiR ' risti,"Jorund och Jarl, söner till Ingmar och Kättilö, lät göra minnesmärket efter Ingvar, sin broder. Öpir ristade.",https://www.christerhamp.se/runor/gamla/u1/u307.html,https://www.christerhamp.se/runor/gamla/u1/u307.jpg
U 308,"U 308 - Uppland: Ekeby, Skånela",,kuni lit rista runaR ₫isar eftR sik * kuikhan ₫urhkutr * risti runa ₫isar fots arfi,"Gunne lät rista dessa runor efter sig medan han ännu levde. Torgöt ristade dessa runor, Fots arvinge.",https://www.christerhamp.se/runor/gamla/u1/u308.html,https://www.christerhamp.se/runor/gamla/u1/u308.jpg
U 309,"U 309 - Uppland: Harg, Skånela",,× sikuiþr × auk × in[kua]r × auk × iarlabanki × litu × rista × runaR × at inkuar × faþur × sin × auk × at raknualt × broþur sin +,"Sigvid och Ingvar och Jarlabanke lät rista runorna efter Ingvar, sin far, och efter Ragnvald, sin bror",https://www.christerhamp.se/runor/gamla/u1/u309.html,https://www.christerhamp.se/runor/gamla/u1/u309s.jpg
u 310,"u 310 - Uppland: Harg, Skånela",,× estri₫ × lit × bro × kiara × eftiR × ikuar × bonta × sin × auk × at raknualt × sun × hans ×,"Estrid lät göra bron efter Ingvar, sin man, och efter Ragnvald, hans son",https://www.christerhamp.se/runor/gamla/u1/u310.html,https://www.christerhamp.se/runor/gamla/u1/u310.jpg
U 311,"U 311 - Uppland: Harg, Skånela",,inkri₫ ' lit ' kiara ' bro ' iftiR * inkikiari ' totur ' sin inkihualtr ' inkimar ' karl ' litu ' at ' systur s'i[n],"Ingrid lät göra bron efter Ingegärd, sin dotter. Ingevald, Ingemar och Karl lät [ göra bron ] efter sin syster",https://www.christerhamp.se/runor/gamla/u1/u311.html,https://www.christerhamp.se/runor/gamla/u1/u311.jpg
U 312,"U 312 - Uppland: Harg, Skĺnela",,kunar ' sun ' farulfs ' lit ' kiara ' mirki ' fr sial ' iufurfast ' stiubu ' sin ' totur hulmtis,"Gunnar, Farulfs son, lät göra minnesmärket för Juvurfasts själ, sin styvdotters, Holmdis dotter",https://www.christerhamp.se/runor/gamla/u1/u312.html,https://www.christerhamp.se/runor/gamla/u1/u312s.jpg
U 313,"U 313 - Uppland: Harg, Skĺnela",,kunar lit hkua * stain * eftiR iafa=ur=k=ut=fast * a=s=bt=uiubu sina * auk hulmtis eftiR totur sina,"Gunnar lät hugga stenen efter Juvurfast, sin styvdotter, och Holmdis efter sin dotter",https://www.christerhamp.se/runor/gamla/u1/u313.html,https://www.christerhamp.se/runor/gamla/u1/u313s.jpg
U 316,"U 316 - Uppland: Harg, Skånela",,₫or₫r ' a bro,Tord äger bron,https://www.christerhamp.se/runor/gamla/u1/u316.html,https://www.christerhamp.se/runor/gamla/u1/u316s.jpg
U 318,"U 318 - Uppland: Harg, Skĺnela",,burkuna * lit * stain * hku- * iftiR * kulaif * bonta * sin * auk * askir * ift-(R) fn-ur sin,"Borgunna lät hugga stenen efter Gullev, sin man, och Ĺsgärd efter sin fader",https://www.christerhamp.se/runor/gamla/u1/u318.html,https://www.christerhamp.se/runor/gamla/u1/u318s.jpg
U 319,U 319 - Uppland: Kimsta,,[kitilui * auk * kiau þau * risþi * stin] * þinsi * if[tiR] * iusti[n * -- *] n[-]...hunt ihlbi * (k)[uþ * aon * hiti u]isa iftiR * iufur * i[arþn]n,Kättilvi och Kättil de reste denna sten efter Josten ... Gud hjälpe ... resa efter Jovur ...,https://www.christerhamp.se/runor/gamla/u1/u319.html,https://www.christerhamp.se/runor/gamla/u1/u319s.jpg
U 321,U 321 - Uppland: Skalmsta,ᚢᛁᛏᛅᚾ ᛫ ᛚᛁᛏ ᛫ ᚱᛅᛁᛋᛅ ᛫ ᛋᛏᛅᛁᚾ ᛫ ᚦᛁᚾᛋᛅ ᛫ ᛂᚠᛏᛁᛦ ᛫ ᛋᚢᚾ ᛋᛁᚾ ᛅᚢᚴ ᛫ ᚴᛅᚱᛚ ᛫ ᛂᚠᛏᛁᛦ ᛫ ᛒᚱᚭᚦᚢᚱ ᛫ ᛋᛁᚾ ᛋᛁᚢᛏᛅᛋᛁᚱᛁᚾ ᛫ ᛘᛅᚱᚾᚢ ᛫ ᛘᛅᚦᛋᛁ ᛫ ᛂᚠᛏᛁᛦ ᛫ ᚢᛏᚢᛚᚠ,"uitan · lit · raisa · stain · þinsa · eftiR · sun sin -uk · karl · eftiR · broþur · sin siuta sirin · marnu · maþsi · eftiR · utulf
suain risti · runaR · þisaR",Uitan lät resa denna sten efter sin son och Karl efter sin broder. Sven ristade dessa runor efter Uddulv.,https://www.christerhamp.se/runor/gamla/u1/u321.html,https://www.christerhamp.se/runor/gamla/u1/u321s.jpg
U 322,U 322 - Uppland: Stensta,,ţiuţburh ' ulit rita stin ' ţina ibtiR [+ nibiaR + ...i + uibiast]... --a-bi an hos,Tjudborg lät resa denna sten efter ... hjälpe hans ande,https://www.christerhamp.se/runor/gamla/u1/u322.html,https://www.christerhamp.se/runor/gamla/u1/u322s.jpg
U 323,"U 323 - Uppland: Sälna, Skånela",,Ũ iystin Ũ auk Ũ iuruntr Ũ auk Ũ biurn Ũ þiR [Ũ byryþr Ũ risþu] ... ...stin Ũ trums Ũ f[aþur] Ũ sin Ũ kuþ Ũ ihlbi Ũ ons Ũ ont Ũ auk Ũ selu + fur+kifi Ũ onum Ũ sakaR Ũ auk Ũ sutiR Ũ Ũ hi Ũ mun Ũ ligia Ũ meþ + altr + lifiR Ũ bru Ũ hrþŨslagin Ũ briþ Ũ e[ft Ũ k]uþ-- suenaR k[arþu Ũ] at Ũ sin Ũ faþur Ũ mo Ũ igi Ũ brutaRŨkuml Ũ betra Ũ uerþa +,"Östen och Jorund och Björn, de bröderna reste denna sten efter ...sten drums, sin fader. Gud hjälpe hans ande och själ, förlåt honom brott och synder. Alltid ska ligga, medan människor finns bron hårdslagen, bred, efter den gode. Svenner gjorde den efter sin fader. Ej kan en bättre vägvård bliva.",https://www.christerhamp.se/runor/gamla/u1/u323.html,https://www.christerhamp.se/runor/gamla/u1/u323s.jpg
U 324,U 324 - Uppland: Tjusta,,[uk]ulfR × ri[s-i × st--] × ţina ----R × ...rf × bruţur × sin × huk × gyriR × iftiR × sun sin × kuţan × an × uarţ × tr... ...,"... -ulv reste denna sten efter ... sin broder, och Gyrid efter sin gode son. Han blev dräpt ...",https://www.christerhamp.se/runor/gamla/u1/u324.html,https://www.christerhamp.se/runor/gamla/u1/u324s.jpg
U 325,U 325 - Uppland: Markims kyrka,,× þilinifr × auk × þu(r)... ... (s)tain × iftiR fraistain × faþur sin auk × u(i)f... at × mah sin,"þilinifr och Tor ... stenen efter Frösten, sin fader, och Vi... efter sin frände",https://www.christerhamp.se/runor/gamla/u1/u325.html,https://www.christerhamp.se/runor/gamla/u1/u325s.jpg
U 326,U 326 - Uppland: Husby,,[hulm]kir × auk × sikruţr × ţaiR × ristu × stina × ţisi × eftiR × suin × sun × sin × siţ×bu[rin],"Holmgärd och Sigröd de reste dessa stenar efter Sven, sin son, sent född",https://www.christerhamp.se/runor/gamla/u1/u326.html,https://www.christerhamp.se/runor/gamla/u1/u326s.jpg
U 329,"U 329 - Uppland: Snottsta, Markim",,× inka × lit × raisa × staina × þasi × eftiR × raknfast × bonta × sin × han × uaR × broþiR × kuriþaR × auk × estriþaR ×,"Inga lät resa dessa stenar efter Ragnfast, sin man. Han var broder tilll Gyrid och Estrid",https://www.christerhamp.se/runor/gamla/u1/u329.html,https://www.christerhamp.se/runor/gamla/u1/u329s.jpg
U 330,"U 330 - Uppland: Snottsta, Markim",,× inka × lit × raisa × staina × auk × bro × kiara × eftiR × raknfast × bont×a sin × asur × uaR × huskarl × hans ×,"Inga lät resa stenarna och göra bron efter Ragnfast, sin man. Assur var hans huskarl.",https://www.christerhamp.se/runor/gamla/u1/u330.html,https://www.christerhamp.se/runor/gamla/u1/u330s.jpg
U 331,"U 331 - Uppland: Snottsta, Markim",,× inka × lit × rista × runaR × eftiR × raknfast × bonta × sin + han × at[i +] ain ×× by × þina × eftiR × sikfast × faþur × sin × kuþ × hialbi × ant þaiRa ×,"Inga lät rista runorna efter Ragnfast, sin man. Han ägde ensam denna by efter Sigfast, sin fader. Gud hjälpe deras själar.",https://www.christerhamp.se/runor/gamla/u1/u331.html,https://www.christerhamp.se/runor/gamla/u1/u331s.jpg
U 333,U 333 - Uppland: Orkesta kyrka,,usnekin ' uk ' sikne(o)t ' uk ' sihuiþ(r) ' lata ' reis(a) s(t)iin ' eft[R '] b[r](u)s(a) ' faþur sin,"Osniken och Signjut och Sigvid låter resa stenen efter Bruse, sin fader",https://www.christerhamp.se/runor/gamla/u1/u333.html,https://www.christerhamp.se/runor/gamla/u1/u333s.jpg
U 334,U 334 - Uppland: Orkesta kyrka,,(k)u[þs]n[o]n--þ[a]... stiain ' iftiR ' fa[þu]- ...[n] (b)iaorn * u(k) moþur * siena ' ...(f)(t)(n)-... ...-bi sialu ... [kt]il * risti,... stenen efter sin fader Björn och sin moder ... hjälpe själen ... Kättil ristade,https://www.christerhamp.se/runor/gamla/u1/u334.html,https://www.christerhamp.se/runor/gamla/u1/u334s.jpg
U 335,U 335 - Uppland: Orkesta kyrka,,ulmi × lit × risa × stin × þina × uk × bru þisi × i(f)tiR × iru × faþur sin × uskarl × sifruþaR,"Holme lät resa denna sten och [göra] denna bro efter Hära, sin fader, Sigröds huskarl",https://www.christerhamp.se/runor/gamla/u1/u335.html,https://www.christerhamp.se/runor/gamla/u1/u335s.jpg
U 336,U 336 - Uppland: Orkesta kyrka,,[ul]fR Ũ lit Ũ risa stin Ũ þi[n]a Ũ iftiR Ũ unim Ũ faþursŨbruþr sin þiR Ũ buku Ũ baþiR Ũ i Ũ baristam ',"Ulv lät resa denna sten efter Onäm, sin farbroder, de bodde båda i Bårresta",https://www.christerhamp.se/runor/gamla/u1/u336.html,https://www.christerhamp.se/runor/gamla/u1/u336s.jpg
U 337,"U 337 - Uppland: Granby, Orkesta",,+ hemik + uk + sialfi + uk + iohan + þeiR + lata hakua + eftR + faþur sin + finuiþ + uk + uarkas × uk × rahnfriþ + uk moþur sina + uk + at + ikikerþi + uk + at + kalf + uk + kiarþar + u- ...-at + (h)an ati ' ein × alt fyrst × þat × uaru × freantr þeia + koþ : hialbi + ant þaira + uiseti + risti × runa þisa,"Häming och Själve och Johan de låter hugga efter sin fader Finnvid, och Vargas och Ragnfrid, och [efter] sin moder, och efter Ingegärd och efter Kalv och Gärdar och ... Han ägde ensam allt först. Det var deras fränder. Gud hjälpe deras ande. Visäte ristade dessa runor.",https://www.christerhamp.se/runor/gamla/u1/u337.html,https://www.christerhamp.se/runor/gamla/u1/u337s.jpg
U 338,"U 338 - Uppland: Granby, Orkesta",,þurstin × uk × ragnfriR × þu (r)(i)stu × stin × þina × iftiR × (b)iur[n] × i krnbu × bruþur × kalfs × anum × ua [at * uikmu--R × ku]þ ihlbi × [o]ns × ot × uk × salu × bitr × þan × on karþ[i] -il,"Torsten och Ragnfrid de reste denna sten efter Björn i Granby, Kalvs broder. Honom dräpte Vigmund. Gud hjälpe hans ande och själ bättre än han förtjänade.",https://www.christerhamp.se/runor/gamla/u1/u338.html,https://www.christerhamp.se/runor/gamla/u1/u338s.jpg
U 340,U 340 - Uppland: Orkesta,,... × lit ... ...ain × auk ' ...,... lät ... Sven / Sten och ...,https://www.christerhamp.se/runor/gamla/u1/u340.html,https://www.christerhamp.se/runor/gamla/u1/u340s.jpg
U 341,"U 341 - Uppland: Söderby, Orkesta",,[ikiauoR li]t reis[a] × (s)(t)in × ţens[a] × iftiR × kalf × fuţur × si[n × auk × aft]ir × i[ku-] + bru[ţa] + sin × huk × iftiR × ragnui × mu sina × nu ilbi × kuţ × salu × ţiRa × auk × kus × muţiR,"Ingjald lät resa denna sten efter Kalv, sin fader, och efter Ragnvi, sin moder. Nu hjälpe Gud och Guds moder deras själ.",https://www.christerhamp.se/runor/gamla/u1/u341.html,https://www.christerhamp.se/runor/gamla/u1/u341s.jpg
U 342,"U 342 - Uppland: Söderby, Orkesta",,... ...-[i]n + þansi + iftiR + kalf × bur[u]... ...,"... denna sten efter Kalv, broder ...",https://www.christerhamp.se/runor/gamla/u1/u342.html,https://www.christerhamp.se/runor/gamla/u1/u342s.jpg
U 344,U 344 - Uppland: Yttergärde,,in ulfr hafiR o| |onklati ' ₫ru kialt| |takat ₫it uas fursta ₫is tusti ka-t ' ₫(a) ---- (₫)urktil ' ₫a kalt knutr,"Men Ulv har i England tagit tre gälder. Det var den första, som Toste gäldade. Sedan gäldade Torkel. Sedan gäldade Knut",https://www.christerhamp.se/runor/gamla/u1/u344.html,https://www.christerhamp.se/runor/gamla/u1/u344s.jpg
U 347,"U 347 - Uppland: Näs, Frösunda",,lefstein * lit kera * siR * til * sialu*botar * ok * sini kunu * ikirun * ok * sinum * sunum * iarntr * ok * nikulas * ok * luþin * broaR *,Livsten lät göra broarna till själabot för sig och sin hustu Ingerun och sina söner Jorund och Niklas och Luden,https://www.christerhamp.se/runor/gamla/u1/u347.html,https://www.christerhamp.se/runor/gamla/u1/u347s.jpg
U 348,"U 348 - Uppland: Näs, Frösunda",,an * ati bo * i ţorsulmi * ok i rolstam * -kibliţ,Han ägde gĺrd i Torsholma och skeppshjälp i Rolsta,https://www.christerhamp.se/runor/gamla/u1/u348.html,https://www.christerhamp.se/runor/gamla/u1/u348s.jpg
U 350,"U 350 - Uppland: Solsta, Frösunda",,+ biorn ' uk ' askeiR ' lata + reisa * stein * eftR * faþur ' sin ' uk ' lok ' aftR faþurs'faþur urikia,Björn och Åsger låter resa stenen efter sin fader och Lock efter sin farfader,https://www.christerhamp.se/runor/gamla/u1/u350.html,https://www.christerhamp.se/runor/gamla/u1/u350s.jpg
U 351,"U 351 - Uppland: Solsta, Frösunda",,' ke(t)il ' lit ' reisa ' stein ' aftR ' faţur ' sin ' uistein ' auk ' uikr ' koţ hialbi ' ant hans '  bona sin ',"Kättil lät resa stenen efter sin fader Visten, och Vigärd efter sin man. Gud hjälp hans ande.",https://www.christerhamp.se/runor/gamla/u1/u351.html,https://www.christerhamp.se/runor/gamla/u1/u351.jpg
U 352,"U 352 - Uppland: Vreta, Frösunda",,× sihlauh × lit × stain[a r](i)ta × iftiR sihuiţ sun sin,"Siglög lät resa stenen efter Sigvid, sin son",https://www.christerhamp.se/runor/gamla/u1/u352.html,https://www.christerhamp.se/runor/gamla/u1/u352s.jpg
U 353,U 353 - Uppland: Lunda kyrka,,suni * riti * stan * ok| |kiarţi * bro ** eftiR * sihbiarn * ak * ţiahn suni * risti *,Sune reste stenen och gjorde bron efter Sigbjörn och Tjägn. Sune ristade,https://www.christerhamp.se/runor/gamla/u1/u353.html,https://www.christerhamp.se/runor/gamla/u1/u353s.jpg
U 354,U 354 - Uppland: Lunda kyrka,,kulauh * auk * hulma : litu : arisa : stain : ţinsa : afti : suin : bruţur : sin : uafra : arfua kuţ : hialbi * ant h:ans : auk kus m...,"Gudlög och Holma lät resa denna sten efter Sven, sin broder, Vavres arvinge. Gud och Guds moder hjälpe hans ande",https://www.christerhamp.se/runor/gamla/u1/u354.html,https://www.christerhamp.se/runor/gamla/u1/u354s.jpg
U 356,"U 356 - Uppland: Ängby, Lunda",ᚱᛅᚼᚾᚠᚱᛁᚦᚱ ᛫ ᛚᛁᛏ ᚱᛆᛋᛆ ᛋᛏᛅᛁᚿ ᚦᛁᚿᚬ ᛫ ᛅᚠᛏᛁᛦ ᛒᛁᚢᚱᚾ ᛋᚢᚾ ᚦᛅᛁᚱᛆ ᛫ ᚴᛁᛏᛁᚴᛘᚢᚾᛏᛅᛦ ᛫ ᚴᚢᚦ ᛘᛁᛅᛚᛒᛁ ᚼᚬᚿᛋ ᛆᚿᛏ ᛅᚢᚴᚢᚦᛋ ᛘᚢᚦᛁᚱ ᚼᚭᚿ ᚠᛁᛚ ᛅ ᚢᛁᚱᛚᛅᚾᛏᛁ ᛁᚾ ᚬᛋᛘᚢᚾᛏᚱ ᛘᛅᚱᚴᛅᚦᛁ,ra(h)nfriþr ' lit rasa stain þino ' aftiR biurn * sun þaiRa * kitilmun(t)aR ' kuþ mialbi hons (a)nt auk| |kuþs (m)uþiR hon fil a uirlanti * in osmuntr markaþi,"Ragnfrid lät resa denna sten efetr Björn, hennes och Kättilmunds son. Gud och Guds moder hjälpe hans ande. Han föll i Virland. Och Åsmund ristade.",https://www.christerhamp.se/runor/gamla/u1/u356.html,https://www.christerhamp.se/runor/gamla/u1/u356s.jpg
U 357,U 357 - Uppland: Skepptuna kyrka,,÷ uarhas ' uk arn-il ' uk ontuitr ' uk hruþailfr ' muþur þiRa ' þaR þriR bruþr ' litu ' rita ' staino þisa aftiR hulma faþur sin,"Vargas och Arnkel och Anduätt och Rodälv, deras moder, de tre bröderna lät resa dessa stenar efter Holme, sin fader",https://www.christerhamp.se/runor/gamla/u1/u357.html,https://www.christerhamp.se/runor/gamla/u1/u357s.jpg
U 358,U 358 - Uppland: Skepptuna kyrka,,fulkmar × lit × risa × stin × þina × iftiR × fulkbiarn × sun × sin × saR × itaþis × uk miþ krkum × kuþ × ialbi × ans × ot uk salu,"Folkmar lät resa denna sten efter Folkbjörn, sin son. Han dog dock hos grekerna. Gud hjälpe hans ande och själ",https://www.christerhamp.se/runor/gamla/u1/u358.html,https://www.christerhamp.se/runor/gamla/u1/u358s.jpg
U 359,U 359 - Uppland: Skepptuna kyrka,,kiftiR ' mina ' ik-ktiR nu ' ...i,-,https://www.christerhamp.se/runor/gamla/u1/u359.html,https://www.christerhamp.se/runor/gamla/u1/u359s.jpg
U 360,"U 360 - Uppland: Gådersta, Skepptuna",ᚦᚢᚱᛋᛏᛅᛁᚾ ᛫ ᚼᛁᛅᚴ ᛫ ᛅ ᚼᛁᛚᛁ ᛁᚠᛏᛁᛦ ᛅᚱᛁᚾᛘᚢᚾᛏ ᛫ ᛋᚢᚾ ᛫ ᛋᛁᚾ ᛫ ᛅᚢᚴ ᛫ ᛁᚠᛏᛁᛦ ᚴᛅᛁᛦᛒᛁᛅᚱᚾ ᛫ ᚠᛅᚦᚢᚱ ᛫ ᛋᛁᚾ,+ þurstain × hiak × a hili iftiR erinmunt × sun × sin × auk × iftiR kaiRbiarn × faþur × sin,"Torsten högg på hällen efter Ärinmund, sin son och efter Gerbjörn, sin far",https://www.christerhamp.se/runor/gamla/u1/u360.html,https://www.christerhamp.se/runor/gamla/u1/u360s.jpg
U 367,"U 367 - Uppland: Helgåby, Skepptuna",,... ...ita ' istin þino ' aftiR ... ...-noR --...,... resa dena sten efter ...,https://www.christerhamp.se/runor/gamla/u1/u367.html,https://www.christerhamp.se/runor/gamla/u1/u367-1s.jpg
U 370,"U 370 - Uppland: Herresta, Skepptuna",,-,-,https://www.christerhamp.se/runor/gamla/u1/u370.html,https://www.christerhamp.se/runor/gamla/u1/u370.jpg
U 371,"U 371 - Uppland: Lövhamra, Skepptuna",,kitil × (u)(k) × brunkitil (þ)(i)(R) × [ris]tu × stin × þina × -...R × ulf × i lukobri × faþur × s[i]... ... ... ...[l]bi × ans × ot uk × sa[l]... ... ... ...[uþ]iR bitr × þan hn × kirþi til,"Kättil och Brunkättil reste denna sten efter Ulf i Laghamra, deras far. Gud hjälpe hans ande och själ, och Guds moder bättre än han förtjänade.",https://www.christerhamp.se/runor/gamla/u1/u371.html,https://www.christerhamp.se/runor/gamla/u1/u371s.jpg
U 372,"U 372 - Uppland: Ånsta, Skepptuna",,þurstain ' uk þihn ' uk sialfi ' þaim hit kila muþiR ' þaiR litu rita stain þino| |obtiR sihat ' faþur sin ' kuþ hialbi hons| |sal,"Torsten och Tägn och Själve, deras moder hette Gilla, de lät resa denna sten efter
Sigvat, sin fader. Gud hjälpe hans själ.",https://www.christerhamp.se/runor/gamla/u1/u372.html,https://www.christerhamp.se/runor/gamla/u1/u372.jpg
U 373,U 373 - Uppland: Örby,,iarbi * [l]it * stain * ht[t]R * s(u)-- sina * tua,Järpe lät [resa] stenen efter sina tvĺ söner,https://www.christerhamp.se/runor/gamla/u1/u373.html,https://www.christerhamp.se/runor/gamla/u1/u373s.jpg
U 375,U 375 - Uppland: Vidbo kyrka,,sikfastr ' auk| |kinla-h ţauh litu rita stai(n) ţino aftiR uinoman sun si- in hon uarţ tauţr i buhi,"Sigfast och Ginlög de lät resa dessa sten efter Vinaman, sin son, och blev död i ""Buhi""",https://www.christerhamp.se/runor/gamla/u1/u375.html,https://www.christerhamp.se/runor/gamla/u1/u375s.jpg
U 376,U 376 - Uppland: Vidbo kyrka,,ika × let × kiara × bro × ok × staina rita eftiR × rahna × s(u)(n) × sin × ok × rahniltr × eftir × boanta × sin × stain ' r[isti],"Inga lät göra bron och resa stenarna efter Ragne, sin son, och Ragnhild efter sin man. Sten ristade",https://www.christerhamp.se/runor/gamla/u1/u376.html,https://www.christerhamp.se/runor/gamla/u1/u376.jpg
U 379,"U 379 - Uppland: Mariakyrkan, Sigtuna",,+ frisa : kiltar * letu * reisa * s(t)ein : ₫ensa : ef(t)iR * (₫)(u)(r)--- ----a * sin : ku₫ : hialbi : ant * hans : ₫urbiurn : risti,"Frisernas gillebröder lät resa dena sten efter Torkel, sin gillebroder. Gud hjälpe hans ande. Torbjörn ristade",https://www.christerhamp.se/runor/gamla/u1/u379.html,https://www.christerhamp.se/runor/gamla/u1/u379s.jpg
U 380,U 380 - Uppland: Mariakyrkan,,...s--arn ' auk * kus * li... ...,Åsbjörn och Gus [?] lät ...,https://www.christerhamp.se/runor/gamla/u1/u380.html,https://www.christerhamp.se/runor/gamla/u1/u380s.jpg
U 381,"U 381 - Uppland: Gernerska gravkoret, Sigtuna",,...-n * ui-... ... : ... ...n : resa : ... ...ita...a...u * ku± : hiabi at * ...,... resa [stenen] ... Gud hjðlpe anden ...,https://www.christerhamp.se/runor/gamla/u1/u381.html,https://www.christerhamp.se/runor/gamla/u1/u381.jpg
U 382,U 382 - Uppland: Sigtuna kyrka,,...-r ' li- r-... ... ...--R ...u(r) ' sun kunars ' i ' risny suain risti,... lät resa .. efter ... Gunnars son i Risne. Sven ristade,https://www.christerhamp.se/runor/gamla/u1/u382.html,https://www.christerhamp.se/runor/gamla/u1/u382s.jpg
U 383,U 383 - Uppland: Sigtuna kyrka,,...(n)(i)--...,,https://www.christerhamp.se/runor/gamla/u1/u383.html,https://www.christerhamp.se/runor/gamla/u1/u383.jpg
U 384,"U 384 - Uppland: Klosteromrĺdet, Sigtuna",,katily * lit * raita ...im * hu-... ...-an ...(a)rl * uk * kerţer ... ... eftiR * sue(l)... ...,Kättilö lät resa [stenen efter] ... Karl och Gärdar ... efter ...,https://www.christerhamp.se/runor/gamla/u1/u384.html,https://www.christerhamp.se/runor/gamla/u1/u384s.jpg
U 385,"U 385 - Uppland: S:t Olofs ruin, Sigtuna",,... ...tein : ₫entsa : eftR : krimulf : matu:no- ...,"... denna sten efter Grimulv, [sin] följeslagare ...",https://www.christerhamp.se/runor/gamla/u1/u385.html,https://www.christerhamp.se/runor/gamla/u1/u385s.jpg
U 389,"U 389 - Uppland: Stadsparken, Sigtuna",,kilauh * auk * usi * þau * litu * raisa ... * þina * e-tR ----(a) sun arna,Gillög och Usi lät resa denna sten efter ... Arnes son,https://www.christerhamp.se/runor/gamla/u1/u389.html,https://www.christerhamp.se/runor/gamla/u1/u389s.jpg
U 390,"U 390 - Uppland: S:t Lars ruin, Sigtuna",,æ sua[i]... ... ...sa æ s(t)ain --... ...------... ...- æ fa±ur sin æ auk æ frauætis + at æ ulf æ bona æ sin æ ku± æ h... ... ...ans +,"Sven [lðt resa] sten ... sin fader och Fr—dis efter Ulv, sin make. Gud hjðlpe hans ande",https://www.christerhamp.se/runor/gamla/u1/u390.html,https://www.christerhamp.se/runor/gamla/u1/u390.jpg
U 391,"U 391 - Uppland: Villa Karlsro, Prästgatan, Sigtuna",,× frisa : ki... ... : þesar : eftR : alboþ : felaha : sloþa : kristr : hia : helgi : hinlbi : ant : hans : þurbiun : risti ×,"Frisernas gillebröder ... dessa [runor] efter Albod, Slodes bolagsman. Den helige Kristus hjälpe hans ande. Torbjörn ristade",https://www.christerhamp.se/runor/gamla/u1/u391.html,https://www.christerhamp.se/runor/gamla/u1/u391s.jpg
U 392,"U 392 - Uppland: Klockbacken, Sigtuna",,suin : lit rista : runar : þas-... ... ...-þr : hit : a[na]r : a[s]ur : þriþi : kermunr : ---rþi [:] -[u]ki : (þ)... ...r : uar þera muþ--,"Sven lät rista dessa runor ... hette den andre, Assur den tredje, Germund den fjärde ... var deras moder",https://www.christerhamp.se/runor/gamla/u1/u392.html,https://www.christerhamp.se/runor/gamla/u1/u392s.jpg
U 393,"U 393 - Uppland: Borgmästarvreten, Sigtuna",,ufihr × lit × raisa + ţina + stin × aftR × sestr + sinar + tuar × tura × auk ruţui,"Ofeg lät resa denna sten efter sina tvĺ systrar, Tora och Rodvi",https://www.christerhamp.se/runor/gamla/u1/u393.html,https://www.christerhamp.se/runor/gamla/u1/u393-1s.jpg
U 394,"U 394 - Uppland: S:t Pers ruin, Sigtuna",,× ţur[biurn] : [r]isţi : [s]tain : ţansi : eftiR * (e)(s)(b)i(u)rn : bruţur : sin : ţauR : iRu : suniR : tuR:uis * i -... ...[n]s +,"Torbjörn reste denns sten efter Esbjörn, sin bror. De är Dyrvers[?] söner i ...",https://www.christerhamp.se/runor/gamla/u1/u394.html,https://www.christerhamp.se/runor/gamla/u1/u394s.jpg
U 395,"U 395 - Uppland: S:t Pers ruin, Sigtuna",,sui- -... ...---... ... ...ta st-... ... ...-- -(i)m hna firţi til sihtunum,Sven ... ristade stenen ... som förde henne till Sigtuna ...,https://www.christerhamp.se/runor/gamla/u1/u395.html,https://www.christerhamp.se/runor/gamla/u1/u395s.jpg
U 396,"U 396 - Uppland: S:t Pers ruin, Sigtuna",,-,-,https://www.christerhamp.se/runor/gamla/u1/u396.html,https://www.christerhamp.se/runor/gamla/u1/u396.jpg
U 403,"U 403 - Uppland, kv. Professorn, Sigtuna",,... ...sti : s--... ...- : eftiR : salsa : faþur * ...,"... reste stenen ... efter Salse, [sin] fader ...",https://www.christerhamp.se/runor/gamla/u1/u403.html,https://www.christerhamp.se/runor/gamla/u1/u403s.jpg
U 405,U 405 - Uppland: Ekerö kyrka,,+ loþin + --(t) + raisa + st... ... + faþur + s-... ...--... ...n + guþ hialbi ant hans þurbiu(r)n hiuk +,Lodinn lät resa stenen [efter] sin fader. Gud hjälpe hans ande. Torbjörn högg,https://www.christerhamp.se/runor/gamla/u1/u405.html,https://www.christerhamp.se/runor/gamla/u1/u405s.jpg
U 409,"U 409 - Uppland: Lövstaholm, Odensala",ᚠᚢᚱᚴᚢᚦᚱ ᛫ ᛅᚢᚴ ᚴᚭᛘᛅᛚ ᛫ ᛚᛁᛏᚢ ᚱᛅᛋᛅ ᛫ ᛋᛏᛅᛁᚿ ᚦᛁᚾᚭ ᛅᛒᛏᛁᛦ ᛫ ᚢᚾᛅ ᛫ ᚠᛆᚦᚢᚱ ᛋᛁᚿ ᛬ ᚴᚢᚦ ᚼᛁᛅᛚᛒᛁ ᛅᚿᛏᛅ ᛫ ᚢᚿᛅ,furkuþr × auk komal + litu rasa ' stain þino abtiR + una + faþur sin + kuþ hialbi anta × una,"Forkunn och Gammal lät resa denna sten efter Une, deras fader. Gud hjälpe Unes ande.",https://www.christerhamp.se/runor/gamla/u1/u409.html,https://www.christerhamp.se/runor/gamla/u1/u409s.jpg
U 410,"U 410 - Uppland: Norra Til, S:t Olov",,× s(t)ur(b)iarn * (l)[it * rais]a ' stai... ...ftiR [*] (s)[ik]st[a]in * faþur --- broþur hulmst...[n]s,"Styrbjörn lät resa stenen efter Sigsten, sin fader, Holmstens broder",https://www.christerhamp.se/runor/gamla/u1/u410.html,https://www.christerhamp.se/runor/gamla/u1/u410s.jpg
U 411,"U 411 - Uppland: Norra Til, S:t Olov",,× ilturi × lit × raisa × stin × eftiR × sukiR × faþur × sin × kuþ × hialbi * ant * ahns ×,"lät resa stenen efter Siggeir, sin fader. Gud hjälpe hans ande.",https://www.christerhamp.se/runor/gamla/u1/u411.html,https://www.christerhamp.se/runor/gamla/u1/u411s.jpg
U 412,"U 412 - Uppland: Viby, S:t Olov",,× sibi × lit × rista * runaR * eftiR * orekiu * faþur * sin auk * þuri * at * bonta sin *,"Sibbe lät rista runorna efter Orökja, sin fader, och Tyre efter sin man",https://www.christerhamp.se/runor/gamla/u1/u412.html,https://www.christerhamp.se/runor/gamla/u1/u412s.jpg
U 413,U 413 - Uppland: Norrsunda kyrka,,ulfr + lit kiara * merki * eftiR * iarut * sun * sin * en : biarn : ok * ruRikr * eftiR * bro±ur * sin *,"Ulf lðt g—ra minnesmðrket efter Jorund, sin son, men Bj—rn och Rurik efter sin broder",https://www.christerhamp.se/runor/gamla/u1/u413.html,https://www.christerhamp.se/runor/gamla/u1/u413.jpg
U 415,U 415 - Uppland: Norrsunda kyrka,,... ...ur sin,... sin fader / broder,https://www.christerhamp.se/runor/gamla/u1/u415.html,https://www.christerhamp.se/runor/gamla/u1/u415s.jpg
U 416,U 416 - Uppland: Norrsunda kyrka,,...-- raisa * stain ...,... resa stenen ...,https://www.christerhamp.se/runor/gamla/u1/u416.html,https://www.christerhamp.se/runor/gamla/u1/u416s.jpg
U 418,"U 418 - Uppland: Brista, Norrsunda",,(þ)(u)[rfas]tr * auk| |kitilui * þau * litu * stain [*] rito [*] ifti[R] * þurstain * faþur sin * kuþ hialbi hont * hons,"Torfast och Kättilvi lät resa stenen efter Torsten, sin fader. Gud hjälpe hans ande",https://www.christerhamp.se/runor/gamla/u1/u418.html,https://www.christerhamp.se/runor/gamla/u1/u418s.jpg
U 419,"U 419 - Uppland: Norslunda, Norrsunda",,,,https://www.christerhamp.se/runor/gamla/u1/u419.html,https://www.christerhamp.se/runor/gamla/u1/u419s.jpg
U 420,"U 420 - Uppland: Rosersberg, Norrsunda",,...[- × raisa × stai]n × ₫in(a) × if[tiR ×] (b)iarn [× sun × sin *],"... resa denna sten efter Björn, sin son",https://www.christerhamp.se/runor/gamla/u1/u420.html,https://www.christerhamp.se/runor/gamla/u1/u420s.jpg
U 421,U 421 - Uppland: Rosersberg,,[kiti]lui [* l]it * ra[sa * stan * þina * e]ftR * ketil * faþur * sin * auk * kyriþ * eftR * bont(a) [* sin],"Kättilvi lät resa denna sten efyer Kättil,sin fader, och Gyrid efter sin man",https://www.christerhamp.se/runor/gamla/u1/u421.html,https://www.christerhamp.se/runor/gamla/u1/u421s.jpg
U 422,"U 422 - Uppland: Rosersberg, Norrsunda",,... ...si + aftiR mu-(a) ...(u)r × sin × auk + mu-a + (b)--- (k)unar + risti + run-... ...isar + aftiR + mah sin si...,"... denna efter Mule [?], sin fader / broder ... Gunnar ristade dessa runor efter sin mĺg",https://www.christerhamp.se/runor/gamla/u1/u422.html,https://www.christerhamp.se/runor/gamla/u1/u422s.jpg
U 423,"U 423 - Uppland: Rosersberg, Norrsunda",,kitil| |lit * rita * stin þino * afti[R * kui * faþu]r * sin * kuþ hialbi  onl * auk| |kuþs muþiR,"Kättil lät resa denna sten efter Ingulf / Ingvar [?], sin fader. Gud och Guds moder hjälpe [ hans ] ande",https://www.christerhamp.se/runor/gamla/u1/u423.html,https://www.christerhamp.se/runor/gamla/u1/u423s.jpg
U 425,"U 425 - Uppland: Rosersberg, Norrsunda",,× iaru[ntr × auk × anuntr × litu × raisa × stain × iftiR × kuþmar × faþur × ... ...ta kuþan ×],"Järund och Anund lät resa stenen efter Gudmar, deras fader, god ...",https://www.christerhamp.se/runor/gamla/u1/u425.html,https://www.christerhamp.se/runor/gamla/u1/u425s.jpg
U 426,"U 426 - Uppland: Vallstanäs (Linsunda), Norrsunda",,* þorstain * lit * raisa * st[ain * þina] * eftir * iaru(n)t * sun * sin *,"Torsten lät resa denna sten efter Jorund, sin son",https://www.christerhamp.se/runor/gamla/u1/u426.html,https://www.christerhamp.se/runor/gamla/u1/u426s.jpg
U 427,"U 427 - Uppland: Vallstanäs (Linsunda), Norrsunda socken",,×* þlia : f(u)þkhi * stiR * istbliR : fu[istihninsti]hn[f] lmR : i(s)tini * stihu * i...fiRn,-,https://www.christerhamp.se/runor/gamla/u1/u427.html,https://www.christerhamp.se/runor/gamla/u1/u427s.jpg
U 428,"U 428 - Uppland: Viggeby, Norrsunda",,× kunar × auk × kulaug × litu × raisa × st[ain × ifti](R) × uiki(a)... × sun sin ×,"Gunnar och Gullög lät resa stenen efter  Vighjalm, sin son",https://www.christerhamp.se/runor/gamla/u1/u428.html,https://www.christerhamp.se/runor/gamla/u1/u428s.jpg
U 429,"U 429 - Uppland: Åhusby, Norrsunda",,* þuriR * auk * hruþa * litu * raisa * stain * þinsa * iftiR * burkulf * faþur sin,Tore och Roda lät resa denna sten efter Borgulv sin fader,https://www.christerhamp.se/runor/gamla/u1/u429.html,https://www.christerhamp.se/runor/gamla/u1/u429s.jpg
U 430,"U 430 - Uppland: Ĺhusby, Norrsunda",,bur[kulfR] + u=k + kuţluk + ţu ris[tu stain ţ]ina × iftiR × ţurbiarn s(u)[n * sin * kuţan],"Borgulf och Gudlög de reste denna sten efter Torbjörn, sin gode son",https://www.christerhamp.se/runor/gamla/u1/u430.html,https://www.christerhamp.se/runor/gamla/u1/u430s.jpg
U 431,"U 431 - Uppland: Åhusby, Norrsunda socken",,tufa auk hominkr litu rita stin þino ' abtiR kunor sun sin ' in -- hon u(a)R ta(u)-(r) miR krikium ut ' kuþ hialbi hons| |salu| |uk| |kuþs m--(i)(R),"Tuva och Hemming lät resa denna sten efter Gunnar, sin son. Han dog bland greker i utlandet. Gud och Guds moder hjälpe hans själ",https://www.christerhamp.se/runor/gamla/u1/u431.html,https://www.christerhamp.se/runor/gamla/u1/u431s.jpg
U 433,U 433 - Uppland: Husby-Ärlinghundra kyrka,,×* biarn * finuiţaR * sun * lit * raisa * stain * eftiR * sik * sialfan *,Börn Finnvidsson lät resa stenen efter sig själv,https://www.christerhamp.se/runor/gamla/u1/u433.html,https://www.christerhamp.se/runor/gamla/u1/u433s.jpg
U 434,U 434 - Uppland: Husby-Ärlinghundra kyrka,,... ...t * kiara * uf... [...- (k)itil * faţur ...],"... lät göra efter ... Kättil, fader ...",https://www.christerhamp.se/runor/gamla/u1/u434.html,https://www.christerhamp.se/runor/gamla/u1/u434s.jpg
U 435,U 435 - Uppland: Husby-Ärlinghundra kyrka,,× ţurkil × auk × s(i)afi × la(t)u × risa × stain[il]... ... ...a × ka=uţan × auk × hiţinfast : kuna has : kuţ : hialbi : ant : hans × auk| |kus muţi ×,"Torkel och Sjafe lät resa stenen ... den gode, och Hedinfast, hans hustru. Gud och Guds moder hjälpe hans själ",https://www.christerhamp.se/runor/gamla/u1/u435.html,https://www.christerhamp.se/runor/gamla/u1/u435s.jpg
U 437,"U 437 - Uppland: Broby, Husby-Ärlinghundra socken",,kuna : a[uk su]tari : ristu : s(t)[... ... sikbiar- sati : iftiR : sin faţur : stin : almykin : i : s...],Gunna och Sutari reste stenen efter ... Sigbjörn satte den stora stenen ... efter sin fader ...,https://www.christerhamp.se/runor/gamla/u1/u437.html,https://www.christerhamp.se/runor/gamla/u1/u437.jpg
U 438,"U 438 - Uppland: Ekilla, Husby-Ärlinghundra",,rontr auk riki ' auk| |kuţrun ' ţaiR bruţr ' litu r-isa stain ţino ' abtiR ' bruno ' faţur sin ' kuţ hialbi hons| |salu,"Trond och Rike och Gudrun, de bröderna lät resa denna sten efter Brune, sin fader. Gud hjälpe hans själ",https://www.christerhamp.se/runor/gamla/u1/u438.html,https://www.christerhamp.se/runor/gamla/u1/u438s.jpg
U 440,U 440 - Uppland: Odensala kyrka,,[þo](r) * ok * siriþ * litu * kiara merki * eftiR * su=n sin * sihþor * kuþ * berhi * siulu * hans,Tord och Sigrid lät göra minnesmärket efter sin son Sigtor. Gud bärge hans själ.,https://www.christerhamp.se/runor/gamla/u1/u440.html,https://www.christerhamp.se/runor/gamla/u1/u440s.jpg
U 442,"U 442 - Uppland: Prästgården, Odensala",,b(r)usi ' u-(₫)-... ...al(u)... ...-t... ...rit... fa₫u...,Bruse ... fader ...,https://www.christerhamp.se/runor/gamla/u1/u442.html,https://www.christerhamp.se/runor/gamla/u1/u442s.jpg
U 443,"U 443 - Uppland: Prästgården, Odensala socken",,... eftiR a(y)... ... ...aþur sin : a...,... efter Ey ... sin fader ...,https://www.christerhamp.se/runor/gamla/u1/u443.html,https://www.christerhamp.se/runor/gamla/u1/u443s.jpg
U 444,"U 444 - Uppland: Bromsta, Odensala",,× ulfr × auk × hirbiarn × [a]uk × nesbi[a]rn × auk × himinkr × litu ' r[esa × s](t)ain × at × borkulf × faþur × sin ×,"Ulf och Herbjörn och Nesbjörn och Heming lät resa stenen efter Borgulf, sin fader",https://www.christerhamp.se/runor/gamla/u1/u444.html,https://www.christerhamp.se/runor/gamla/u1/u444s.jpg
U 445,"U 445 - Uppland: Bromsta, Odensala",,× kylfinkr × lit × raisa stain at × nisbiarn × faþur si- - uk × kilauk at bonta sin,"Gylfing lät resa stenen efter Nesbjörn, sin fader, och Gillög efter sin make",https://www.christerhamp.se/runor/gamla/u1/u445.html,https://www.christerhamp.se/runor/gamla/u1/u445s.jpg
U 448,"U 448 - Uppland: Harg, Odensala",,(i)kul × auk × biurn × litu × raisa × stain × eftiR × ţurstain × faţur ...,"Igul och Björn lät resa stenen efter Torsten, sin fader",https://www.christerhamp.se/runor/gamla/u1/u448.html,https://www.christerhamp.se/runor/gamla/u1/u448s.jpg
U 449,"U 449 - Uppland: Harg, Odensala",,... (a)uk + fstkir + a(u)- (u)imontR + litu + ris... ...,... och Fastgeir och Vemund lät resa ...,https://www.christerhamp.se/runor/gamla/u1/u449.html,https://www.christerhamp.se/runor/gamla/u1/u449s.jpg
U 453,"U 453 - Uppland: Kumla, Odensala",,þurkl × auk + kisl + -itu + rais- ... þian + iftR + faþur sn + kans- ku- hialbi ant hans,Torkel och Gisle lät resa denna sten efter sin fader Ganse. Gud hjälpe hans själ,https://www.christerhamp.se/runor/gamla/u1/u453.html,https://www.christerhamp.se/runor/gamla/u1/u453s.jpg
U 454,"U 454 - Uppland: Kumla, Odensala",,ţ--kl + auk + kisl + lata + risa ' ţina + stin * eftR * bruţur * sin sty(r)biun × auk sefari uiseti hiuk,"Torkel och Gisle lät resa denna sten efetr sin broder Syyrbjörn, och Sefare [reste ocksĺ stenen]. Visäte högg.",https://www.christerhamp.se/runor/gamla/u1/u454.html,https://www.christerhamp.se/runor/gamla/u1/u454s.jpg
U 455,"U 455 - Uppland: Näsby, Odensala",,× inkifastr + lit × raisa × stain × þina at þorkil + faþur sin (a)uk at kunilti moþur sina þa(u) truknaþu × baþi,"Ingefast lät resa denna sten efter Torkel, sin fader, och efter Gunnhild, son moder. De drunknade båda",https://www.christerhamp.se/runor/gamla/u1/u455.html,https://www.christerhamp.se/runor/gamla/u1/u455s.jpg
U 456,"U 456 - Uppland: Tollsta, Odensala",,[iku-]... ... ...(r)(b)iarn * litu * kiara * bru (a)t * ₫ia(k)n * (f)(a)[₫ur] ...,"Ing ... Torbjörn lät göra bro efter Thegn, sin fader",https://www.christerhamp.se/runor/gamla/u1/u456.html,https://www.christerhamp.se/runor/gamla/u1/u456s.jpg
U 462,"U 462 - Uppland: Prästgården, Vassunda",,§A [tierfr * uk kunar * a](u)k ' kulhu ['] litu ' risa ' stain * uk * bru ' eftiR ' alfntan × faþur sin [hu](l)mfriþ ' at ' bonta ' uk ' ybiR ' ris[ti run],"Djärv och Gunnar och Gullö lät resa stenen och bron efter Halvdan, sin fader, Holmfrid efter sin man. Och Öpir ristade runorna.",https://www.christerhamp.se/runor/gamla/u1/u462.html,https://www.christerhamp.se/runor/gamla/u1/u462s.jpg
U 466,"U 466 - Uppland: Tibble, Vassunda",,+ tsfirnstblk hniastbmlR a : rihaR : --- : riha--- : --(k)itiht * in(R)slbmui :+ ui(s)tRi : -isit--ti +,... hniastbmlR ...,https://www.christerhamp.se/runor/gamla/u1/u466.html,https://www.christerhamp.se/runor/gamla/u1/u466s.jpg
U 467,"U 467 - Uppland: Tibble, Vassunda",,× tafeist- ... ...-sa stei(n) * þen... ...in...a : kuþ : hi--bi : at : --(n)s : þurbiurn : risti,Tafeist ... resa denna sten ... Gud hjälpe hans ande. Torbjörn ristade.,https://www.christerhamp.se/runor/gamla/u1/u467.html,https://www.christerhamp.se/runor/gamla/u1/u467s.jpg
U 468,"U 468 - Uppland: Tibble, Vassunda",,...uis * titi * ilRu : nuihli : ti-R + t-a * --(k)--- : r-...,-,https://www.christerhamp.se/runor/gamla/u1/u468.html,https://www.christerhamp.se/runor/gamla/u1/u468s.jpg
U 470,U 470 - Uppland: Knivsta kyrka,,...ar : sa... þ---a : iftir : uibiurn : f... ... out hans,"...ar sa[tte] d[enn]a [sten] efter Vebjörn, [sin] f[ader. Gud hjälpe] hans ande",https://www.christerhamp.se/runor/gamla/u1/u470.html,https://www.christerhamp.se/runor/gamla/u1/u470s.jpg
U 471,"U 471 - Uppland: Segersta, Knivsta",,× fulyki × auk × ulfr × auk × akiR × litu × raisa × stain × eftiR × anut × faþur × sin × kuþ × hialbi × ant × hans ×,"Fulluge och Ulv och Åger lät resa stenen efter Anund, sin fader. Gud hjälpe hans ande.",https://www.christerhamp.se/runor/gamla/u1/u471.html,https://www.christerhamp.se/runor/gamla/u1/u471s.jpg
U 472,"U 472 - Uppland: Skottsila, Knivsta",᛫ ᚴᛁᛚᛅᚢᚴ ᛫ ᛅᛁᚴᛁ ᛫ ᚾᛂᚠᛋ ᛫ ᛏᚬᛏᛁᛦ ᛫ ᛚᛁᛏ ᛫ ᚱᛅᛁᛋᛅ ᛫ ᛋᛏᛁᚾ ᛫ᛁᚠᛏᛁᛦ ᛫ ᛏᚱᛅᚴᛘᛅᛚ ᛫ ᛘᚢᚦᚢᚱ ᛫ ᚠᛅᚦᚢᚱ ᛫ ᛋᛁᚾ ᛫,× kilauk × aiki × nefs × totiR × lit × raisa × stin × iftiR × trakmal × muþur×faþur × sin ×,"Gillög, Ekinevs dotter, lät resa stenen efter Dragmal, sin morfar.",https://www.christerhamp.se/runor/gamla/u1/u472.html,https://www.christerhamp.se/runor/gamla/u1/u472s.jpg
U 473,"U 473 - Uppland: Skottsila, Knivsta",,faylkbiurn × lit × risa × stin × ift[R × nif × bruþur × sin] × (þ)[et ×] iRu × sunR × oskis ×,"Folkbjörn lät resa stenen efter Nef, sin broder. De är Asgeirs söner.",https://www.christerhamp.se/runor/gamla/u1/u473.html,https://www.christerhamp.se/runor/gamla/u1/u473s.jpg
U 475,"U 475 - Uppland: Vickeby, Knivsta",,finuiþr * lit * gera * stenmerki * ok * buro * eftiR * faslaugu muþur sena,"Finnvid lät göra stenmärket och bron efter Fastlög, sin moder",https://www.christerhamp.se/runor/gamla/u1/u475.html,https://www.christerhamp.se/runor/gamla/u1/u475s.jpg
U 478,"U 478 - Uppland: Ängby, Knivsta",,× estriþ : let : reisa : s(t)ein : þensa : eftiR : iuar : bota : sin : auk : ikuar : auk : ikifastr : eftiR : faþur : sin : mihel : kati : at : hans,"Estrid lät resa denna sten efter Joar (eller: Ivar), sin man, och Ingvar och Ingefast efter
sin fader. Mikael tage vård om hans ande.",https://www.christerhamp.se/runor/gamla/u1/u478.html,https://www.christerhamp.se/runor/gamla/u1/u478s.jpg
U 479,"U 479 - Uppland: Prästgården, Alsike",,× ousmuntR : auk : e-(i)R : suniR : kuriþaR : situ : stin : iftR : sikulf : f-þu sin : suta : buruþur : ulfkil : iuk : ru lufa : -iþi,"Åsmund och ... , Gyrids söner, satte stenen efter Sigulv, sin fader, Sotes broder. Ulvkel
högg runorna, Loves följesman",https://www.christerhamp.se/runor/gamla/u1/u479.html,https://www.christerhamp.se/runor/gamla/u1/u479s.jpg
U 480,"U 480 - Uppland: Tagsta, Alsike",,× hulmaiR × auk × kuni × litu × raisa × stain ×× þina × eftiR × sota × faþur × sin ×,"Holmger och Gunne lät resa denna sten efter Sote, sin fader",https://www.christerhamp.se/runor/gamla/u1/u480.html,https://www.christerhamp.se/runor/gamla/u1/u480s.jpg
U 488,"U 488 - Uppland: Morby, Lagga",,...ra : kuþ hial... ...,... Gud hjälpe ...,https://www.christerhamp.se/runor/gamla/u1/u488.html,https://www.christerhamp.se/runor/gamla/u1/u488s.jpg
U 489,"U 489 - Uppland: Morby, Lagga",,khulu ' lit ' kira ' bro fr ant ' kilaua ' totur ' sin ' uk sum ' ati ' ulfr ' ybiR risti,"Gullög lät göra bron för sin dotter Gillögs själ, som Ulv hade till hustru. Öpir ristade",https://www.christerhamp.se/runor/gamla/u1/u489.html,https://www.christerhamp.se/runor/gamla/u1/u489s.jpg
U 490,"U 490 - Uppland: Olunda, Lagga",,kiRbiarn × uk × ihfurbiarn × uk × uifastr × ţiR × ristu stin × ţina × iftiR × kiRbiarn × bruţur sin × kuţ ialbi ans ot uk salu,"Gerbjörn och Jovurbjörn och Vifast de reste denna sten efter Gerbjörn, sin broder, Gud hjälpe hans ande och själ",https://www.christerhamp.se/runor/gamla/u1/u490.html,https://www.christerhamp.se/runor/gamla/u1/u490s.jpg
U 494,U 494 - Uppland: Husby-Långhundra kyrka,,brunkil ' li[t] ' [r]ita ' stain ' þina ' i[ftiR uiki(n)(m)(r) ...þu]R ' [sin * h]rfa ...[star],"Brunkel lät resa denna sten efter Rägnmund [?], sin fader [?], arvinge till ...",https://www.christerhamp.se/runor/gamla/u1/u494.html,https://www.christerhamp.se/runor/gamla/u1/u494s.jpg
U 495,U 495 - Uppland: Husby-LÍnghundra kyrka,,...-iR æ auk æ inki[f](a)(s)(t)(r) [æ auk] æ [inki]muntr æ ±aiR æ uaRu æ (b)(r)[u±r æ] suniR æ s-... æ,"... och Ingefast och Ingemund, de var br—der, s—ner ...",https://www.christerhamp.se/runor/gamla/u1/u495.html,https://www.christerhamp.se/runor/gamla/u1/u495-1.jpg
U496,"U496 - Uppland: Tibble, Husby-Långhundra",,[ranfastr ' lit ' kera '] merki · þ[i]sun · fir sia[l ikifatar ·] auk · kulifs,Ragnfast lät göra dessa minnesmärken för Ingefasts själ och Gullevs,https://www.christerhamp.se/runor/gamla/u1/u496.html,https://www.christerhamp.se/runor/gamla/u1/u496s.jpg
U 497,"U 497 - Uppland: Tibble, Husby-Långhundra",,ranfast[r] · lit · agua · eli · auk · kera · bru · eftiR inkifast · faþur · sin × auk ik[i]friþi · muþur sina,"Ragnfast lät hugga hällen och göra bron efter Ingefast, sin fader, och Ingefrid, sin moder",https://www.christerhamp.se/runor/gamla/u1/u497.html,https://www.christerhamp.se/runor/gamla/u1/u497s.jpg
U 501,U 501 - Uppland: Närtuna kyrka,,sbialbuţi ' auk ' hulfr ' auk ' hulmfastr auk ' keir-... ... ...ţur sin auk sun biarn,Spjallbude och Ulv och Homlfast och Ger ... sin fader[?] och son Björn,https://www.christerhamp.se/runor/gamla/u2/u501.html,https://www.christerhamp.se/runor/gamla/u2/u501s.jpg
U 502,"U 502 - Uppland: Ingelsta, Närtuna",,ulfR × iu... (f)aþ(u)r sin × uk × bruþ-... ...- satu ...,Ulf ... sin fader och broder ... satte ...,https://www.christerhamp.se/runor/gamla/u2/u502.html,https://www.christerhamp.se/runor/gamla/u2/u502s.jpg
U 503,"U 503 - Uppland: Malmby, Närtuna",,' ernfast ' uk + ernkautr ' lata ' sunR shunar ' reisa + stein × aftR + faþur + ... kitilfast ',"Ärnfast och Ärngöt, Sigguns söner, låter resa senen efter sin fader Kättilfast",https://www.christerhamp.se/runor/gamla/u2/u503.html,https://www.christerhamp.se/runor/gamla/u2/u503s.jpg
U 504,"U 504 - Uppland: Ubby, Närtuna",,+ kitil×fastr × risti × stin + þina × iftiR × askut × faþur + sin × saR × uas × uistr × uk × ustr + kuþ ialbi × as × salu,"Kättilfast reste denna sten efter Åsgöt, sin fader. Han var västan och östan. Gud hjälpe hans själ.",https://www.christerhamp.se/runor/gamla/u2/u504.html,https://www.christerhamp.se/runor/gamla/u2/u504s.jpg
U 505,U 505 - Uppland: Kårsta kyrka,,alrikr ' lit ' rita ' stai(n) ' -k ' bro ' kiara ' iftiR ' hilha ' sun sin ' hultrikr ' auk ' auþin iftiR broþur sin suain risti,"Alrik lät resa stenen och göra bron efter Helge, sin son, Hultrik och Ödin efter sin broder. Sven ristade.",https://www.christerhamp.se/runor/gamla/u2/u505.html,https://www.christerhamp.se/runor/gamla/u2/u505s.jpg
U 507,"U 507 - Uppland: Broby, Kårsta",,...ia-t-mlR,-,https://www.christerhamp.se/runor/gamla/u2/u507.html,https://www.christerhamp.se/runor/gamla/u2/u507s.jpg
U 508,"U 508 - Uppland: Gillberga, Lövstalund, Kĺrsta",,ikiluk × uk × afriţ × ţaR × litu × risa × stin × ţina + iftiR × -a--bi-rn faţur × sin × kuţan × uk × ragni × ţu × biku × i × l----,"Ingelög och Ĺfrid de lät resa denna sten efter ...björn, sin gode fader, och Ragne. De bodde i ...",https://www.christerhamp.se/runor/gamla/u2/u508.html,https://www.christerhamp.se/runor/gamla/u2/u508s.jpg
U 509,"U 509 - Uppland: Norra Hall, Kårsta",,alkautr × lit stain ' hakua iftiR þurk(a)rR faþurR sin × auk| |kitil × bruþurR sin,"Algöt lät hugga stenen efter Torger, sin fader, och Kättil, sin broder",https://www.christerhamp.se/runor/gamla/u2/u509.html,https://www.christerhamp.se/runor/gamla/u2/u509s.jpg
U 510,"U 510 - Uppland: Mälsta, Kĺrsta",,× frystin × ţorbiurn × fasti × uiniutr × ulfr × kuntiarfr × ţaiR × bruţr × raistu × stin : at * ţorstin : faţur × sin *,"Frösten, Torbjörn, Faste, Vinjut, Ulv, Gunndjärv, de bröderna reste stenen efter Torsten, sin fader",https://www.christerhamp.se/runor/gamla/u2/u510.html,https://www.christerhamp.se/runor/gamla/u2/u510s.jpg
U 511,"U 511 - Uppland: Högsäter, Kårsta",,+ uitiarf + uk + tan ' uk * fastar * uk * halftan + lata + reisa ÷ stein ÷ aftR + fa₫ur sn ' fasta *,Vidjärv och Dan och Fastar och Halvdan låter resa stenen efter sin fader Faste,https://www.christerhamp.se/runor/gamla/u2/u511.html,https://www.christerhamp.se/runor/gamla/u2/u511s.jpg
U 513,U 513 - Uppland: Rimbo kyrka,,* anuntr * auk * airikr * auk * hakun * auk * inkuar * rais-- ... (þ)(i)(n)-(a) * (i)(f)(t)ir * raknar * bruþur sin * kuþ * hialbi ant * hans,"Anund och Erik och Håkan och Ingvar reste denna sten efter Ragnar, sin broder, Gud hjälpe hans ande.",https://www.christerhamp.se/runor/gamla/u2/u513.html,https://www.christerhamp.se/runor/gamla/u2/u513s.jpg
U 514,U 514 - Uppland: Rimbo kyrka,,+ anuntr * lit * auk * kera * bro * auk * stain riti * eftiR * ketilfast * faþur * sin * ok * farulfr *,"Anund lät också göra bron och resta stenen efter Kättilfast, sin fader, och Farulf [ lät också göra bron och resta stenen ]",https://www.christerhamp.se/runor/gamla/u2/u514.html,https://www.christerhamp.se/runor/gamla/u2/u514s.jpg
U 515,U 515 - Uppland: Rimbo kyrka,,kuni lit + stain + rita + eftiR × alfkiR faþur + sen + kuþ hialbi ant hans,"Gunne lät resa stenen till minne av Alfgeir, sin fader. Gud hjälpe hans ande",https://www.christerhamp.se/runor/gamla/u2/u515.html,https://www.christerhamp.se/runor/gamla/u2/u515s.jpg
U 517,U 517 - Uppland: Skederids kyrka,,+ a-... ... ...- + ra---u + stain + eftir haruk + bruþur + sin + in + rakn-... ... ...anta + sin + auk + at suni + ... ... ... ...ar þisi,"... reste stenen till minne av Haruk, deras broder, och Ragnhild [?] sin make och efter [deras] söner ... dessa runor",https://www.christerhamp.se/runor/gamla/u2/u517.html,https://www.christerhamp.se/runor/gamla/u2/u517s.jpg
U 519,"U 519 - Uppland: Salmunge, Skederid",,· iubrn : uk × ini : riti × iþrn : iftiR + iRbrn : faþur : isin : þuliR · iuk · runar × þisi × isi kuþ +,"Jobjörn och ... reste ... efter Gerbjörn (?), sin fader. Tolir (?) högg dessa runor ... Gud",https://www.christerhamp.se/runor/gamla/u2/u519.html,https://www.christerhamp.se/runor/gamla/u2/u519s.jpg
U 523,"U 523 - Uppland: Hammarby, Länna socken",,-,-,https://www.christerhamp.se/runor/gamla/u2/u523.html,https://www.christerhamp.se/runor/gamla/u2/u523.jpg
U 524,"U 524 - Uppland: Penningby, Länna socken",,+ kuhli (a)uk + stuţkihl + ristu + stain + oftiR +× uiţbiarn × arfa × karumbus + kuţan × uiţbiarn × iak ×,"Gulle och Stodkell reste stenen efter Vidbjörn, Krums gode arvinge. Vidbjörn högg",https://www.christerhamp.se/runor/gamla/u2/u524.html,https://www.christerhamp.se/runor/gamla/u2/u524s.jpg
U 526,U 526 - Uppland: Frötuna kyrka,,... ...iba * faþu(r) ... ... at * bonta ...,... fader ... efter make ...,https://www.christerhamp.se/runor/gamla/u2/u526.html,https://www.christerhamp.se/runor/gamla/u2/u526a.jpg
U 527,U 527 - Uppland: Frötuna kyrka,,* ayiti ... [...si] atir : fa₫u(r) ...(k) : sut : (o) : kutloti : hkni : o : syk[um : in : ur : basti] : buti : uhlmstan :,Önd reste denna sten efter sin fader ... på Gotland ... Han var den bäste bonde. Holmsten [ristade],https://www.christerhamp.se/runor/gamla/u2/u527.html,https://www.christerhamp.se/runor/gamla/u2/u527s.jpg
U 529,"U 529 - Uppland: Sika, Frötuna",,-,-,https://www.christerhamp.se/runor/gamla/u2/u529.html,https://www.christerhamp.se/runor/gamla/u2/u529s.jpg
U 530,U 530 - Uppland: Norrtälje,,[* urmi × auk × hulmuiþr × auk × hulmfastar × litu : raisa : stain : aftiR × burut : faþur : sin : kuþan *],Orme och Holmvid och Holmfast lät resa stenen efter Brodd sin gode fader,https://www.christerhamp.se/runor/gamla/u2/u530.html,https://www.christerhamp.se/runor/gamla/u2/u530s.jpg
U 532,U 532 - Uppland: Roslags-Bro kyrka,,× sigruþ + let + raisa + stain + eftiR + kara + buanta + sin + guþ + hialbi + ant + hans + þurbiur[n × sk]alt + hiuk + runaR,Sigrud lät resa stenen efter Kåre sin man. Gud hjälpe hans ande. Torbjörn skald högg runorna,https://www.christerhamp.se/runor/gamla/u2/u532.html,https://www.christerhamp.se/runor/gamla/u2/u532s.jpg
U 533,U 533 - Uppland: Roslags-Bro kyrka,,· sigruþ · lit + raisa · stain · eftir + anunt · sun · sin · han uas ' tribin + a + uirlanti,"Sigrud lät resa stenen efter Anund, sin son. Han blev dräpt i Virland.",https://www.christerhamp.se/runor/gamla/u2/u533.html,https://www.christerhamp.se/runor/gamla/u2/u533.jpg
U 534,U 534 - Uppland: Roslags-Bro kyrka,,...ki · afti · f-...,... efter ...,https://www.christerhamp.se/runor/gamla/u2/u534.html,https://www.christerhamp.se/runor/gamla/u2/LÄNKs.jpg
U 535,U 535 - Uppland: Roslags-Bro kyrka,,ha... ...,-,https://www.christerhamp.se/runor/gamla/u2/u535.html,https://www.christerhamp.se/runor/gamla/u2/u535s.jpg
U 536,U 536 - Uppland: Roslags-Bro kyrka,,... ...- kun(b)(a)... ...,... Gunbjörn ...,https://www.christerhamp.se/runor/gamla/u2/u536.html,https://www.christerhamp.se/runor/gamla/u2/u536s.jpg
U 539,U 539 - Uppland: Husby-Sjuhundra kyrka,,tiarfR × uki × urika × uk ' uiki × uk × iukiR × uk × kiRialmR × þiR bryþr × aliR × litu × risa × stin þina × iftiR × suin × bruþur × sin × saR × uarþ × tuþr a × iut(l)ati × on skulti fara × til × iklanþs × kuþ × ialbi × (o)ns × at uk salu × uk| ×| kus muþiR × betr × þan an karþi til,"Djärv och Orökja och Vige och Joger och Gerhjälm, alla dessa bröder lät resa denna sten efter Sven, sin broder. Han blev död på Jylland. Han skulle fara till England. Gud och Guds moder hjälpe hans själ bättre än han förtjänade.",https://www.christerhamp.se/runor/gamla/u2/u539.html,https://www.christerhamp.se/runor/gamla/u2/u539s.jpg
U 540,U 540 - Uppland: Husby-Sjuhundra kyrka,,airikr ' auk hokun ' auk inkuar aukk rahn[ilt]r ' þou h--... ... ...-R ' -na hon uarþ [tau]þ(r) [a] kriklati ' kuþ hialbi hons| |salu| |uk| |kuþs muþi(R),"Erik och Håkon och Ingvar och Ragnhild, de ... Han blev död i Grekland. Gud och Guds moder hjälpe hans själ",https://www.christerhamp.se/runor/gamla/u2/u540.html,https://www.christerhamp.se/runor/gamla/u2/u540s.jpg
U 541,U 541 - Uppland: Husby-Sjuhundra kyrka,,iar likr ' serifr ' broþir ' þ-... ... in ' ybir risti ru-iR,"Här ligger Sigrev, broder till ... och Öpir ristade runorna",https://www.christerhamp.se/runor/gamla/u2/u541.html,https://www.christerhamp.se/runor/gamla/u2/u541s.jpg
U 544,U 544 - Uppland: Husby-Sjuhundra kyrka,,hultur ' ba₫ ' ybiR rista runa ₫isa,Hulte bad Öpir rista dessa runor,https://www.christerhamp.se/runor/gamla/u2/u544.html,https://www.christerhamp.se/runor/gamla/u2/u544s.jpg
U 545,U 545 - Uppland: Husby-Sjuhundra kyrka,,* kunilr * lit * rita * staina * ef... ...r - buana * s-n * ok * siri(ţ) fa-ur * sin,"Gunhild lät resa stenarna efter ... sin man, och Sigrid [efter] sin fader",https://www.christerhamp.se/runor/gamla/u2/u545.html,https://www.christerhamp.se/runor/gamla/u2/u545s.jpg
U 546,U 546 - Uppland: Husby-Sjuhundra kyrka,,ahni * ok * au(±)ulfr * auk * suni * litu * rita * st(a)...(a) * e...-R ...(b)(i)arn * fa±ur * ...n,"Agne och Audulf och Sone lðt resa dessa stenar till minne av ...-bj—rn, deras fader",https://www.christerhamp.se/runor/gamla/u2/u546.html,https://www.christerhamp.se/runor/gamla/u2/u546.jpg
U 547,U 547 - Uppland: Husby-Sjuhundra kyrka,,* ioan * li(t) ... ...(t) * þeira *,Johan lät ... deras,https://www.christerhamp.se/runor/gamla/u2/u547.html,https://www.christerhamp.se/runor/gamla/u2/u547s.jpg
U 548,U 548 - Uppland: Husby-Sjuhundra kyrka,,-,-,https://www.christerhamp.se/runor/gamla/u2/u548.html,https://www.christerhamp.se/runor/gamla/u2/u548s.jpg
U 549,U 549 - Uppland: Husby-Sjuhundra kyrka,,"...--uita + staina ' i-...
...snur ' -...
...- * mer-... ... (b)ro(■)-... ...
... ...u ¸ kia(r)... ...","U 549
U 552
U 555
U FV1979;244A",https://www.christerhamp.se/runor/gamla/u2/u549.html,https://www.christerhamp.se/runor/gamla/u2/u549.jpg
U 550,U 550 - Uppland: Husby-Sjuhundra kyrka,,"... ...ina * e---R * siref * f(a)... ...
... ...-in * k... ...
... [efti](R) brun...
... (k)unuata- ...","U 550
U FV1967;265
U FV1979;243A
U FV1979;243B",https://www.christerhamp.se/runor/gamla/u2/u550.html,https://www.christerhamp.se/runor/gamla/u2/u550.jpg
U 558,U 558 - Uppland: Husby-Sjuhundra kyrka,,kuþ + hialbi + auk + mar-a + ant + sib- ... -uk + rakn-...s + auk + haruks + auk + gyriþaR,"Gud hjälpe, och Maria, Sibbas [?] ande ... och Ragn ... och Haruks och Gyrids",https://www.christerhamp.se/runor/gamla/u2/u558.html,https://www.christerhamp.se/runor/gamla/u2/u558s.jpg
U 559,U 559 - Uppland: Malsta kyrka,,ihar · likr · snaybiarn · s(u)(n) · ansuars ' kuþ hialbi ant,"Här ligger Snöbjörn, Andsvars son. Gud hjälpe anden",https://www.christerhamp.se/runor/gamla/u2/u559.html,https://www.christerhamp.se/runor/gamla/u2/u559s.jpg
U 560,U 560 - Uppland: Malsta kyrka,,hulfr · uk · uþulfr ' li(t)... ...,Ulv och Ödulv lät ...,https://www.christerhamp.se/runor/gamla/u2/u560.html,https://www.christerhamp.se/runor/gamla/u2/u560s.jpg
U 561,U 561 - Uppland: Malsta kyrka,,...- (r)(u)anm,... runorna,https://www.christerhamp.se/runor/gamla/u2/u561.html,https://www.christerhamp.se/runor/gamla/u2/u561s.jpg
U 562,U 562 - Uppland: Malsta kyrka,,... ...(r)semni ' fa-... ...,... Karlsämne fader ...,https://www.christerhamp.se/runor/gamla/u2/u562.html,https://www.christerhamp.se/runor/gamla/u2/u562s.jpg
U 563,U 563 - Uppland: Malsta kyrka,,...(r) ' litu ' ...,... lät ...,https://www.christerhamp.se/runor/gamla/u2/u563.html,https://www.christerhamp.se/runor/gamla/u2/u563s.jpg
U 564,U 564 - Uppland: Malsta kyrka,,-,-,https://www.christerhamp.se/runor/gamla/u2/u564.html,https://www.christerhamp.se/runor/gamla/u2/u564s.jpg
U 567,U 567 - Uppland: Lohärads kyrka,,(a)nutr * au(k) * sai(n) [* auk × irbiarn × a]uk * hahuRþr,Anund och Sven [?] och Ärnbjörn och Hägvid,https://www.christerhamp.se/runor/gamla/u2/u567.html,https://www.christerhamp.se/runor/gamla/u2/u567s.jpg
U 572,"U 572 - Uppland: Kragsta, Lohärad",,...(l)auh * lit bro ' kera ' stain ' rita * eftiR * ioan * buanda * sin * ok * kunar * ok * ali * (e)ftiR * boţor * sin,"... -lög lät göra bron och resa stenen efter Johan, sin make, och Gunnar och Ale efter sin broder.",https://www.christerhamp.se/runor/gamla/u2/u572.html,https://www.christerhamp.se/runor/gamla/u2/u572.jpg
U 573,"U 573 - Uppland: Kragsta, Lohärad",,alfkautr * (a)(u)(k) * uRhtafr * lRtu * rasa * stain * at * faþur * san * uRiha *,Alvgöt och Vigdjärv lät resa stenen efter sin fader Vige,https://www.christerhamp.se/runor/gamla/u2/u573.html,https://www.christerhamp.se/runor/gamla/u2/u573s.jpg
U 574,U 574 - Uppland: Estuna kyrka,,+ orikia × auk + (þ)(u)-- ---(u) + raisa × ... ...rkiþi × mart a stai... ...(a)-m,Orökja och Tora lät resa [stenen] ... ristade mycket på stenen,https://www.christerhamp.se/runor/gamla/u2/u574.html,https://www.christerhamp.se/runor/gamla/u2/u574s.jpg
U 575,U 575 - Uppland: Estuna kyrka,,... ...rauþur : sain : auk : ... ...noar * at * ... ...-(t)ar : uini(u)... ...y-...,... sin broder och ... efter ... Vinjut ...,https://www.christerhamp.se/runor/gamla/u2/u575.html,https://www.christerhamp.se/runor/gamla/u2/u575.jpg
U 576,U 576 - Uppland: Estuna kyrka,,...þbiarn + (a)... ... at + (m)...,... -björn och ... efter ...,https://www.christerhamp.se/runor/gamla/u2/u576.html,https://www.christerhamp.se/runor/gamla/u2/u576s.jpg
U 583,"U 583 - Uppland: S:t Karls ruin, S—derby-Karls socken",,... ...in æ ±i...a æ eftiR æ -...,... denna sten efter ...,https://www.christerhamp.se/runor/gamla/u2/u583.html,https://www.christerhamp.se/runor/gamla/u2/u583.jpg
U 586,"U 586 - Uppland: Bro, Edsbro",,æ kunbirn æ uk æ osbirn æ uk æ [sikuatr * ±iR æ lit](u) [æ] (r)(i)sa æ s[t](i)(n) æ [±in]a æ iftiR æ t(u)ka æ fa±ur sin æ ku[±](a)(n) æ ku(±) ial(b)[i æ ans æ -]t uk æ salu bitr æ ±an æ an æ kar±i æ til æ ulmæf(r)[i](R) lit æ kra br(u),"Gunnbj—rn och Asbj—rn och Sigvat de lðt resa denna sten efter Toke, sin gode fader. Gud hjðlpe hans ande och sjðl bðttre ðn han f—rtjðnade. Holmfrid lðt g—ra bron",https://www.christerhamp.se/runor/gamla/u2/u586.html,https://www.christerhamp.se/runor/gamla/u2/u586.jpg
U 591,"U 591 - Uppland: Burvik, Knutby",,...k · a^uk ...,... och ...,https://www.christerhamp.se/runor/gamla/u2/u591.html,https://www.christerhamp.se/runor/gamla/u2/u591s.jpg
U 595 M,"U 595 M - Uppland: Hargs skog, Hargs socken",,kuþlef * uk * sihuiþr : altulfs=rf * s * a=rfæi- * litu * hakua * sten * æftir : faþur : sin : ok : sihbo=rh mo=þo=r : hans :,"Gudlev och Sigvid, Adulfs arvingar, lät hugga stenen efter sin fader Sigborg, hans moder",https://www.christerhamp.se/runor/gamla/u2/u595.html,https://www.christerhamp.se/runor/gamla/u2/u595s.jpg
U 597,"U 597 - Uppland: Prästgården, Hökhuvud",,aterfr * ... [* fuluki * lit(u)] * res... ... * eftiR * uiterf ' faþur [sin ...arm(i)lr * fals]...,"Ådjärv och Fulluge lät resa stenen efter Vidjärv, sin fader ...",https://www.christerhamp.se/runor/gamla/u2/u597.html,https://www.christerhamp.se/runor/gamla/u2/u597s.jpg
U 598,"U 598 - Uppland: Borggĺrde, Hökhuvud",,raskuiţr × lit ' akua sta(i)(n) -- kum[i] litu × risa ' stain ' aftiR ' broţur ' sin × inkibiarn [o](ţ)munt ' risti ' runa,Raskvid lät hugga stenen. Han och Gumme lät resa stenen efter sin broder Ingebjörn. Ödmund ristade runorna.,https://www.christerhamp.se/runor/gamla/u2/u598.html,https://www.christerhamp.se/runor/gamla/u2/u598s.jpg
U 599,"U 599 - Uppland: Hanunda, Hökhuvud",,orniutr × ak × uihniutr × ak × s(i)ihniutr × ţiR l(i)tu rasa stan ţinsa aft-(R) ...(m) × faţur sin × ţurfostr × hriti runoR,Arnnjut och Vignjut och Sigbnjut de lät resa denna sten efter ... sin fader. Torfast ristade runorna.,https://www.christerhamp.se/runor/gamla/u2/u599.html,https://www.christerhamp.se/runor/gamla/u2/u599s.jpg
U 600,"U 600 - Uppland: Sund, Börstil",,gaiRilt(r) * lit * mirki * at * sbaraka * sun * sin,"Gerhild lät [göra] minesmärket åt Sprake, sin son",https://www.christerhamp.se/runor/gamla/u2/u600.html,https://www.christerhamp.se/runor/gamla/u2/u600s.jpg
U 602,U 602 - Uppland: Valö kyrka,,...isu × si-(r)a₫u- × ...k × -...r × --raki(m)(₫)... ...ima × sim-- × ₫ia- × -...,-,https://www.christerhamp.se/runor/gamla/u2/u602.html,https://www.christerhamp.se/runor/gamla/u2/u602s.jpg
U 604,"U 604 - Uppland: Stäket, Stockholms-Näs",,huli * lit * stain * hkua * auk * þaiR * -... ... iftiR * krok * broþur sin * a-...,"Huli lät hugga stenen och de ... efter Krok, sin broder ...",https://www.christerhamp.se/runor/gamla/u2/u604.html,https://www.christerhamp.se/runor/gamla/u2/u604s.jpg
U 608,"U 608 - Uppland: Prästgården, Västra Ryd",,... ...[kulbi](u)rn ' kuihulfr ' þiR [b]ruþr al[iR lit]u [rita] stai(n)[o] (s)uniR siriþaR ...,"... Igulbjörn, Kvigulv, alla dessa bröder lät resa stenarna. Sigrids söner ...",https://www.christerhamp.se/runor/gamla/u2/u608.html,https://www.christerhamp.se/runor/gamla/u2/u608s.jpg
U 610,"U 610 - Uppland: Granhammar, Västra Ryd",,[... ...(t)i : stin þa](n)a : eft : as[kut : sun sin : trik : h... ...],"... reste denna sten efter Åsgöt, sin son, en mycket god man ...",https://www.christerhamp.se/runor/gamla/u2/u610.html,https://www.christerhamp.se/runor/gamla/u2/u610s.jpg
U 611,"U 611 - Uppland: Tibble (Granhammar), Västra Ryd",ᛒᛁᚢᚱᚾ ᛬ ᛅᚢᚴ ᛬ ᛋᛏᚾᚠᚱᛁᚦ ᛬ ᛚᛁᛏᚢ ᛬ ᛅᚱᛁᛋᛅ ᛋ--ᚾ ᛬ ᛅᚠᛏᛁ ᛬ᚴᛁᛋᛁᛚᛅ ᛬ ᚼᛅᚾ ᛬ ᚢᛏᛁ ᛬ ᚠᛁᛅᛚ ᛬ ᛁ ᛚᛁᚦᛁ ᛬ ᚠᚱᛂᚴᛁᛋ ᛫,biurn : auk : stnfriþ : litu : arisa s--n : afti : kisila : han : uti : fial : i liþi : frekis *,Björn och Stenfrid lät resa stenen efter Gisle. Han föll ute i Frögers följe.,https://www.christerhamp.se/runor/gamla/u2/u611.html,https://www.christerhamp.se/runor/gamla/u2/u611s.jpg
U 612,"U 612 - Uppland: Tibble (Granhammar), Västra Ryd",,-,-,https://www.christerhamp.se/runor/gamla/u2/u612.html,https://www.christerhamp.se/runor/gamla/u2/u612.jpg
U 613,"U 613 - Uppland: Torsätra, Västra Ryd",,+ una + lit + reisa + ţinsa + stein + aftR + sun sin + istin sum + to + i hoita+uaţum + kuţ hialbi + salu hans ÷,"Unna lät resa denna sten efter sin son Östen, som dog i vita vader. Gud hjäple hans själ.",https://www.christerhamp.se/runor/gamla/u2/u613.html,https://www.christerhamp.se/runor/gamla/u2/u613s.jpg
U 614,"U 614 - Uppland: Torsätra, Västra Ryd",,* skuli * auk * folki * lata * reisa * ţinsa * stein * iftR * broţur * sin * husbiorn * hn us| |siok * uti * ţa ţiR * kialt * toku * a kutlanti *,Skule och Folke lät resa denna sten efter sin broder Husbjörn. Han var sjuk ute dĺ de tog gäld pĺ Gotland,https://www.christerhamp.se/runor/gamla/u2/u614.html,https://www.christerhamp.se/runor/gamla/u2/u614s.jpg
U 616,"U 616 - Uppland: Tång, Västra Ryd",,fir--(r)iui : lit rita * kuml : yfitiRr : fnþur : sih : baosa : auk : boruþur : kuru- * kuþ hi=a=l-... * ul kuru -ial uti * a| |akla--,... lät resa kumlet efter sin fader Bause och broder ... Gud hjälpe ... föll ute i England,https://www.christerhamp.se/runor/gamla/u2/u616.html,https://www.christerhamp.se/runor/gamla/u2/u616s.jpg
U 617,U 617 - Uppland: Bro kyrka,,kinluk × hulmkis × tutiR × systiR × sukruþaR × auk × þaiRa × kaus × aun × lit × keara × bru × þesi × auk × raisa × stain × þina × eftiR × asur × bunta * sin × sun × hakunaR × iarls × saR × uaR × uikika × uaurþr × miþ × kaeti × kuþ × ialbi × ans × nu × aut × uk × salu,"Ginnlög, Holmgers dotter, syster till Sygröd och till Göt, hon lät göra denna bro och resa denna sten efter Assur, sin man, son till Håkon jarl. Han var landsvärnare mot vikingar med Geter [?]. Gud hjälpe nu hans ande och själ",https://www.christerhamp.se/runor/gamla/u2/u617.html,https://www.christerhamp.se/runor/gamla/u2/u617s.jpg
U 618,U 618 - Uppland: Bro kyrka,,[in]riþr ' uk ' kyriþ ' lito ' rita ' st[a]in * af[t]iR ' [k](l)[em](i)t ' fa[þur * si]n ku ' inkik[h]r [*  bo]an[ta sin],"Ingrid och Gyrid lät resa stenen efter Klemet, deras fader, och Ingegerd efter sin man",https://www.christerhamp.se/runor/gamla/u2/u618.html,https://www.christerhamp.se/runor/gamla/u2/u618s.jpg
U 619,U 619 - Uppland: Bro kyrka,,...i + rauţr h[aki] ... ţisa * meki * eftiR * ky...,... Raud högg ... dessa minnesmärken efter ...,https://www.christerhamp.se/runor/gamla/u2/u619.html,https://www.christerhamp.se/runor/gamla/u2/u619s.jpg
U 620,"U 620 - Uppland: Finnsta, Bro",,kunar : auk : ihul : l(t)(u) * -... ... ...-uþr : sn kml : kþ : hulbi : ant : h-s : auk : kus mþR frmn : slknasma : k...-n tuþan : uin *,Gunnar och Igul lät ... kumlet sin broder. Gud och Guds moder hjälpe hans ande ... döde vän [?],https://www.christerhamp.se/runor/gamla/u2/u620.html,https://www.christerhamp.se/runor/gamla/u2/u620s.jpg
U 621,"U 621 - Uppland: Härnevi, Bro",,' abiun + auk + sibiun [auk * kunhiltr * litu risa * þina * stin * aftR * faþur * sin * auk * en * aftR bunta sin usur],Åbjörn och Sigbjörn och Gunhild lät resa denna sten efter sin fader och och hon efter sin man Asur,https://www.christerhamp.se/runor/gamla/u2/u621.html,https://www.christerhamp.se/runor/gamla/u2/u621s.jpg
U 622,"U 622 - Uppland: Härnevi, Bro",,' kunhi... ... eft[i]R ' sun sn * hursefn(i) * [auk *] oithafþ[a] uþ --b uil,Gunhild ... efter sin son Horsefni [?] och Vithövde. Gud hjälpe ...,https://www.christerhamp.se/runor/gamla/u2/u622.html,https://www.christerhamp.se/runor/gamla/u2/u622s.jpg
U 623,"U 623 - Uppland: Jursta, Bro",,kuriþ * auk ' sikuiþr ' auk sikfast ' raistu ' stin ' aftiR ' uifast ' faþur ' sin ',"Gyrid och Sigvid och Sigfast reste stenen efter Vifast, deras fader",https://www.christerhamp.se/runor/gamla/u2/u623.html,https://www.christerhamp.se/runor/gamla/u2/u623s.jpg
U 624,"U 624 - Uppland: Ullvi (Toresta), Bro",,+ suain + auk + biarn × auk × ikulfastr × litu × raisa × stin × eftiR × ikul × faþur × sin ×,"Sven och Björn och Igulfast lät resa stenen efter Igul, deras fader",https://www.christerhamp.se/runor/gamla/u2/u624.html,https://www.christerhamp.se/runor/gamla/u2/u624s.jpg
U 625,"U 625 - Uppland: Välla tä, Bro",,-...--...r × auk × kulifr × au(k) (×) bi--- ... ...--(r) × litu × r(a)... ... -in ×,... och Gulleif och Björn ... lät resa ... deras ...,https://www.christerhamp.se/runor/gamla/u2/u625.html,https://www.christerhamp.se/runor/gamla/u2/u625s.jpg
U 631,U 631 - Uppland: Kalmar kyrka,,-,-,https://www.christerhamp.se/runor/gamla/u2/u631-1.html,https://www.christerhamp.se/runor/gamla/u2/u631-1.jpg
U 632,U 632 - Uppland: Kalmar kyrka,,...i ' o- ...inbiorn ... ... ...-oþ-r ' sin ' syhsa,... och Stenbjörn (?) ... efter sin broder Syhsa,https://www.christerhamp.se/runor/gamla/u2/u632.html,https://www.christerhamp.se/runor/gamla/u2/u632s.jpg
U 633,"U 633 - Uppland: Broby, Kalmar",,...kifa × lit × raisa × stain × eftiR × ulfkitil × bonta × sin han × u(a)R × faþiR ' sikr...,"... lät resa stenen efter Ulfkättil, sin man. Han var fader till Sig ...",https://www.christerhamp.se/runor/gamla/u2/u633.html,https://www.christerhamp.se/runor/gamla/u2/u633s.jpg
U 635,"U 635 - Uppland: Låddersta, Kalmar",,r[ol]u[fr × auk × arnfastr] × auk × arfastr × auk × arni × ra(i)[s](t)u × stin × [a]t × [kura-]a × [fa]þu... ...,Rolf och Arnfast och Arfast och Arne reste stenen efter ... deras fader,https://www.christerhamp.se/runor/gamla/u2/u635.html,https://www.christerhamp.se/runor/gamla/u2/u635s.jpg
U 636,"U 636 - Uppland: Låddersta, Kalmar",ᛅᛚᚢᛁ ᛫ ᛚᛁᛏ ᛫ ᚱᛁᛋᛅ ᛫ ᛋᛏᚾ ᛫ ᚦᛏᛁᚾ ᛫ ᛅᛏ ᛫ ᛅᚱᚠᛅᛋᛏ ᛫ ᛋᚢᚾ ᛋᛁᚾ ᛫ ᚼᚾ ᛫ ᚠᚢᚱ ᛫ ᛅᚢᛋᛦ᛫ ᛁ ᚴᛅᚱᚦᛅ,alui * lit * risa * stn * þtin * at * arfast * sun sin * hn * fur * ausR * i karþa,"Alve lät resa denna sten efter Arfast, sin son. Han for österut till Gårdarike.",https://www.christerhamp.se/runor/gamla/u2/u636.html,https://www.christerhamp.se/runor/gamla/u2/u636s.jpg
U 637,"U 637 - Uppland: Låddersta, Kalmar",,snari : auk : kitilbiurn : litu : aris[a s-... iftir : ulf : faþur : sina :  ku-]iþ :  bun[(t)a : sin],"Snare och Kettilbjörn lät resa stenen efter Ulf, deras fader, Gyrid efter sin man",https://www.christerhamp.se/runor/gamla/u2/u637.html,https://www.christerhamp.se/runor/gamla/u2/u637s.jpg
U 640,"U 640 - Uppland: Väppeby, Kalmar",,× kus × auk × sikhialmr × litu + raisa + stin × iftiR * ant[ui]t * fa[þ]ur sin *,"Guss och Sighjälm lät resa stenen efter Andvätt, deras fader",https://www.christerhamp.se/runor/gamla/u2/u640.html,https://www.christerhamp.se/runor/gamla/u2/u640s.jpg
U 641,"U 641 - Uppland: Brunnsta bro, Yttergran",,hiþinkair × auk [×] biorn × raistu × eftir × ki(l)t[a ×] bonta × koþa[n],"Hedinkar och Björn reste efter Gildi, den gode mannen",https://www.christerhamp.se/runor/gamla/u2/u641.html,https://www.christerhamp.se/runor/gamla/u2/u641s.jpg
U 642,"U 642 - Uppland: Ekilla bro, Yttergran",,hiţinka... auk × biorn × raistu × eftir × kil... ...ţur sint,"Hedenger och Björn reste [ stenen ] efter Gilde [?], sin fader",https://www.christerhamp.se/runor/gamla/u2/u642.html,https://www.christerhamp.se/runor/gamla/u2/u642s.jpg
U 643,"U 643 - Uppland: Ekilla bro, Yttergran",,× kulaifr × auk × ka(r) × litu × raisa × stain × eftir × antuit × rauþa × faþur * sin ×,"Gullev och Kår lät resa stenen efter Andvätt röde, deras fader",https://www.christerhamp.se/runor/gamla/u2/u643.html,https://www.christerhamp.se/runor/gamla/u2/u643s.jpg
U 644,"U 644 - Uppland: Ekilla bro, Yttergran",,an(u)(i)(t)r : auk * kiti : auk * kar : auk * blisi * auk * tiarfr * þir * raistu * stain þina * aftiR * kunlaif * foþur : sin han : fil * austr : miþ : ikuari kuþ heabi ontini,"Andvätt och Kiti och Kår och Bläse och Djärv de reste denna sten efter Gunnlev, deras fader. Han föll österut med Ingvar. Gud hjälpe andarna.",https://www.christerhamp.se/runor/gamla/u2/u644.html,https://www.christerhamp.se/runor/gamla/u2/u644s.jpg
U 645,"U 645 - Uppland: Lundby, Yttergran",,usnikin ' lit rita stin þino ' ata bruþr sino ' osua- ... ... hiilbi ont þiRa,Osniken lät resa denna sten efter sina bröder Asvar ... hjälpe deras ande,https://www.christerhamp.se/runor/gamla/u2/u645.html,https://www.christerhamp.se/runor/gamla/u2/u645s.jpg
U 646,U 646 - Uppland: Yttergrans by,,stainbiurn * l[i]t raisa * stain * ţino * eftiR * ţurkaut * faţur * sin *,"Stenbjörn lät resa dena sten efter Torgöt, sin fader",https://www.christerhamp.se/runor/gamla/u2/u646.html,https://www.christerhamp.se/runor/gamla/u2/u646s.jpg
U 647,U 647 - Uppland: Övergrans kyrka,,* kilnuk * lit * r[i]sa * stn * at * sikterf * faþur * sin * (b)[oan]ta * h[u]lmfriþaR * bali ** risti staina þis... * baþa *,"Gillög lät resa stenen efter Sigdärv, sin fader, Holmfrids man. Balle ...",https://www.christerhamp.se/runor/gamla/u2/u647.html,https://www.christerhamp.se/runor/gamla/u2/u647s.jpg
U 648,U 648 - Uppland: Övergrans kyrka,,sihialmr * lit * raisa * stain * þina eftR * kus * broþur sin,"Sighjälm lät resa denna sten efter Kus, sin broder",https://www.christerhamp.se/runor/gamla/u2/u648.html,https://www.christerhamp.se/runor/gamla/u2/u648s.jpg
U 649,U 649 - Uppland: Övergrans kyrka,,* uikigr * auk * balsi * auk * emigr ...r * raistu * sain × ţen[o] * ift[iR] * kuţrik * faţur * sin *,"Viking och Balse och Häming de reste denna sten efter Gudrik, sin fader",https://www.christerhamp.se/runor/gamla/u2/u649.html,https://www.christerhamp.se/runor/gamla/u2/u649s.jpg
U 651,U 651 - Uppland: Övergrans kyrka,,* bel[e]ik[r * au]k [* hefton * auk * s]i-ig[r] * (r)aist(u) * [s](t)a[in * ţina] * at * ulf * buruţur : s[in],"Bleikr och Halvdan och Si-igr [?] reste denna sten efter Ulf, sin broder",https://www.christerhamp.se/runor/gamla/u2/u651.html,https://www.christerhamp.se/runor/gamla/u2/u651s.jpg
U 652,"U 652 - Uppland: Kumla, Övergran",,[k]u[ni]tr * let * (k)(e)ra * [m]erki * ţesa * at ** ţial[f]- * su[n *] sin * auk * [i]ftir * sik * sialfa ** ar[b]iurn * iuk ** stain * ţinsa *,"Gunhild lät göra dessa minnesmärken efter Tjalve, sin son, och efter sig själv. Arbjörn högg stenen.",https://www.christerhamp.se/runor/gamla/u2/u652.html,https://www.christerhamp.se/runor/gamla/u2/u652s.jpg
U 653,"U 653 - Uppland: Kumla, Övergran",,× þurkil * huk + ufhikr × huk × þusthin + þaiR ' ker(þ)u ' merki + þesa + at * uifast ' fa[þur * si](n),"Torkel och Ofeg och Torsten de gjorde dessa minnesmärken efter Vefast, sin fader",https://www.christerhamp.se/runor/gamla/u2/u653.html,https://www.christerhamp.se/runor/gamla/u2/u653s.jpg
U 654,"U 654 - Uppland: Varpsund, Övergran",,+ a--itr : auk * ka(r) auk : kiti : auk : -[l]isi : auk * tiarfr : ris[t]u : stain : þena : aftir : kunlaif : foþur sin is u[a]s nus(t)(r) * m[i](þ) ikuari : tribin kuþ : hialbi : o(t) þaira al-ikr| |raistik * runar is kuni + ual * knari stura,"Andvätt och Kår och Kiti och Bläse och Djärv reste denna sten efter Gunnlev, sin fader. Han blev dräpt österut med Ingvar. Gud hjälpe deras ande. Jag, Alrik, ristade runorna. Han kunde väl styra knarren.",https://www.christerhamp.se/runor/gamla/u2/u654.html,https://www.christerhamp.se/runor/gamla/u2/u654s.jpg
U 655,U 655 - Uppland: Håtuna kyrka,,...*gaiR * le(t) * ke[ra] * merki * þisa * auk * sigfus * at * ... buruþur * sin *,"...ger lät göra dessa minnesmärken och Sigfus, efter ... sin broder",https://www.christerhamp.se/runor/gamla/u2/u655.html,https://www.christerhamp.se/runor/gamla/u2/u655s.jpg
U 656,"U 656 - Uppland: Bjursta (Markeby), Håtuna",,[r]uþ[i]lfR * lit * kera * merki [* þisa * e]ftiR * agmunt * sun * sin [*],"Rodelf lät göra dessa minnesmärken efter Agmund, hennes son",https://www.christerhamp.se/runor/gamla/u2/u656.html,https://www.christerhamp.se/runor/gamla/u2/u656.jpg
U 657,"U 657 - Uppland: Kålsta, Håtuna",,h[outi]an [* auk * asur * þair * litu *] (r)aisa * merki * þisa * at [*] (u)l[f] * faþur * sin *,"... och Ösur, de lät resa dessa minnesmärken efter Ulf, deras fader",https://www.christerhamp.se/runor/gamla/u2/u657.html,https://www.christerhamp.se/runor/gamla/u2/u657.jpg
U 658,"U 658 - Uppland: Nibble, Håtuna",,... aystain · ra[is](t)u · st[ai]n [· þin · at · -]...ar · f(a)[þur · sin],... Östen reste denna sten efter ...  deras fader,https://www.christerhamp.se/runor/gamla/u2/u658.html,https://www.christerhamp.se/runor/gamla/u2/u658s.jpg
U 659,"U 659 - Uppland: Nibble, Håtuna",,* kaiRbiarn * auk * kyliR * auk * iukaiR * auk * o... raisa stain * aftiR * kaiRmunt * karl,"Geirbjörn och Gylle och Jogeir och ... resa stenen efter Geirmund, ... man",https://www.christerhamp.se/runor/gamla/u2/u659.html,https://www.christerhamp.se/runor/gamla/u2/u659s.jpg
U 660,"U 660 - Uppland: Norränge, Håtuna",,× -ntuit- auk : aikiR · auk × uikhialmr × auk × kali × raistu × (s)tin × -ftiR × kaiRfast × faþur × sin,"Andvätt och Äger och Vighjälm och Kale reste stenen efter Gerfast, deras fader",https://www.christerhamp.se/runor/gamla/u2/u660.html,https://www.christerhamp.se/runor/gamla/u2/u660s.jpg
U 661,"U 661 - Uppland: Råby, Håtuna",,kairui × auk × kula × ristu × stain þina × aftir × onunt × foþur sia is uas × austr × tauþr × miþ × ikuari × kuþ × hialbi ot × onutar,"Gervi och Gulla reste denna sten efter Anund, deras fader. Han dog i öster med Ingvar. Gud hjälpe Anunds ande.",https://www.christerhamp.se/runor/gamla/u2/u661.html,https://www.christerhamp.se/runor/gamla/u2/u661s.jpg
U 664,U 664 - Uppland: Hðggeby kyrka,,-,-,https://www.christerhamp.se/runor/gamla/u2/u664.html,https://www.christerhamp.se/runor/gamla/u2/u664-1.jpg
U 665,"U 665 - Uppland: Finstaholm, Häggeby",,* ikul*fhstr * auk * faþi * auk * fast*ulfr * þair * letu * gera * merki * þesa * at * asur * faþur * sin *,"Igulfast och Fade och Fastulf, de lät göra dessa minnesmärken efter Ösur, deras fader",https://www.christerhamp.se/runor/gamla/u2/u665.html,https://www.christerhamp.se/runor/gamla/u2/u665s.jpg
U 667,"U 667 - Uppland: Hassla, Häggeby",ᛁᚵᚢᛚᛒᛁᚢᚱᚾ ᛫ ᛅᚢᚴ ᛫ ᚾᛂᛋᛒᛁᚢᚱᚾ ᛫ ᛁᛏᚢ ᛫ ᚱᛅᛁᛋᛅ ᛫ ᛋᛏᛅ ᚠᛏᛁᛦ ᛫ᚢᛁᚾᚦᛅ ᛫ ᚠᛅᚦᚢᚱ ᛫ ᛋᛁᚾ ᛫,* ig(u)lbi(u)rn * auk * nesbi(u)rn * itu * raisa * st(a)... ... ...ftiR * uinþa * faþur * sin *,"Igulbjörn och Näsbjörn lät resa denna sten efter Vinta, sin fader",https://www.christerhamp.se/runor/gamla/u2/u667.html,https://www.christerhamp.se/runor/gamla/u2/u667s.jpg
U 668,"U 668 - Uppland: Kålsta, Häggeby",' ᛋᛏᛂᚱᚴᛅᚱ ᛫ ᛅᚢᚴ ' ᚼᛁᚬᚱᚢᛅᚱᚦᚱ ' ᛚᛂᛏᚢ ᛫ ᚱᛂᛁᛋᛅ ᛫ ᚦᛂᚾᛋᛅ ᛫ ᛋᛏᛂᛁᚾ ᛅᛏ ' ᚠᛅᚦᚢᚱ ᛋᛁᚾ ᚴᛂᛁᚱᛅ ' ᛋᚢᛘ ' ᚢᛂᛋᛏᚱ ' ᛋᛅᛏ ᛁ ᚦᛁᚴᛅᛚᛁᚦᛁ ' ᚴᚢᚦ ᚼᛁᛅᛚᛒᛁ ᛋᛅᛚᚢ,' sterkar * auk ' hioruarþr ' letu * reisa * þensa * stein at ' faþur sin keir(a) ' sum ' uestr ' sat ' i þikaliþi * kuþ hialbi salu,"Stärkar och Hjorvard lät resa denna sten efter sin fader Gere, som satt västerut i tingalidet. Gud hjälpe själen",https://www.christerhamp.se/runor/gamla/u2/u668.html,https://www.christerhamp.se/runor/gamla/u2/u668s.jpg
U 670,"U 670 - Uppland: Rölunda, Häggeby",,...--n : -...s... eftiR : aist : sun : sin : kus na-...,"... efter Est, sin son ...",https://www.christerhamp.se/runor/gamla/u2/u670.html,https://www.christerhamp.se/runor/gamla/u2/u670s.jpg
U 671,"U 671 - Uppland: Rölunda, Häggeby",ᚢᛋᛁ ᛫ ᛚᛂᛏ ᛫ ᚱᛅᛁᛋᛅ ᛫ ᛋᛏᛅᛁᚾ ᛫ ᚦᛂᚾᚬ ᛫ ᛅᛏ ᛫ ᚢᚠᛅᚴ ᛫ ᚠᛅᚦᚢᚱ ᛫ ᛋᛁᚾ ᛫,[olb](u)si * let * raisa * stain * þeno * at * ufak * faþu(r) * sin *,"Olbusi lät resa denna sten efter Ofeg, sin fader",https://www.christerhamp.se/runor/gamla/u2/u671.html,https://www.christerhamp.se/runor/gamla/u2/u671s.jpg
U 672,"U 672 - Uppland: Rölunda, Häggeby",,...u(t)... (l)etu * raisa * mer... ... f...(þ)ur * sin *,... lät resa minnesmärket ... sin fader,https://www.christerhamp.se/runor/gamla/u2/u672.html,https://www.christerhamp.se/runor/gamla/u2/u672s.jpg
U 674,"U 674 - Uppland: Skadevi, Häggeby",+ ᚠᛁᛚᛁ × ᛋᚢᛅᚱᛏᚼᛅᚢᚠᚦᛁ × ᛏᛁᛅᚱᚠᚱ × ᚬᚠᛅᛁᚴᛦ × ᚱᛅᛁᛋᛏᚢ × ᛋᛏᛁᚾ × ᛂᚠᛏᛁᛦ × ᚬᛋᚤᚱᚵ × ᚠᛅᚦᚢᚱ ᛋᛁᚾ +,+ fili × suarthaufþi × tiarfr × ofaikR × rai(s)[tu × st]in × eftiR × osyrg × faþur sin +,"Fili, Svarthövde, Djärv, Ofeg reste stenen efter Osyrg, sin fader",https://www.christerhamp.se/runor/gamla/u2/u674.html,https://www.christerhamp.se/runor/gamla/u2/u674s.jpg
U 676,"U 676 - Uppland: Viksjö, Häggeby",,* (b)artr * auk * bysiR * auk * kulua * þair * letu * raisa * stain * þeno * eftir * osur * buruþr * sin þaisi * (u)aRu * uikulfs * arfaR *,"Bjärt och Bysur och Kylfa de lät resa denna sten efter Assur, son bror. De var Vikulvs arvingar.",https://www.christerhamp.se/runor/gamla/u2/u676.html,https://www.christerhamp.se/runor/gamla/u2/u676s.jpg
U 677,"U 677 - Uppland: Viksjö, Häggeby",,...- ok -ualtar aok × nesbiorn ' aok ...a...su...,... och Näsbjörn och ...,https://www.christerhamp.se/runor/gamla/u2/u677.html,https://www.christerhamp.se/runor/gamla/u2/u677s.jpg
U 679,U 679 - Uppland: Skokloster,,...þ... (l)itu * raisa * stain * þino * eftiR * iþin * faþur * sin *,"...lät resa denna sten efter Hedin?, sin fader.",https://www.christerhamp.se/runor/gamla/u2/u679.html,https://www.christerhamp.se/runor/gamla/u2/u679s.jpg
U 690,"U 690 - Uppland: Hälsingbo, Kungs-Husby",,* ika * lit * ... ... ...nsa * at * siksan * (s)un sin * kuþ * hielbi * sal hans * uel *,"Inga lät resa denna sten efter Sigsten, sin son. Gud hjälpe hans själ väl!",https://www.christerhamp.se/runor/gamla/u2/u690.html,https://www.christerhamp.se/runor/gamla/u2/u690s.jpg
U 691,"U 691 - Uppland: Söderby, Aspö",,birn : lit : risa : s--- ...- : iftiR : sterbirn sun sin : mrþan : kristr : hilbi : anta : hans,"Björn lät resa denna sten efter Styrbjörn, sin mördade son. Krist hjälpe hans ande.",https://www.christerhamp.se/runor/gamla/u2/u691.html,https://www.christerhamp.se/runor/gamla/u2/u691.jpg
U 692,"U 692 - Uppland: Väppeby, Aspö",,hru:muntr : ak * kuþ:muntr : latu : risa : stin : þansa iftiR : slyru : faþur : sin : kuþan ÷ uþbirn : risti :,"Rodmund och Gudmund lät resa denna sten efter Slora, sin gode fader. Ödbjörn ristade.",https://www.christerhamp.se/runor/gamla/u2/u692.html,https://www.christerhamp.se/runor/gamla/u2/u692s.jpg
U 693,"U 693 - Uppland: Navsta, Torsvi",,-,-,https://www.christerhamp.se/runor/gamla/u2/u693.html,https://www.christerhamp.se/runor/gamla/u2/u693s.jpg
U 695,U 695 - Uppland: Veckholms kyrka,,...f[r * auk * siri(þ) * þaiR * litu * risa * stain * at] * yla[if *] sun * s[i]...,"... och Sigrid, de lät resa stenen efter Oleif, sin son.",https://www.christerhamp.se/runor/gamla/u2/u695.html,https://www.christerhamp.se/runor/gamla/u2/u695s.jpg
U 696,U 696 - Uppland: Veckholms kyrka,,...-- * (r)(a)--a * st-... -t * a-ui * (l)ausa * s-- * --...-- * ilbi * sial hans,"... resa stenen efter Alver, sin frigivne ... hjälpe hans själ",https://www.christerhamp.se/runor/gamla/u2/u696.html,https://www.christerhamp.se/runor/gamla/u2/u696s.jpg
U 700,"U 700 - Uppland: Kynge, Veckholm",,kuti : lit : risa · st(a)...(n) : þinsa : ybtiR : ikialt : bruþur : sin : kuþ : hialub·i · ant hans ·,"Gute lät resa dena sten efter Ingjald, sin broder. Gud hjälpe hans själ.",https://www.christerhamp.se/runor/gamla/u2/u700.html,https://www.christerhamp.se/runor/gamla/u2/u700s.jpg
U 703,"U 703 - Uppland: Västra Väppeby, Veckholm",,: -sui · let [·] rnisa · stain [·] þisa · at · anulf · sun · sen · koþan ·· han · byki · her ...- · mantr · matar · -o-r · auk · mls · ri(s)ia ·,"Åsvi lät resa denna sten efter Anulf, som gode son. Han bodde här, en gästfri och målsnäll man.",https://www.christerhamp.se/runor/gamla/u2/u703.html,https://www.christerhamp.se/runor/gamla/u2/u703s.jpg
U 704,"U 704 - Uppland: Öster-Dalby, Veckholm",,-,-,https://www.christerhamp.se/runor/gamla/u2/u704.html,https://www.christerhamp.se/runor/gamla/u2/u704s.jpg
U 705,"U 705 - Uppland: ÷ster-Dalby, Veckholm",,[* ulaifr * tuk hiulmfastr * au... ...u- auk] * (e)(n)[ibrantr] * ˛air * litu * [raisa * s](t)ain * [˛... ...ui-... bali * ri...],"Olaf och Holmfast och ... och Ennibrant, de l‰t resa stenen ... Balle ristade",https://www.christerhamp.se/runor/gamla/u2/u705.html,https://www.christerhamp.se/runor/gamla/u2/u705.jpg
U 707,U 707 - Uppland: Kungs-Husby kyrka,,... * ysurkR --... * stan * þina * at * ka-...(n) * faþur * sen * koþan * (h)... * hier * man * stanta * stan * --------i ** bali * risti * r(u)--r * þis-- *,Osyrgr ... denna sten efter ... sin gode fader ... Här ska stenen stå ... Balle ristade dessa runor,https://www.christerhamp.se/runor/gamla/u2/u707.html,https://www.christerhamp.se/runor/gamla/u2/u707s.jpg
U 708,U 708 - Uppland: Kungs-Husby kyrka,,* kali * l-t (r)...--a * stn * (a)t * sigraif * brţur * --- ...un * sairR *,"Kalle lät resa stenen efter  Sigreif, sin broder, Sairs son",https://www.christerhamp.se/runor/gamla/u2/u708.html,https://www.christerhamp.se/runor/gamla/u2/u708.jpg
U 709,U 709 - Uppland: Kungs-Husby kyrka,,-,-,https://www.christerhamp.se/runor/gamla/u2/u709.html,https://www.christerhamp.se/runor/gamla/u2/u709.jpg
U 710,U 710 - Uppland: Kungs-Husby by,,... ...(n) * byki| |i * h-... b-... ...,... han bodde i Husby [?] ...,https://www.christerhamp.se/runor/gamla/u2/u710.html,https://www.christerhamp.se/runor/gamla/u2/u710.jpg
U 712,"U 712 - Uppland: Skeberga, Kungs-Husby",,[-laifr * lit raisa * stain * ... ...t * kribior- b*roþur sin] * kuþ[*a]... ... ...isti * s[ti]...,"Oleif lät resa stenen ... efter Geirbjörn, hans gode broder ... ristade stenen",https://www.christerhamp.se/runor/gamla/u2/u712.html,https://www.christerhamp.se/runor/gamla/u2/u712s.jpg
U 719,"U 719 - Uppland: Folsberga, Vallby",,+ akyti lit + rita + st-n + ±ino + yfti + tumo ... ...istr + lati kumo + ot + tumo + i lus yk baratisi + yk i ±on em + besta + kristnum +,Agute lðt resa denna sten efter Tumme ... Krist lÍte Tummes sjðl komma i ljus och paradis och i den bðsta vðrld f—r kristna,https://www.christerhamp.se/runor/gamla/u2/u719.html,https://www.christerhamp.se/runor/gamla/u2/u719.jpg
U 720,"U 720 - Uppland: Hånningby, Vallby",,myntil : auk : farbiurn : auk : arnkeR : auk : kigumantr : litu : resa sten : þensa : u : y(b)-iR : iab : faþur : -in,"Myndill och Farbjörn och Arnger och Kiguman lät resa denna sten över Iab, deras fader.",https://www.christerhamp.se/runor/gamla/u2/u720.html,https://www.christerhamp.se/runor/gamla/u2/u720.jpg
U 721,U 721 - Uppland: Löts kyrka,,* ikikirţ * l... ... * boanta * hulmfiţaR * boţur * terfs * bali * risti :,"Ingegerd lät ... Holmfrids make, Djärvs broder. Balle ristade.",https://www.christerhamp.se/runor/gamla/u2/u721.html,https://www.christerhamp.se/runor/gamla/u2/u721s.jpg
U 722,U 722 - Uppland: Löts kyrka,,* tafaistr * lit * raisa : stain * at * a... ...roþur * sin * kuþ * hielbi ' sial * hans :,"Tafast lät resa stenen efter ... sin broder, Gud hjälpe hans själ",https://www.christerhamp.se/runor/gamla/u2/u722.html,https://www.christerhamp.se/runor/gamla/u2/u722s.jpg
U 723,"U 723 - Uppland: Hummelsta, Vallby, Löt",,* aykaiR * auk * fr---...R * [þaR * lit]u ** raisa [sta]... ...- * kuta * faþur * sen * koþan *,"Öger och Fröger de lät resa stenen efter Guta, sin gode fader",https://www.christerhamp.se/runor/gamla/u2/u723.html,https://www.christerhamp.se/runor/gamla/u2/u723s.jpg
U 724,"U 724 - Uppland: Hummelsta, Vallby, Löt",,* aykaiR * auk * fraikaiR * þir * letu * raisa * stan ** at * kuta * faþur * sen * ku... ...--bi * sal * hans *,"Öger och Fröger de lät resa stenen efter Guta, sin fader. Gud hjälpe hans själ",https://www.christerhamp.se/runor/gamla/u2/u724.html,https://www.christerhamp.se/runor/gamla/u2/u724s.jpg
U 729,"U 729 - Uppland: Ågersta, Löt",,· uiþugsi · lit · raisa · stain · þiasn · iftiR · seref · faþur · sen · koþan · han · byki| |i · agurstam · hier mn · stanta · stan · miþli · bua · raþi · tekr · þaR · ryn si · runum · þim sum · bali · risti ·,"Vidhugse lät resa denna sten efter Särev, sin gode fader. Han bodde i Ågersta.
Här ska stå stenen mellan byarna. Råde den man som runvis är de runorna som Balle ristade",https://www.christerhamp.se/runor/gamla/u2/u729.html,https://www.christerhamp.se/runor/gamla/u2/u729s.jpg
U 734,"U 734 - Uppland: Linsunda, Villberga",,uifastr : resti : sten : yftir : selfan : sik : kuikan : li(s)u[al] : [r]isti :,Vefast reste stenen efter sig medan han levde. Lidsvald ristade,https://www.christerhamp.se/runor/gamla/u2/u734.html,https://www.christerhamp.se/runor/gamla/u2/u734s.jpg
U 738,"U 738 - Uppland: Villberga by, Villberga",,...[-n * sin +] sun + hulmfas--... ... kuþ + hialbi + ant hans +,... Holmfasts son ... gud hjälpe hans ande,https://www.christerhamp.se/runor/gamla/u2/u738.html,https://www.christerhamp.se/runor/gamla/u2/u738s.jpg
U 739,"U 739 - Uppland: Gådi, Boglösa",,· hulbiorn · lit · raisa · stan · at ' sik · sialfan ·' hau|n| |u|naR · miltr · mataR · auk · mals·risin ·,Holmbjörn lät resa stenen åt sig själv. Han var matmild och målsnäll.,https://www.christerhamp.se/runor/gamla/u2/u739.html,https://www.christerhamp.se/runor/gamla/u2/u739s.jpg
U 740,"U 740 - Uppland: Hemsta, Boglösa",,* a(r)uatr ' let ' raisa ' stain * at ' arbion * [b]roþur '* sin * koþan * ba[li ' (r)]...-... runiR * þisam *,"Arnvat lät resa stenen efter Arnbjörn, sin gode broder. Balle ristade dessa runor.",https://www.christerhamp.se/runor/gamla/u2/u740.html,https://www.christerhamp.se/runor/gamla/u2/u740s.jpg
U 742,"U 742 - Uppland: Myrby, Boglösa",,+ ari + lit × Rftia × usyrk * faþur + sin + ---kumi ' risti * runi,"Are lät [ resa stenen ] efter Osyrg, sin fader. Tidkume ristade runorna",https://www.christerhamp.se/runor/gamla/u2/u742.html,https://www.christerhamp.se/runor/gamla/u2/u742s.jpg
U 744,"U 744 - Uppland: Gidsmarken, Husby-Sjutolft",ᚴᛁᚦᛆ ᛫ ᛚᛁᛏ ᛫ ᚱᛆᛁᛋᛆ ᛫ ᛋᛏᛆᛁᚿ ᛫ ᛆᛏ ᛫ ᚦᚭᚱᛏᛂᚱᚠ ᛫ ᛒᚭᛆᚿᛏᛅ ᛫ ᛋᛁᚿ ᛫ ᛋᚢᚿ ᛫ ᚴᚢᚦᚢᛆᚢᚴᛅᛦ ᛫ ᛆᚢᚴ ᛒᚤᚴᛁ ᛫ ᚼᛆᚱᚢᛁᛋᛏᛆᛘ ᛫ ᛒᛆᛚᛁ ᛫ ᚱᛁᛋᛏᛁ ᛫ ᛋᛏᚾ,* kiþa * lit * raisa * stain * at * þorterf * boanta * sin * sun * kuþuaukaR * auk byki| |i * haruistam * bali * risti * stn ÷,"Gyda lät resa stenen efter Tordjärv, sin man, Gudlögs son, och han bodde i Härvesta. Balle ristade stenen.",https://www.christerhamp.se/runor/gamla/u2/u744.html,https://www.christerhamp.se/runor/gamla/u2/u744s.jpg
U 746,"U 746 - Uppland: Hårby, Husby-Sjutolft",,· uikisl · lit · rasa ' stain · eftR · sun sin · sihraif × þurkutr · risti · stain · þina,Vigisl lät resa stenen efter sin son Sigrev. Torgöt ristade dena sten.,https://www.christerhamp.se/runor/gamla/u2/u746.html,https://www.christerhamp.se/runor/gamla/u2/u746s.jpg
U 747,"U 747 - Uppland: Kullinge, Husby-Sjutolft",,* --k-(r)-(u) *,-,https://www.christerhamp.se/runor/gamla/u2/u747.html,https://www.christerhamp.se/runor/gamla/u2/u747.jpg
U 752,"U 752 - Uppland: Viggby, Husby-Sjutolft",,...---... ...þ-ukuhinukumi-...,... högg den och Gumme ...,https://www.christerhamp.se/runor/gamla/u2/u752.html,https://www.christerhamp.se/runor/gamla/u2/u752s.jpg
U 756,"U 756 - Uppland: Ullstämma, Litslena",,þolfr * auk * fastulfr * auk * erlaifr * þair * litu * hakua ' stain * at ' rok * faþur * sin * bali * risti * stn *,"Torulv och Fastulv och Ärnlev de lät hugga stenen efter Rok, sin fader. Balle ristade stenen.",https://www.christerhamp.se/runor/gamla/u2/u756.html,https://www.christerhamp.se/runor/gamla/u2/u756s.jpg
U 757,"U 757 - Uppland: Ullstämma, Litslena",,bal[i * auk * iki-i]orn * auk * uikbi[or]n * þi[R] litu ' risn ' sten ' at ' ui(b)(i)orn *,Balle och Ingebjörn och Vigbjörn de lät resa stenen efter Vibjörn.,https://www.christerhamp.se/runor/gamla/u2/u757.html,https://www.christerhamp.se/runor/gamla/u2/u757s.jpg
U 758,U 758 - Uppland: Enköpings  kyrka,,ikib(i)rn : ak : þiR : bryþr : litu : risa : stin : þina : a(t) : ikhul : faþur : sin : (k)uþ : hilbi : anta : hns bt(r) : þin : (h)-(n) : (h)--... ...- : -(a)(r)- : --...---- : (r)isti : runaR * þasi,"Ingebjörn och hans bröder lät resa denna sten efter Igul, sin fader. Gud hjälpe hans ande bättre än [ han förtjänat. Tidkume ] ristade dessa runor.",https://www.christerhamp.se/runor/gamla/u2/u758.html,https://www.christerhamp.se/runor/gamla/u2/u758s.jpg
U 759,U 759 - Uppland: Enköpings kyrka,,birynhiifR : ak : hrifnkR : ak : sik:ualti : utu : risa : stin : þini : at : askiR : faþur : sin : kuþ trutin : hilbi : anta : hans : bitr : þan : han : hifiR : til : kart : tiþkumi : risti : runaR : þasi,"Brynjulv och Rävning och Sigvalde lät resa denna sten efter Åsger, sin fader. Gud, drotten, hjälpe hans ande bättre än han förtjänat. Tidkume ristade dessa runor.",https://www.christerhamp.se/runor/gamla/u2/u759.html,https://www.christerhamp.se/runor/gamla/u2/u759s.jpg
U 762,"U 762 - Uppland: Brunna, Vårfrukyrka",,[iaruntr + raisti] × stain × þina + aiftir + iarl × sun [si]n,"Järund reste denna sten efter Jarl, sin son",https://www.christerhamp.se/runor/gamla/u2/u762.html,https://www.christerhamp.se/runor/gamla/u2/u762s.jpg
U 763,"U 763 - Uppland: Klista, Vårfrukyrka",,bruni : ak : hulm:stin : litu : risa : istin : þinsa : uftiR : kun:birn : faþu(r) : sin : kuþan,"Brune och Holmsten lät resa denna sten efter Gunnbjörn, sin gode fader.",https://www.christerhamp.se/runor/gamla/u2/u763.html,https://www.christerhamp.se/runor/gamla/u2/u763s.jpg
U 764,"U 764 - Uppland: Klista, Vårfrukyrka",,brunk : ak : hulm:stin : litu : risa : istin : þin:sn uftR : kun:brn : faþur : sin : kuþa=ni :,"Brune och Holmsten lät resa denna sten efter Gunnbjörn, sin gode fader.",https://www.christerhamp.se/runor/gamla/u2/u764.html,https://www.christerhamp.se/runor/gamla/u2/u764s.jpg
U 765,"U 765 - Uppland: Klista, Vårfrukyrka",,-...k...-...-n : h...sl-...- : a-s : -...,-,https://www.christerhamp.se/runor/gamla/u2/u765.html,https://www.christerhamp.se/runor/gamla/u2/u765s.jpg
U 766,"U 766 - Uppland: Back-Norrby, Vårfrukyrka",,+ kuþastr + [l](i)t + akua + steno + (t)uo + yf(t)(i) + est + sun sen + ayk + selfon sik +,"Gudfast lät huga två stenar efter Est, sin son, och sig själv",https://www.christerhamp.se/runor/gamla/u2/u766.html,https://www.christerhamp.se/runor/gamla/u2/u766s.jpg
U 767,"U 767 - Uppland: Back-Norrby, Vårfrukyrka",,+ lifsten + risti + runi + yfti + feþrka + tuo + kuþa + treka,"Livsten ristade runorna efter far och son, två dugande män",https://www.christerhamp.se/runor/gamla/u2/u767.html,https://www.christerhamp.se/runor/gamla/u2/u767s.jpg
U 768,"U 768 - Uppland: Grop-Norrby, Vårfrukyrka",,akuti + auk + osur + auk × biaurn × rastu × stain × (þ)[ina × afti](r) × nuka × trihk + kuþan ×,"Agute och Assur och Björn reste denna sten efter Nocke, en god ung man",https://www.christerhamp.se/runor/gamla/u2/u768.html,https://www.christerhamp.se/runor/gamla/u2/u768s.jpg
U 769,"U 769 - Uppland: Testeby, Vårfrukyrka",,sk(a)rþi + raisti + stain + þina × aftir + utryk + sun × sin + kuþ × hialbi + ant × hans × auk + harals,"Skarde reste denna sten efter Otrygg, sin son. Gud hjälpe hans ande och Haralds.",https://www.christerhamp.se/runor/gamla/u2/u769.html,https://www.christerhamp.se/runor/gamla/u2/u769s.jpg
U 770,"U 770 - Uppland: Tjursåker, Vårfrukyrka",,· hiþintis · auk · erntis · þaR · letu · rasa · stan · at ·· yfaik · faþur · sin · koþan · bali · risti · stan ÷,"Hedendis och Ärndis lät resa stenen efter Ofeg, deras gode fader. Balle ristade stenen.",https://www.christerhamp.se/runor/gamla/u2/u770.html,https://www.christerhamp.se/runor/gamla/u2/u770s.jpg
U 771,"U 771 - Uppland: Tjursåker, Vårfrukyrka",,: alsten : lt : hkua : sten : Rfti : esmon : faþu... ... : sakse : tyþr þuir : syni sinum : tiþkumi : iyk : sten þino,Hallsten lät hugga stenen efter ... sin son. Tidkume högg denna sten.,https://www.christerhamp.se/runor/gamla/u2/u771.html,https://www.christerhamp.se/runor/gamla/u2/u771s.jpg
U 772,"U 772 - Uppland: Ytter-Gånsta, Vårfrukyrka",,-,-,https://www.christerhamp.se/runor/gamla/u2/u772.html,https://www.christerhamp.se/runor/gamla/u2/u772.jpg
U 773,U 773 - Uppland: Enköpings-Näs kyrka,,styf-altr · auk · slaka · þaiR · litu · hkua merki · merilit auk · a-lauk · eftiR · hunef · eftiR · --aiþ,"Styvjald och Slaka lät hugga ett ståtligt minnesmärke, och Arnlög efter Onäv efter ...",https://www.christerhamp.se/runor/gamla/u2/u773.html,https://www.christerhamp.se/runor/gamla/u2/u773s.jpg
U 779,U 779 - Uppland: Svinnegarns kyrka,,iaruntr × raisti × staina + (þ)... ...r + iarl + sun × sin × kuþ hialbi + ant hans,"Järund reste dessa stenar efter Jarl, sin son. Gud hjälpe hans ande.",https://www.christerhamp.se/runor/gamla/u2/u779.html,https://www.christerhamp.se/runor/gamla/u2/u779s.jpg
U 785,U 785 - Uppland: Tillinge kyrka,,uifas-- ... : risa : s(t)in : þ(t)ino : ub : at : k-þmunt : bruþur : sin : han : uarþ : tuþr : a : srklant- kuþ halbi : ant : ans,"Vifast lät resa denna sten efter Gudmund, sin broder. Han dog i Särkland. Gud hjälpe hans ande.",https://www.christerhamp.se/runor/gamla/u2/u785.html,https://www.christerhamp.se/runor/gamla/u2/u785s.jpg
U 791,"U 791 - Uppland: Tibble, Tillinge",,frysten + lit + a^rka + sten + Rfti + estulfr + sun sin + yk + bru kera,"Frösten lät hugga stenen efter Estulv, sin son, och göra bron",https://www.christerhamp.se/runor/gamla/u2/u791.html,https://www.christerhamp.se/runor/gamla/u2/u791s.jpg
U 792,"U 792 - Uppland: Ulunda, Tillinge",,kar lit · risa · stin · þtina · at · mursa · faþur · sin · auk · kabi · at · mah sin · fu- hfila · far · aflaþi ut i · kri[k]um · arfa · sinum,"Kår lät resa denna sten efter Horse, sin fader, och Kabbe efter sin svåger. Han for dristigt förvärvade ägodelar ute i Grekland åt sin arvinge",https://www.christerhamp.se/runor/gamla/u2/u792.html,https://www.christerhamp.se/runor/gamla/u2/u792s.jpg
U 793,"U 793 - Uppland: Ulunda, Tillinge",,halha × raisti × stin × þina × aftir × (h)rulf × buonta × sin × kuþ hialbi + at hans,"Helga reste denna sten efter Rolf, sin man. Gud hjälpe hans ande.",https://www.christerhamp.se/runor/gamla/u2/u793.html,https://www.christerhamp.se/runor/gamla/u2/u793s.jpg
U 794,"U 794 - Uppland: Vindsberga, Tillinge",,+ ik-...þu-... ...(r) + faþur + sen +,... sin fader,https://www.christerhamp.se/runor/gamla/u2/u794.html,https://www.christerhamp.se/runor/gamla/u2/u794s.jpg
U 795,U 795 - Uppland: Breds kyrka,,+ ₫ikbyrn + lit akua + st(e)n + yfti + suni + sino +,Tingbjörn lät hugga stenen efter sina söner,https://www.christerhamp.se/runor/gamla/u2/u795.html,https://www.christerhamp.se/runor/gamla/u2/u795s.jpg
U 796,U 796 - Uppland: Sparrsätra kyrka,,+ se-rimr + lit + aku... ...-t + sun sin + afast + lifsten + iuk runi + ţsa + at + kuţon trek +,Sägrim lät hugga [ dessa runor efter ] sin son Ĺfast. Livsten högg dessa runor efter den gode mannen.,https://www.christerhamp.se/runor/gamla/u2/u796.html,https://www.christerhamp.se/runor/gamla/u2/u796s.jpg
U 797,"U 797 - Uppland: Nyby, Sparrsätra",,+ yar + yk + kari + litu + akua ... ...s... ...(u)(s)-(e)(k)-(l) + faþur sen,Öjar och Kåre lät hugga ... deras fader,https://www.christerhamp.se/runor/gamla/u2/u797.html,https://www.christerhamp.se/runor/gamla/u2/u797s.jpg
U 799,U 799 - Uppland: Långtora kyrka,,: tomas : ligær : unt:ir : þæma : steni :+ han uarþar : ulueþin ioan : i : brunnum : han risti : runir : þøsa^r :,Tomas ligger under denna sten. Honom vaktar Ulfheden. Johan i Brunnar ristade dessa runor.,https://www.christerhamp.se/runor/gamla/u2/u799.html,https://www.christerhamp.se/runor/gamla/u2/u799s.jpg
U 800,U 800 - Uppland: Långtora kyrka,,oaskut:ar : lit : raesa : istaen : at : mintil : sun : s...,"Åsgöt lät resa stenen efter Myndil, sin son",https://www.christerhamp.se/runor/gamla/u2/u800.html,https://www.christerhamp.se/runor/gamla/u2/u800s.jpg
U 802,U 802 - Uppland: Långtora gärde,,× uikikr × lit × raisa × stain × þan(s)(i) × aftiR × sm-... (s)un sin + is yas + trakia + batstr +,"Viking lät resa denna sten efter Smed, sin son. Han var den bäste unge man.",https://www.christerhamp.se/runor/gamla/u2/u802.html,https://www.christerhamp.se/runor/gamla/u2/u802s.jpg
U 807,"U 807 - Uppland: Enberga, Fröslunda",,... ...l · hans · -...,... hans själ (?) ...,https://www.christerhamp.se/runor/gamla/u2/u807.html,https://www.christerhamp.se/runor/gamla/u2/u807s.jpg
U 808,"U 808 - Uppland: Enberga, Fröslunda",,· kisl · auk · nkimuntr · koþiR ' trekaR ' kerua · litu · merki · at · halftan '· faþur ' sin ' auk ' at ' aytisi · moþur ' sina · kuþ ' hielbi · sal · henaR ' uel nu ',"Gisl och Ingemund, goda unga män, [lät] göra minnesmärket efter Halvdan, sin fader, och efter Ödis, sin moder. Gud hjälpe hennes själ väl nu",https://www.christerhamp.se/runor/gamla/u2/u808.html,https://www.christerhamp.se/runor/gamla/u2/u808s.jpg
U 809,"U 809 - Uppland: Härvesta, Nopskäl, Fröslunda",,burn : auk : kisl : ristu : stin : (þ)(i)(n)(s)i : eftir : antuit : faþur : sin : buki| |i : herfistam : frenta : karþars,"Björn och Gisle reste denna sten efter Andvätt, deras far, bodde på Härvesta, Gardars frände",https://www.christerhamp.se/runor/gamla/u2/u809.html,https://www.christerhamp.se/runor/gamla/u2/u809s.jpg
U 811,U 811 - Uppland: Hjälsta kyrka,,fas(t)...(R) + þuliak × oaRtþiol × atiurai × fasatiR + þaloi + oaRfsai,-,https://www.christerhamp.se/runor/gamla/u2/u811.html,https://www.christerhamp.se/runor/gamla/u2/u811s.jpg
U 812,U 812 - Uppland: Hjälsta kyrka,,× faþur × sin × saR × uarþ × tauþr × o eg×loti ×,... sin fader som dog i England,https://www.christerhamp.se/runor/gamla/u2/u812.html,https://www.christerhamp.se/runor/gamla/u2/u812s.jpg
U 814,"U 814 - Uppland: Bälsunda, Hjälsta",,· sloR · auk · tan · litu · raisa · stain · at · hulmkaiR · faþur · sin ×,"- och Dan lät resa stenen efter Holmger, sin fader",https://www.christerhamp.se/runor/gamla/u2/u814.html,https://www.christerhamp.se/runor/gamla/u2/u814s.jpg
U 815,"U 815 - Uppland: Bälsunda, Hjälsta",,[i-rkiorþ · lit · raisa · stain] · at ' anut ' faþur · sin [auk at ...tau-...] moþur sina · kuþ · hiebi · sal · þair-,"... lät resa stenen efter Anund, sin fader , och efter ... sin moder. Gud hjälpe deras själar.",https://www.christerhamp.se/runor/gamla/u2/u815.html,https://www.christerhamp.se/runor/gamla/u2/u815s.jpg
U 819,"U 819 - Uppland: Mysinge, Kulla",,* sin * lit * raisa * staia * þena * at * faþ(u)(r) --...[t]a * -þah ** sirþaR * boanta * kuþ * hielbi * sal [* hans * bali * r]isti *,Sven / Sten lät resa denna sten efter sin fader ... Sigrids man. Gud hjälpe hans själ. Balle ristade,https://www.christerhamp.se/runor/gamla/u2/u819.html,https://www.christerhamp.se/runor/gamla/u2/u819s.jpg
U 824,U 824 - Uppland: Holms kyrka,,iukiR auk * ifriþr * litu= =rita stian þina| |abtiR bruþur * rhuþilfaR * i u-(r)bhrki osmuntr| |ritsi runaR,Joger och Åfrid lät resa denna sten efter brodern till Rodälv i Örberg [?]. Åsmund ristade runorna,https://www.christerhamp.se/runor/gamla/u2/u824.html,https://www.christerhamp.se/runor/gamla/u2/u824s.jpg
U 831,"U 831 - Uppland: Giresta by, Giresta",,...- × ihu-... ... ...aisa + ste(n)a + iftir × luþin × sun × sin ×,"... resa stenarna efter Lodin, sin son",https://www.christerhamp.se/runor/gamla/u2/u831.html,https://www.christerhamp.se/runor/gamla/u2/u831s.jpg
U 834,U 834 - Uppland: Nysätra skola,,... uk ... at · f... ...,... och ...efter fader ...,https://www.christerhamp.se/runor/gamla/u2/u834.html,https://www.christerhamp.se/runor/gamla/u2/u834s.jpg
U 835,U 835 - Uppland: Nysätra prästgård,,-,-,https://www.christerhamp.se/runor/gamla/u2/u835.html,https://www.christerhamp.se/runor/gamla/u2/u835s.jpg
U 836,"U 836 - Uppland: Alsta, Nysätra",,kisl hulfastr kuþfast styrfastr þorkisl raistu stain eftR salua faþur sin,"Gisl, Holmfast, Gudfast, Styrfast, Torgisl reste stenen efter Salve, deras fader",https://www.christerhamp.se/runor/gamla/u2/u836.html,https://www.christerhamp.se/runor/gamla/u2/u836s.jpg
U 837,"U 837 - Uppland: Alsta, Nysätra",,... ...k × hulmk... ... ...(r)s + liþ × kuþ × hialb(i) ...,... och Holmgeir ... Ingvars (?) följe. Gud hjälpe ...,https://www.christerhamp.se/runor/gamla/u2/u837.html,https://www.christerhamp.se/runor/gamla/u2/u837s.jpg
U 838,"U 838 - Uppland: Ryda kungsgård, Nysätra",,þufr · auk · þorfatr · þair · litu ' raisa ' stan · at · þorborn · faþur · sen · koþan ·· hir maa ' stanta ' stain ' ner ' brautu ' auk ' (k)ilauk ' riþ · kirua ' merki ' [at] (b)(o)a--- · sen :,"Tolv(?) och Torfast lät resa stenen efter Torbjörn, deras gode fader. Här skall stånda stenen vid vägen. Och Gillög lät göra minnesmärket efter sin man.",https://www.christerhamp.se/runor/gamla/u2/u838.html,https://www.christerhamp.se/runor/gamla/u2/u838s.jpg
U 839,"U 839 - Uppland: Ryda kungsgård, Nysätra",,· hamunti · auk · auþker · litu · raisa · stin · þina · eftR · anunt · sun sin · auk · bru · giara,"Amunde och Ödgärd lät resa denna sten efter Anund, deras son, och göra bro",https://www.christerhamp.se/runor/gamla/u2/u839.html,https://www.christerhamp.se/runor/gamla/u2/u839s.jpg
U 840,U 840 - Uppland: Dalby kyrka,,hulfriþ * auk * fulkui * litu * risa * s[t]ain * þina * eftR * þorstain * faþur sin,"Holmfrid och Folkve lät resa denna sten efter Torsten, sin fader",https://www.christerhamp.se/runor/gamla/u2/u840.html,https://www.christerhamp.se/runor/gamla/u2/u840s.jpg
U 841,U 841 - Uppland: Dalby kyrka,,[... ...t * raisa × s]-ain × ef-... ... [...-r sin],... lät resa stenen efter ... sin ...,https://www.christerhamp.se/runor/gamla/u2/u841.html,https://www.christerhamp.se/runor/gamla/u2/u841s.jpg
U 844,"U 844 - Uppland: Viggeby bro, Dalby",,[kisl × a]uk × biarn × auk × askiR × litu × raisa × stai[n × at × þorstin fa]þur sin ×,"Gisl och Björn och Åsger lät resa stenen efter Torsten, deras fader",https://www.christerhamp.se/runor/gamla/u2/u844.html,https://www.christerhamp.se/runor/gamla/u2/u844s.jpg
U 845,"U 845 - Uppland: Viggeby bro, Dalby",,[kisl × auk × oskaiR raistu stain × þina| |aftiR biarn buruþur ×] sin · onon · eftiR · faþ[ur sin],"Gisl och Åsger reste denna sten efter Björn, sin broder, den andra efter sin fader.",https://www.christerhamp.se/runor/gamla/u2/u845.html,https://www.christerhamp.se/runor/gamla/u2/u845s.jpg
U 846,U 846 - Uppland: Västeråkers kyrka,,iafurfast ' ...-nfast ' uikuþ... ... þaR litu r... ...- -isaR -ftiR faþur sin ' asi ' kitilbiurn ' (k)(a)(i)r ' iftiR ' suir ' s-... ... ...fti... bua... ...,"Jovurfast, -fast, Vigunn lät rista dessa runor efter sin fader, Åse, Kättilbjörn, Ger efter deras svärfar ... efter sin make",https://www.christerhamp.se/runor/gamla/u2/u846.html,https://www.christerhamp.se/runor/gamla/u2/u846s.jpg
U 847,U 847 - Uppland: Västeråkers kyrka,,o[ski... -- -]islauh × litu ritu rita stin þino| |ot| |to suni sino ' atiarf ' (u)k s[l]uþa ' osmun[tr '] h[iu] ru[n]a(r)| |(r)itaR þim ' raþa skal ia ' osmuntr ---aþi risti,"Åsger och Gislög lät resa denna sten efter sina två söner, Ådjärv och Slode. Åsmund högg rätta runor för den som  ska tyda. Åsmund ... ristade.",https://www.christerhamp.se/runor/gamla/u2/u847.html,https://www.christerhamp.se/runor/gamla/u2/u847s.jpg
U 848,"U 848 - Uppland: Torresta, Västeråker",,rikuiþr · auk biurn · litu raisa stain þina eftR þostain,Rikvid och Björn lät resa denna sten efter Torsten,https://www.christerhamp.se/runor/gamla/u2/u848.html,https://www.christerhamp.se/runor/gamla/u2/u848s.jpg
U 851,U 851 - Uppland: Balingsta kyrka,,uani · auk · siriþ ... ...a · yftR · ernfriþi · auk · fryg...,Vane och Sigrid ... denna efter Ärnfrid och Frö-,https://www.christerhamp.se/runor/gamla/u2/u851.html,https://www.christerhamp.se/runor/gamla/u2/u851-1s.jpg
U 854,"U 854 - Uppland: Prästgården, Balingsta",,· h(u)lmfriþ ' lit ' [k]-(a)ra ' baþi · bro · ak · rita · stain : eftiR · bota ' sin ' iorl ' ak ' suni ' sina ' sehkurþ · ak · sihu-... ... ...har · merkis'kiarþ ' uani : ak ' harþtstain : ak · þorbiorn ' ak| ' |kunuiþr,"Holmfrid lät både göra bron och uppresa stenen efter sin man Jarl och sina söner Sigurd
och Sig- . . . har gjort minnesmärket Vane och Hårdsten och Torbjörn och Gunnvid",https://www.christerhamp.se/runor/gamla/u2/u854.html,https://www.christerhamp.se/runor/gamla/u2/u854s.jpg
U 855,"U 855 - Uppland: Prästgården, Balingsta",,· inki-... [a]uk : iuker [:] þau : litu : raisa · stain : þina : a[t] · ais[t ·] sun · sin : ernfastr · auk · þaiR · (b)ryþr · raist[u] · at · bru... ...,"Inge- och Jogärd lät resa denna sten efter Est, sin son. Ärnfast och bröderna reste [den] efter sin broder",https://www.christerhamp.se/runor/gamla/u2/u855.html,https://www.christerhamp.se/runor/gamla/u2/u855s.jpg
U 856,"U 856 - Uppland: Frövi, Balingsta",,huka(l)-(r) ' ---r- ...[in þin- at] ...u- [a]uk b(r)(u) k-rua,... denna sten efter ... och göra bron,https://www.christerhamp.se/runor/gamla/u2/u856.html,https://www.christerhamp.se/runor/gamla/u2/u856s.jpg
U 857,"U 857 - Uppland: Frövi, Balingsta",,ihulbiarn + auk + fastlau(h) ... × stain + þina + aftir + anut + kuþ hibi × ant hans,Igulbjörn och Fastlög . . . denna sten efter Anund. Gud hjälpe hans ande,https://www.christerhamp.se/runor/gamla/u2/u857.html,https://www.christerhamp.se/runor/gamla/u2/u857s.jpg
U 860,"U 860 - Uppland: Måsta, Balingsta",,fa[s]tbiurn ' uk þuruþr ' litu rita stin þino ' [abtiR inkifast buanta sin] ' [k](u)[i](þ) hia[l]bi hons ant uk| |ku(þ)s (m)uþiR,"Fastbjörn och Torunn lät resa denna sten efter Ingefast, sin man. Gud och Guds
moder hjälpe hans ande.",https://www.christerhamp.se/runor/gamla/u2/u860.html,https://www.christerhamp.se/runor/gamla/u2/u860s.jpg
U 861,"U 861 - Uppland: Norsta, Balingsta",,sihikþurn ' ... [risa · stin] ' uk ' bru ' kera : at : aterf : sun : uk ' a(t) ' mai : tutor : sin : eþorn : uk : suen : uk ' (u)ikþu-... ... ' sikb--... ...(R) ' isi,"Sigtorn ... resa sten och göra bro efter Adjärv, [sin] son, och efter Mö, sin dotter, Etorn
och Sven och Vigtorn ...",https://www.christerhamp.se/runor/gamla/u2/u861.html,https://www.christerhamp.se/runor/gamla/u2/u861s.jpg
U 862,"U 862 - Uppland: Säva, Balingsta",,askeiR + auk + kiarþar × lata ' reis- ' þinsa ' (s)-(e)-(n) ' -(f)-iR ' bo(r)(o)þur ' sin · forsihl ' han uas ' arfi ' kuþbiona- ...sti ' risi,Asger och Gärdar låter resa denna sten efter sin broder Forseal. Han var Gudbjörns arvinge. Visäte ristade.,https://www.christerhamp.se/runor/gamla/u2/u862.html,https://www.christerhamp.se/runor/gamla/u2/u862s.jpg
U 865,"U 865 - Uppland: Vik, Balingsta",,...(u)lfas/(u)lfas · au[k ue]þralti · rai... ... þin · iftiR · sbialbuþa · faþur · sin ·,"Igulfast(?) och Väderaide reste denna [sten] efter Spjallbode, deras fader",https://www.christerhamp.se/runor/gamla/u2/u865.html,https://www.christerhamp.se/runor/gamla/u2/u865s.jpg
U 867,"U 867 - Uppland: Gryta, Gryta",,+ þialfi + kiarþi + bro + at bulu + totuR sina + ali + ok + ola[ifr + l]itu hakua + at + þialfa + faþur sin + ika + at + uer sin + kuþ + liti + sal þaira,"Tjälve gjorde bron efter Bolla, sin dotter. Ale och Olev lät hugga (stenen) efter Tjälve, sin fader, Inga efter sin man. Gud give lättnad åt deras själ.",https://www.christerhamp.se/runor/gamla/u2/u867.html,https://www.christerhamp.se/runor/gamla/u2/u867s.jpg
U 868,"U 868 - Uppland: Ransta, Gryta",,ofahr · auk · biarn · litu · -... ... ...ori,Ofeg och Björn lät ...,https://www.christerhamp.se/runor/gamla/u2/u868.html,https://www.christerhamp.se/runor/gamla/u2/u868s.jpg
U 870,"U 870 - Uppland: Säva, Gryta",,... ...k : onek[R :] (þ)ai[R] (l)itu : marka : stain : þ[insa : at rok br]oþu[r :] (s)[en] ... ...(þ)biarn : hiu,"... och onekR de lät rista denna sten efter Rok, sin broder ... Ödbjörn(?) / Vidbjörn(?) högg.",https://www.christerhamp.se/runor/gamla/u2/u870.html,https://www.christerhamp.se/runor/gamla/u2/u870s.jpg
U 871,"U 871 - Uppland: Ölsta, Gryta",,,,https://www.christerhamp.se/runor/gamla/u2/u871.html,https://www.christerhamp.se/runor/gamla/u2/u871s.jpg
U 873,"U 873 - Uppland: Örsunda, Gryta",,· þikfastr · lit · raisa · stain · þinsa · at · hulmkair · faþur · sin · koþan ·· kuþ · hielbi · sal hans · boanta · ikuR · bali · risi · stan · þinsa ·,"Tingfast lät resa denna sten efter Holmger, sin gode fader, Ingas man. Gud hjälpe hans själ. Balle ristade denna sten.",https://www.christerhamp.se/runor/gamla/u2/u873.html,https://www.christerhamp.se/runor/gamla/u2/u873s.jpg
U 877,"U 877 - Uppland: M—jbro, Hagby",,frawaradaz anahaha is| |slaginaz,Frawaradaz ... ðr slagen,https://www.christerhamp.se/runor/gamla/u2/u877.html,https://www.christerhamp.se/runor/gamla/u2/u877.jpg
U 880,U 880 - Uppland: Skogstibble kyrka,,"...bl... ... ...a * sin *
...sl... ... ifti- ...-----... ...aţ * ybir rista * runa",... sin man [?] ... efter ... bad Öpir rista runorna.,https://www.christerhamp.se/runor/gamla/u2/u880.html,https://www.christerhamp.se/runor/gamla/u2/u880-1s.jpg
U 891,U 891 - Uppland: Uppsala-Näs kyrka,,þi... ...-tu * raisa * merki * þe... ... * faþur sin *,... lät resa detta minnesmärke [efter] ... sin fader,https://www.christerhamp.se/runor/gamla/u2/u891.html,https://www.christerhamp.se/runor/gamla/u2/u891s.jpg
U 893,"U 893 - Uppland: Högby, Uppsala-Näs",,' uitr ' uk × anuntr · uk ' ikikiarþ ' litu raisa ' stin ' at ' uik-iarn ' faþur ' sin ' ubiR ' risti,"Önd och Anund och Ingegärd lät resa stenen efter Vigbjörn, sin fader. Öpir ristade",https://www.christerhamp.se/runor/gamla/u2/u893.html,https://www.christerhamp.se/runor/gamla/u2/u893s.jpg
U 895,"U 895 - Uppland: Flogsta, Bondkyrka",,tan ' u[k] ' skali ['] uk ' biar[n ' l]i(t)u risa stain (þ)(i)[nsa ·] (a)t ' borfast ' faþu-,"Dan och Skalle och Björn lät resa denna sten efter Borgfast, [sin] fader",https://www.christerhamp.se/runor/gamla/u2/u895.html,https://www.christerhamp.se/runor/gamla/u2/u895-1.jpg
U 896,"U 896 - Uppland: Håga, Bondkyrka",,... [l]itu raisa stain + fir ' ont * iy--m + sun + sain + tauþr +  fita+faþum ' i tai'ma... riþ runaR ubiR,"... lät resa stenen för ... ande, sin son, död i vita våder i Danmark. Öpir gav råd om runorna",https://www.christerhamp.se/runor/gamla/u2/u896.html,https://www.christerhamp.se/runor/gamla/u2/u896s.jpg
U 898,"U 898 - Uppland: Norby, Bondkyrka",,ali ' uk ' iufurfast · litu ' gera ' merki ' iftiR iarl faþur sin ' uk ' at ' kisl ' uk ' at ' ikimunt han ' uaR ' trebin ' hustr ' sun ' iarls ybiR risti,"Ale och Jovurfast lät göra minnesmärket efter Jarl, sin fader, och efter Gisl
och efter Ingemund. Han blev dräpt österut, Jarls son. Öpir ristade.",https://www.christerhamp.se/runor/gamla/u2/u898.html,https://www.christerhamp.se/runor/gamla/u2/u898s.jpg
U 899,"U 899 - Uppland: Vårdsätra, Bondkyrka",,þorkisl × auk × kisl × litu × raisa × stain × iftiR × suain fa-... × sin,"Torgisl och Gisl lät resa stenen efter Sven, sin fader",https://www.christerhamp.se/runor/gamla/u2/u899.html,https://www.christerhamp.se/runor/gamla/u2/u899s.jpg
U 901,"U 901 - Uppland: Håmö, Läby",,[iarl uk]arl ' uk ihulbiurn ' litu rita stono þisa ' uk| |kirua bru þisa ' at iafur faþur si[n ' kuþ ukuþs muþir h]ialbi ont hos,"[Jarl och] Karl och Igulbjörn lät resa dessa stenar och göra denna bro efter Jovur, deras fader. [Gud och Guds moder] hjälpe hans ande.",https://www.christerhamp.se/runor/gamla/u2/u901.html,https://www.christerhamp.se/runor/gamla/u2/u901s.jpg
U 902,"U 902 - Uppland: Kvarnbo, Läby",,iþnousi--uR--okiaRisi------si ' ----f-þiikso,-,https://www.christerhamp.se/runor/gamla/u2/u902.html,https://www.christerhamp.se/runor/gamla/u2/u902s.jpg
U 903,"U 903 - Uppland: Västerby, Läby",,sibiurn ' auk sihtarf ' ritu stin þino ' abtiR ' aisti[n] ' auk abtiR ' sitiarf ' bruþr sina suniR hukals ritu sti þino ',"Sigbjörn och Sigdjärv reste denna sten efter Östen och efter Sigdjärv, sina bröder. Hugals
söner reste denna sten.",https://www.christerhamp.se/runor/gamla/u2/u903.html,https://www.christerhamp.se/runor/gamla/u2/u903s.jpg
U 904,"U 904 - Uppland: Västerby, Läby",,+ iarl + uk| |karl + uk ihulbiurn litu rita stino þisa + uk| |kirua bru þisa + abtiR + iufur + faþur sin,"Jarl och Karl och Igulbjörn lät resa dessa stenar och göra denna bro efter Jovur, deras fader",https://www.christerhamp.se/runor/gamla/u2/u904.html,https://www.christerhamp.se/runor/gamla/u2/u904s.jpg
U 912,U 912 - Uppland: Börje kyrka,,si[kfiR]uþr : lit : hi : Risa : at : burkaiR : foþur sin,"Sigfröd lät här resa efter Borgger, sin fader",https://www.christerhamp.se/runor/gamla/u2/u912.html,https://www.christerhamp.se/runor/gamla/u2/u912s.jpg
U 913,"U 913 - Uppland: Brunnby, Börje",,(o)utr ' ok ' þ--otr ' litu ' rita stain etiR ' faþur ' sin ' halton ' suin ' riþ þta,Önd(?) och Trond (?) lät resa stenen efter deras fader Halvdan. Sven ordnade detta.,https://www.christerhamp.se/runor/gamla/u2/u913.html,https://www.christerhamp.se/runor/gamla/u2/u913s.jpg
U 914,"U 914 - Uppland: Ströja, Börje",,inkikar lit ' raisa ' stain ' eftiR ' styþik ' faþur ' sin ' uk ' þorkel ' lit ' kiara ' merki ' at ' inkikuni ' suiru ' sin ',"Ingegärd lät resa stenen efter Styding, sin fader, och Torkel lät göra minnesmärket efter Ingegunn, sin svärmoder.",https://www.christerhamp.se/runor/gamla/u2/u914.html,https://www.christerhamp.se/runor/gamla/u2/u914s.jpg
U 916,"U 916 - Uppland: Ängeby, Börje",,[kial]i * -...[u : s]kalt : [h]...- * uk [*] (b)aþa- :,Gjalli ... skald ... och båda,https://www.christerhamp.se/runor/gamla/u2/u916.html,https://www.christerhamp.se/runor/gamla/u2/u916s.jpg
U 917,U 917 - Uppland: Jumkils kyrka,,ernf(a)(s)tr ' uk ' stinbiarn '  þorstin litu * at iurunt * faþur sin tiselfr,"Arnfast och Stenbjörn [och] Torsten lät [resa stenen] efter Jorund, deras fader. Disälv.",https://www.christerhamp.se/runor/gamla/u2/u917.html,https://www.christerhamp.se/runor/gamla/u2/u917s.jpg
U 918,"U 918 - Uppland: Blacksta, Jumkil",,+ kuþfastr + hiok × sten + hefiR [ket]ilmunt + sun + sen +,"Gudfast högg stenen efter Kättilmund, sin son",https://www.christerhamp.se/runor/gamla/u2/u918.html,https://www.christerhamp.se/runor/gamla/u2/u918s.jpg
U 919,"U 919 - Uppland: Blacksta, Jumkil",,kuþfastr aok ' þorontr ' litu rita sten ' eftiR ' faþur sin ' hals ' ok frykuþr ' yftiR ' bonta sin ' þorþr : hiak · runar · þisar ' ual,"Gudfast och Trond lät resa stenen efter sin fader Hals, och Frögunn efter sin man.
Tord högg dessa runor väl.",https://www.christerhamp.se/runor/gamla/u2/u919.html,https://www.christerhamp.se/runor/gamla/u2/u919s.jpg
U 920,"U 920 - Uppland: Broholm, Jumkil",,iki-...- · auk o...untr : þeR : litu risa : sti[(n)] : þinsa iftiR hiþinbiurn : uk : fastbiurn : uk ...(l)k... faþur sin kuþ hialbi sialu þi-...,"Inge- . . . och Jorund(?) lät resa denna sten efter Hedenbjörn och Fastbjörn och ...
sin fader. Gud hjälpe deras själ.",https://www.christerhamp.se/runor/gamla/u2/u920.html,https://www.christerhamp.se/runor/gamla/u2/u920s.jpg
U 921,"U 921 - Uppland: Holmsta, Jumkil",,saikair ' lit hakua ' s[t(a)in at una × s]un sin ',"Säger lät hugga stenen efter Une, sin son",https://www.christerhamp.se/runor/gamla/u2/u921.html,https://www.christerhamp.se/runor/gamla/u2/u921s.jpg
U 924,U 924 - Uppland: Uppsala domkyrka,,... aistin + fnţur * sia auk stia + b(r)uţur si(n) + k...,"... [efter] Östen, sin fader, och Sten, sin broder ...",https://www.christerhamp.se/runor/gamla/u2/u924.html,https://www.christerhamp.se/runor/gamla/u2/u924s.jpg
U 929,"U 929 - Uppland: Domkyrkan, Uppsala",,...ihraR [* lit *] rita * sten eftiR uiha * faþu si*n ikulf*r riisti * runR,"... ?? [lät] resa stenen efter Vige, sin fader. Ingulv ristade runorna",https://www.christerhamp.se/runor/gamla/u2/u929.html,https://www.christerhamp.se/runor/gamla/u2/u929s.jpg
U 931,"U 931 - Uppland: Domkyrkan, Uppsala",,[...is * haou]... ...-fr * ka(s)l ' ok * iufrfast ' lit ' rsa s[tn iftu * faiau sein] ...-l,... och Jovurfast lät resa stenen efter sin fader,https://www.christerhamp.se/runor/gamla/u2/u931.html,https://www.christerhamp.se/runor/gamla/u2/u931s.jpg
U 932,"U 932 - Uppland: Domkyrkan, Uppsala",,muli ' u... ...--------... ...-ita stin ţino ' aftiR ' suarthţa brur sin osmuntr ' inkialt muli ' auk| |kun(i)... (a)-- ih...-astr ' au- ----... ...- ' ţ--h litu rita ' stin ţino ' aftiR suarthaf-... ...k-| |- suţrbi,"Mule ... reste denna sten efter Svarthövde, sin bror. Ĺsmund. Ingjald Mule och ... de lät resa denna sten efter Svarthövde [som bodde i] Söderby",https://www.christerhamp.se/runor/gamla/u2/u932.html,https://www.christerhamp.se/runor/gamla/u2/u932s.jpg
U 933,"U 933 - Uppland: Domkyrkan, Uppsala",,borha lit ' raisa ' stain ' iftiR ' stynbiar... ... ...orkil lit ' iftiR ' broþur ' sin,Borga lät resa stenen efter Stynbjörn. Torkel lät resa [den] efter sin broder,https://www.christerhamp.se/runor/gamla/u2/u933.html,https://www.christerhamp.se/runor/gamla/u2/u933s.jpg
U 934,"U 934 - Uppland: Domkyrkan, Uppsala",,þoriR ' auk × ryþikr × auk × karl * þaiR + br... ...,"Tore och Rörik och Karl, de bröderna ...",https://www.christerhamp.se/runor/gamla/u2/u934.html,https://www.christerhamp.se/runor/gamla/u2/u934s.jpg
U 935,"U 935 - Uppland: Domkyrkan, Uppsala",,þ[i]agn : fasteþr : lit... ...[-]l ' (b)onta si...,Tägn [och] Fasthed lät [resa stenen] ... sin make ...,https://www.christerhamp.se/runor/gamla/u2/u935.html,https://www.christerhamp.se/runor/gamla/u2/u935s.jpg
U 937,U 937 - Uppland: Funbo,,× þiak(n) × auk × kunar × raistu × stana × aftiR × uaþr × bruþur sin ×,"Tägn och Gunnar reste stenarna efter Väder, sin broder",https://www.christerhamp.se/runor/gamla/u2/u937.html,https://www.christerhamp.se/runor/gamla/u2/u937s.jpg
U 938,"U 938 - Uppland: kv. Torget, Uppsala",,hulfastr ' lit ' risa ' stin ' at ' ihulkai ' fa₫ur ' si(n) ' uk ' ₫orbiorn,"Holmfast lät resa stenen efter Igulger, sin fader, och Torbjörn",https://www.christerhamp.se/runor/gamla/u2/u938.html,https://www.christerhamp.se/runor/gamla/u2/u938s.jpg
U 939,"U 939 - Uppland: kv. Torget, Uppsala",,forkuþr uk ' bruni ' litu ' kera merki ' at ' ikulfast faþur si-,"Forkun och Brune lät göra minnesmärket efter Igulfast, sin far",https://www.christerhamp.se/runor/gamla/u2/u939.html,https://www.christerhamp.se/runor/gamla/u2/u939s.jpg
U 940,"U 940 - Uppland: kv. Torget, Uppsala",,* ihul * a(u)(k) * ţurkiR * litu * rita * stain * iftiR * kitilfastr * faţur * sin * hialbi * sal kilauh hont riţ * runaR * ubiR,"Igul och Torger lät resa stenen till minne av Kättilfast, sin far. Hjälpe själen. Gillög . Öpir rĺdde runorna",https://www.christerhamp.se/runor/gamla/u2/u940.html,https://www.christerhamp.se/runor/gamla/u2/u940s.jpg
U 941,"U 941 - Uppland: kvarteret Torget, Uppsala",,ali u... ...ih...alti auk inkifast + þa(u)- -(i)tu rita stin þin- ... ...nta i--...fastaR ...,Åle och Sigvalde och Ingefast de lät resa denna sten. Ingefasts maka ...,https://www.christerhamp.se/runor/gamla/u2/u941.html,https://www.christerhamp.se/runor/gamla/u2/u941s.jpg
U 942,"U 942 - Uppland: Bredgränden, Uppsala",,+ iurunt... ...t : risa : stin : eftiR : (k)-rþaR : sun ¤ ... ...- -uþ : sikni : ys : kumna · ualtiR hailakR : turuin,"Jorund lät resa stenen efter Gärdar, sin son . . . Signe oss Gud, människors härskare, helige drotten!",https://www.christerhamp.se/runor/gamla/u2/u942.html,https://www.christerhamp.se/runor/gamla/u2/u942s.jpg
U 943,"U 943 - Uppland: Ärkebiskopsgĺrden, Uppsala",,biaurn × auk × ... ...ain × atir × -[ka]... ant +,Björn och ... stenen efter ... ande,https://www.christerhamp.se/runor/gamla/u2/u943.html,https://www.christerhamp.se/runor/gamla/u2/u943s.jpg
U 945,U 945 - Uppland: Danmarks kyrka,,× sikniutr × auk × auiţr × litu × raisa × stain × at × ofaik × faţur × si(n) [×] kuţ × hialbi × ant hans × auk × kus moţiR × fotr × risti × runaR ×,"Signjut och Ĺvid lät resa stenen efter Ofeg, sin fader. Gud ch Guds moder hälpe hans ande. Fot ristade runorna",https://www.christerhamp.se/runor/gamla/u2/u945.html,https://www.christerhamp.se/runor/gamla/u2/u945s.jpg
U 946,U 946 - Uppland: Danmarks kyrka,,kusi × lit iRaisa at aka aouk at katil arnukin,Guse lät resa [stenen] efter Åke och Kättil den ålderstigne,https://www.christerhamp.se/runor/gamla/u2/u946.html,https://www.christerhamp.se/runor/gamla/u2/u946s.jpg
U 947,"U 947 - Uppland: Berga, Fålebro, Danmarks",,þurstin : auk : uiki : lit : gRra : buru : þisi : friR : osuraR : ont : mags| |sins : nu is : sal : sagat : sua h:iabi : kuþ : isbiun kir,"Torsten och Vige lät göra denna bro för Assurs, sin svågers, ande. Nu är så sagt för själen: hjälpe Gud. Äsbjörn gjorde [?]",https://www.christerhamp.se/runor/gamla/u2/u947.html,https://www.christerhamp.se/runor/gamla/u2/u947s.jpg
U 948,"U 948 - Uppland: Danmarks by, Fålebro, Danmark",,' stRþinkr × lit resa stin × iftR × arna × sun × sen × han × fyr × hayrt × lant × þelfi ' auk ' aurikia ' iuku ' runar ' iftR ' bruþur ' sin,"Stöding lät resa stenen efter Arne, sin son. Han for till varje land. Tjälve och Orökja högg runorna efter sin broder.",https://www.christerhamp.se/runor/gamla/u2/u948.html,https://www.christerhamp.se/runor/gamla/u2/u948s.jpg
U 949,"U 949 - Uppland: Lunda, Danmark",,... ...s- * stin * iftiR --lkir * faþur sin * ha... ...iuþu...,... resa stenen efter ... sin fader. Han ...,https://www.christerhamp.se/runor/gamla/u2/u949.html,https://www.christerhamp.se/runor/gamla/u2/u949s.jpg
U 950,"U 950 - Uppland: Myrby, Danmark",,kunbiarn ' lit ' risa ' stin at ' [asif... ... ...u]n ' in nefkiR ' at ' broþur sin,"Gunnbjörn lät resa stenen efter ... son, och Nävger efter sin broder",https://www.christerhamp.se/runor/gamla/u2/u950.html,https://www.christerhamp.se/runor/gamla/u2/u950s.jpg
U 951,"U 951 - Uppland: Säby, Danmark",,kairkiRiþ-r : ouk : kiRmar litu : ha[ku]a at ouþmunt kiRimr : skalt hiu,Gerfrid och Germar lät hugga efter Ödmund. Grim skald högg.,https://www.christerhamp.se/runor/gamla/u2/u951.html,https://www.christerhamp.se/runor/gamla/u2/u951-1s.jpg
U 956,"U 956 - Uppland: Vedyxa, Danmark",,' stniltr ' lit * rita stain ţino ' abtiR ' uiţbiurn ' krikfara ' buanta sin kuţ hialbi hos| |salu| |uk| |kuţs u muţiR osmuntr kara sun markaţi,"Stenhild lät resa denna sten efter Vidbjörn greklandsfarare, sin  man. Gud och Guds moder hjälpe hans själ. Ĺsmund Kĺresson ristade.",https://www.christerhamp.se/runor/gamla/u2/u956.html,https://www.christerhamp.se/runor/gamla/u2/u956s.jpg
U 957,"U 957 - Uppland: Vedyxa (Viggby), Danmark",,kerþar ' ok ' ulfr ' ok ulbiarn ' ok ' abiarn ok runi + þair ' litu hakua ' stain ' at ' iarl faþur sin ' arfriþ(r) at ' bonta sin,"Gärdar och Ulv och Holmbjörn och Åbjörn och Rune, de lät hugga stenen efter Jarl, sin fader, Arnfrid efter sin man.",https://www.christerhamp.se/runor/gamla/u2/u957.html,https://www.christerhamp.se/runor/gamla/u2/u957s.jpg
U 958,"U 958 - Uppland: Villinge, Danmark",,[...tr ' sihniuta * is þita kiarþi sun * hans s]ihuiþr ' [runa þurhutr * risti],... efter Signjut är detta. Hans son Sigvid gjorde runorna. Torgöt ristade.,https://www.christerhamp.se/runor/gamla/u2/u958.html,https://www.christerhamp.se/runor/gamla/u2/u958s.jpg
U 959,U 959 - Uppland: Vaksala kyrka,,[nesbiarn '] uk ' runa ' anutar ' totiR ' litu ' rita ' staina ' at ' s[uhik'ierf ' sun : sin],"Näsbjörn och Runa, Anunds dotter, lät resa stenarna efter Suikiherf (?), deras son",https://www.christerhamp.se/runor/gamla/u2/u959.html,https://www.christerhamp.se/runor/gamla/u2/u959s.jpg
U 960,U 960 - Uppland: Vaksala kyrka,,+ hakuno ¤ auk ¤ ostriþr ¤ kirþu ... ¤ sun ¤ snialan ¤ saR × hit × ... × iriks × kuþ × tr... ...,Håkon och Astrid gjorde  [minnesmärket efter ... sin] raske son. Han kallades ... Eriks. Gud dr[otten] ...,https://www.christerhamp.se/runor/gamla/u2/u960.html,https://www.christerhamp.se/runor/gamla/u2/u960s.jpg
U 961,U 961 - Uppland: Vaksala kyrka,,h(u)(l)-a + lit + raisa stain + þina at kitilbiarn ' faþur ' sin + auk runfriþ ' at ' bonta ' auk ihulfastr ' riþ ' in ' ubiR,"... lät resa denna sten efter Kättilbjörn, sin fader, och Runfrid efter sin man, och Igulfast ombesörjde, men Öpir ristade",https://www.christerhamp.se/runor/gamla/u2/u961.html,https://www.christerhamp.se/runor/gamla/u2/u961s.jpg
U 962,U 962 - Uppland: Vaksala kyrka,,... at ' sik ' silfa... ...--[k]an ' in ' (r)[ai-]-(n) ' -(a)stgi[-],... efter sig själv medan han levde och ... Fastgeir (?),https://www.christerhamp.se/runor/gamla/u2/u962.html,https://www.christerhamp.se/runor/gamla/u2/u962s.jpg
U 963,U 963 - Uppland: Vaksala kyrka,,niskunukR + lit ... ...rn + faþur + sin + auk + ika + iftR + buota + sin + ku... ... þini × ikulburn + ak + kuþs muþiR,"Näskonung lät ... [Igulbjö]rn, sin fader och Inga efter sin man. Gud [hjälpe] din [själ], Igulbjörn, och Guds moder",https://www.christerhamp.se/runor/gamla/u2/u963.html,https://www.christerhamp.se/runor/gamla/u2/u963s.jpg
U 964,U 964 - Uppland: Vaksala kyrka,,+ kitilfiriþR : lit : sitia : stin : for : ot : suins bunt... ...lukR : iuk : kinlau-aR,"Kättilfrid lät sätta stenen för Svens ande, [sin] make ... -lögs och Ginnlögs",https://www.christerhamp.se/runor/gamla/u2/u964.html,https://www.christerhamp.se/runor/gamla/u2/u964s.jpg
U 965,U 965 - Uppland: Vaksala kyrka,,hulm×fri... ...,Holmfrid ...,https://www.christerhamp.se/runor/gamla/u2/u965.html,https://www.christerhamp.se/runor/gamla/u2/u965s.jpg
U 966,U 966 - Uppland: Vaksala kyrka,,-,-,https://www.christerhamp.se/runor/gamla/u2/u966.html,https://www.christerhamp.se/runor/gamla/u2/u966.jpg
U 967,U 967 - Uppland: Vaksala kyrka,,-au... ...fti(r) : faþur (s)in : ku-... ...-...,... efter sin fader ...,https://www.christerhamp.se/runor/gamla/u2/u967.html,https://www.christerhamp.se/runor/gamla/u2/u967s.jpg
U 968,"U 968 - Uppland: Bolsta, Vaksala",,[stoþi * auk * sihtiarfr *  þorker * lit]u * ris[t]a * stin at * aistu[lf * b]roþu[r *] (s)in [sun þorkerþa],"Stode och Sigdjärv och Torgärd lät rista stenen efter Estulv, sin broder, Torgärds son",https://www.christerhamp.se/runor/gamla/u2/u968.html,https://www.christerhamp.se/runor/gamla/u2/u968s.jpg
U 969,"U 969 - Uppland: Bolsta, Vaksala",,rahnuiţr ' lit ' rita st... ... ' faţur sin ' in osmunrt hiu,Ragnvid lät resa stenen ... sin fader. Och Ĺsmund högg.,https://www.christerhamp.se/runor/gamla/u2/u969.html,https://www.christerhamp.se/runor/gamla/u2/u969s.jpg
U 970,"U 970 - Uppland: Bolsta, Vaksala",,uiţi ' lit ' rita ' stain ' e(f)[ti]R ...- ybiR,Vide lät resa stenen efter ... Öpir,https://www.christerhamp.se/runor/gamla/u2/u970.html,https://www.christerhamp.se/runor/gamla/u2/u970s.jpg
U 971,"U 971 - Uppland: Eke, Vaksala",,: kunbiur : lit risa : stin : iftiR faþur -... ... : miti : kuþ : hulbin hins : krin... ...arþi uþ(r)ki,Gunnbjörn lät resa stenen efter fader ... Milde Gud hjälpe ...,https://www.christerhamp.se/runor/gamla/u2/u971.html,https://www.christerhamp.se/runor/gamla/u2/u971s.jpg
U 974,"U 974 - Uppland: Jädra, Vaksala",,þaiR inkulfr ' uk ' yntr ' litu ' raisa ' st(a)-n i(f)tiR inkialt ' broþur sin uk ' sun ' kunulfs *,"Ingulv och Önd de lät resa stenen efter Ingjald, sin broder och Gunnulfs son",https://www.christerhamp.se/runor/gamla/u2/u974.html,https://www.christerhamp.se/runor/gamla/u2/u974s.jpg
U 975,"U 975 - Uppland: Lunda, Vaksala",ᚴᚢᚾᛅᚱ,kunar,Gunnar,https://www.christerhamp.se/runor/gamla/u2/u975.html,https://www.christerhamp.se/runor/gamla/u2/u975-1.jpg
U 976,"U 976 - Uppland: Råby, Vaksala",,astiarfr lit ' risa stain ' iftiR ' asfast ' broþur sin,"Åsdjärv lät resa stenen efter Åsfast, sin broder",https://www.christerhamp.se/runor/gamla/u2/u976.html,https://www.christerhamp.se/runor/gamla/u2/u976s.jpg
U 978,U 978 - Uppland: Gamla Uppsala kyrka,,sihuiţr ...-i + stain + ţina + iklats+fari + iftir + uitarf + faţ(u)(r) [+ -... ...sia]... ...ku---,"Sigvid, englandsfararen, [rest]e denna sten efter Vidjärv, [sin] fader ...",https://www.christerhamp.se/runor/gamla/u2/u978.html,https://www.christerhamp.se/runor/gamla/u2/u978s.jpg
U 979,U 979 - Uppland: Gamla Uppsala kyrka,,-,-,https://www.christerhamp.se/runor/gamla/u2/u979.html,https://www.christerhamp.se/runor/gamla/u2/u979.jpg
U 980,"U 980 - Uppland: Prästgården, Gamla Uppsala",,[× ailifr × auk siku]iþr × li[tu × raisa × stain × iftiR + uifast] × faþu[r × sin +],"Eilif och Sigvid lät resa stenen efter Vifast, sin fader",https://www.christerhamp.se/runor/gamla/u2/u980.html,https://www.christerhamp.se/runor/gamla/u2/u980s.jpg
U 983,"U 983 - Uppland: Bärby, Gamla Uppsala",,linkntiţt *: nmui : knit... × tsu-...,-,https://www.christerhamp.se/runor/gamla/u2/u983.html,https://www.christerhamp.se/runor/gamla/u2/u983s.jpg
U 985,"U 985 - Uppland: Hämringe, Gamla Uppsala",,karl ' lit ' raisa * stain * iftiR ' uikaiR ' faþur ' sin an uar sun stufials uk systrsun kulaug,"Karl lät resa stenen efter Viger, sin fader. Han var Styvjalds son och Gullögs systerson.",https://www.christerhamp.se/runor/gamla/u2/u985.html,https://www.christerhamp.se/runor/gamla/u2/u985s.jpg
U 987,U 987 - Uppand: Funbo kyrka,,katil ' auk| |kuriţr ' litu rosa stin ţino × oftiR ţurstin sun sin uiţi auk rikuiţr ' ţiR ristu ston aftiR bruţur sin × kuţ hialbi on ţurstins ',"Kättil och Gyrid lät resa denna sten efter Torsten, sin son. Vide och Roland de reste stenen efter sinj broder. Gud hjälpe Torstens ande.",https://www.christerhamp.se/runor/gamla/u2/u987.html,https://www.christerhamp.se/runor/gamla/u2/u987s.jpg
U 989,U 989 - Uppland: Funbo kyrka,,a[r]nu[ai-] i[or]uidr,Arn- Jorund,https://www.christerhamp.se/runor/gamla/u2/u989.html,https://www.christerhamp.se/runor/gamla/u2/u989s.jpg
U 990,"U 990 - Uppland: Broby, Funbo",,' uaţr + auk × ţakn × auk × kunar + raistu × stain + ţana × at × haursa × foţur sin + kuţ hialbi ot hans ×,"Väder och Tägn och Gunnar reste denna sten efter Hörse, sin fader. Gud hjälpe hans ande.",https://www.christerhamp.se/runor/gamla/u2/u990.html,https://www.christerhamp.se/runor/gamla/u2/u990s.jpg
U 991,"U 991 - Uppland: Broby, Funbo",,× ţiakn × [a](u)k × kunar × raistu × staina + aftiR × uaţr × bruţur + sin +,"Tägn och Gunnar reste stenarna efter Väder, sin broder",https://www.christerhamp.se/runor/gamla/u2/u991.html,https://www.christerhamp.se/runor/gamla/u2/u991s.jpg
U 992,"U 992 - Uppland: Broby, Funbo",,... ...(u)stain Ũ foþurŨfoþur Ũ sin Ũ auk Ũ at Ũ: kuþsrik + foþur Ũ sin Ũ auk Ũ at Ũ kunu ...,"... Östen, sin farfar och efter Gudrik, sin far. och efter Gunna ...",https://www.christerhamp.se/runor/gamla/u2/u992.html,https://www.christerhamp.se/runor/gamla/u2/u992s.jpg
U 993,"U 993 - Uppland: Brunnby, Funbo",,ion * u(k) iufur[-ast litu r]aisa ' stin uk ' bru ' iftiR ' uiha ' fa₫ur ' su[n] ' istin[s ybiR * rist-] biarn,"Jon och Jovurfast lät resa stenen och bron efter Vige, sin fader, Östens son. Öpir ristade. Björn.",https://www.christerhamp.se/runor/gamla/u2/u993.html,https://www.christerhamp.se/runor/gamla/u2/u993s.jpg
U 996,"U 996 - Uppland: Karberga (Sundby), Funbo",,ainkriţ × auk × in[k]ik[i]r * l[i]tu × r[i]sa × stin * auk ' kera ' aur ' u(t)a (i) (s)u[n]ti ' iftiR ' ţuri ' faţur [s]in ' ţur-- ...(t) ' kira ' siluaus ' iftR ink-[ţu]ru × kunu * sina ' auk ' iftR ' -(a)(r)tu iaR,"Ingrid och Ingergerd lät resa stenen och göra vad ute i sundet efter Tore, deras fader. Tore lär göra en själastuga efter Ingetora, sin hustru, och efter ...",https://www.christerhamp.se/runor/gamla/u2/u996.html,https://www.christerhamp.se/runor/gamla/u2/u996s.jpg
U 998,"U 998 - Uppland: Skällerö (Marielund), Funbo",,ţurstin : auk ronti : [litu : raisa : stain ţino : abtiR s-ar-(h)(a)ufţ]a : bruţur sin : kuţ hialbi hons| |salu| |uk| |kuţs muţiR [osmun](r)t ' markaţi,"Torsten och Rande lät ersa denna sten efter Svarthövde, sin broder. Gud och Guds moder hjälpe hans själ. Ĺsmund ristade.",https://www.christerhamp.se/runor/gamla/u2/u998.html,https://www.christerhamp.se/runor/gamla/u2/u998s.jpg
U 999,"U 999 - Uppland: Ĺkerby, Funbo",,haursi : auk : kitil : raistu : aftir : ţekn : faţur : sin : staina : ţisa : at : bunta : kuţan : o : funum,"Hörse och Kättil reste efter Tägn, sin fader, desa stenar, efter en god bonde i Funbo",https://www.christerhamp.se/runor/gamla/u2/u999.html,https://www.christerhamp.se/runor/gamla/u2/u999s.jpg
U 1001,U 1001 - Uppland: Rasbo kyrka,,-,-,https://www.christerhamp.se/runor/gamla/u3/u1001.html,https://www.christerhamp.se/runor/gamla/u3/u1001s.jpg
U 1002,U 1002 - Uppland: Rasbo kyrka,,...-sbi...,-,https://www.christerhamp.se/runor/gamla/u3/u1002.html,https://www.christerhamp.se/runor/gamla/u3/u1002s.jpg
U 1006,"U 1006 - Uppland: Lejsta, Rasbo",,uikterfr auk ' iuruntr · auk · sikbiar[n · litu ·] risa · stain · iftiR · suar[t]unk · faþur · sin,"Vigdjärv och Jorund och Sigbjörn lät resa stenen efter Svartung, sin fader.",https://www.christerhamp.se/runor/gamla/u3/u1006.html,https://www.christerhamp.se/runor/gamla/u3/u1006s.jpg
U 1008,"U 1008 - Uppland: Västerberga, Rasbo",,[kuni lit · rasa · stain · e]ftiR ki---uku · kunu [sino ·] (k)uþ h[ialbi ont en]or,"Gunne lät resa stenen till minne av Ginnlög, sin hustru. Gud hjälpe hennes ande.",https://www.christerhamp.se/runor/gamla/u3/u1008.html,https://www.christerhamp.se/runor/gamla/u3/u1008s.jpg
U 1011,"U 1011 - Uppland: Örby, Rasbo",,"uihmuntr ' lit ' agua * stain * at ' sig ' selfon ' slyiastr ' mono ' guþ ' ia[l]bi (s)ial ' uihmuntar * styrimons
uihmuntr * auk ' afiriþ : eku merki ' at kuikuan * sik *","Vigmund lät hugga stenen till minne av sig själv, den skickligaste av män. Gud hjälpe Vigmund skeppshövdingens själ.
Vigmund och Åfrid högg minnesmärket medan han levde.",https://www.christerhamp.se/runor/gamla/u3/u1011.html,https://www.christerhamp.se/runor/gamla/u3/u1011-1s.jpg
U 1013,U 1013 - Uppland: Ärentuna kyrka,,[ansua...] (r)--[s](t)i : stai[na : ţisa : ţrea : ... : ...in : hia-- ot : a...],Andsvar reste dessa tre stenar ... hjälpe hans ande,https://www.christerhamp.se/runor/gamla/u3/u1013.html,https://www.christerhamp.se/runor/gamla/u3/u1013s.jpg
U 1014,U 1014 - Uppland: Ärentuna kyrka,,iolmkeR ' lit ' raisa ' stain ' ifti[R ' iulfast ' uk '] suartufþa ' suni ' sina ',"Holmger lät resa stenen efter Igulfast och Svarthövde, sina söner",https://www.christerhamp.se/runor/gamla/u3/u1014.html,https://www.christerhamp.se/runor/gamla/u3/u1014s.jpg
U 1015,U 1015 - Uppland: Ärentuna kyrka,,iofur ' lit ' rita ' sten [' yftiR * sun sin * y](r)in(k)[u] (u)k ' iofastu * kunu * sinn,"Jovur lät resa stenen efter sin son Äring [?] och Jofasta, sin hustru",https://www.christerhamp.se/runor/gamla/u3/u1015.html,https://www.christerhamp.se/runor/gamla/u3/u1015s.jpg
U 1017,"U 1017 - Uppland: Fjuckby, Ärentuna",,[fastulfr * lit * rita * stin * iftiR * hulf]ast [runiriþ lit * iftiR * osihik * faþur sin uk * bru * kra] al a(s)[li]ks --,"Fastulf lät resa stenen efter Holmfast, Runfrid lät också göra bron till minne av Asleik [?], sin fader, Asleiks ... [?]",https://www.christerhamp.se/runor/gamla/u3/u1017.html,https://www.christerhamp.se/runor/gamla/u3/u1017.jpg
U 1026,U 1026 - Uppland: Lena kyrka,,brantr ' uk ' sihuiţr ' litu ' risa ' stin ' at ' munta ' broţur,"Brand och Sigvid lät resa stenen efter Munde, [sin] broder",https://www.christerhamp.se/runor/gamla/u3/u1026.html,https://www.christerhamp.se/runor/gamla/u3/u1026s.jpg
U 1027,U 1027 - Uppland: Lena kyrka,,...[(n) '] uk ' ihul ' uk ' gisl ' uitr ' li... ...,... och Igul och Gisl och Önd lät ...,https://www.christerhamp.se/runor/gamla/u3/u1027.html,https://www.christerhamp.se/runor/gamla/u3/u1027s.jpg
U 1028,U 1028 - Uppland: Lena kyrka,,... asbiurn * (a)uk i[n]-... ... ...--[k](u)r(u)... ...---...na-... ...anti ku₫ suiki * ₫a iR h[a] sui[k]u,... Åsbjörn och ... land [?]. Gud svike dem som svek honom.,https://www.christerhamp.se/runor/gamla/u3/u1028.html,https://www.christerhamp.se/runor/gamla/u3/u1028s.jpg
U 1034,U 1034 - Uppland: Tensta kyrka,,ţorbia(r)n ' auk ' ţorstain ' uk ' styrbiarn ' litu raisa stain ' eftiR ' ţorfast ' faţur sin ybir risti,"Torbjörn och Torsten och Styrbjörn lät resa stenen efter Torfast, sin fader. Öpir ristade",https://www.christerhamp.se/runor/gamla/u3/u1034.html,https://www.christerhamp.se/runor/gamla/u3/u1034s.jpg
U 1035,U 1035 - Uppland: Tensta kyrka,,...kiat auk ... ...u rita stin ţina| |aftiR kuih faţur sin si[kr]iţr at buanta si...,"... och ... lät resa denna sten efter Kvig, sin fader, Sigid efter sin man",https://www.christerhamp.se/runor/gamla/u3/u1035.html,https://www.christerhamp.se/runor/gamla/u3/u1035s.jpg
U 1036,U 1036 - Uppland: Tensta kyrka,,sihuastr ' uk ' bratr ' uk ' uikitil elha ' lit ' rita stin iftiR ' anhuit ' sun ' sin ' sum '  tauþr '  huita'huaþum ' (k)ristr ' ialbi ' sial ' antuita,"Sigvast och Brand och Vikättel. Helga lät resa stenen efter Andvätt, sin son, som dog i vita vader. Krist hjälpe Andvätts själ.",https://www.christerhamp.se/runor/gamla/u3/u1036.html,https://www.christerhamp.se/runor/gamla/u3/u1036.jpg
U 1044,"U 1044 - Uppland: Onslunda, Tensta",,[kitil * lit raisa st...] ... ...þur sin k[ulha| |at bonta sin],"Kettil lät resa stenen ... sin fader, Gulla efter sin make",https://www.christerhamp.se/runor/gamla/u3/u1044.html,https://www.christerhamp.se/runor/gamla/u3/u1044.jpg
U 1045,U 1045 - Uppland: Björklinge kyrka,,' biarnaffþi ' lit ' hakua ' stain ' at ' biarnafþa ' faþur ' sin -ak-- ' s...- ' at ',"Björnhövde lät hugga stenen efter Björhövde, sin fader ...",https://www.christerhamp.se/runor/gamla/u3/u1045.html,https://www.christerhamp.se/runor/gamla/u3/u1045s.jpg
U 1046,U 1046 - Uppland: Björklinge kyrka,,...ikaiR lit resa sten auk ' kera ' buro ' eftiR ' siiterf * buroţur * sin,"... -geir lät resa stenen och göra bro efter Sigdjärv, sin broder",https://www.christerhamp.se/runor/gamla/u3/u1046.html,https://www.christerhamp.se/runor/gamla/u3/u1046s.jpg
U 1047,U 1047 - Uppland: Bj—rklinge kyrka,,ayka-R ' auk ' kitilbiarn ' auk ' keisl ' auk ' ihul ' litu ' rita sten ' eftiR hybiarn fa± ' sin ',"Eigir och Kðttilbj—rn och Gisle och Igul lðt resa stenen efter Eibj—rn, sin fader",https://www.christerhamp.se/runor/gamla/u3/u1047.html,https://www.christerhamp.se/runor/gamla/u3/u1047.jpg
U 1048,U 1048 - Uppland: Björklinge kyrka,,kilauk ' lit ' hakua ' at ' i(o)rut * sun sin ' (t)o ' i haiţaby,"Gillög lät hugga stenen efter Jorund, sin son. [Han] dog i Hedeby.",https://www.christerhamp.se/runor/gamla/u3/u1048.html,https://www.christerhamp.se/runor/gamla/u3/u1048s.jpg
U 1050,U 1050 - Uppland: Björklinge kyrka,,hulmkair ' ... ...itu h--ua a[t] ' a(i)s[t] faþur sin,"Holmger [och] ... lär hugga [stenen] efter Eistr, sin fader",https://www.christerhamp.se/runor/gamla/u3/u1050.html,https://www.christerhamp.se/runor/gamla/u3/u1050s.jpg
U 1051,"U 1051 - Uppland: Prästgården, Björklinge",,fastulfr ' lit ' rita stan etR ' suar sin ' ok ' iofast ' eftR ' uihmt ' faþu sen,"Fastulv lät resa stenen till minne av sin svärfader, och Jofast till minne av Vigmund,
sin fader.",https://www.christerhamp.se/runor/gamla/u3/u1051.html,https://www.christerhamp.se/runor/gamla/u3/u1051s.jpg
U 1060,"U 1060 - Uppland: Tibble, Björklinge",,hulmkair ... [karl · lit]u ' h(a)[(k)](u)a '  aist faþur ' sin,"Holmger och Karl lät hugga till minne av Est, deras fader",https://www.christerhamp.se/runor/gamla/u3/u1060.html,https://www.christerhamp.se/runor/gamla/u3/u1060s.jpg
U 1061,U 1061 - Uppland: Viksta kyrka,,-,-,https://www.christerhamp.se/runor/gamla/u3/u1061.html,https://www.christerhamp.se/runor/gamla/u3/u1061s.jpg
U 1062,"U 1062 - Uppland: Dalboda, Viksta",,kakulfr ' ok benuiþr ' litu ' rita ' sten ' iftR ooþbiarn ' sun in,"Gångulv (?) och Benvid lät resa stenen efter Ödbjörn, deras son",https://www.christerhamp.se/runor/gamla/u3/u1062.html,https://www.christerhamp.se/runor/gamla/u3/u1062s.jpg
U 1063,"U 1063 - Uppland: Källslätt, Viksta",,st[yn]friþ ' (a)u(k) ' hulmfriþ : litu : raisa : stain : eftiR : (þ)... ...(a)þur ' sin · --... ...[runir] ybiR risti runa,Stynfrid och Holmfrid lät resa stenen efter ... sin fader ... Öpir ristade runorna,https://www.christerhamp.se/runor/gamla/u3/u1063.html,https://www.christerhamp.se/runor/gamla/u3/u1063s.jpg
U 1065,"U 1065 - Uppland: Rångsta, Viksta",,runuiþr ' lit risa ' sin yftR ' suain ' faþur sin ... in k(l)s-i iufur ' ok ' fuks ' litu risa stin yftiR faþur sin kara,"Runvid lät resa stenen efter Sven, sin fader ... Jovur och Fuks lät resa stenen efter deras fader kåre",https://www.christerhamp.se/runor/gamla/u3/u1065.html,https://www.christerhamp.se/runor/gamla/u3/u1065s.jpg
U 1066,U 1066 - Uppland: Åkerby kyrka,,: biurn : auk :: þurkil : þiR : ris(t)u + kumbl : þisi : al : iRu :: kiþbi- : a :,Björn och Torkel de reste alla dessa kummel ...,https://www.christerhamp.se/runor/gamla/u3/u1066.html,https://www.christerhamp.se/runor/gamla/u3/u1066s.jpg
U 1067,U 1067 - Uppland: Åkerby kyrka,,¤ (u)talfriþR : raisti * staina + þisa a-tR * styr * faþur : sin * (k)...þ hilbi * ant þira bratr hiuk run-R,"Odalfrid reste dessa stenar efter Styr, sin fader. Gud hjälpe deras andar. Brand högg runorn.",https://www.christerhamp.se/runor/gamla/u3/u1067.html,https://www.christerhamp.se/runor/gamla/u3/u1067s.jpg
U 1068,U 1068 - Uppland: Åkerby kyrka,,... ' hagua ' stain ' at ' i-kuar ' faþ... ... ...anta ' (s)in,"... hugga stenen efter Ingvar, (sin) fader ... (och) ... (efter) sin man.»",https://www.christerhamp.se/runor/gamla/u3/u1068.html,https://www.christerhamp.se/runor/gamla/u3/u1068s.jpg
U 1069,"U 1069 - Uppland: Berga, Åkerby",,iolfast + lit + rita + sten + yftiR + son sin + asa + auk + ersten + yftir rul(u)r,Igulfast lät resa stenen efter sin son Åse och Ärnsten efter,https://www.christerhamp.se/runor/gamla/u3/u1069.html,https://www.christerhamp.se/runor/gamla/u3/u1069s.jpg
U 1072,U 1072 - Uppland: Bälinge kyrka,,₫orka- ' -(u)- ' -(u)--- ' (b)(r)(a)n(t)(r) ' ---... n-...- ' ... ' ybir ' risti,Torkel och ... Brand ... Öpir ristade,https://www.christerhamp.se/runor/gamla/u3/u1072.html,https://www.christerhamp.se/runor/gamla/u3/u1072s.jpg
U 1077,U 1077 - Uppland: Bälinge kyrka,,... ...-tiR : ref : nha bi-kumr : ₫oRna...,"... efter Räv, han ...",https://www.christerhamp.se/runor/gamla/u3/u1077.html,https://www.christerhamp.se/runor/gamla/u3/u1077s.jpg
U 1078B,U 1078B - Uppland: Bälinge kyrka,,... ...(i)sa ' stain ' ift... ...,... resa stenen efter ...,https://www.christerhamp.se/runor/gamla/u3/u1078b.html,https://www.christerhamp.se/runor/gamla/u3/u1078b.jpg
U 1085,"U 1085 - Uppland: Högsta, Bälinge",,kulefr ' u(k) ' s[i]oli ' litu ' risa ' iftiR ' ikifast ' sun [' i]arunta,"Gullev och Sjole lät resa efter Ingefast, Järunds son",https://www.christerhamp.se/runor/gamla/u3/u1085.html,https://www.christerhamp.se/runor/gamla/u3/u1085s.jpg
U 1089,"U 1089 - Uppland: Marsta, Bälinge socken",,uihi ' lit raisa stain eftiR inkialt ' fa₫ur ' sin iufurfas[t '],"Vige lät resa stenen efter Ingjald, sin fader. Jovurfast ...",https://www.christerhamp.se/runor/gamla/u3/u1089.html,https://www.christerhamp.se/runor/gamla/u3/u1089s.jpg
U 1097,"U 1097 - Uppland: Sundbro, Bälinge socken",,arþsten + ok + ikilef +  þoruþr + [litu × ri]... ... (u)k ' ulfr[iþ] ' iftiR ' [i]hmuntr * b[onta] si[n],"Hardstein och Ingeleif och Torun lät resa ... och Holmfrid efter Agmund, hennes make",https://www.christerhamp.se/runor/gamla/u3/u1097.html,https://www.christerhamp.se/runor/gamla/u3/u1097s.jpg
U 1098,"U 1098 - Uppland: Sundbro, Bälinge socken",,[× iafurfriþ... ... ...fast ×] litu × rai(s)[a × stan + þina iftR × fastulf × fa]þur × s[in × kuþan ×],"Jovurfrid ... -fast lät resa denna sten efter Fastulv, sin gode fader",https://www.christerhamp.se/runor/gamla/u3/u1098.html,https://www.christerhamp.se/runor/gamla/u3/u1098.jpg
U 1100,"U 1100 - Uppland: Sundbro, Bälinge socken",,...(a) þorkir * baþ * ybiR rista r-...,... Torgeir bad Öpir rista runorna ...,https://www.christerhamp.se/runor/gamla/u3/u1100.html,https://www.christerhamp.se/runor/gamla/u3/u1100s.jpg
U 1109,U 1109 - Uppland: Skuttunge kyrka,,gisl * ...-lfs,Gisle ...,https://www.christerhamp.se/runor/gamla/u3/u1109.html,https://www.christerhamp.se/runor/gamla/u3/u1109.jpg
U 1117,"U 1117 - Uppland: Vigle, Skuttunge",,biarn u- ... ...k -runka... ... ...₫ur sin kul hiuk ...,Björn och ... sin fader. Kol högg.,https://www.christerhamp.se/runor/gamla/u3/u1117.html,https://www.christerhamp.se/runor/gamla/u3/u1117s.jpg
U 1118,"U 1118 - Uppland: Örke, Skuttunge socken",,ufrir * ok kisl * litu * hakua * stain * at su[art] * broţur * sin,"Ofrid och Gisle lät hugga stenen efter Svart, sin broder",https://www.christerhamp.se/runor/gamla/u3/u1118.html,https://www.christerhamp.se/runor/gamla/u3/u1118s.jpg
U 1121,"U 1121 - Uppland: Örke, Skuttunge socken",,... iufur * u... ...,... Jovur ...,https://www.christerhamp.se/runor/gamla/u3/u1121.html,https://www.christerhamp.se/runor/gamla/u3/u1121s.jpg
U 1122,U 1122 - Uppland: Stavby kyrka,,suain auk ' sibi ' gunar ' litu * resa ' sten ' at hemkil faþur sin kirist hialbi ' sial ÷ emkels,"Sven och Sibbe och Gunnar lät resa stenen efter Hemkel, sin fader. Kristus hjälpe Hemkels själ",https://www.christerhamp.se/runor/gamla/u3/u1122.html,https://www.christerhamp.se/runor/gamla/u3/u1122s.jpg
U 1123,U 1123 - Uppland: Tuna kyrka,,... [...(u)]h[i] * litu ' risa stain ' if[t]iR [o](t)k[a]iR ' faţur sin,"... lät resa stenen efter Oddger, sin fader",https://www.christerhamp.se/runor/gamla/u3/u1123.html,https://www.christerhamp.se/runor/gamla/u3/u1123s.jpg
U 1124,U 1124 - Uppland: Tuna kyrka,,-,-,https://www.christerhamp.se/runor/gamla/u3/u1124.html,https://www.christerhamp.se/runor/gamla/u3/u1124.jpg
U 1126,U 1126 - Uppland: Alunda kyka,,[uluiuþnis-... ...-þnf]a * nnu * ub ' tnþk * uþnki,-,https://www.christerhamp.se/runor/gamla/u3/u1126.html,https://www.christerhamp.se/runor/gamla/u3/u1126s.jpg
U 1127,U 1127 - Uppland: Alunda kyka,,fasti ' ak ' iukiR ' ±i| |iltu ris| |stin aftiR bru(±) sin ' ±urot,Faste och Jogeir de lðt resa stenen efter sin broder Trond,https://www.christerhamp.se/runor/gamla/u3/u1127.html,https://www.christerhamp.se/runor/gamla/u3/u1127.jpg
U 1128,U 1128 - Uppland: Alunda kyka,,...nfþku × --in * ban-iuu ...-nuu ' kþn ' kuunþkt-,-,https://www.christerhamp.se/runor/gamla/u3/u1128.html,https://www.christerhamp.se/runor/gamla/u3/u1128s.jpg
U 1139,"U 1139 - Uppland: Lingnåre, Hållnäs",,huskarl ' auk tiuRi ' faþrkaR tuaiR rastu stain þina| |aftiR ' t=riuRkaiR (b)ruþur huskarlsa ' auk sun tiuRa in fasþikn raista runoR þisaR þaiR ---,"Huskarl och Djure, fader och son, reste denna sten efter Djurger, Huskarls broder och Djures son. Och Fasttegn ristade dessa runor",https://www.christerhamp.se/runor/gamla/u3/u1139.html,https://www.christerhamp.se/runor/gamla/u3/u1139s.jpg
U 1140,"U 1140 - Uppland: Burunge, Vendel",,fastkaiR fastlauk at sun sin litu (h)akua at nefkair,"Fastger, Fastlög efter sin son lät hugga efter Nävger",https://www.christerhamp.se/runor/gamla/u3/u1140.html,https://www.christerhamp.se/runor/gamla/u3/u1140s.jpg
U 1142,"U 1142 - Uppland: Åbyggeby, Vendel",,fastulfr lit rita stino ' abtiR ' huit'haufþa ' fauþur sin ' osmuntr| |risti ['] uk uihmar +,"Fastulv lät resa stenarna efter Vithövde, sin fader. Åsmund ristade och Vigmar.",https://www.christerhamp.se/runor/gamla/u3/u1142.html,https://www.christerhamp.se/runor/gamla/u3/u1142s.jpg
U 1143,U 1143 - Uppland: Tierps kyrka,,[klintr auk blikr × ristu stin × þinsi * iftiR kunu(i)þ] × faþur × sin + han [× foR bort miþ (i)kuari + kuþ trutin hialbi ont ...](r)[a *] kristin[a þu]r[iR + --an- × ri]s[ti +],"Klint och Blek reste denna sten efter Gunnvid, sin fader. Han for bort med Ingvar. Gud drotten hjälpe alla kristnas ande. Tore ristade runorna.",https://www.christerhamp.se/runor/gamla/u3/u1143.html,https://www.christerhamp.se/runor/gamla/u3/u1143.jpg
U 1144,U 1144 - Uppland: Tierps kyrka,,' kaiRfast(r) [auk hunifraR auk hrafn] ' auk ' fulkbiurn ' auk ţuriR ' litu rita stino ' aftiR ' kaiR[a] f[a]ţur sin ' kuţ hialbi (a)n- hnns ' osmuntr| |risti ' uk hiriaR ',"Gerfast och Hunifar och Ravn och Folkbjörnoch Tore, lät resa stenarna efter Gere, sin fader, Gud hjälpe hans ande. Ĺsmund ristade och Härjar.",https://www.christerhamp.se/runor/gamla/u3/u1144.html,https://www.christerhamp.se/runor/gamla/u3/u1144s.jpg
U 1149,"U 1149 - Uppland: Fleräng, Älvkarleby",,þurbiurn ' auk| |knutr ' þaiR litu rita=u stain þino| |oftiR ' kaiRmunta faþur sin kuþ hialbi hons| |salu| |uk| |kuþs muþiR ' suain ouk osmunrt markaþu stin þino,"Torbjörn och Knut de lät resa denna sten efter Germunde, deras fader. Gud och Guds moder hjälpe hans själ. Sven och Åsmund ristade denna sten.",https://www.christerhamp.se/runor/gamla/u3/u1149.html,https://www.christerhamp.se/runor/gamla/u3/u1149s.jpg
U 1150,"U 1150 - Uppland: Gårdskär, Älvkarleby",,-,-,https://www.christerhamp.se/runor/gamla/u3/u1150.html,https://www.christerhamp.se/runor/gamla/u3/u1150.jpg
U 1155,"U 1155 - Uppland: Hjälteberga, Simtuna",,hurulfr + auk + bahrtr + raistu + stain + aftir + raskulf + ku₫ hilbi + ant + hans,Rolf och Bjart reste stenen efter Raskulv. Gud hjälpe hans ande.,https://www.christerhamp.se/runor/gamla/u3/u1155.html,https://www.christerhamp.se/runor/gamla/u3/u1155s.jpg
U 1156,"U 1156 - Uppland: Hjälteberga, Simtuna",,snor[i]r + auk + kurukr × raistu + stain + ţin[a] + aftir + hariulf × aftir × faţur + sii,"Snorre och Krok reste denna sten efter Härjulv, efter sin fader",https://www.christerhamp.se/runor/gamla/u3/u1156.html,https://www.christerhamp.se/runor/gamla/u3/u1156s.jpg
U 1159,"U 1159 - Uppland: Skensta, Simtuna",,lafsi auk ' ... uk ' þorbiorn ÷ uk ÷ ul(f)... ...- ' uk ' fastbiarn ÷ þiR ' litu ÷ akua ' -... (f)aþur ÷ sin ' in ÷ ybi(R) ...,"Lafse och ... och Torbjörn och Ulv ... och Fastbjörn, de lät hugga ... sin fader. Och Öpir ...",https://www.christerhamp.se/runor/gamla/u3/u1159.html,https://www.christerhamp.se/runor/gamla/u3/u1159.jpg
U 1160,"U 1160 - Uppland: Ändersta, Simtuna",,liþsmoþr + lit + akua + sten + Rfti + iylburn + faþ,"Lidsman lät hugga stenen efter Igulbjörn, fader",https://www.christerhamp.se/runor/gamla/u3/u1160.html,https://www.christerhamp.se/runor/gamla/u3/u1160s.jpg
U 1164,"U 1164 - Uppland: Stora runhällen, Västerlövsta",,+ erlyg + lit + akua + sten + yfti + un... ...e... + sen + lifsten + iyk + runi +,Ernlög lät hugga stenen efter ... sin ... Livsten högg runorna,https://www.christerhamp.se/runor/gamla/u3/u1164.html,https://www.christerhamp.se/runor/gamla/u3/u1164s.jpg
U 1165,"U 1165 - Uppland: Rotbrunna, Härnevi",,hialmtis × (a)uk × þurstain × raistu × sta(i)na × -...-- -ftir × nuka +,Hjälmdis och Torsten reste dessa stenar efter Nocke. Erik högg.,https://www.christerhamp.se/runor/gamla/u3/u1165.html,https://www.christerhamp.se/runor/gamla/u3/u1165s.jpg
U 1167,"U 1167 - Uppland: Ekeby, Torstuna",,-urtr · let ' rta × ...-...-...--(u)---... ...(k)-l(f)-... ...r-----...- ' -tnR (f)(a)-u ' runm ' hufen ' þm ' raþa ' kan ',... lät resa ... runor ... för den som kan tyda.,https://www.christerhamp.se/runor/gamla/u3/u1167.html,https://www.christerhamp.se/runor/gamla/u3/u1167s.jpg
U 1168,U 1168 - Uppland: Österunda kyrka,,...u(i)tr × auk × kisl(a)uig × þaun × lti sa ×  ierunt × s(u)- ...-...-...- × risti × at ...,... och Gislög de lät resa stenen efter Järund ... reste efter ...,https://www.christerhamp.se/runor/gamla/u3/u1168.html,https://www.christerhamp.se/runor/gamla/u3/u1168s.jpg
U 1170,U 1170 - Uppland: Vittinge kyrka,,-,-,https://www.christerhamp.se/runor/gamla/u3/u1170k.html,https://www.christerhamp.se/runor/gamla/u3/u1170k.jpg
U 1173,"U 1173 - Uppland: Lilla Ramsjö, Vittinge",ᛆᚱᛁ ᛫ ᚱᛆᛋᛏᛁ ᛫ ᛋᛏᛅᛁᚿ ᛫ ᛆᚠᛏᛁᚱ ᛫ ᚼᛁᛆᛚᛘ ᛫ ᚠᛆᚦᚢᚱ ᛋᛁᚿ ᛫ ᚴᚢᚦ ᛫ ᚼᛁᛆᛚᛒᛁ ᛫ ᛆᚾᛏ ᚼᛆᚾᛋ,' ari + rasti + stain + aftir + (h)ialm + faþur sin + kuþ + hialbi + ant hans,"Are reste stenen efter Hjalm, sin fader. Gud hjälpe hans ande.",https://www.christerhamp.se/runor/gamla/u3/u1173.html,https://www.christerhamp.se/runor/gamla/u3/u1173s.jpg
U 1179,"U 1179 - Uppland: Svingbolsta, Östervåla",,-,-,https://www.christerhamp.se/runor/gamla/u3/u1179k.html,https://www.christerhamp.se/runor/gamla/u3/u1179k.jpg
U 1181,"U 1181 - Uppland: Lilla Runhällen, Nora",,...-(i) × lit × (a)kua ... ...[k × sa](l)fan × ek-...ns*fari ' a(f)i × kunu-s *,"... lät hugga [stenen] ... efter sig själv, Englandsfararen ...",https://www.christerhamp.se/runor/gamla/u3/u1181.html,https://www.christerhamp.se/runor/gamla/u3/u1181s.jpg
U ANF 1937;163,"U ANF 1937;163 - Uppland: Björkö, Adelsö",,anonk^ukmuRat rik þatikukmnona saka^rathitþa,-,https://www.christerhamp.se/runor/gamla/u3/uanf1937-163.html,https://www.christerhamp.se/runor/gamla/u3/uanf1937-163s.jpg
U ANF 1937;172,"U ANF 1937;172 - Uppland: Björkö, Adelsö",,þura · is haþ iR · li(r) ... (n)is--(t)inþ,"Tora är till åtlöje, därför att hon gjorde dräktpinnen",https://www.christerhamp.se/runor/gamla/u3/uanf1937-172.html,https://www.christerhamp.se/runor/gamla/u3/uanf1937-172s.jpg
U AST1;150,"U AST1;150 - Uppland: Ulvsunda, Bromma",,(u)-(s)--||-u| |uruakR uti misfulkiR (f)aki skaþi ua ???,"Var inte så livlig där ute, ande! Må missådaren drabbas av olycka! ...",https://www.christerhamp.se/runor/gamla/u3/uast1-150.html,https://www.christerhamp.se/runor/gamla/u3/uast1-150s.jpg
U AST1;179,U AST1;179 - Uppland: Vassunda prästgård,,...-tiberoseaua^sioru-...,-,https://www.christerhamp.se/runor/gamla/u3/uast1-179.html,https://www.christerhamp.se/runor/gamla/u3/uast1-179s.jpg
U AST1;183,U AST1;183 - Uppland: Vassunda prästgård,,(a)imarmorfai ¶ hlfakrimifa ¶ -kih-iiift -rsrstikfra ¶ atol(a)lristikf ¶ rsaorirmkif ¶ f-----s----,-,https://www.christerhamp.se/runor/gamla/u3/uast1-183.html,https://www.christerhamp.se/runor/gamla/u3/uast1-183s.jpg
U ATA 4741/44,"U ATA 4741/44 - Uppland: Husby, Spĺnga socken",,... ---(u) ---n * ---(u)a * ifti(R) ...--...,... hugga efter ...,https://www.christerhamp.se/runor/gamla/u3/uata4741-44.html,https://www.christerhamp.se/runor/gamla/u3/uata4741-44.jpg
U ATA 5234/45,"U ATA 5234/45 - Uppland: Vi, Övergran",,... : kiarþi ... : b...uk... : (r)(þ,... gjorde ...,https://www.christerhamp.se/runor/gamla/u3/uata5234-45.html,https://www.christerhamp.se/runor/gamla/u3/uata5234-45s.jpg
U ATA 3916/47,U ATA 3916/47 - Uppland: Skederids kyrka,,... ...-ontR sta... ...uaisHa... ...-ruM...,... står stenen ...,https://www.christerhamp.se/runor/gamla/u3/uata3916-47.html,https://www.christerhamp.se/runor/gamla/u3/uata3916-47s.jpg
U ATA 2999/50,U ATA 2999/50 - Uppland: Skederids kyrka,,... sin ... hiona ...,... sin ...,https://www.christerhamp.se/runor/gamla/u3/uata2999-50.html,https://www.christerhamp.se/runor/gamla/u3/uata2999-50s.jpg
U ATA 6263/56,U ATA 6263/56 - Uppland: Skånela kyrka,,... kuþa ...,... goda ...,https://www.christerhamp.se/runor/gamla/u3/uata6263-56.html,https://www.christerhamp.se/runor/gamla/u3/uata6263-56-1.jpg
U ATA 5733/59,U ATA 5733/59 - Uppland: Skånela kyrka,,... ...u * r... ... ont * ...,... lät resa [?] ... ande,https://www.christerhamp.se/runor/gamla/u3/uata5733-59.html,https://www.christerhamp.se/runor/gamla/u3/uata5733-59s.jpg
U ATA 5735/59,U ATA 5735/59 - Uppland: Eds kyrka,,... ...-tir * su... ... ...(k)... ...(l)...,... [e]fter [sin] so[n] ...,https://www.christerhamp.se/runor/gamla/u3/uata5735-59.html,https://www.christerhamp.se/runor/gamla/u3/uata5735-59as.jpg
U ATA 7269/60,U ATA 7269/60 - Uppland: Eds kyrka,,... ...(k) ' ger(a) ... ...-ur · sin ... ...(l)i... ...r × ok × e... ...r-... ...(i)simo-...,... och göra ... ... sin fader/broder .. - ... och ... r -,https://www.christerhamp.se/runor/gamla/u3/uata7269-60.html,https://www.christerhamp.se/runor/gamla/u3/uata7269-60a.jpg
U ATA4027/61,U ATA4027/61 - Uppland: Spĺnga kyrka,,...ke-...,,https://www.christerhamp.se/runor/gamla/u3/uata4027-61.html,https://www.christerhamp.se/runor/gamla/u3/uata4027-61s.jpg
U ATA 4822/64,"U ATA 4822/64 - Uppland: Hacksta, Össeby-Garn",,...u-r- (a)si ... ...þur sin,... sin fader / broder,https://www.christerhamp.se/runor/gamla/u3/uata4822-64.html,https://www.christerhamp.se/runor/gamla/u3/uata4822-64s.jpg
U ATA 6243/65,"U ATA 6243/65 - Uppland: Gånsta, Enköping",,... ...(R) : (b)---- ... ...--(t)en : suniR : fristns ¶ si--uþ : etiR muþiR þeRa : -... ...-- stena,"... efter Björn [?] och Torsten [?], Fröstens söner. Sigrun [?] heter deras moder ... stenar",https://www.christerhamp.se/runor/gamla/u3/uata6243-65.html,https://www.christerhamp.se/runor/gamla/u3/uata6243-65s.jpg
U ATA 5923/69,"U ATA 5923/69 - Uppland: Ängby, Lunda",ᛋᛏ,...---st...,-,https://www.christerhamp.se/runor/gamla/u3/uata5923-69.html,https://www.christerhamp.se/runor/gamla/u3/uata5923-69.jpg
U ATA 322-326-2000,U ATA 322-326-2000 - Uppland: Eds kyrka,,-,-,https://www.christerhamp.se/runor/gamla/u3/uata322-326-2000.html,https://www.christerhamp.se/runor/gamla/u3/uata322-326-2000.jpg
U ATA322-1391-2009,"U ATA322-1391-2009 - Uppland: Mälby, Tillinge",ᛆᚿᛑᚱᚢᛋ ᛬ ᚱᛁᛋ,andrus : ris...,Andreas ristade,https://www.christerhamp.se/runor/gamla/u3/uata322-1391-2009.html,https://www.christerhamp.se/runor/gamla/u3/uata322-1391-2009s.jpg
U ATA 322-4042-2009,U ATA 322-4042-2009 - Uppland: Vallentuna kyrka,ᚠᛦ × ᚱᛂᛋᛏᛁ × ᛋᛁᚾ × ᚦᛁᚾᛅ × ᛁᚠᛏᛁᛦ × ᚠᚱᚢᛋᛏᛁᚾ × ᚠᛅᚦᚢᚱ × ᛋ,... fR × resti × sin × þina × iftiR × frustin × faþur × s ...,"... fr reste denna sten efter Frösten , sin fader ...",https://www.christerhamp.se/runor/gamla/u3/uata322-4042-2009.html,https://www.christerhamp.se/runor/gamla/u3/uata322-4042-2009s.jpg
U ATA322-4035-2010,"U ATA322-4035-2010 - Uppland: Fyristorg, Uppsala",,... litu ' rit... ...,... lät resa ...,https://www.christerhamp.se/runor/gamla/u3/uata322-4035-2010.html,https://www.christerhamp.se/runor/gamla/u3/uata322-4035-2010s.jpg
U ATA351-1796-2014,U ATA351-1796-2014 - Uppland: Gamla Uppsala,,halhi ia... ¶ ...- hiialbi ... ¶ ...rina¶¶h alhi ... ¶ mikal^n ... ¶ ...atrina,Helig ... hjälp ...Katrina Helig ... Mikael ... Katrina,https://www.christerhamp.se/runor/gamla/u3/uata351-1796-2014.html,https://www.christerhamp.se/runor/gamla/u3/uata351-1796-2014s.jpg
U DLM;70,U DLM;70 - Uppland: Vassunda prästgård,,bintikaþ te burker teus bater kustatiaþ te ias kriistu istiberoseausiorumamenileþu-inuminaþtefurtusku,"Benedicat te, Borggeir, Deus Pater, custodiat te Iesus Christus _",https://www.christerhamp.se/runor/gamla/u3/udlm-70.html,https://www.christerhamp.se/runor/gamla/u3/udlm-70s.jpg
U F 2;43,"U F 2;43 - Uppland: Bultarbo, Skokloster",,fuþorkh-iastb(l)mR ??? ----,-,https://www.christerhamp.se/runor/gamla/u3/uf2-43.html,https://www.christerhamp.se/runor/gamla/u3/uf2-43s.jpg
U FV 1912;8,"U FV 1912;8 - Uppland: kv. Koppardosan, Sigtuna",,tiarfr × fik af × simskum × moni × skalaR × þis... (×) i ...(o)t(i) × in uirmuntr × f(a)þi × runor × þisar fuhl × ualua × slait × (f)aluon × fon kauk × o nos au-a,"Djärv förvärvade av en man från Samland denna våg i -land. Och Värmund ristade dessa runor. En fågel sönderslet den likbleke rövaren; man såg på asgöken, hur han svällde",https://www.christerhamp.se/runor/gamla/u3/ufv1912-8.html,https://www.christerhamp.se/runor/gamla/u3/ufv1912-8s.jpg
U FV 1933;134,"U FV 1933;134 - Uppland: kv. Granhäcken, Sigtuna",,þur × sarriþu × þursa trutin fliu þu nu funtin is af þiR þriaR þraR ulf × ¶ af þiR niu noþiR ulfr iii ¶ isiR þis isiR auk is uniR ulfr niut lu¶¶fia,"Sårfeberns spöke, jättarnas herre, fly nu! Du är funnen. Må du ha tre smärtor, ulv! Må du ha nio nödar, ulv! ...  ulv! Använd trolldomen väl!",https://www.christerhamp.se/runor/gamla/u3/ufv1933-134.html,https://www.christerhamp.se/runor/gamla/u3/ufv1933-134s.jpg
U FV 1946;258,"U FV 1946;258 - Uppland: Fällbro, Täby",,* uikr * uk * utryk * uk * bali * lata * raisa * mirki * iftR * faþur sn * rauþkar * uk skib * þu-- * -i-a-----i-iti * uk ---... skib * fa-tT,Vig och Otrygg och Balle låter resa denna minnesmärket efter sin fader Rodger och skepp ...,https://www.christerhamp.se/runor/gamla/u3/ufv1946-258.html,https://www.christerhamp.se/runor/gamla/u3/ufv1946-258s.jpg
U FV 1953;263,"U FV 1953;263 - Uppland: Helenelund, Sollentuna",,elka ' lit raisa stain ' eftiR ' sua=rtik ' b... ... ... -t ' eystain ' uk ' at ' emink ' suni ÷ sina ' in ' ikulfastr ...,"Helga lät resa stenen efter Svärting, sin man, och efter Östen och efter Häming, sina söner. Och Igulfast [ristade]",https://www.christerhamp.se/runor/gamla/u3/ufv1953-263.html,https://www.christerhamp.se/runor/gamla/u3/ufv1953-263s.jpg
U FV 1953;266,U FV 1953;266 - Uppland: SpÍnga kyrka,,,,https://www.christerhamp.se/runor/gamla/u3/ufv1953-266.html,https://www.christerhamp.se/runor/gamla/u3/ufv1953-266.jpg
U FV 1953;268,U FV 1953;268 - Uppland: Spånga kyrka,,... ...--n × at × -...,... [ste]n efter ...,https://www.christerhamp.se/runor/gamla/u3/ufv1953-268.html,https://www.christerhamp.se/runor/gamla/u3/ufv1953-268s.jpg
U FV 1953;270,U FV 1953;270 - Uppland: Skånela kyrka,,...ybiar- ... ... br(o)₫ur * sin ...,... Sigbjörn ... sin broder ...,https://www.christerhamp.se/runor/gamla/u3/ufv1953-270.html,https://www.christerhamp.se/runor/gamla/u3/ufv1953-270s.jpg
U FV 1953;274A,U FV 1953;274A - Uppland: Skånela kyrka,,... lit Ũ raisa Ũ staina Ũ ...a(h)...,... lät resa stenarna efter ...,https://www.christerhamp.se/runor/gamla/u3/ufv1953-274a.html,https://www.christerhamp.se/runor/gamla/u3/ufv1953-274a.jpg
U FV 1979;245,U FV 1979;245 - Uppland: Skånela kyrka,,... [li]t * raisa * s[taina * efti]R * s[ybi]ar[n]...ti,... lät resa stenarna efter Sigbjörn ...,https://www.christerhamp.se/runor/gamla/u3/ufv1979-245.html,https://www.christerhamp.se/runor/gamla/u3/ufv1979-245.jpg
U FV1954;4,U FV1954;4 - Uppland: Vallentuna prästgård,,... stin ' ₫ina ... ...-u(r)...,... denna sten ...,https://www.christerhamp.se/runor/gamla/u3/ufv1954-4.html,https://www.christerhamp.se/runor/gamla/u3/ufv1954-4.jpg
U FV 1955;216,"U FV 1955;216 - Uppland: Billby, S:t Per",,kuþrikr × au... kilauk × raistu stain × iftiR × þorkil × sun × sin × kuþ × hialbi ant hans,"Gudrik och Gillög  reste stenen efter Torkel, sin son. Gud hjälpe hans ande.",https://www.christerhamp.se/runor/gamla/u3/ufv1955-216.html,https://www.christerhamp.se/runor/gamla/u3/ufv1955-216s.jpg
U FV 1955;219,"U FV 1955;219  - Uppland: Rybylund, Kungs-Husby",,-,-,https://www.christerhamp.se/runor/gamla/u3/ufv1955-219.html,https://www.christerhamp.se/runor/gamla/u3/ufv1955-219s.jpg
U Fv 1955;222,U Fv 1955;222 - Uppland: Långtora kyrka,,-,-,https://www.christerhamp.se/runor/gamla/u3/ufv1955-222.html,https://www.christerhamp.se/runor/gamla/u3/ufv1955-222s.jpg
U FV 1958;250,"U FV 1958;250 - Uppland: S:t Lars ruin, Sigtuna",,× ...nuntr × lit × raisa × stain ₫ina × at × s(i)(k) × kuik-...n ×,"Anund reste stenen efter sig själv, medan han levde",https://www.christerhamp.se/runor/gamla/u3/ufv1958-250.html,https://www.christerhamp.se/runor/gamla/u3/ufv1958-250s.jpg
U FV 1959;188,"U FV 1959;188 - Uppland: Hammarby, Hammarby socken",,sikstain * auk * erin... ...itu stain * hkua * eftR * ail-... ... ...,Sigsten och Ärenvi lät hugga stenen efter Elev ...,https://www.christerhamp.se/runor/gamla/u3/ufv1959-188.html,https://www.christerhamp.se/runor/gamla/u3/ufv1959-188s.jpg
U FV 1959;196,U FV 1959;196 - Uppland: Hammarby kyrka,,× kr(e)stin × let × giara × merki × eftiR × sun sen × huir sum runum riþr × hafi byniR × firiR × alah sial × suni ÷ uaR faþiR ala ×,Kristin lät göra minnesmärket efter sin son. Var och en som tyder runorna have böner för Ales själ. Sune var Ales fader.,https://www.christerhamp.se/runor/gamla/u3/ufv1959-196.html,https://www.christerhamp.se/runor/gamla/u3/ufv1959-196.jpg
U FV 1959;250,U FV 1959;250 - Uppland: Sollentuna kyrka,,... stai- ...- · ebt... ... (a)nt ... ...u...,... sten ... efter ... ande ...,https://www.christerhamp.se/runor/gamla/u3/ufv1959-250.html,https://www.christerhamp.se/runor/gamla/u3/ufv1959-250s.jpg
U FV 1967;262 A,"U FV 1967;262 A - Uppland: Klockargården, Ed",,... ...a · mirki ...,... göra minnesmärke ...,https://www.christerhamp.se/runor/gamla/u3/ufv1967-262a.html,https://www.christerhamp.se/runor/gamla/u3/ufv1967-262a.jpg
U FV 1967;262 B,U FV 1967;262 B - Uppland: Eds kyrkogård,,ku-...,-,https://www.christerhamp.se/runor/gamla/u3/ufv1967-262b.html,https://www.christerhamp.se/runor/gamla/u3/ufv1967-262b.jpg
U FV 1968;279B,U FV 1968;279B - Uppland: Sollentuna kyrka,,-ikfastr : ak × une... ... ...a × eftiR × iluka × fţu... ...,Sigfast och Onäm ... efter Illuge [sin] fader,https://www.christerhamp.se/runor/gamla/u3/ufv1968-279b.html,https://www.christerhamp.se/runor/gamla/u3/ufv1968-279bs.jpg
U FV 1969;210,"U FV 1969;210  - Uppland: Veddesta, Järfälla",,ilfus un i biþR ua,lllvillige. Un(n)e frambesvärjer (dig) fördärv.,https://www.christerhamp.se/runor/gamla/u3/ufv1969-210.html,https://www.christerhamp.se/runor/gamla/u3/ufv1969-210s.jpg
U FV 1969;304A,"U FV 1969;304A - Uppland: kvarteret Sankt Per, Uppsala",,...t (h)... ...(i)...,-,https://www.christerhamp.se/runor/gamla/u3/ufv1969-304a.html,https://www.christerhamp.se/runor/gamla/u3/ufv1969-304as.jpg
U FV 1969;305,U FV 1969;305 - Uppland: Yttergrans kyrka,,... uiþ(b)... ...a...,-,https://www.christerhamp.se/runor/gamla/u3/ufv1969-305.html,https://www.christerhamp.se/runor/gamla/u3/ufv1969-305.jpg
U FV 1971;209,"U FV 1971;209 - Uppland: Lilla Söderby, Lunda",,...-a eftiR h-...,... efter ...,https://www.christerhamp.se/runor/gamla/u3/ufv1971-209.html,https://www.christerhamp.se/runor/gamla/u3/ufv1971-209-1.jpg
U FV 1971;212A,"U FV 1971;212A - Uppland: Vada by, Vada",,... (a)uk ' þurm... ...,... och Tormund ...,https://www.christerhamp.se/runor/gamla/u3/ufv1971-212a.html,https://www.christerhamp.se/runor/gamla/u3/ufv1971-212as.jpg
U FV 1971;212B,U FV 1971;212B - Uppland: Vada kyrka,,a... ... ok rahnui (s)--(i)i ok at| |t¶otur s,... och Ragnvi ... och efter dotter ...,https://www.christerhamp.se/runor/gamla/u3/ufv1971-212b.html,https://www.christerhamp.se/runor/gamla/u3/ufv1971-212b-1s.jpg
U FV 1971;213A,U FV 1971;213A - Uppland: øsseby —dekyrka,,...ui±r * uk * kunaR * litu * kera * (m)... ... ... sina ...,... vid och Gunnar lðr g—ra [minnesmðrket efter] ... deras ...,https://www.christerhamp.se/runor/gamla/u3/ufv1971-213a.html,https://www.christerhamp.se/runor/gamla/u3/ufv1971-213a.jpg
U FV 1971;213B,U FV 1971;213B - Uppland: Hammarby kyrka,,-,-,https://www.christerhamp.se/runor/gamla/u3/ufv1971-213b.html,https://www.christerhamp.se/runor/gamla/u3/ufv1971-213b.jpg
U FV 1972;172,U FV 1972;172 - Uppland: Lilla Vilunda,,' koþlauh ' reisti ' afR ' bonta sn,Gudlög reste [stenen] till minne av sin man,https://www.christerhamp.se/runor/gamla/u3/ufv1972-172.html,https://www.christerhamp.se/runor/gamla/u3/ufv1972-172s.jpg
U FV 1972;271,"U FV 1972;271 - Uppland: Uppsala, kv. Torget",,× skahi × a(u)- × --... ... ...- * risa × stin × aftir × frabiorn ×,Skage och ... resa stenen efter Fröbjörn.,https://www.christerhamp.se/runor/gamla/u3/ufv1972-271.html,https://www.christerhamp.se/runor/gamla/u3/ufv1972-271s.jpg
U FV 1972;272,U FV 1972;272 - Uppland: Össeby ödekyrka,,...- stain ... ... in uk * ikn-... ... moþur * s...,... sten ... sin moder ...,https://www.christerhamp.se/runor/gamla/u3/ufv1972-272.html,https://www.christerhamp.se/runor/gamla/u3/ufv1972-272s.jpg
U FV1973;146,"U FV1973;146 - Uppland: Skinna, Tillinge",,+ aratr + yk + ernkisl + yk + alfton + yk + futraþr litu + akua + sten + Rfti + kisl + faþur + sen +,"Harald och Ärngisl och Halvdan och Fotrad lät hugga stenen efter Gisl, sin fader.",https://www.christerhamp.se/runor/gamla/u3/ufv1973-146.html,https://www.christerhamp.se/runor/gamla/u3/ufv1973-146s.jpg
U FV 1973;194,U FV 1973;194 - Uppland: Uppsala domkyrka,,...(þ)r * litu rita stain þino ... ...tauaþum × i... ...þiR aihi yirþa * miþan st...n- ...,... lät resa denna sten ...,https://www.christerhamp.se/runor/gamla/u3/ufv1973-194.html,https://www.christerhamp.se/runor/gamla/u3/ufv1973-194.jpg
U FV 1973;199,"U FV 1973;199 - Uppland: Heby, Västerlövsta",,-,-,https://www.christerhamp.se/runor/gamla/u3/ufv1973-199.html,https://www.christerhamp.se/runor/gamla/u3/ufv1973-199.jpg
U FV 1975;169,"U FV 1975;169 - Uppland: Borresta, Orkesta",,...---... ...-- -hulf(r)iþ/hulf(r)iþ ris-- (s)t- iftiR utr * bruþur s...-,"... Igulfrid (?) reste stenen efter Utter, sin broder",https://www.christerhamp.se/runor/gamla/u3/ufv1975-169.html,https://www.christerhamp.se/runor/gamla/u3/ufv1975-169s.jpg
U FV 1975;171A,"U FV 1975;171A - Uppland, kv. Rådhuset 8, Uppsala",,₫ora ¶ --(a)tik fita,Tora ... fitta,https://www.christerhamp.se/runor/gamla/u3/ufv1975-171a.html,https://www.christerhamp.se/runor/gamla/u3/ufv1975-171as.jpg
U FV 1976;104,"U FV 1976;104 - Uppland: Domkyrkan, Uppsala",,rikr * ok * hulti *  fastkair * þaiR * litu * ...a stain * at * uikmar * faþur * sin * styriman * koþan : likbiarn * risti,"Ring (?) och Hulte [och] Fastger de lät [res]a stenen efter Vigmar, sin far, en god skeppshövding. Likbjörn ristade",https://www.christerhamp.se/runor/gamla/u3/ufv1976-104.html,https://www.christerhamp.se/runor/gamla/u3/ufv1976-104s.jpg
U FV 1976;107,"U FV 1976;107 - Uppland: Domkyrkan, Uppsala",,...-arn * uk * brantr litu * risa * stin * at * karluk * faţur * sin in * kitilbiarn at * broţur ybir risti run,"... [Bj]örn och Brand lät resa stenen efter Karlung, sin fader, och Kättilbjörn efter [sin] broder. Öpir ristade runorna",https://www.christerhamp.se/runor/gamla/u3/ufv1976-107.html,https://www.christerhamp.se/runor/gamla/u3/ufv1976-107s.jpg
U FV 1976;108,"U FV 1976;108 - Uppland: Tibble, Vassunda",,sih----... ...u... ...--...-... : -...- : -in : u-- : -...,Sig ...,https://www.christerhamp.se/runor/gamla/u3/ufv1976-108.html,https://www.christerhamp.se/runor/gamla/u3/ufv1976-108s.jpg
U FV 1977;162A,"U FV 1977;162A - Uppland: Runby, Ed",,-,-,https://www.christerhamp.se/runor/gamla/u3/ufv1977-162a.html,https://www.christerhamp.se/runor/gamla/u3/ufv1977-162a.jpg
U FV1977;162B,"U FV1977;162B - Uppland: S:t Ilians kyrka, Enköping",,... ... ...-b- ...,... b ...,https://www.christerhamp.se/runor/gamla/u3/ufv1977-162b.html,https://www.christerhamp.se/runor/gamla/u3/ufv1977-162bs.jpg
U FV 1978;226,"U FV 1978;226 - Uppland: Ösby, Lunda",,...-r * riti * stan * eftR * ermu- * ok| |kiarþi * bro * biarhi * kuþ * ¶ ... -uni ...-- * ftR þiahn,... reste stenen efter Ärnmund ... efter Tjägn och gjorde bron. Bärge Gud ... Sune,https://www.christerhamp.se/runor/gamla/u3/ufv1978-226.html,https://www.christerhamp.se/runor/gamla/u3/ufv1978-226s.jpg
U FV1979;246,"U FV1979;246 - Uppland: kv. Näktergalen, Uppsala",,ran--h-... ...ios---...(h)...(u)...(a),Ragn...(?),https://www.christerhamp.se/runor/gamla/u3/ufv1979-246.html,https://www.christerhamp.se/runor/gamla/u3/ufv1979-246s.jpg
U FV1979;249,U FV1979;249 - Uppland: Okänd plats,... ᛆᛘᛁᚴ,...-- a mik,... äger mig,https://www.christerhamp.se/runor/gamla/u3/ufv1979-249.html,https://www.christerhamp.se/runor/gamla/u3/ufv1979-249s.jpg
U FV 1981;201,"U FV 1981;201 - Uppland: Helgeandsholmen, Stockholm",,---₫=R---,-,https://www.christerhamp.se/runor/gamla/u3/ufv1981-201.html,https://www.christerhamp.se/runor/gamla/u3/ufv1981-201s.jpg
U FV 1983;229,"U FV 1983;229 - Uppland: kv. Guldet, Sigtuna",,...(k)s : iećsus ÷ iićsus : iećsus : ka=lka=ns ÷ ga=rd=uR ÷ iećsus ÷ iećs... <-uţh : raţţ runar>,"Jesus, Jesus, Jesus, kalkens väktare, Jesus, Jesus ... ... tyd runorna!",https://www.christerhamp.se/runor/gamla/u3/ufv1983-229.html,https://www.christerhamp.se/runor/gamla/u3/ufv1983-229s.jpg
U FV 1983;232,"U FV 1983;232 - Uppland: kv. Guldet, Sigtuna",,kiros -...,Herre (?),https://www.christerhamp.se/runor/gamla/u3/ufv1983-232.html,https://www.christerhamp.se/runor/gamla/u3/ufv1983-232s.jpg
U FV 1986;84,"U FV 1986;84 - Uppland: Bo gård, Lidingö",,asmut-r... ris-- * runaR * eftiR × stein * faþurs*faþur * sin * auk * faþur * siba * ok × geiRbiarnaR × aok... ulfs * eaR * merki * mikit * at * man * koþan ×,"Åsmund ristade runor efter Sten, sin farfar, och fadern till Sibbe och Gerbjörn ... ett stort minnesmärke efter en god man.",https://www.christerhamp.se/runor/gamla/u3/ufv1986-84.html,https://www.christerhamp.se/runor/gamla/u3/ufv1986-84s.jpg
U FV 1986;220A,"U FV 1986;220A - Uppland: Nibbla, Ekerö",,...-l : kuþ hialbi ...,... Gud hjälpe ...,https://www.christerhamp.se/runor/gamla/u3/ufv1986-220a.html,https://www.christerhamp.se/runor/gamla/u3/ufv1986-220as.jpg
U FV 1986;220C M,"U FV 1986;220C M  - Uppland: Stora gatan, Sigtuna",,fuþorkhnis,fuþorkhni[a]s,https://www.christerhamp.se/runor/gamla/u3/ufv1986-220c.html,https://www.christerhamp.se/runor/gamla/u3/ufv1986-220cs.jpg
U FV 1988;241,"U FV 1988;241 - Uppland: Rosersberg, Norrsunda",,kitil| |lit * hakua stin * þino * iftim * inku-- faþur sin o-... ...- hiri...R * markaþu *,Kättil lät hugga stenen efter Ingulf / Ingvar [?] sin fader. Åsmund och Herjar ristade,https://www.christerhamp.se/runor/gamla/u3/ufv1988-241.html,https://www.christerhamp.se/runor/gamla/u3/ufv1988-241s.jpg
U FV 1988;243,"U FV 1988;243 - Uppland: Uppsala, sjukhuset",,... ...-biarn * uk * þora * litu * ...-ri-... ... ...uaþ... ...,... -björn och Tora lät ...,https://www.christerhamp.se/runor/gamla/u3/ufv1988-243.html,https://www.christerhamp.se/runor/gamla/u3/ufv1988-243s.jpg
U FV 1990;32A,U FV 1990;32A - Uppland: Ekerö kyrka,,... stin : ₫insi * i--R : un...,... denna sten efter ...,https://www.christerhamp.se/runor/gamla/u3/ufv1990-32a.html,https://www.christerhamp.se/runor/gamla/u3/ufv1990-32as.jpg
U FV 1990;32B,"U FV 1990;32B - Uppland: Ärnevi, Funbo",,staki auk * þi-fi * litu * rist- * stain * þi-a * i-tir * himik + faþur × sin *,"Stake och Tjalve lät rista stenen efter Hemming, deras fader",https://www.christerhamp.se/runor/gamla/u3/ufv1990-32b.html,https://www.christerhamp.se/runor/gamla/u3/ufv1990-32bs.jpg
U FV 1990;39B,"U FV 1990;39B - Uppland: kv. Trädgårdsmästaren, Sigtuna",,liku a knif,Liko äger kniven,https://www.christerhamp.se/runor/gamla/u3/ufv1990-39b.html,https://www.christerhamp.se/runor/gamla/u3/ufv1990-39bs.jpg
U FV 1990;41B,"U FV 1990;41B - Uppland: kv. Trädgårdsmästaren, Sigtuna",,fuþorkhinastb--R -- ba ba,fuþorkh[ni]astb[ml]R ...,https://www.christerhamp.se/runor/gamla/u3/ufv1990-41b.html,https://www.christerhamp.se/runor/gamla/u3/ufv1990-41bs.jpg
U FV 1990;42,"U FV 1990;42 - Uppland: kv. Trädgårdsmästaren, Sigtuna",,...sti...,,https://www.christerhamp.se/runor/gamla/u3/ufv1990-42.html,https://www.christerhamp.se/runor/gamla/u3/ufv1990-42.jpg
U FV 1992;156,U FV 1992;156 - Uppland: Husby-Ärlinghundra kyrka,,sikfastr : auk : sihf ... aistu : stin : ţansi ... -u- ...  -iţ ... fria : aftR uifast : faţur sin : kuţ hialbi : auk : kuţ ... hiuk stin ...,"Sigfast och Sigf ... reste denna sten ... efter Vifast, sin fader. Gud hjälpe och Gud ... högg stenen",https://www.christerhamp.se/runor/gamla/u3/ufv1992-156.html,https://www.christerhamp.se/runor/gamla/u3/ufv1992-156s.jpg
U FV 1992;157,U FV 1992;157 - Uppland: Arlanda,,× kunar : auk biurn : auk × ţurkrimr × ra-... ...tain : ţina * at ţurst... × bruţur sin : is uas austr : tauţr * m... ...ari × auk × karţ... ...u ţisi,"Gunnar och Björn och Torgrim re[ste denna sten] efter Torsten, sin broder. Han dog österut m[ed Ing]var. Och gjorde denna bro.",https://www.christerhamp.se/runor/gamla/u3/ufv1992-157.html,https://www.christerhamp.se/runor/gamla/u3/ufv1992-157s.jpg
U FV 1992;159A,"U FV 1992;159A - Uppland: Gernerska gravkoret, Sigtuna",,... at × or... ...,... efter Orm ...,https://www.christerhamp.se/runor/gamla/u3/ufv1992-159a.html,https://www.christerhamp.se/runor/gamla/u3/ufv1992-159a.jpg
U FV1992;159B,"U FV1992;159B - Uppland: kv. Trädgårdsmästaren 9-10, Sigtuna",ᚴᚢᚾᛏ,kunt,Knut,https://www.christerhamp.se/runor/gamla/u3/ufv1992-159b.html,https://www.christerhamp.se/runor/gamla/u3/ufv1992-159bs-1.jpg
U FV 1992;161C,"U FV 1992;161C - Uppland: kv. Trädgĺrdsmästaren, Sigtuna",,fuţorkhniastbml fuţorkhniastbmlR burka a naikl ţina kuţusutr riti,fuţorkhniastbml fuţorkhniastbmlR Borga äger denna nagel. Gudmund ristade,https://www.christerhamp.se/runor/gamla/u3/ufv1992-161c.html,https://www.christerhamp.se/runor/gamla/u3/ufv1992-161cs.jpg
U FV 1992;166,"U FV 1992;166 - Uppland: kv. Trädgårdsmästaren, Sigtuna",,kunukr : iaR : matr : bestr : han a f mest : han iaR : þekili mari * selti * rif * a fe mest * aff ¶ asa,"Kungen är frikostigast med mat, han är rikast, han är givmildast. Marre (?) gav benet. Han är rikast ...",https://www.christerhamp.se/runor/gamla/u3/ufv1992-166.html,https://www.christerhamp.se/runor/gamla/u3/ufv1992-166s.jpg
U FV 1993;231,U FV 1993;231 - Uppland: Frösunda kyrkogård,,hu(l)r-... ... bi(e)r-/...bi(e)r- × þir l(i)tu kira * (m)-rki * iftiR × fu(l)n(e) * faþur * sin,"... -björn, de lät göra minnesmärket efter Fulner, sin fader",https://www.christerhamp.se/runor/gamla/u3/ufv1993-231.html,https://www.christerhamp.se/runor/gamla/u3/ufv1993-231s.jpg
U FV 1993;233,U FV 1993;233  - Uppland: Hammarby kyrkogård,,...mikR * lit * hkua * stain iftR s-... sin koþan,[Hä]ming lät hugga stenen efter sin gode [son],https://www.christerhamp.se/runor/gamla/u3/ufv1993-233.html,https://www.christerhamp.se/runor/gamla/u3/ufv1993-233s.jpg
U FV1993;234,"U FV1993;234 - Uppland: Dragby, Skuttunge",ᚦᚾᚠᚢ,þnfu / wnfu,-,https://www.christerhamp.se/runor/gamla/u3/ufv1993-234.html,https://www.christerhamp.se/runor/gamla/u3/ufv1993-234s.jpg
U FV 1993;235,"U FV 1993;235 - Uppland: Torsvi gård, Torsvi",,... tirf(R) ...-...urs-...,... Djärv ...,https://www.christerhamp.se/runor/gamla/u3/ufv1993-235.html,https://www.christerhamp.se/runor/gamla/u3/ufv1993-235s.jpg
U HG 1989;44,U HG 1989;44 - Uppland: Vallentuna,,"h-AhAhAukz Albu--
A(n)-",,https://www.christerhamp.se/runor/gamla/u3/uhg1989-44.html,https://www.christerhamp.se/runor/gamla/u3/uhg1989-44.jpg
U L1887,U L1887 - Uppland: Okänd ort,,hsanþi hri,-,https://www.christerhamp.se/runor/gamla/u3/ul1887.html,https://www.christerhamp.se/runor/gamla/u3/ul1887s.jpg
U KVHAAÅ2008;214,U KVHAAÅ2008;214 - Uppland: Gamla Uppsala kyrka,ᛔᚢᚱᚢᛏ,purut,-,https://www.christerhamp.se/runor/gamla/u3/ukvhaaa2008-214.html,https://www.christerhamp.se/runor/gamla/u3/ukvhaaa2008-214s.jpg
U NOR 1996;18A,"U NOR 1996;18A - Uppland: kv. Professorn 2, Sigtuna",,liþþþþþþþissi...-a...-,-,https://www.christerhamp.se/runor/gamla/u3/unor1996-18a.html,https://www.christerhamp.se/runor/gamla/u3/unor1996-18as.jpg
U NOR 1996;18D,"U NOR 1996;18D - Uppland: kv. Professorn 2, Sigtuna",,Rbnia fuþorkhninstbmlR,... fuþorkhniastbmlR,https://www.christerhamp.se/runor/gamla/u3/unor1996-18d.html,https://www.christerhamp.se/runor/gamla/u3/unor1996-18ds.jpg
U NOR 1997;29A,"U NOR 1997;29A - Uppland: kv. Professorn 2, Sigtuna",,ra₫| |₫u × runa- ... ...--- × stu-r--,Läs du runorna ...,https://www.christerhamp.se/runor/gamla/u3/unor1997-29a.html,https://www.christerhamp.se/runor/gamla/u3/unor1997-29as.jpg
U NOR 1997;29E,"U NOR 1997;29E - Uppland: kv. Professorn 4, Sigtuna",,rifi,Revben,https://www.christerhamp.se/runor/gamla/u3/unor1997-29e.html,https://www.christerhamp.se/runor/gamla/u3/unor1997-29es.jpg
U NOR1997;30C,"U NOR1997;30C - Uppland: kv. Professorn 4, Sigtuna",,fþma,-,https://www.christerhamp.se/runor/gamla/u3/unor1997-30c.html,https://www.christerhamp.se/runor/gamla/u3/unor1997-30cs.jpg
U NOR1997;30D,"U NOR1997;30D - Uppland: kv. Professorn 4, Sigtuna",,...bneiRm,-,https://www.christerhamp.se/runor/gamla/u3/unor1997-30d.html,https://www.christerhamp.se/runor/gamla/u3/unor1997-30ds.jpg
U NOR1997;30E,"U NOR1997;30E - Uppland: kv. Professorn 4, Sigtuna",,fuþ,fuþ[ork] / fitta,https://www.christerhamp.se/runor/gamla/u3/unor1997-30e.html,https://www.christerhamp.se/runor/gamla/u3/unor1997-30es.jpg
U NOR 1998;25,"U NOR 1998;25 - Uppland: kv. Professorn 4, Sigtuna",,... iorils × ouriþ × uaksnaur : kroke × bat han × riþu × bar-... ¶ ???????? han : riþu × aok × siþa × sarþ × sararan×uara × hafir × fult ¶ fikit × fly : braot riþa,,https://www.christerhamp.se/runor/gamla/u3/unor1998-25.html,https://www.christerhamp.se/runor/gamla/u3/unor1998-25s.jpg
U NOR 1998;27A,U NOR 1998;27A - Uppland: Spňnga kyrka,,...i -ftiR ...,... efter ...,https://www.christerhamp.se/runor/gamla/u3/unor1998-27a.html,https://www.christerhamp.se/runor/gamla/u3/unor1998-27a.jpg
U NOR 2000;21,"U NOR 2000;21 - Uppland:  kv. Professorn 1, Sigtuna",,... -it : tafast : rista : runir,... lät Tavast rista runorna,https://www.christerhamp.se/runor/gamla/u3/unor2000-21.html,https://www.christerhamp.se/runor/gamla/u3/unor2000-21s.jpg
U NOR 2000;24,"U NOR 2000;24 - Uppland: kv. Professorn 1, Sigtuna",,<k(R)slk...> <...-rl>/<...-kl>,-,https://www.christerhamp.se/runor/gamla/u3/unor2000-24.html,https://www.christerhamp.se/runor/gamla/u3/unor2000-24s.jpg
U NOR 2000;27A,"U NOR 2000;27A - Uppland: kv. Professorn 1, Sigtuna",,× hayr þu · huer hita · kiarþi eri × sliþi × harbu × þisi × hailum × hantum ... tnfrmfli?,Hör du vem som gjorde (?) detta. Er(r)e (?) denna harpa med fullgoda [lyckosamma] händer ...,https://www.christerhamp.se/runor/gamla/u3/unor2000-27a.html,https://www.christerhamp.se/runor/gamla/u3/unor2000-27as.jpg
U NOR 2000;30B,"U NOR 2000;30B - Uppland: kv. Professorn 1, Sigtuna",ᚠᚱPAXTEC,fr PAX TEC[UM],fr frid vare med dig,https://www.christerhamp.se/runor/gamla/u3/unor2000-30b.html,https://www.christerhamp.se/runor/gamla/u3/unor2000-30bs.jpg
U NOR 2001;19,"U NOR 2001;19 - Uppland: Sigtuna, kv. Professorn 1",,fufofafi----(o)þaþ...orarikukokakihuhohahinunonani tutotatibubob--...-umomamilulolali frufrofrafri nribu nus ftr mik : þur þir : mana : mist,- - - Lär (runorna) efter mig! Du må våga (?) mest av män,https://www.christerhamp.se/runor/gamla/u3/unor2001-19.html,https://www.christerhamp.se/runor/gamla/u3/unor2001-19s.jpg
U NOR 2001;12,"U NOR 2001;12 - Uppland: Sigtuna, kv. Professorn 1",,...-um * m--...-þan : a---...,-,https://www.christerhamp.se/runor/gamla/u3/unor2001-21.html,https://www.christerhamp.se/runor/gamla/u3/unor2001-21s.jpg
U NOR 2002;29,"U NOR 2002;29 - Uppland: Kungsgården, Gamla Uppsala",,uikula : a skal birnulfr skeki,Vigulla äger skålen. Björnulf,https://www.christerhamp.se/runor/gamla/u3/unor2002-29.html,https://www.christerhamp.se/runor/gamla/u3/unor2002-29s.jpg
U NOR2002;33A+F,U NOR2002;33A+F - Uppland: Spånga kyrka,ᛚᛅ,la,-,https://www.christerhamp.se/runor/gamla/u3/unor2002-33a.html,https://www.christerhamp.se/runor/gamla/u3/unor2002-33a.jpg
U NOR 2003;23,"U NOR 2003;23 - Uppland: Skesta, Vada",ᚢᛚᛅᚢᚼ × ᛚᛁᛏ × ᚱᛁᛏᛅ × ᛋᛏᛅᛁᚾ × ᛁᚠᛏᛁᛦᚼᚢᛚᛘᛅᛋᚢᚾᛋᛁᚾ,ulauh × lit × rita × stain × iftiRhulmasunsin,"Olög lät resa stenen efter Holme, sin son",https://www.christerhamp.se/runor/gamla/u3/unor2003-23.html,https://www.christerhamp.se/runor/gamla/u3/unor2003-23s.jpg
U RAÄ Lovö 293,U RAÄ Lovö 293 - Uppland: Lovö golfbana,,-,-,https://www.christerhamp.se/runor/gamla/u3/u-raa-lovo-293.html,https://www.christerhamp.se/runor/gamla/u3/u-raa-lovo-293s.jpg
U RR 1987;134,U RR 1987;134 - Uppland: Granby,,ikilauh × lit + hakua * eli ţsa * eftR + sun sin × sihfastr * auk * -ihilt * broţiR hans * ţ-u muţrkun bua i hu-um,"Ingelög lät hugga denna häll efter sin son Sigfast och ... hans broder [lät ocksĺ hugga ?]. De, moder och son, bor i Husa [?]",https://www.christerhamp.se/runor/gamla/u3/urr1987-134.html,https://www.christerhamp.se/runor/gamla/u3/urr1987-134s.jpg
U SD 2013;24,U SD 2013;24  - Uppland: Odensala kyrka,,... --uþiR runaR -u-a ... osmunt ...,... broder runor ... Åsmund ...,https://www.christerhamp.se/runor/gamla/u3/usd2013-24.html,https://www.christerhamp.se/runor/gamla/u3/usd2013-24s.jpg
U Sl 70,"U Sl 70 - Uppland: Sigtuna, kv. Professorn 2",,...-ofðu * gafogsfram…,-,https://www.christerhamp.se/runor/gamla/u3/usl70.html,https://www.christerhamp.se/runor/gamla/u3/usl70s.jpg
U TOR 1996;307,"U TOR 1996;307 - Uppland: Sigtuna, kv. Professorn 4",,fuþorkhniistbmlR,-,https://www.christerhamp.se/runor/gamla/u3/utor1996-307.html,https://www.christerhamp.se/runor/gamla/u3/utor1996-307s.jpg
U STERIK 2002;168,"U STERIK 2002;168 - Uppland: Helgeandsholmen, Stockholm",,hæra lin ÷ þæs kana a h=ok bæsæl k=øt hana g=ærit- hær agneta guþ sihni mik a=kneta sit bænekikta,"Herr Lin (?) äger denna kanna, och Päsel göt henne. Gerhard (?) Agneta, Gud signe mig. Agneta sit benedicta.",https://www.christerhamp.se/runor/gamla/u3/usterik2002-168.html,https://www.christerhamp.se/runor/gamla/u3/usterik2002-168s.jpg
U THS 10;58,"U THS 10;58 - Uppland: Kvarntorp, Täby socken",,isa * lit * stain hkua * iftR * stiub- sina * auk hlka li... ...a * ifR * suni * sina tan *  suain,Isa lät hugga stenen efter sina styvsöner och Helga lät hugga efter sina söner Dan och Sven ...,https://www.christerhamp.se/runor/gamla/u3/uths10-58.html,https://www.christerhamp.se/runor/gamla/u3/uths10-58s.jpg
U UR4;4,"U UR4;4 - Uppland: kv. Näktergalen, Uppsala",ᛘᛆᚱᛁᛆ,maria,Maria,https://www.christerhamp.se/runor/gamla/u3/uur4-4.html,https://www.christerhamp.se/runor/gamla/u3/uur4-4s.jpg
Vr 1,"Vr 1 - Värmland: Järsberg, Kristinehamn",,...ubaz hite ÷ h=arabana=z ¶ h=ait... ¶ ek e=rilaz runoz waritu,"Jag heter Leubaz. Jag heter Hrafn. Jag, erilen, skrev runorna.",https://www.christerhamp.se/runor/gamla/vr/vr1.html,https://www.christerhamp.se/runor/gamla/vr/vr1s.jpg
Vr 2,"Vr 2 - Värmland: Rör, Väse",ᛁᚢᛒᛁᚢᚱᚿ · ᛒᚱᚢᚦᚢᚱ · ᛌᛁᚿᛁ,uibiurn · bruþur · sin,"... [reste stenen efter] Vebjörn, sin broder",https://www.christerhamp.se/runor/gamla/vr/vr2.html,https://www.christerhamp.se/runor/gamla/vr/vr2s.jpg
Vr 3,"Vr 3 - Värmland: Västra Hovlanda, Hammarö",,: (b)iaurn : ri(s)-- [: stin : ₫in... ]iftr : iskir : si... ...,"Björn reste denna sten efter Esger, sin ...",https://www.christerhamp.se/runor/gamla/vr/vr3.html,https://www.christerhamp.se/runor/gamla/vr/vr3s.jpg
Vr 4,Vr 4 - Värmland: Övre Ulleruds kyrka,,fuþorkhniastblmR fuþ...,fuþorkhniastblmR fuþ...,https://www.christerhamp.se/runor/gamla/vr/vr4.html,https://www.christerhamp.se/runor/gamla/vr/vr4s.jpg
Vr NOR 1994;27,"Vr NOR 1994;27 - Värmland: Skramle, Gunnarskog",,...---þaah=ar(f)arka(i)o,Öda högg ensam. Jag känner faran.,https://www.christerhamp.se/runor/gamla/vr/vrnor1994-27.html,https://www.christerhamp.se/runor/gamla/vr/vrnor1994-27s.jpg
Vg 2,"Vg 2 - Västergötland: Säby, Berga",,biurn : raisti : stain : ₫ins- ...---n : (k)(a)(r)(₫)(i) * bru : ₫isa : aftir bi... ... sin : uuk : a-... (i)u(r)un(i) :,Björn reste denna sten [och] gjorde denna bro efter ... sin och [efter] Jorun [?],https://www.christerhamp.se/runor/gamla/vg/vg2.html,https://www.christerhamp.se/runor/gamla/vg/vg2.jpg
Vg 3,"Vg 3 - Västergötland: Armeneby, Bällefors",,: (t)umi : auk : þiR : broþR : risi : stin : þni : haftR : þurstin : fauþr,"Tumme och hans bröder reser denna sten efter Torsten, [deras] fader",https://www.christerhamp.se/runor/gamla/vg/vg3.html,https://www.christerhamp.se/runor/gamla/vg/vg3s.jpg
Vg 4,"Vg 4 - Västergötland: Stora Ek, Ek",,utr : skalt : raisti : stain : þinsi : aftir : þurstain : sun : sin : auk : stain:bru : karþi : (f)(i)(r)(i)(r) : (i)(s) : (a)(t)(i) : (þ)ria : buia : i : homri * auk : þria : tiauku : marka : at : airiki,"Odd skald reste denna sten efter Torsten, sin son, och gjorde stenbron. Han äge tre gårdar i Hamra och trettio mark hos Erik",https://www.christerhamp.se/runor/gamla/vg/vg4.html,https://www.christerhamp.se/runor/gamla/vg/vg4-1s.jpg
Vg 5,"Vg 5 - Västergötland: Magatan, Flistad",,gaez na^z glata,"Aam reste stenen / ristade runorna Ett spjut kommer att nå åverkaren Ge akt på den döde, ödeläggare! Giv akt på den döde! Fördärv!",https://www.christerhamp.se/runor/gamla/vg/vg5.html,https://www.christerhamp.se/runor/gamla/vg/vg5kops.jpg
Vg 6,"Vg 6 - Västergötland: Fägremo, Fägre",,₫air : onuntr : auk : ₫orstin : raistu : s... ...,"Önund och Torsten, de reste stenen ...",https://www.christerhamp.se/runor/gamla/vg/vg6.html,https://www.christerhamp.se/runor/gamla/vg/vg6s.jpg
Vg 7,"Vg 7 - Västergötland: Sörgården, Götlunda",,krim * risti * stin * efti * hltan * freta * sin *,"Grim reste stenen efter Halvdan, sin frände",https://www.christerhamp.se/runor/gamla/vg/vg7.html,https://www.christerhamp.se/runor/gamla/vg/vg7s.jpg
Vg 8,Vg 8 - Västergötland: Hjälstads kyrka,,kitikr × risti × stin × þena × eftiR × kimut × bruþur × sin × þen × kuþaa × kuþ albi ×,"Göting reste denna sten efter Germund, sin broder, en god man. Gud hjälpe.",https://www.christerhamp.se/runor/gamla/vg/vg8.html,https://www.christerhamp.se/runor/gamla/vg/vg8s.jpg
Vg 9,Vg 9 - Västergötland: Leksbergs kyrka,,× kunur : arsti : slin : þina : iftiR × a-(i)b × naka × foþur ÷ þrkls ×,"Gunnur reste denna sten efter Olov nacke, Torkels fader.",https://www.christerhamp.se/runor/gamla/vg/vg9.html,https://www.christerhamp.se/runor/gamla/vg/vg9s.jpg
Vg 10,Vg 10 - Västergötland: Leksbergs kyrkogård,,tho=rsten ÷ bri(a)s(t)(e)r,Torsten präst,https://www.christerhamp.se/runor/gamla/vg/vg10.html,https://www.christerhamp.se/runor/gamla/vg/vg10s.jpg
Vg 11,Vg 11 - Västergötland: Leksbergs backe,,₫orir × skurba × raisti × stin : ₫ino : ift(i)(r) [:] (k)(i)til × sun : sin,Tore skorpa reste denna sten efter sin son Kättil.,https://www.christerhamp.se/runor/gamla/vg/vg11.html,https://www.christerhamp.se/runor/gamla/vg/vg11s.jpg
Vg 12,"Vg 12 - Västergötland: Storegården, Hindsberg, Leksberg",,ol(a)f(r) : hnaki : -... ...ra : famtan : (b)o : kan-₫is... ...n(m)... ...(i)r₫i : s---... × alir : kaut : siar(₫)... ...,Olof Nacke ... femton gårdar ... Alla må skända Göt ...,https://www.christerhamp.se/runor/gamla/vg/vg12.html,https://www.christerhamp.se/runor/gamla/vg/vg12s.jpg
Vg 13,"Vg 13 - Västergötland: Nolgården, Karleby, Leksberg",,× þorir × skuba × risti stin : þikno : iftir ÷ kitil × sun : sin :× auk × (u)ftir : olaf × stro : sino ×,"Tore skorpa  reste denna sten efter Kättil, sin son och efter Oluv, sin forsterdotter / fostermor",https://www.christerhamp.se/runor/gamla/vg/vg13.html,https://www.christerhamp.se/runor/gamla/vg/vg13s.jpg
Vg 14,"Vg 14 - Västergötland: Rogstorp, Lyrestad",,(þ)(a)(i)r hat(i)kr [:] (h)a(r)(u)arþr : raistu * stain : i(f)t[ir : kunar : fa]þ[ur : sin :],"Hatting [?] och Härvard, de reste stenen efter Gunnar, sin fader",https://www.christerhamp.se/runor/gamla/vg/vg14.html,https://www.christerhamp.se/runor/gamla/vg/vg14s.jpg
Vg 15,"Vg 15 - Västergötland: Sunnevad, Mariestad",,¤ hruar : raisti : stein : þino : iftir : þorir : sun : sin :,"Roar reste denna sten efter Tore, sin son",https://www.christerhamp.se/runor/gamla/vg/vg15.html,https://www.christerhamp.se/runor/gamla/vg/vg15s.jpg
Vg 16,"Vg 16 - Västergötland: Mellomgården, Frölunda, Tidavad",,þir × osti × brtþr × raistu × stin : þi(s)i : iftir : þor : faþur : sin,"Åste och hans bröder reste denna sten efter Tore (?), sin fader",https://www.christerhamp.se/runor/gamla/vg/vg16.html,https://www.christerhamp.se/runor/gamla/vg/vg16s.jpg
Vg 18,Vg 18 - Västergötland: Gösslunda kyrka,,* uifir * risþi * stin * þai * iftiR * uisiti * buta,"Vifrid reste denna sten efter Visäte, [sin] man",https://www.christerhamp.se/runor/gamla/vg/vg18.html,https://www.christerhamp.se/runor/gamla/vg/vg18s.jpg
Vg 19,Vg 19 - Vðsterg—tland: G—sslunda kyrka,,tua : rRbur * fuen : ±ua : is(R) [* R...r] : ±uaRnu : Rtbrhakr : taiR,-,https://www.christerhamp.se/runor/gamla/vg/vg19.html,https://www.christerhamp.se/runor/gamla/vg/vg19.jpg
Vg 20,"Vg 20 - Västergötland: Västanåker, Gösslunda",,... risti × stin × iftiR × kurmar × sun × sin + iaR × uaR + trbin × a × iklanti ×,... reste stenen efter sin son Gudmar. Han blev dräpt i England,https://www.christerhamp.se/runor/gamla/vg/vg20.html,https://www.christerhamp.se/runor/gamla/vg/vg20s.jpg
Vg 22,Vg 22 - Västergötland: Häggesleds kyrkogård,,kala × faþuR × sin × kuþ × ...,"... [reste stenen efter] Kalle, sin fader. Gud [hjälpe hans själ]",https://www.christerhamp.se/runor/gamla/vg/vg22.html,https://www.christerhamp.se/runor/gamla/vg/vg22.jpg
Vg 23,Vg 23 - Västergötland: Häggesleds kyrkogård,,þurþr × sati × stina × iftiR × nus(t)in × faþur sin,"Tord satte stenen efter Öystein, sin fader",https://www.christerhamp.se/runor/gamla/vg/vg23.html,https://www.christerhamp.se/runor/gamla/vg/vg23.jpg
Vg 24,Vg 24 - Västergötland: Häggesleds kyrkogård,,: þo[r]þr : la[gþi ×] stain ... : muþur * s...,Tord lade stenen ... sin moder,https://www.christerhamp.se/runor/gamla/vg/vg24.html,https://www.christerhamp.se/runor/gamla/vg/vg24-1.jpg
Vg 27,Vg 27 - Västergötland: Häggesleds kyrka,,... ...ti ...(i)na ifti(R) (s)u(i)... ...,... satte dessa stenar efter ...,https://www.christerhamp.se/runor/gamla/vg/vg27.html,https://www.christerhamp.se/runor/gamla/vg/vg27s.jpg
Vg 30,Vg 30 -  Västergötland: Järpås kyrka,,× kabR × uk × uikmanr × satu × stin × þisi × uk × kaþu × bru × aftiR × þuru ×,Gapr [?] och Vigman satte denna sten och gjorde bron efter Tora,https://www.christerhamp.se/runor/gamla/vg/vg30.html,https://www.christerhamp.se/runor/gamla/vg/vg30s.jpg
Vg 32,Vg 32 - Västergötland: Kållands-Åsaka kyrka,,þurþr × uk : þurun × þana × risþu × stin × efti × era × alkuþan : trik,"Tord och Torun reste denna sten efter Ärre, en mycket god ung man",https://www.christerhamp.se/runor/gamla/vg/vg32.html,https://www.christerhamp.se/runor/gamla/vg/vg32s.jpg
Vg 33,"Vg 33 - Västergötland: Stommen, Mellby",,kRrua : rþi : sti : fti : tusa : sun : s-n : þua : hiti : sti,"Gervar [?] reste stenen efter Toste [?], sin son. Tora förde hit stenen",https://www.christerhamp.se/runor/gamla/vg/vg33.html,https://www.christerhamp.se/runor/gamla/vg/vg33s.jpg
Vg 34,"Vg 34 - Västergötland: Tolsgården, Mellby",,× ahmutr × risþi × stin × e... ...,Agmund reste stenen efter ...,https://www.christerhamp.se/runor/gamla/vg/vg34.html,https://www.christerhamp.se/runor/gamla/vg/vg34s.jpg
Vg 35,"Vg 35 - Västergötland: Läckö, Otterstad",,: tuliR : risþi : stin : þonsi : aft : þurkil : mag : si-,"Tolir reste denna sten efter Torkel, sin frände",https://www.christerhamp.se/runor/gamla/vg/vg35.html,https://www.christerhamp.se/runor/gamla/vg/vg35s.jpg
Vg 36,Vg 36 - Västergötland: Rackeby kyrkogård,,+ gunnur : ø₫(g)er +,Gunnur Ödger,https://www.christerhamp.se/runor/gamla/vg/vg36.html,https://www.christerhamp.se/runor/gamla/vg/vg36s.jpg
Vg 37,Vg 37 - Västergötland: Rackeby kyrka,,uþakrimR : sati : sin : þonsi : ift : oskil : sun ...,"Ödgrim [?] satte denna sten efter Eskil, [sin] son",https://www.christerhamp.se/runor/gamla/vg/vg37.html,https://www.christerhamp.se/runor/gamla/vg/vg37s.jpg
Vg 39,"Vg 39 - Västergötland: Åkersberg, Rackeby",,[₫r]asi : sati : stia : ₫asi : ut : haftan : sun : s(i)(n),"Trase satte denna sten efter Halvdan, sin son",https://www.christerhamp.se/runor/gamla/vg/vg39.html,https://www.christerhamp.se/runor/gamla/vg/vg39s.jpg
Vg 40,Vg 40 - Västergötland: Råda kyrka,,+ þurkil ÷ sati + stin + þasi + itiR + kuna + sun * sin + iR * uarþ + tuþr + i uristu + iR * bþiþus + kunukaR ×,"Torkel satte denna sten efter sin son Gunne. Han stupade i striden, då konungarna kämpade",https://www.christerhamp.se/runor/gamla/vg/vg40.html,https://www.christerhamp.se/runor/gamla/vg/vg40s.jpg
Vg 41,Vg 41 - Västergötland: Råda kyrka,ᚦᚢᚱᛅ ᛫ ᛚᛂᛏ ᛫ ᚴᛁᚱᛅ ᛫ ᛁᛏᛁᚱ ᛫ ᛏ,þura × let × kira × itir × t...,Tora lät göra [ minnesmärket ] efter T ...,https://www.christerhamp.se/runor/gamla/vg/vg41.html,https://www.christerhamp.se/runor/gamla/vg/vg41s.jpg
Vg 43,Vg 43 - Västergötland: Råda kyrka,,-,-,https://www.christerhamp.se/runor/gamla/vg/vg43.html,https://www.christerhamp.se/runor/gamla/vg/vg43s.jpg
Vg 44,Vg 44 - Västergötland: Skalunda kyrka,,...(r)iþr × risþi × stin + eftiR × sunu × sina × suin × ...,"... reste stenen efter sina söner, sven ...",https://www.christerhamp.se/runor/gamla/vg/vg44.html,https://www.christerhamp.se/runor/gamla/vg/vg44s.jpg
Vg 45,Vg 45 - Västergötland: Skalunda kyrka,,: hragli : auk : alkisl : satu : stin : þesi : eftR : serla : faþur : sin,"Hragli och Algisl satte denna sten efter Särle, sin fader",https://www.christerhamp.se/runor/gamla/vg/vg45.html,https://www.christerhamp.se/runor/gamla/vg/vg45s.jpg
Vg 46,Vg 46 - Västergötland: Skalunda kyrka,,+ m...--ræs--...æ : -...ris...,-,https://www.christerhamp.se/runor/gamla/vg/vg46.html,https://www.christerhamp.se/runor/gamla/vg/vg46s.jpg
Vg 47,Vg 47 - Västergötland: Strö kyrka,,... ...-- [:] þansi : uft : h(k)(l)ak : mak : sin :,"... denna sten efter Haklång[?], sin frände",https://www.christerhamp.se/runor/gamla/vg/vg47.html,https://www.christerhamp.se/runor/gamla/vg/vg47s.jpg
Vg 48 -,Vg 48 -,᛬ ᚴᚢᛏᛁ ᛬ ᛋᛏᛁ ᛬ ᛋᛏᛁᚾ ᛬ ᚦᛅᛋ,: kuti : sti : stin : þa(s)... ...,Gute satte denna sten ...,https://www.christerhamp.se/runor/gamla/vg/vg48.html,https://www.christerhamp.se/runor/gamla/vg/vg48s.jpg
Vg 50,Vg 50 - Västergötland: Husaby kyrkogård,,asur × aui × suin × auk × þorir × þir × lakþu [×] stin × þina × ufir × moþur × sina × oluf × (k)uþ hial(b)i × si(a)l × hinar × auk × kus moþir × auk × alir × kus iklar,"Assur och Sven och Tore, de lade denna sten över sin moder Oluv. Gud hjälpe hennes själ och Guds moder och alla Guds änglar",https://www.christerhamp.se/runor/gamla/vg/vg50.html,https://www.christerhamp.se/runor/gamla/vg/vg50s.jpg
Vg 51,Vg 51 - Västergötland: Husaby kyrkogård,ᛅᚠᛦ ᛬ ᛋᛅᛏᛁ ᛬ ᛋᛏᛁᚾ ᚦᛅᚾᛋᛁ ᛬ ᛁᚠᛏᛁᛦ ᛬ ᚼᚱᛁᚦᛅᚱ ᛬ ᛋᚢᚾ ᛋᛁᚾ ᛬,[ul]afR : sati : stin þansi : iftiR : hriþar : sun sin :,"Olov satte denna sten efter Redar, sin son",https://www.christerhamp.se/runor/gamla/vg/vg51.html,https://www.christerhamp.se/runor/gamla/vg/vg51s.jpg
Vg 52,Vg 52 - Västergötland: Husaby kyrkogård,ᚴᚤᚱᛂᚦᚱᛚᛁ,kyreþr li... ...,Gyrid lät ...,https://www.christerhamp.se/runor/gamla/vg/vg52.html,https://www.christerhamp.se/runor/gamla/vg/vg52s.jpg
Vg 53,Vg 53 - Västergötland: Husaby kyrka,,... ... ₫ina : ufiR : (s)(t)urb(i)(u)(r)n :,... [lät rista] denna [sten] efter Styrbjörn ...,https://www.christerhamp.se/runor/gamla/vg/vg53.html,https://www.christerhamp.se/runor/gamla/vg/vg53s.jpg
Vg 54,Vg 54 - Västergötland: Husaby kyrkogård,ᛁᚴ ᛁᚴ ᚢᚼᚾᛂ,ik ik uhne,-,https://www.christerhamp.se/runor/gamla/vg/vg54.html,https://www.christerhamp.se/runor/gamla/vg/vg54s.jpg
Vg 55,Vg 55 - Västergötland: Källby ås,,ulfR : auk : þiR : ra(k)nar : risþu : stin : þansi : iftiR : fara : faþur sin : ... ...ristin : man : saR : hafþi : kuþa : tru : til : kus :,"Ulf och Ragnar reste denna sten efter Fare, sin fader ... kristen man. Han hade god tro på Gud",https://www.christerhamp.se/runor/gamla/vg/vg55.html,https://www.christerhamp.se/runor/gamla/vg/vg55-1s.jpg
Vg 56,Vg 56 - Västergötland: Källby ås,,stur-akR + sati + stin + þasi + (i)ftiR + kaur + faþur + sin,"Styraker satte denna sten efter Kaur, sin fader",https://www.christerhamp.se/runor/gamla/vg/vg56.html,https://www.christerhamp.se/runor/gamla/vg/vg56s.jpg
Vg 57,Vg 57 - Vðsterg—tland: Lindðrva kyrkogÍrd,,m-ai,-,https://www.christerhamp.se/runor/gamla/vg/vg57.html,https://www.christerhamp.se/runor/gamla/vg/vg57-1.jpg
Vg 59,Vg 59 - Västergötland: Norra Härene gamla kyrka,,rifnikR : auk : kiali : auk : brunulfR : auk : kifulfR : satu : stin : þonsi : iftiR : fut : faþur : sin : harþa : kuþon : þign : sua : hifiR : osa : as : igi : mun : sum : kuin : ift : uir : siþon : kaurua :: hialmR : auk : hiali : hiaku : runaR *,"Rävning och Gälle och Brynjulv och Gävulv satte denna sten efter Fot, sin fader, en mycket god tägn. Åsa makens minne hedrat så som hustru hädan efter ej skall göra. Hjälm och Hjälle högg runorna.",https://www.christerhamp.se/runor/gamla/vg/vg59.html,https://www.christerhamp.se/runor/gamla/vg/vg59s.jpg
Vg 60,Vg 60 - Västergötland: Kinnevedums kyrkogård,,-,-,https://www.christerhamp.se/runor/gamla/vg/vg60.html,https://www.christerhamp.se/runor/gamla/vg/vg60s.jpg
Vg 61,"Vg 61 - Västergötland: Härlingstorp, Edsvära",,: tula : sati : sten : þ... ...[iR kR : sun] : sin : harþa × kuþon : trok : sa × uarþ : tuþr : o : uastr:uakm : i : uikiku :,"Tola satte denna sten efter Ger, sin son, en mycket god ung man. Han dog i västerväg i viking.",https://www.christerhamp.se/runor/gamla/vg/vg61.html,https://www.christerhamp.se/runor/gamla/vg/vg61s.jpg
Vg 62,"Vg 62 - Västergötland: Ballstorp, Edsvära",ᚢᛏᛚᛅᚴᛁ ᛬ ᚱᛁᛋᚦᛁ ᛬ ᛋᛏᛁᚾ ᛬ ᚦᚭᚾᛅ ᛁᚠᛏᛁᛦ ᛬ᚢᚢᛁᛏ ᛬ ᚼᛅᚱᚦᛅ ᛬ ᚴᚢᚦᚭᚾ ᛬ ᚦᛁᚴᚾ ᛬,utlaki : risþi : stin : þn- iftiR : uuit : harþa : kuþon : þikn :,"Utlage reste denna sten efter Öjvind, en mycket god tägn.",https://www.christerhamp.se/runor/gamla/vg/vg62.html,https://www.christerhamp.se/runor/gamla/vg/vg62s.jpg
Vg 65,Vg 65 - Västergötland: Norra Vånga kyrka,ᚺᚨᚢᚲᛟᚦᚢᛉ,haukoþuz,-,https://www.christerhamp.se/runor/gamla/vg/vg65.html,https://www.christerhamp.se/runor/gamla/vg/vg65s.jpg
Vg 66,"Vg 66 - Västergötland: Postgården, Norra Vånga",ᚭᛋᛅ × ᛅᚢᚴ × ᚦᚢᚱᛅ × ᚱᛁᛋᚦᚢ × ᛋᛏᛁᚾ × ᚦᚭᚾᛋᛁ × ᛁᚠᛏᛁᛦ × ᚭᛋᚴᚢᛏ ×,osa × auk × þura × risþu × stin × þonsi × iftiR × oskut ×,Åsa och Tore reste denna sten efter Åsgöt.,https://www.christerhamp.se/runor/gamla/vg/vg66.html,https://www.christerhamp.se/runor/gamla/vg/vg66s.jpg
Vg 67,Vg 67 - Västergötland: Saleby kyrka,,+ fraustin + karþi + kubl * þausi + aftiR + þuru + kunu + sino + su ... ...(s) + tutiR bast + miþ + altum + uarþi at + rata + au=k + at arkRi '+ kunu + saR + ias haukui +  krus + -... + uf + briuti,"Frösten gjorde detta minnesmärke efter Tora, sin hustru. ... dotter, bäst bland människor. Varde till en rate och en arg kvinna den som hugger sönder eller bryter stenen.",https://www.christerhamp.se/runor/gamla/vg/vg67.html,https://www.christerhamp.se/runor/gamla/vg/vg67s.jpg
Vg 68,Vg 68 - Västergötland: Saleby kyrkogård,,hær (*) ---...,Här ...,https://www.christerhamp.se/runor/gamla/vg/vg68.html,https://www.christerhamp.se/runor/gamla/vg/vg68s.jpg
Vg 69,Vg 69 - Västergötland: Saleby kyrkogård,,hær ÷ ligær ÷ kallo -...i ÷ af suntr-... :,Här ligger Kallo (?) från Sundr ...,https://www.christerhamp.se/runor/gamla/vg/vg69.html,https://www.christerhamp.se/runor/gamla/vg/vg69s.jpg
Vg 70,Vg 70 - Västergötland: Saleby kyrkogård,,mik a : ₫olfær : hær : ligæ(r) ...(i)s--...,Tolfer äger mig. Här ligger ...,https://www.christerhamp.se/runor/gamla/vg/vg70.html,https://www.christerhamp.se/runor/gamla/vg/vg70s.jpg
Vg 71,Vg 71 - Västergötland: Skara domkyrka,,+ mi(k) : a ...kbr : i(f)(a)rs --- ...-(k)...n--r : (r)...n +,Mig äger ... -kamp(?) Ivars son(?) ...,https://www.christerhamp.se/runor/gamla/vg/vg71.html,https://www.christerhamp.se/runor/gamla/vg/vg71s.jpg
Vg 72,"Vg 72 - Västergötland: Marumsgatan 12, Skara",,... ...su × ku... ...,... Åsa (?) ... hustru (?) ...,https://www.christerhamp.se/runor/gamla/vg/vg72.html,https://www.christerhamp.se/runor/gamla/vg/vg72s.jpg
Vg 73,Vg 73 - Västergötland: Synnerby kyrka,,× karR × auk × kali × reistu × stin × þensi × eftiR × ueurþ : faþur × sin * muk * kuþan * þekn *,"Kår och Kale reste denna sten efter Veurd, sin fader, en mycket god tägn",https://www.christerhamp.se/runor/gamla/vg/vg73.html,https://www.christerhamp.se/runor/gamla/vg/vg73s.jpg
Vg 74,Vg 74 - Västergötland: Vinköls skolgård,,× ak-(t)i × risti × stin × þonsi × eftiR × oskut × þekn [× ha]rþa + ku... ...ur × sin +,"Ågute reste denna sten efter Åsgöt, sin fader, en mycket god tägn.",https://www.christerhamp.se/runor/gamla/vg/vg74.html,https://www.christerhamp.se/runor/gamla/vg/vg74s.jpg
Vg 75,Vg 75 - Västergötland: Västra Gerums kyrka,,* ali : lakþi : stin : þasi : uftiR : uþu : kunu : s... ...u : harþa : kuþa,"Ale lade denna sten efter Öda, sin hustru mycket god",https://www.christerhamp.se/runor/gamla/vg/vg75.html,https://www.christerhamp.se/runor/gamla/vg/vg75s.jpg
Vg 76,"Vg 76 - Västergötland: Backgården, Bolum",,[s]uen : gislar:sun : let : gira : bro þæsa firir : sial : sina ok * [--þur sins :] þat ær : re(t) : h[-ær]ium : a=t= =biþia : bat[ær],Sven Gislarsson lät göra denna bro för sin och sin faders själ. Envar bör här bedja Pater [noster],https://www.christerhamp.se/runor/gamla/vg/vg76.html,https://www.christerhamp.se/runor/gamla/vg/vg76s.jpg
Vg 77,Vg 77 - Västergötland: Eggby kyrkogård,,+ auka : raisti : stain : þansi : aftiR : osbiurn : sun : sin ×,"Öga reste denna sten after Åsbjörn, sin son",https://www.christerhamp.se/runor/gamla/vg/vg77.html,https://www.christerhamp.se/runor/gamla/vg/vg77s.jpg
Vg 79,"Vg 79 - Västergötland: Klosterträdgården, Varnhem",,× katil : karþi * stan : þinsi aftR * katu kunu sina sustur þurils ×,"Kettil gjorde denna sten efter Kata, sin hustru, Torgils syster",https://www.christerhamp.se/runor/gamla/vg/vg79.html,https://www.christerhamp.se/runor/gamla/vg/vg79s.jpg
Vg 82,Vg 82 - Västergötland: Broddetorps kyrka,,... : risþi : ... ...a : kuþon :,... reste ... mycket god ...,https://www.christerhamp.se/runor/gamla/vg/vg82.html,https://www.christerhamp.se/runor/gamla/vg/vg82.jpg
Vg 85,Vg 85 - Västergötland: Stora Dala,,... haralt(r) * -... ---iR * kik * -...,... Harald ... efter Kik ...,https://www.christerhamp.se/runor/gamla/vg/vg85.html,https://www.christerhamp.se/runor/gamla/vg/vg85s.jpg
Vg 87,Vg 87 - Västergötland: Gudhems kyrka,,[au]liR * a[uk * ţurk]ls * lakţ[u * stin : efr *] tusta [* faţur] ...,"Örer och Torkel lade stenen efter Toste, [sin] fader",https://www.christerhamp.se/runor/gamla/vg/vg87.html,https://www.christerhamp.se/runor/gamla/vg/vg87s.jpg
Vg 88,Vg 88 - Västergötland: Gudhems kyrka,,: haraldær : gæ₫- -ualf (₫)(æ)nna : i(f)(i)(r) : s-...(u)a(r)- : {A} :+ ¶ + {AVE} {MARIA} : grati{A} ÷ plena : lat : f...ær :,Harald gjorde detta valv över ... Ave Maria gratia plena. Låt ...,https://www.christerhamp.se/runor/gamla/vg/vg88.html,https://www.christerhamp.se/runor/gamla/vg/vg88s.jpg
Vg 89,Vg 89 - Västergötland: Hornborga ödekyrkogård,,...-u₫... ...rk(i)-...,-,https://www.christerhamp.se/runor/gamla/vg/vg89.html,https://www.christerhamp.se/runor/gamla/vg/vg89.jpg
Vg 90,"Vg 90 - Västergötland: Torestorp, Håkantorp",ᛒᚢᚱᚦᛁᛦ × ᛋᛅᛏᛁ × ᛋᛏᛁᚾ × ᚦᚬᚾᛋᛁ × ᛁᚠᛏᛁᛦ × ᚼᛁ--ᚭ × ᛋᚢᚾ × ᛋᛁᚾ × ᚼᛅᚱᚦᛅ × ᚴᚢᚦᛅᚾ × ᛏᚱᛁᚴ ×,burþiR × sati × stin × þonsi × iftiR × h(i)--o × sun × sin × harþa × kuþan × trik ×,"Broder satte denna sten efter H... , sin son, en mycket god ung man",https://www.christerhamp.se/runor/gamla/vg/vg90.html,https://www.christerhamp.se/runor/gamla/vg/vg90s.jpg
Vg 92,Vg 92 - Västergötland: Högstena kyrka,,: iarutr : auk : a[uþin : risþu : s... ... ... as]ur : faþur : sin : bunt=(a) : hrþa : kuþan :,"Jorund och Audin reste stenen efter Assur, deras fader, en mycket god man",https://www.christerhamp.se/runor/gamla/vg/vg92.html,https://www.christerhamp.se/runor/gamla/vg/vg92s.jpg
Vg 93,Vg 93 - Västergötland: Rådene gamla kyrkogård,,+: rani * læt * gæra : sten : þænna : ¶ : a : pætar : faþur : sin :,"Rane lät göra denna sten efter Peter, sin fader",https://www.christerhamp.se/runor/gamla/vg/vg93.html,https://www.christerhamp.se/runor/gamla/vg/vg93s.jpg
Vg 95,Vg 95 - Västergötland: Valtorps kyrka,ᚱᛂᚼᛁᚿᛘᚮᚦ ᛬ ᛚᛅᛏ ᚵᛅᚱᛆ ᛬ ᚼᚢᛆᛚᚠ ᛬ ᛁᚠᛁᚱ ᛫ ᚵᚢᚿᚿᛆᚱ ᛬ ᛅᛋᛒᛂᚮᚱᚿᛆᚱ ᛫ ᛋᚮᚿ,rehinmoþ : læt * gæra : hualf : ifir * gunnar : æsbeorna=r * so=n : {HARALDVS : ME : FECIT : MAHISTER REGINMOT * LET * GERA * HVALF : IFIR : GVNNAR : ESBEORNAR : SON},"Reginmod lät göra denna gravvård över Gunnar, Äsbjörns son",https://www.christerhamp.se/runor/gamla/vg/vg95.html,https://www.christerhamp.se/runor/gamla/vg/vg95.jpg
Vg 98,"Vg 98 - Västergötland: Kyrketorps gård, Norra Kyrketorp",,...u : gerfor : læt : gæ... ... ulf : so=n : sin : ok : siht-...,"... Gervor lät göra ... Ulf, sin son och Sigtrygg ...",https://www.christerhamp.se/runor/gamla/vg/vg98.html,https://www.christerhamp.se/runor/gamla/vg/vg98s.jpg
Vg 100,Vg 100 - Västergötland: Flo kyrkogård,,*:: aluiR : rsþi : kuml : þusi ÷ RftR : þori : brþur : sin :,"Alver reste detta kummel efter Tore, sin broder",https://www.christerhamp.se/runor/gamla/vg/vg100.html,https://www.christerhamp.se/runor/gamla/vg/vg100s.jpg
Vg 101,"Vg 101 - Västergötland: Bragnum, Flo",,... ...-þi : kuml : þusi : RftiR : tak : faþur : sin : kuþ(a)n : þRkn : osbiu... ...,"... reste dessa kummel after Dag, sin fader, en god man. Asbjörn ...",https://www.christerhamp.se/runor/gamla/vg/vg101.html,https://www.christerhamp.se/runor/gamla/vg/vg101s.jpg
Vg 102,Vg 102 - Västergötland: Håle gamla kyrka,,oskutr × risþi × stin × þonsi × iftiR × uþkitil × faþur × sin × harþa × kuþan þikn,"Åsgöt reste denna sten efter Ödkel, sin fader, en mycket god man",https://www.christerhamp.se/runor/gamla/vg/vg102.html,https://www.christerhamp.se/runor/gamla/vg/vg102s.jpg
Vg 103,Vg 103 - Västergötland: Håle gamla kyrka,,: auþkil : uk : suin : karþu : kuml : þusi : RftiR : oskut : hlu : faþur :: sin : kuþan : þRkn :,"Ödkel och Sven gjorde detta minnesmärke efter Åsgöt , sin fader, en god man",https://www.christerhamp.se/runor/gamla/vg/vg103.html,https://www.christerhamp.se/runor/gamla/vg/vg103s.jpg
Vg 104,Vg 104 - Västergötland: Sals gamla kyrka,,: þurkarþr × sRti × stain × þRnsR : Rftir : tuka : mak : sin :,"Torgård / Torgärd satte denna sten efter Toke, sin måg",https://www.christerhamp.se/runor/gamla/vg/vg104.html,https://www.christerhamp.se/runor/gamla/vg/vg104s.jpg
Vg 105,Vg 105 - Västergötland: Särestads kyrka,,-mekr : lak₫i : stin : ₫(a)nsi * RftiR : stinbiurn : s... ... ... : halbi : ut : hans : auk : su : hlka : sata * maria,Häming lade denna sten efter Stenbjörn ... [ Gud ] hjälpe hans ande och den heliga sankta Maria,https://www.christerhamp.se/runor/gamla/vg/vg105.html,https://www.christerhamp.se/runor/gamla/vg/vg105s.jpg
Vg106,"Vg106 - Västergötland: Lassegården, Karleby, Leksberg",,... ...a : kubl : iftiR :* þoru * moþur : s... ...,"... detta kummel efter Tora, sin moder ...",https://www.christerhamp.se/runor/gamla/vg/vg106.html,https://www.christerhamp.se/runor/gamla/vg/vg106s.jpg
Vg 107,Vg 107 - Västergötland: Tuns kyrka,,[rifata × risþi × stin ×] ... aiftiR + þu-s... [auk × aiftiR × þurlaf ×],Rifata erste denna sten efter Torsten (?) och efter Torlaf,https://www.christerhamp.se/runor/gamla/vg/vg107.html,https://www.christerhamp.se/runor/gamla/vg/vg107s.jpg
Vg 108,Vg 108 - Västergötland: Tängs gamla kyrka,,: stulnufþi : risþi : stin : þonsi : iftiR : ... : fuþur : sin : miu(k) : kuþan : þikn :,"Stulnufþi reste dena sten efter ... sin fader, en mycket god man",https://www.christerhamp.se/runor/gamla/vg/vg108.html,https://www.christerhamp.se/runor/gamla/vg/vg108s.jpg
Vg 109,Vg 109 - Västergötland: Tängs gamla kyrka,,ku * s(e)ti * ...(k)...hl- faþu si... ...--... ...(s)kil i...,Gy satte [ denna sten efter ] ... sin fader ... Eskil [ högg runorna ? ],https://www.christerhamp.se/runor/gamla/vg/vg109.html,https://www.christerhamp.se/runor/gamla/vg/vg109s.jpg
Vg 110,"Vg 110 - Västergötland: Näsbyholm, Vänersnäs",,[kuþa × risiþ × sti]n × ifiti × h... uirþi × u[ti × hmini × sun × ... ...r × sin × kuþan × uas × m]uþ × kanat... ...--f[uufi × uk × ara... × silki × sim × ...ui × runa × uk ×],"Gyda reste stenen efter ... son ... hennes gode fader / broder, [ han ] var ... högg runorna",https://www.christerhamp.se/runor/gamla/vg/vg110.html,https://www.christerhamp.se/runor/gamla/vg/vg110-1s.jpg
Vg 112,Vg 112 - Västergötland: Ĺs kyrka,,ţuri : risţi : stn : ţonsi : efti : karl * sin : fR:la(k)(a) : (h)rţa : kuţon (t)rRk *,"Tore reste denna sten efter Karl, sin bolagsman, en mycket duktig man",https://www.christerhamp.se/runor/gamla/vg/vg112.html,https://www.christerhamp.se/runor/gamla/vg/vg112s.jpg
Vg 113,"Vg 113 - Västergötland: Lärkegapet, Töfta, Bjärby",,,,https://www.christerhamp.se/runor/gamla/vg/vg113m.html,https://www.christerhamp.se/runor/gamla/vg/vg113m.jpg
Vg 114,"Vg 114 - Västergötland: Börjesgården Töfta, Bjärby socken",,* þuri : risþi : stin : þonsi : ift- : tuka : bruþur : sin : harþa : kuþan : trik :,"Tore reste denna sten efter Toke, en mycket god man",https://www.christerhamp.se/runor/gamla/vg/vg114.html,https://www.christerhamp.se/runor/gamla/vg/vg114s.jpg
Vg 115,"Vg 115 - Västergötland: Stora Västölet, Tängene",,* þura * karþi * kubl * þa(u)si * aftiR * kiRmut * uar * sin * harþa * kuþon þagn * bruþur * fri(l)ifs,"Tora gjorde detta kummel efter Germund, sin make, en mycket god man, Fridlevs broder",https://www.christerhamp.se/runor/gamla/vg/vg115.html,https://www.christerhamp.se/runor/gamla/vg/vg115s.jpg
Vg 116,Vg 116 - Västergötland: Hyringa kyrka,,: þurstin : risþi : stin : þosi : iftiR : -...,Torsten reste denna sten efter ...,https://www.christerhamp.se/runor/gamla/vg/vg116.html,https://www.christerhamp.se/runor/gamla/vg/vg116s.jpg
Vg 117,Vg 117 - Västergötland: Levene kyrka,,× he(r)lfR × risþi × stin : eftiR × sunu × sina × uar × auk × þurgut × kuþ × halbi × selu × þiRa × uel þi ...,Härulv reste stenen efter sina söner Var och Torgöt. Gud hjälpe deras själar väl.,https://www.christerhamp.se/runor/gamla/vg/vg117.html,https://www.christerhamp.se/runor/gamla/vg/vg117s.jpg
Vg 118,Vg 118 - Västergötland: Slädene kyrkogård,,ronuig : karþi : kubl * þasi * oftiR suinuk : buta sin,"Rannvig gjorde detta minnesmärke efter Svennung, sin make",https://www.christerhamp.se/runor/gamla/vg/vg118.html,https://www.christerhamp.se/runor/gamla/vg/vg118s.jpg
Vg 119,Vg 119 - Västergötland: Sparlösa kyrka,,"a¤iuls kaf ÷ airikis sunR kaf alrik- -
: kisli : karţi : iftiR : kunar : bruţur [:] kubl : ţisi
---t---la kaf rau- at kialt(i) * ...a sa- faţiR ubsal faţiR suaţ a-a-u--ba ...-omas notu auk takaR ÷ aslriku lu--R ukţ-t a(i)u(i)sl
...s---n(u)(R)-a-- ţat sikmar aiti makuR airikis makin(i)aru ţuno * aft aiuis uk raţ runoR ţaR raki-ukutu iu ţar suaţ aliriku lu(b)u faţi '
ui(u)-am ...--ukrţsar(s)k(s)nuibin- ---kunR(u)k(l)ius-- ...iu","Öjuls, Eriks son, gav, [liksaĺ] gavAlrik
Gisle gjorde detta minnesmärke efter Gunnar, sin broder
... gav ... i gengäld ... Dĺ [?] satt fadern i Uppsala [?], fadern som ... Nätter och dagar. Alrik lu[bi]r fruktade [?] ej [?] Öjuls ...
... att Sigmar [eller segerfrejdad] heter Eriks son ... väldig strid. [?] Efter Öjuls [är minnesvĺrden rest] och tyd runorna där, de frĺn gudarna stammande, som Alrik lubu ristade ...",https://www.christerhamp.se/runor/gamla/vg/vg119.html,https://www.christerhamp.se/runor/gamla/vg/vg119-1s.jpg
Vg 122,"Vg 122 - Västergötland: Abrahamstorp, Barne-Åsaka",,: biurn : rsþi : stin : þinsi : ifti(r) : þiuþ : filuk:a : sia : kuþ : ialbi : ... : sunl : ok : su : kilka : sata marki,"Björn reste denna sten efter Tjod, sin bolagsman. Gud hjälpe hans själ och den heliga Sankta Maria.",https://www.christerhamp.se/runor/gamla/vg/vg122.html,https://www.christerhamp.se/runor/gamla/vg/vg122s.jpg
Vg 123,"Vg 123 - Västergötland: Västergården, Barne-Åsaka",,: riuiþr : risiþ : sti : þasi : auftiR : kirm : su : sin : miuk : kuþan : trik :,"Rivid (?) reste denna sten efter Grim, sin son, en mycket god man",https://www.christerhamp.se/runor/gamla/vg/vg123.html,https://www.christerhamp.se/runor/gamla/vg/vg123s.jpg
Vg 124,Vg 124 - Västergötland: Ryda kyrka,,osmuntr : risþi : stin : þansi : ifiR : tuk * faþur * sin,"Åsmund reste denna sten efter Toke, sin fader",https://www.christerhamp.se/runor/gamla/vg/vg124.html,https://www.christerhamp.se/runor/gamla/vg/vg124s.jpg
Vg 125,Vg 125 - Västergötland: Södra Kedums kyrka,,biurn * k-r(₫)i * kubl * ₫asi * aftiR * ul(f) * (b)(r)(u)(₫)ur * sin * saR ** uaR * tr-(k)(r) ba(s)tr * i (b)il(e)i(k) * (i)(u)(t)(a),"Björn gjorde deta minnesmärke efter Ulv, sin broder. Han var den bäste unge mannen i ...",https://www.christerhamp.se/runor/gamla/vg/vg125.html,https://www.christerhamp.se/runor/gamla/vg/vg125s.jpg
Vg 127,Vg 127 - Västergötland: Larvs hed,,,,https://www.christerhamp.se/runor/gamla/vg/vg127.html,https://www.christerhamp.se/runor/gamla/vg/vg127s.jpg
Vg 128,"Vg 128 - Västergötland: Per Jonsgården, Österbitterna",,hakun * ouk * þurkutr * risþu * stin * þina * iftiR * faþur * sin * r--- * bu(t)(a) * kuþan *,Håkan och Torgöt reste denna sten efter sin fader ... en god man,https://www.christerhamp.se/runor/gamla/vg/vg128.html,https://www.christerhamp.se/runor/gamla/vg/vg128s.jpg
Vg 130,"Vg 130 - Västergötland: Skånum, Grolanda",,: kuþmutr : rsþi : stin : þesi : eftiR : eskil : brþur : sin : trek : harþa : kuþan : h(k) : truki *,"Gudmund reste denna sten efter Eskil, sin broder, en mycket god man. Tryggve högg.",https://www.christerhamp.se/runor/gamla/vg/vg130.html,https://www.christerhamp.se/runor/gamla/vg/vg130s.jpg
Vg 133,"Vg 133 - Västergötland: Skyberg, Marka",,----þuriR : s(i)-u : su- raisþi * stin * þisi * -ftiR * suin * (b)(r)uþur * sin *,"... tor, Sidas son, reste denna sten efter Sven, sin broder",https://www.christerhamp.se/runor/gamla/vg/vg133.html,https://www.christerhamp.se/runor/gamla/vg/vg133s.jpg
Vg 134,"Vg 134 - Västergötland: Prästgården, Kinneve",,...siz alu h,-,https://www.christerhamp.se/runor/gamla/vg/vg134.html,https://www.christerhamp.se/runor/gamla/vg/vg134s.jpg
Vg 136,"Vg 136 - Västergötland: Lillegården, Svenstorp, Kinneved",,...(u)b- sati : stein : þen- ...-- : s(i)fa : bryþr -in -... ...-þa,"... satte denna sten ... Säfi, sin broder ... god",https://www.christerhamp.se/runor/gamla/vg/vg136.html,https://www.christerhamp.se/runor/gamla/vg/vg136s.jpg
Vg 137,"Vg 137 - Västergötland: Sörby, Kinneved",,ali * auk * karli * risþu * stin * þansi * stin * þansi * iftiR * firist(i)n * faþur * sin * miuk * kuþan þikn,"Alle och Karle reste denna sten efter Frösten, sin fader, en mycket god tägn",https://www.christerhamp.se/runor/gamla/vg/vg137.html,https://www.christerhamp.se/runor/gamla/vg/vg137.jpg
Vg 138,Vg 138 - Västergötland: Vårkumla kyrkogård,ᚼᛅᚱ ᛬ ᛚᛁᚵᚵᛁᛆ ᛬ ᚠᛆᚦᚼᛆᚱ ᛬ ᛏᚢᛂᚱ ᛬ ᚼᛁᚦᛁᚿᚿ ᛬ ᚮᚴ ᛬ ᛂᚿᛆᚱᚱ ᛬ ᚼᛅᛏᚮ ᛬ ᚦᛂᚱ,+ hær ÷ liggia ÷ faþhar ÷ tuer ÷ hiþinn ÷ ok (÷) enarr ÷ hæto ÷ þer +,"Här ligger far och son, de två. Hedin och Einar, de hette så.",https://www.christerhamp.se/runor/gamla/vg/vg138.html,https://www.christerhamp.se/runor/gamla/vg/vg138s.jpg
Vg 139,Vg 139 - Västergötland: Vårkumla kyrkogård,,...-utr : risþi : stin : þ-... ...R : kuþmut : faþur : sin : ruku : su... ...rþa : kuþan,"... -göt reste denna sten efter Gudmund, sin fader, Ruggas (?) son, mycket god",https://www.christerhamp.se/runor/gamla/vg/vg139.html,https://www.christerhamp.se/runor/gamla/vg/vg139s.jpg
Vg 140,"Vg 140 - Västergötland: Madängsbro, Velinga",,... × let + risa × sten + þena + e(f)-iR esk(u)- -r...,... lät resa denna sten efter Åsgöt ...,https://www.christerhamp.se/runor/gamla/vg/vg140.html,https://www.christerhamp.se/runor/gamla/vg/vg140s.jpg
Vg 141,Vg 141 - Västergötland: Mularps kyrka,,... firir : biþia ...,... be för ...,https://www.christerhamp.se/runor/gamla/vg/vg141.html,https://www.christerhamp.se/runor/gamla/vg/vg141s.jpg
Vg 143,Vg 143 - Västergötland: Näs kyrkogård,,"+ hær ÷ ligr ÷ ₫orkel ÷ ynksti +
+ son ÷ dahlanks ÷ ok ÷ steno +","Här ligger Torkel, Daglangs och Steinus yngste son",https://www.christerhamp.se/runor/gamla/vg/vg143.html,https://www.christerhamp.se/runor/gamla/vg/vg143s.jpg
Vg 149,"Vg 149 - Västergötland: Åsakatorp, Vartofta-Åsaka",,: ruka : s(a)... ...r : faþur : sin : auk : -...,Rugga sa[tte stenen efter] ... sin fader och ...,https://www.christerhamp.se/runor/gamla/vg/vg149.html,https://www.christerhamp.se/runor/gamla/vg/vg149.jpg
Vg 150,"Vg 150 - Västergötland: Skattegården, Velanda, Väne-Åsaka",,× þurui : risþi : stin : iftiR : ukmut : buta : sin : miuk : kuþan : þikn × þur : uiki ×,"Tyrvi reste stenen efter Ogmund, sin make, en mycket god tägn. Tor vige.",https://www.christerhamp.se/runor/gamla/vg/vg150.html,https://www.christerhamp.se/runor/gamla/vg/vg150s.jpg
Vg 151,Vg 151 - Västergötland: Eggvena kyrka,,: uifast : risþi : st(i)... ... ...R : uifa : hrþa : kuþan : þegn :,"Vifast reste denna sten efter Vive, en mycket god tägn.",https://www.christerhamp.se/runor/gamla/vg/vg151.html,https://www.christerhamp.se/runor/gamla/vg/vg151s.jpg
Vg 152,"Vg 152 - Västergötland: Håkansgården, Eggvena",,kunuar : resþi : stin : þani : eftiR : kana : bunta : sin : þegn harþa kuþan,"Gunnvar reste denna sten efter Kane, sin make, en mycket god tägn",https://www.christerhamp.se/runor/gamla/vg/vg152.html,https://www.christerhamp.se/runor/gamla/vg/vg152s.jpg
Vg 153,Vg 153 - Västergötland: Fölene kyrkogård,,: bun : risþi : sin : þo... ... : sun : sin : haþa : kuþan : tirik :,"Björn reste denna sten ... sin son, en mycket dugande man",https://www.christerhamp.se/runor/gamla/vg/vg153.html,https://www.christerhamp.se/runor/gamla/vg/vg153s.jpg
Vg 154,Vg 154 - Västergötland: Fölene kyrkogård,,osfriþr : risþi : stin : þonsi : eftiR : osgiR : hrþa : kuþan : trek : buta * sin,"Åsfrid reste denna sten efter Asger, en mycket dugande man, sin make",https://www.christerhamp.se/runor/gamla/vg/vg154.html,https://www.christerhamp.se/runor/gamla/vg/vg154s.jpg
Vg 155,Vg 155 - Västergötland: Hols kyrka,,... ...(s)(þ)i : stin : þna : iftiR : kuþmut : sun sin : þa-...,"... reste denna sten efter Gudmund, sin son ...",https://www.christerhamp.se/runor/gamla/vg/vg155.html,https://www.christerhamp.se/runor/gamla/vg/vg155s.jpg
Vg 156,Vg 156 - Västergötland: Remmene kyrka,,: ţurbiurn : risţi : sti- ... ...R : ţuri : bruţur:sun : sin : harţa : kuţan : suin :,"Torbjörn reste denna sten efter Tore, sin  brorson, en mycket dugande man",https://www.christerhamp.se/runor/gamla/vg/vg156.html,https://www.christerhamp.se/runor/gamla/vg/vg156s.jpg
Vg 157,"Vg 157 - Västergötland: Storegården Fröstorp, Hov",ᚦᚢᚱᚦᚱ ᛫ ᚱᛁᛋᚦᛁ ᛫ ᛋᛏᛁᚾ ᛫  ᚦᛂᛋᛁ ᛫ ᛂᚠᛏᛦ ᛫ ᚠᚢᛏᛁᚾ ᛫ ᚠᛅᚦᚢᚱ ᛫ ᛋᛁᚾ ᛫ ᚦᛅᚼᚾ ᛫ ᚼᚱᚦᛅ ᛫ ᚴᚢᚦᛅᚾ ᛫ ᚢᚴ ᛫ ᛂᚠᛏᛦ ᛫ ᛂᛋᛒᚢᚱᚾ ᛫ ᛒᚱᚦᚢᚱ ᛫ ᛋᛁᚾ ᛫ ᛏᚱᚴ ᛫ ᚼᚱᚦᛅ ᛫ ᚴᚦᛅᚾ ᛫,þurþr * risþi * stin * þesi * eftR * futin * faþur * sin * þahn * hrþa * kuþan * uk * eftR * esburn * brþur * sin * trk * hrþa * kþan *,"Tord reste denna sten efter Funnen, sin fader, en mycket god man, och efter Esbjörn, sin broder, en mycket god man.",https://www.christerhamp.se/runor/gamla/vg/vg157.html,https://www.christerhamp.se/runor/gamla/vg/vg157s.jpg
Vg 158- Västergötland: Fänneslunda kyrka,Vg 158- Västergötland: Fänneslunda kyrka,,kafli : risþi * stin * þesi * etR * kiRa * þahn * hrþa * kuþan * bruþur*sun * bitu,"Kafli reste denna sten efter Geiri, en mycket god tägn, Bitus brorson",https://www.christerhamp.se/runor/gamla/vg/vg158.html,https://www.christerhamp.se/runor/gamla/vg/vg158s.jpg
Vg 159,"Vg 159 - Västergötland: Hagahult, Hällstad",,...(k)i sat... ...,... satte ...,https://www.christerhamp.se/runor/gamla/vg/vg159.html,https://www.christerhamp.se/runor/gamla/vg/vg159s.jpg
Vg 160,"Vg 160 - Västergötland: Västergården, Väby, Hällstad",,þuri × risþi stn × þansi iftR × þuriuþ × faþur si(n),"Tore reste denna sten efter Torvid, sin fader",https://www.christerhamp.se/runor/gamla/vg/vg160.html,https://www.christerhamp.se/runor/gamla/vg/vg160s.jpg
Vg 161,"Vg 161 - Västergötland: Skräddargården, Härna",,: buli : resþi : stin : þonsi : eftiR : bulu : mag : sin :,"Bolli reste denna sten efter Bolla, sin frände.",https://www.christerhamp.se/runor/gamla/vg/vg161.html,https://www.christerhamp.se/runor/gamla/vg/vg161s.jpg
Vg 162,"Vg 162 - Västergötland: Bengtsgården, Rävicke, Möne",,* uebiurn * sa(t)(i) * (i)stin * (þ)ina * eftir * tuli * sunu * sin * tereke * haraþa kuþan,"Vebjörn satte denna sten efter Toli, sin son, en mycket god man",https://www.christerhamp.se/runor/gamla/vg/vg162.html,https://www.christerhamp.se/runor/gamla/vg/vg162s.jpg
Vg 163,Vg 163 - Västergötland: Rångedala kyrka,,+ hæra ÷ guþ : biþ : iak : signa + ... sigru- ...-þiær : uæra + ...,Herre Gud jag ber välsigna ... Sigrud ... vara ...,https://www.christerhamp.se/runor/gamla/vg/vg163.html,https://www.christerhamp.se/runor/gamla/vg/vg163s.jpg
Vg 164,"Vg 164 - Västergötland: Gretlanda by, Rångedala",,a^ue maria,Ave Maria,https://www.christerhamp.se/runor/gamla/vg/vg164.html,https://www.christerhamp.se/runor/gamla/vg/vg164s.jpg
Vg 165,Vg 165 - Västergötland: Södra Vings kyrka,ᛒᚮᛏᛁᛚᛑᛅᚱ ᛬ ᛚᛅᛐ ᛬ ᚵᛅᚱᛆ ᛬ ᚼᚢᛆᛚᚠ ᚦᛅᚿᚿᛆ ᛬ ᛁᚠᛁᚱ ᛬ ᛋᚢᛂᚿ ᛬ ᛑᛦᚱᛘᚮᛋᚮᚿ ᛬ ᚼᛆᚱᛆᛚᛑᛅᚱ ᛬ ᛋᛐᛂᚿᛘᛅᛋᛐᛆᚱᛁ ᛬ ᚵᛆᚱᚦᛁ,botildær : læt : gæra : hua(l)f þænna : ifir : sue n : dyrmoson : haraldær : stenmæstari : gærþi : {BOGILDER : LET GERA (:) HVALF : DENNA : IF IR : SVEN : DEV...OSON : AVE MARIA * GRATIA},Bothild lät göra detta valv över Sven Dyrmodsson. Harald stenmästare gjorde.,https://www.christerhamp.se/runor/gamla/vg/vg165.html,https://www.christerhamp.se/runor/gamla/vg/vg165s.jpg
Vg 166,Vg 166 - Västergötland: Södra Vings kyrkogård,,kafi : sati : s-... ...---... ...s :,Kafi satte stenen ...,https://www.christerhamp.se/runor/gamla/vg/vg166.html,https://www.christerhamp.se/runor/gamla/vg/vg166.jpg
Vg 167,Vg 167 - Västergötland: Södra Vings kyrkogård,,-,-,https://www.christerhamp.se/runor/gamla/vg/vg167.html,https://www.christerhamp.se/runor/gamla/vg/vg167.jpg
Vg 168,"Vg 168 - Västergötland: Hökerum, Södra Ving",,----- × kiarþi × ku(m)l × þus(i) × ef(t)iR × b-... sin × auþ...,... gjorde dessa minnesmärken efter ... sin ... Aud ...,https://www.christerhamp.se/runor/gamla/vg/vg168.html,https://www.christerhamp.se/runor/gamla/vg/vg168s.jpg
Vg 169,"Vg 169 - Vðsterg—tland: Svedjorna, S—dra Ving",,tuliR : auk : ±urni : kar±u : kuml : ±us(i) : iftiR : ±uri : auk : klaka : sunu : sina :,"Tule och Torny gjorde dessa minnesmðrken efter Tore och Klakki, deras s—ner",https://www.christerhamp.se/runor/gamla/vg/vg169.html,https://www.christerhamp.se/runor/gamla/vg/vg169.jpg
Vg 170,Vg 170 - Västergötland: Blidsbergs kyrkogård,,þerui : let : s... ...(a) : þesi : eftiR : þ-... ... ...(u)þulf : bunta : sin : auk : sun : sin,"Tyrve lät sätta dessa stenar efter ... och Tjodulv, sin make, och sin son",https://www.christerhamp.se/runor/gamla/vg/vg170.html,https://www.christerhamp.se/runor/gamla/vg/vg170s.jpg
Vg 171,Vg 171 - Västergötland: Blidsbergs kyrkogård,,: þura : kiarþi : kuml : þesi : eftiR : tusta : bunta : sin : herluks : bruþur :,"Tora gjorde dessa minnesmärken efter Toste, sin make, Herlögs broder",https://www.christerhamp.se/runor/gamla/vg/vg171.html,https://www.christerhamp.se/runor/gamla/vg/vg171s.jpg
Vg 172,"Vg 172 - Västergötland: Storegården, Blidsberg",,stari : risþ(i) ... ...(u)r : sin : in ...,Starre reste ... sin broder ...,https://www.christerhamp.se/runor/gamla/vg/vg172.html,https://www.christerhamp.se/runor/gamla/vg/vg172s.jpg
Vg 173,"Vg 173 - Västergötland: Prästgården, Böne",,kufi · sati · stein · þena · eftiR · þurþ · bruþur · sin · auk · bru · lagþi,"Guve satte denna sten efter Tord, sin broder, och lade bro",https://www.christerhamp.se/runor/gamla/vg/vg173.html,https://www.christerhamp.se/runor/gamla/vg/vg173s.jpg
Vg 174,"Vg 174 - Västergötland: Nöre, Dalum",,* kalmi : risþi : stin : þena : eftiR : helka : sun : sin : iaR : turknaþi :,"Gamle (?) reste denna sten efter Helge, sin son. Han drunknade.",https://www.christerhamp.se/runor/gamla/vg/vg174.html,https://www.christerhamp.se/runor/gamla/vg/vg174s.jpg
Vg 175,"Vg 175 - Västergötland: Silarps bro, Dalum",,rifr · (u)k · (u)(e)stin · risþu · stin þensi · aftiR · þurstin · fiþur · sin,"Räv och Västen reste denna sten efter Torsten, sin fader",https://www.christerhamp.se/runor/gamla/vg/vg175.html,https://www.christerhamp.se/runor/gamla/vg/vg175s.jpg
Vg 176,"Vg 176 - Västergötland: Östergården, Vedåsla, Dalum",,... karþi : kuml : þusi : e(f)(t)iR : --[f](t)[a]n : bruþur : sin ...,"... gjorde dessa minnesmärken efter Halvdan, sin broder ...",https://www.christerhamp.se/runor/gamla/vg/vg176.html,https://www.christerhamp.se/runor/gamla/vg/vg176s.jpg
Vg 177,Vg 177 - Västergötland: Humla gamla kyrka,,× kati : risþi : s... ... ...(t)ur : knikis,Kati reste stenen ... Gneggis / Kneikis (?) dotter / syster,https://www.christerhamp.se/runor/gamla/vg/vg177.html,https://www.christerhamp.se/runor/gamla/vg/vg177s.jpg
Vg 178,Vg 178 - Västergötland: Kölaby kyrka,᛬ ᛅᚵᛘᚢᚾᛏᚱ ᛬ ᚱᛁᛋᚦᛁ ᛬ ᛋᛏᛁᚾ ᛬ ᚦᚭᚾᛋᛁ ᛬ ᛁᚠᛏᛁᛦ ᛬ ᛁᛋᛒᛁᚢᚱᚾ ᛬ ᚠᚱᛁᚾᛏᛅ ᛬ ᛋᛁᚾ ᛬ ᛅᚢᚴ ᛬ ᛅᛋᛅ ᛬ ᛁᛏ ᛬ ᛒᚢᛏᛅ ᛬ ᛋᛁᚾ ᛬ ᛋᛆᛦ ᛬ ᚢᛅᛦ ᛬ ᚴᛚᛒᛁᚾᛋ ᛬ ᛋᚢᚾ ᛬ ᛋᛅᛦ ᛬ ᚢᛅᚱᚦ ᛬ ᛏᚢᚦᚱ ᛬ ᛁ ᛬ ᚴᚱᛁᚴᚢᛘ,: agmuntr : risþi : stin : þonsi : iftiR : isbiurn : frinta : sin : auk : (a)(s)(a) : it : buta : sin : ian : saR : uaR : klbins : sun : saR : uarþ : tuþr : i : krikum,"Agmund reste denna sten efter Äsbjörn, sin frände, och Åsa efter sin make, och han var Kolbens son. Han dog i Grekland.",https://www.christerhamp.se/runor/gamla/vg/vg178.html,https://www.christerhamp.se/runor/gamla/vg/vg178s.jpg
Vg 179,"Vg 179 - Västergötland: Lillegården, Kölaby",,: styr : þuþulfs : sun : rsþi : stin : þesi : eftiR : euit : bruþur : s-- trk hrþa : kuþan :,"Styr, Tjodulfs son, reste denna sten efter Övind, sin broder, en mycket dugande man",https://www.christerhamp.se/runor/gamla/vg/vg179.html,https://www.christerhamp.se/runor/gamla/vg/vg179s.jpg
Vg 180,"Vg 180 - Västergötland: Stommen, Kölaby",,: kartuki : sati : ste... ...an : eR : uar₫ ... ...(u)n(t)(i)n ...uk :,Kartoki satte stenen ... han var ... Fundin högg,https://www.christerhamp.se/runor/gamla/vg/vg180.html,https://www.christerhamp.se/runor/gamla/vg/vg180.jpg
Vg 181,"Vg 181 - Västergötland: Frugården, Norra Åsarp",,kufi : rsþi : stin : þesi : eftR : ulaf : sun : sin * trk * hrþa * kuþan * hn * uarþ * trbin * i * estlatum * hu(a)rþ(r) * iuk * s,"Guve lät resa denna sten efter Olof, sin son, en mycket god man. Han blev dräpt i Estland. Håvard (?) högg stenen.",https://www.christerhamp.se/runor/gamla/vg/vg181.html,https://www.christerhamp.se/runor/gamla/vg/vg181s.jpg
Vg 182,"Vg 182 - Västergötland: Skattegården, Hög, Norra Åsarp",,: sluta : reisþi : s(t)ein : þena : eftiR : esbiurn : felaga : sin : auk : karþi : bru : þesi,"Sluta reste denna sten efter Esbjörn, sin bolagsman",https://www.christerhamp.se/runor/gamla/vg/vg182.html,https://www.christerhamp.se/runor/gamla/vg/vg182s.jpg
Vg 184,Vg 184 - Västergötland: Smula kyrkogård,,: kuli : rsþi : stin : þesi : eftiR : rþr : kunu : sinaR : esburn : ok : iula : treka : hrþa : kuþa : ian : þiR : urþu : tuþiR : i : lþi : ustr :,"Gulle reste denna sten efter sin hustrus bröder Äsbjörn och Jule, mycket dugande unga män. Men de föll på krigståg österut.",https://www.christerhamp.se/runor/gamla/vg/vg184.html,https://www.christerhamp.se/runor/gamla/vg/vg184s.jpg
Vg 186,Vg 186 - Västergötland: Timmele kyrkogård,,* seytr : sati * stein * eftiR * ystin * kuþ * hialbi * saul : hans : auk * kus * muþiR * hilakR * kristr * i : himin*riki *,"Seytr satte stenen efter Östen. Gud hjälpe hans själ och Guds moder, helig Krist i himmelriket.",https://www.christerhamp.se/runor/gamla/vg/vg186.html,https://www.christerhamp.se/runor/gamla/vg/vg186s.jpg
Vg 187,Vg 187 - Västergötland: Vists kyrka,,+ giRi * sati * stin * þana * eftiR * kuþa * bruþur * sin * eR * a ok*lanti * altri * tynþi ×,"Gere satte denna stene efter Gude, sin broder. I England slöt han sina dagar",https://www.christerhamp.se/runor/gamla/vg/vg187.html,https://www.christerhamp.se/runor/gamla/vg/vg187s.jpg
Vg 189,"Vg 189 - Västergötland: Lilla Svenstorp, Länghem",,stifatr : sati : stin : þani : efti(r) ...,Styvjald (?) satte denna sten efter ...,https://www.christerhamp.se/runor/gamla/vg/vg189.html,https://www.christerhamp.se/runor/gamla/vg/vg189s.jpg
Vg 190,"Vg 190 - Västergötland: Månstadskulle, Månstad",,ikialtr : sati : s--n : þani : eftiR : krimulf : sun : si :,"Ingjald satte denna sten efter Grimulv, sin son",https://www.christerhamp.se/runor/gamla/vg/vg190.html,https://www.christerhamp.se/runor/gamla/vg/vg190s.jpg
Vg 191,Vg 191 - Västergötland: Nittorps gamla kyrka,,+ i...uk ᛫ f(u)-...þ +,-,https://www.christerhamp.se/runor/gamla/vg/vg191.html,https://www.christerhamp.se/runor/gamla/vg/vg191s.jpg
Vg 192,"Vg 192 - Västergötland: Sörgården, Gölingstorp, Nittorp",,suin : risti : stin : þena : eftiR : f(r)ua : sun : sin,"Sven reste denna sten efter , sin son",https://www.christerhamp.se/runor/gamla/vg/vg192.html,https://www.christerhamp.se/runor/gamla/vg/vg192s.jpg
Vg 193,Vg 193 - Västergötland: Svenljunga gamla kyrka,,... : stin : þani : e... ... bruþur : sifa,... denna sten efter ... Seves broder,https://www.christerhamp.se/runor/gamla/vg/vg193.html,https://www.christerhamp.se/runor/gamla/vg/vg193s.jpg
Vg 194,"Vg 194 - Västergötland: Herrekvarn, Svenljunga",,kuþmutr : karþi : kuml : þusi : eftiR : urmar : sun : si,"Gudmund gjorde detta minnesmärke efter Ormar, sin son",https://www.christerhamp.se/runor/gamla/vg/vg194.html,https://www.christerhamp.se/runor/gamla/vg/vg194s.jpg
Vg 195,"Vg 195 - Västergötland: Normanslid, Tranemo",,asur * sati * stin * þani * iftiR * anuta * bruþur * si,"Assur satte denna sten efter Anunde, sin broder",https://www.christerhamp.se/runor/gamla/vg/vg195.html,https://www.christerhamp.se/runor/gamla/vg/vg195s.jpg
Vg 196,"Vg 196 - Västergötland: Älvsborg, Göteborg",,+ gunbiorn : li(t) : g(i)r(a) : (s)(t)(i)n : þin(a) : (i)uir : i-----(a)neg : broþir : si...,"Gunbjörn lät göra denna sten över ... , sin broder",https://www.christerhamp.se/runor/gamla/vg/vg196.html,https://www.christerhamp.se/runor/gamla/vg/vg196s.jpg
Vg 197,Vg 197 - Västergötland: Dalums kyrka,,tuki · auk · þiR · bryþr · ristu · stin · þesi · eftiR : bryþr : sina · eR : uarþ · tu(þ)r uestr : en · anar : au(s)tr :,"Toke och hans bröder reste denna sten efter sina bröder. En dog västerut, den andra österut.",https://www.christerhamp.se/runor/gamla/vg/vg197.html,https://www.christerhamp.se/runor/gamla/vg/vg197s.jpg
Vg 198,Vg 198 - Västergötland: Dalums kyrka,,bruni ---(t)(i) · stin : þana · eftiR · eskil · (s)un · sin :,"Brune reste denna sten efter Eskil, sin son",https://www.christerhamp.se/runor/gamla/vg/vg198.html,https://www.christerhamp.se/runor/gamla/vg/vg198s.jpg
Vg 199,Vg 199 - Västergötland: Norra Lundby kyrka,,...-uisk : h---n : s(u)(n)a : liki : kuisk : hialms : kuna : halt... ...-iþ : k--... k-- : urþ : bar : ...,"... Hjalmrs(?), Halfdans(?) hustru(?) ...",https://www.christerhamp.se/runor/gamla/vg/vg199.html,https://www.christerhamp.se/runor/gamla/vg/vg199s.jpg
Vg 200,Vg 200 - Västergötland: Börstigs kyrka,,taviþær kæi,David gjorde,https://www.christerhamp.se/runor/gamla/vg/vg200.html,https://www.christerhamp.se/runor/gamla/vg/vg200s.jpg
Vg 201,Vg 201 - Västergötland: Börstigs kyrka,,ylfa abraham,"Ylva, Abraham",https://www.christerhamp.se/runor/gamla/vg/vg201.html,https://www.christerhamp.se/runor/gamla/vg/vg201s.jpg
Vg 203,Vg 203 - Västergötland: Färeds kyrka,ᚠᚱᚢᚦᚭᚴᚼᚿᛁᛆᛋᛐᛒᛘᛦ,fruþokhniastbmR,-,https://www.christerhamp.se/runor/gamla/vg/vg203.html,https://www.christerhamp.se/runor/gamla/vg/vg203s.jpg
Vg 204,Vg 204 - Västergötland: Götlunda kyrka,ᛆᚿᚢᛑᚱ ᛬ ᛁᚢᚿᛍ ᛬ ᚠᚱᚢ ᛬ ᛅᚱ ᛬ ᛘᛁᚿ ᛬ ᚱᚮ ᛬ ᚢᚿᛍᛆᛐ ᛬ ᚢᛁᚦᚼᛅᚱ ᛬ ᛘᛁᛐ ᛬ ᛋᚮᛐᛆᛚᛁ ᛬ ᛁ ᛆᚿᚢᛑᛅᚱ ᛬ ᛘᛅᛋᛐᛆᚱᛆ ᛬ ᛘᛆᚦᚱ ᛫ ᚢᛅᚱᛆ,anudær : iunc:fru : ær : min : ro : un(c) := =(a)t : uiþhær : mit : sotali : i anudær : mæstara : maþr ' uæra,Anund. Jungfrun är min ro ... Önund mästare ...,https://www.christerhamp.se/runor/gamla/vg/vg204-1.html,https://www.christerhamp.se/runor/gamla/vg/vg204s.jpg
Vg 206,Vg 206 - Västergötland: Älgarås kyrka,,frþor(k)hniastRm,frþorkhniastRm,https://www.christerhamp.se/runor/gamla/vg/vg206.html,https://www.christerhamp.se/runor/gamla/vg/vg206s.jpg
Vg 207,"Vg 207 - Västergötland: Grumpan, Sävare",,fuţarkgw ******** hnijďp(z)... **** tbeml(ń)(o)d ******,-,https://www.christerhamp.se/runor/gamla/vg/vg207.html,https://www.christerhamp.se/runor/gamla/vg/vg207s.jpg
Vg 208,"Vg 208 - Västergötland: Kyrkbacken,  Bredsäter",,-,-,https://www.christerhamp.se/runor/gamla/vg/vg208.html,https://www.christerhamp.se/runor/gamla/vg/vg208s.jpg
Vg 209,Vg 209 - Västergötland: Kinnevedums kyrka,,mari=a,Maria,https://www.christerhamp.se/runor/gamla/vg/vg209.html,https://www.christerhamp.se/runor/gamla/vg/vg209s.jpg
Vg 210,Vg 210 - Västergötland: Saleby kyrka,,÷ þa : iak : uar : gør : þa : uar : þushundraþ : tu : hu=ndraþ : tiuhu : uintr : ok : atta : fra : bRrþ : gus :+ a+g+l+a+ ÷ ¶ ÷ aue ÷ maria ÷ gracia ÷ plena ÷ ¶ ÷ dionisius : siþ ÷ benediktus ÷,"Då jag var gjord var ettusen två hundra tjugo vintrar och åtta från Guds börd. A.G.L.A. Var hälsad Maria, full av nåd. Välsignad vare Dionysos.",https://www.christerhamp.se/runor/gamla/vg/vg210.html,https://www.christerhamp.se/runor/gamla/vg/vg210s.jpg
Vg 211,"Vg 211 - Västergötland: kv. Borgmästaren, Skara",,ui + ki,-,https://www.christerhamp.se/runor/gamla/vg/vg211.html,https://www.christerhamp.se/runor/gamla/vg/vg211s.jpg
Vg 216,Vg 216 - Västergötland: Högstena kyrkogård,,kal anda uiþr kankla uiþr riþa(n)da uiþ uiþr rinanda uiþr s--ianda uiþ r sikn--a uiþr f-r(a)(n)da uiþr (f)liuh (a)=n(d)a s-- a(l)(t) fu--na uk um du-a,"[Jag galdrar] mot den galdrande, mot den gångande, mot den ridande, mot den rännande, mot den försåt sättande, mot den seglande, mot den farande, mot den flygande; uslingen ska allt ge sig av och till följd [av galdern] dö.",https://www.christerhamp.se/runor/gamla/vg/vg216.html,https://www.christerhamp.se/runor/gamla/vg/vg216s.jpg
Vg 219,"Vg 219 - Västergötland: Kyrkefalla kyrka, Tibro",᛭ ᚵᛂᛋᚢᛋ ᚵᚢᚦ ᛋᚴᛁᛆᛚᛑᚮᛚᚠᚮᚱ ᛬ ᚼᛆᚿ ᚵᚯᛐ ᛘᛁᚴ ᛬ ᚮᚴ ᛘᛆᚼᚿᚢᛋ ᛬ ᚮᚴ ᛒᛁᚮᚿ ᛬ ᛋᚴᛆᚱ ᛘᛁᚴ ᛬ ᛔᚱᚮᚡᛆᛋᛐᛆᚱ ᚼᛆᚿ,+ gesus guþ skialdolfor : han gøt mik : ok mahnnus : ok bion : skar mik : provasta=r  han,"Jesus. Gud. Sköldulv, han göt mig, och Magnus, och Björn skar mig, prost är han.",https://www.christerhamp.se/runor/gamla/vg/vg219.html,https://www.christerhamp.se/runor/gamla/vg/vg219s.jpg
Vg 220,Vg 220 - Västergötland: Värsås kyrka,ᛆᛋᛘᚢᛐᛅᚱ ᛬ ᚵᛅᚱᚦᛁ ᛬ ᛐᛦᚱ,asmutær : gærþi : tRr,Asmund gjorde dörren,https://www.christerhamp.se/runor/gamla/vg/vg220.html,https://www.christerhamp.se/runor/gamla/vg/vg220s.jpg
Vg 221,Vg 221 - Västergötland: Flakebergs kyrka,ᛋᚢᚿᚯ,{AVE ÷ MARIA ÷ GACIA ÷ PLENA ÷ DOMINUS ÷ TECV ÷¶ BENEDICTA ÷ TV : IN ÷ MVLIERIBVS ÷ ET ÷ BENEDICTVS ÷ FRVCTS VENTIS TVI ¶ SANCTA : CATERINA} ¶ sun(o) ÷,{Ave Maria gratia plena Dominus tecum. Benedicta tu in mulieribus et benedictus fructus ventris tui. Sancta Catarina.} Suno,https://www.christerhamp.se/runor/gamla/vg/vg221.html,https://www.christerhamp.se/runor/gamla/vg/vg221s.jpg
Vg 222,Vg 222 - Västergötland: Malma kyrka,,a=u=æ maria ÷ iæssus + {HAQUINUS MASISTER},Ave Maria Jesus {Haquinus magister},https://www.christerhamp.se/runor/gamla/vg/vg222.html,https://www.christerhamp.se/runor/gamla/vg/vg222s.jpg
Vg 227,Vg 227 - Västergötland: Suntaks kyrka,,av(e) : maria grakia,Ave Maria gratia,https://www.christerhamp.se/runor/gamla/vg/vg227.html,https://www.christerhamp.se/runor/gamla/vg/vg227s.jpg
Vg 228,Vg 228 - Västergötland: Trollhättan,,tawo l¶¶a(₫)odu,Jag ordnar inbjudan (?),https://www.christerhamp.se/runor/gamla/vg/vg228.html,https://www.christerhamp.se/runor/gamla/vg/vg228s.jpg
Vg 234,"Vg 234 - Västergötland: Lödöse, Kroken 1:16, S:t Peder",,un marka,En mark,https://www.christerhamp.se/runor/gamla/vg/vg234.html,https://www.christerhamp.se/runor/gamla/vg/vg234s.jpg
Vg 235,"Vg 235 - Västergötland: Lödöse, Kroken 1:22/16:1, S:t Peder",,h(o)l----,-,https://www.christerhamp.se/runor/gamla/vg/vg235.html,https://www.christerhamp.se/runor/gamla/vg/vg235s.jpg
Vg 241,"Vg 241 - Västergötland: Lödöse, Passagården 1:33, S:t Peder",,(p)nm(u)ninþ(p)hh,-,https://www.christerhamp.se/runor/gamla/vg/vg241.html,https://www.christerhamp.se/runor/gamla/vg/vg241s.jpg
Vg 242,"Vg 242 - Västergötland: Lödöse, Spetalen 1:11",,þorbon : brason : brattr þo-,Torbjörn Brattsson. Bratt To ...,https://www.christerhamp.se/runor/gamla/vg/vg242.html,https://www.christerhamp.se/runor/gamla/vg/vg242s.jpg
Vg 243,"Vg 243 - Västergötland: Lödöse, Spetalen 1:33. S:t Peder",,þo=rgel : na=kt=æga=l : risti : ru=nir : þeser : i : o=la=us : kiriki,Torkel Näktergal ristade dessa runor i Olavs kyrka,https://www.christerhamp.se/runor/gamla/vg/vg243.html,https://www.christerhamp.se/runor/gamla/vg/vg243s.jpg
Vg 244,Vg 244 - Västergötland: Hemsjö gamla kyrka,,a^la^r sia^la^r : hær d^o^pazs i ÷ þiuþ ÷ føri : mik ÷ skal,"Alla själar döps här in i församlingen genom mig, skålen",https://www.christerhamp.se/runor/gamla/vg/vg244.html,https://www.christerhamp.se/runor/gamla/vg/vg244-1s.jpg
Vg 245,Vg 245 - Västergötland: Herrljunga kyrka,,a=u=æ : maria ÷ iæssus,Ave Maria Jesus,https://www.christerhamp.se/runor/gamla/vg/vg245.html,https://www.christerhamp.se/runor/gamla/vg/vg245s.jpg
Vg 246,Vg 246 - Västergötland: Blidsbergs kyrka,᛭ ᚦᚮᚱᛘᚯᚦᚱ ᛬ ᚵᛁᛆᚱᚦᛁ ᛒᚯᚠᛁ,+ þormoþr : giarþi bofi,Tormod gjorde [dopfunten]. Bofi.,https://www.christerhamp.se/runor/gamla/vg/vg246.html,https://www.christerhamp.se/runor/gamla/vg/vg246s.jpg
Vg 247,Vg 247 - Västergötland: Hössna kyrka,,a=u=æ ÷ maria ÷ iæssus +,Ave Maria Jesus,https://www.christerhamp.se/runor/gamla/vg/vg247.html,https://www.christerhamp.se/runor/gamla/vg/vg247s.jpg
Vg 249,Vg 249 - Västergötland: Borgstena kyrka,,þh?(o)þs,-,https://www.christerhamp.se/runor/gamla/vg/vg249.html,https://www.christerhamp.se/runor/gamla/vg/vg249s.jpg
Vg 251,Vg 251 - Västergötland: Finnekumla kyrka,,atreos : -æe,Andreas gjorde,https://www.christerhamp.se/runor/gamla/vg/vg251.html,https://www.christerhamp.se/runor/gamla/vg/vg251s.jpg
Vg 252,Vg 252 - Västergötland: Gällstads kyrka,,antreos : kærþe kaR,Andreas gjorde karet,https://www.christerhamp.se/runor/gamla/vg/vg252.html,https://www.christerhamp.se/runor/gamla/vg/vg252s.jpg
Vg 257,Vg 257 - Västergötland: Tumbergs kyrkoruin,,... ...esþi : sen : ...iR : tufa : ma... ...,"... reste stenen efter Tuve, hans ingifta släkting ...",https://www.christerhamp.se/runor/gamla/vg/vg257.html,https://www.christerhamp.se/runor/gamla/vg/vg257s.jpg
Vg 258,Vg 258 - Västergötland: Norra Björke kyrka,,a=u=æ ma=ria g=rasia,Ave Maria gratia,https://www.christerhamp.se/runor/gamla/vg/vg258.html,https://www.christerhamp.se/runor/gamla/vg/vg258s.jpg
Vg 259,Vg 259 - Västergötland: Norra Björke kyrka,,fuþorkh,fuþorkh,https://www.christerhamp.se/runor/gamla/vg/vg259.html,https://www.christerhamp.se/runor/gamla/vg/vg259.jpg
Vg 260,"Vg 260 - Västergötland: Lödöse, Klostret 6:2, S:t Peder",ᛆᛚᛂᛌ᛬ᛐᛆᛚᛂᛌᛆᚱᚠᛆᛚᛂᛌ,ales : tales arfales,Du skall mata sådana bönder,https://www.christerhamp.se/runor/gamla/vg/vg260.html,https://www.christerhamp.se/runor/gamla/vg/vg260s.jpg
Vg 261,"Vg 261 - Västergötland: Lödöse, Passagården 1:68, S:t Peder",,hkli,Helge (?),https://www.christerhamp.se/runor/gamla/vg/vg261.html,https://www.christerhamp.se/runor/gamla/vg/vg261s.jpg
Vg 262,"Vg 262 - Västergötland: Lödöse, Passagården 1:76",,tibi sol(i) pækaui æþ m(a)lom koram ti fici uþ iustifi... ... (s)iribusm t=uis æþ finkas kom iutikaris,"Tibi soli peccavi et malum coram te feci, ut iustifi[ceris in] sermonibus tuis et vincas cum iudicaris.
Mot dig allena har jag syndat och gjort vad ont är i dina ögon; på det att du må finnas rättfärdig i dina ord och rättvis i dina domar.",https://www.christerhamp.se/runor/gamla/vg/vg262.html,https://www.christerhamp.se/runor/gamla/vg/vg262s.jpg
Vg 265,"Vg 265 - Västergötland: Lödöse, Spetalen 1:11, S:t Peder",,late genito=r uæ,Göm dig fader! Ve!,https://www.christerhamp.se/runor/gamla/vg/vg265.html,https://www.christerhamp.se/runor/gamla/vg/vg265s.jpg
Vg 269,"Vg 269 - Västergötland: Lödöse, Spetalen 1:16, S:t Peder",,b(æ)(t)a ÷ pa-iæ(a)-ia... ...-ibot------r--(a),-,https://www.christerhamp.se/runor/gamla/vg/vg269.html,https://www.christerhamp.se/runor/gamla/vg/vg269s.jpg
Vg 270,"Vg 270 - Västergötland: Långgatan, Lödöse",,fuþorkhniastblmRn-- - - ffffRRRRRffRfffRfRRffR,fuþorkhniastbmlR - - -,https://www.christerhamp.se/runor/gamla/vg/vg270.html,https://www.christerhamp.se/runor/gamla/vg/vg270s.jpg
Vg 271,"Vg 271 - Västergötland: Lödöse, Spetalen 1:21, S:t Peder",ᚠᛆᛘᛂᚱ,fa mer,Får jag mer!,https://www.christerhamp.se/runor/gamla/vg/vg271.html,https://www.christerhamp.se/runor/gamla/vg/vg271s.jpg
Vg 272,"Vg 272 - Västergötland: Lödöse, Spetalen 1:21",Pᚱᚼᛚ,{P}rhl,Plejel,https://www.christerhamp.se/runor/gamla/vg/vg272.html,https://www.christerhamp.se/runor/gamla/vg/vg272s.jpg
Vg 279,"Vg 279 - Västergötland: Lödöse, Kroken 14:2",,mun : þu ᛫ mik : man : þik : un : þu : m(e)r : an : þRr brmR mk,"Tänk på mig, jag tänker på dig! Älska mig, jag älskar dig! Förbarma dig över mig!",https://www.christerhamp.se/runor/gamla/vg/vg279.html,https://www.christerhamp.se/runor/gamla/vg/vg279s.jpg
Vg 280,"Vg 280 - Västergötland: Lödöse, Kroken 14:2, S:t Peder",,(u)ær þu * uin min * arnfintir * læk- ... ...-lek þit * hua * kenke,"Var min vän, Arnfinn! ... ... ginge",https://www.christerhamp.se/runor/gamla/vg/vg280.html,https://www.christerhamp.se/runor/gamla/vg/vg280s.jpg
Vg 281,"Vg 281 - Västergötland: Lödöse, Passagården 1:33, S:t Peder",,þ=n=oþ=n=oþ=n=o nnn ooo,"Jätte, nöd, gud",https://www.christerhamp.se/runor/gamla/vg/vg281.html,https://www.christerhamp.se/runor/gamla/vg/vg281s.jpg
Vg 283,"Vg 283 - Västergötland: Lödöse, Kroken 1:74, S:t Peder",ᚮᚮᚮᛐᛐᛐᛆᛆᛆᚱᚱᚱᚮᚮᚮᛐᛐᛐᛆᛆᛆᚱᚱᚱ,oootttaaarrr oootttaaarrr,Ottar. Ottar.,https://www.christerhamp.se/runor/gamla/vg/vg283.html,https://www.christerhamp.se/runor/gamla/vg/vg283s.jpg
Vg ATA 6451/87,"Vg ATA 6451/87 - Västergötland: kv. Tor, Skara",,oaþsean,-,https://www.christerhamp.se/runor/gamla/vg/vgata6451-87.html,https://www.christerhamp.se/runor/gamla/vg/vgata6451-87s.jpg
Vg Blennow 2016;187,Vg Blennow 2016;187 - Västergötland: Valstads kyrka,,ALEXANDER GVNVR HAR(A)(L)(D) harraldæ(r),Alexander Gunnar Harald Harald,https://www.christerhamp.se/runor/gamla/vg/vgblennow2016-187.html,https://www.christerhamp.se/runor/gamla/vg/vgblennow2016-187-1s.jpg
Vg FV 1972;265,"Vg FV 1972;265 - Västergötland: kv. Jupiter 5, Skara",ᚵᛂᚱᚦᛂᛆᚱ ᚢᛁᚦᚱ,gerþe aruiþr,gjorde Arvid,https://www.christerhamp.se/runor/gamla/vg/vgfv1972-265.html,https://www.christerhamp.se/runor/gamla/vg/vgfv1972-265s.jpg
Vg FV 1973;201B,"Vg FV 1973;201B - Västergötland: kv. Tellus 2, Skara",ᛆᚢᚾ ᛘᛆᚱᛁᛆ,auæ maria,Ave Maria,https://www.christerhamp.se/runor/gamla/vg/vgfv1973-201b.html,https://www.christerhamp.se/runor/gamla/vg/vgfv1973-201bs.jpg
Vg FV 1980;238,"Vg FV 1980;238 - Västergötland: Venevalla, Remmene",,...-- × risþu × s-... ...,... reste stenen ...,https://www.christerhamp.se/runor/gamla/vg/vgfv1980-238.html,https://www.christerhamp.se/runor/gamla/vg/vgfv1980-238s.jpg
Vg Fv1982;237,"Vg Fv1982;237 - Västergötland: Lödöse, Passagården 1:32",,(k)atoi + (u^k)ana + + aia + ragara + aia + ra(k)ar,-,https://www.christerhamp.se/runor/gamla/vg/vgfv1982-237.html,https://www.christerhamp.se/runor/gamla/vg/vgfv1982-237s.jpg
Vg FV 1983;236,"Vg FV 1983;236 - Västergötland: Lödöse (Magnusgatan), S:t Peder",,(h)agormr hialgar-r (l)i-unski-l-... ... þunt bloþ or rin or æ-r : bloþ or : rin or æ--,"Hagorm ... ... tunt blod, ur rinn ur ... ! Blod, ur rinn ur ...!",https://www.christerhamp.se/runor/gamla/vg/vgfv1983-236.html,https://www.christerhamp.se/runor/gamla/vg/vgfv1983-236s.jpg
Vg FV 1986;223,"Vg FV 1986;223 - Västergötland: kv. Iris 1-5, Skara",ᛏᛚᚾᛋ ᛆᛘᛁᚴ,...tlns a mik,... tlns äger mig,https://www.christerhamp.se/runor/gamla/vg/vgfv1986-223.html,https://www.christerhamp.se/runor/gamla/vg/vgfv1986-223-1.jpg
Vg FV 1992;170,"Vg FV 1992;170 - Västergötland: Skara, kv. Rådhuset",,...-nl kistil lai ...-n : lai : kistil : ma...,... kista ... ... kista ...,https://www.christerhamp.se/runor/gamla/vg/vgfv1992-170.html,https://www.christerhamp.se/runor/gamla/vg/vgfv1992-170.jpg
Vg FV 1992;171A,"Vg FV 1992;171A - Västergötland: kv. Rådhuset 30, Skara",,fuþork(h)... a-a ast sin ot...,fuþorkhnias ... sin älskade ...,https://www.christerhamp.se/runor/gamla/vg/vgfv1992-171a.html,https://www.christerhamp.se/runor/gamla/vg/vgfv1992-171a.jpg
Vg Fv 1992;171B,"Vg Fv 1992;171B - Västergötland: kv. Rådhuset 30, Skara",,...-----hbbh=mbhhhbbb-... sii,-,https://www.christerhamp.se/runor/gamla/vg/vgfv1992-171b.html,https://www.christerhamp.se/runor/gamla/vg/vgfv1992-171bs.jpg
Vg FV 1992;172,"Vg FV 1992;172 - Västergötland: kv. Rådhuset 30, Skara",,...--stu * niþir * ok * raþ * runur * si raþ,... nedan och tyd runorna ... Tyd!,https://www.christerhamp.se/runor/gamla/vg/vgfv1992-172.html,https://www.christerhamp.se/runor/gamla/vg/vgfv1992-172s.jpg
Vg FV 2007;37,Vg FV 2007;37 - Västergötland: Kinneveds kyrka,,kar guþ o=k u=arfr- a=u=n - a=r--,- Gud och vår fru - - -,https://www.christerhamp.se/runor/gamla/vg/vgfv2007-37.html,https://www.christerhamp.se/runor/gamla/vg/vgfv2007-37as.jpg
Vg NOR 1997;27,Vg NOR 1997;27 - Västergötland: Hols kyrka,,: ulfr : auk : asur : risþu : stin : þosi : eftiR : oslak : harþa : kuþan : þikn : faþur : sin : hrþa : frunan,"Ulf och Assur reste denna sten efter Aslak, en mycket god tägn, deras mycket vänsälle fader",https://www.christerhamp.se/runor/gamla/vg/vgnor1997-27.html,https://www.christerhamp.se/runor/gamla/vg/vgnor1997-27s.jpg
Vg NOR 1997;28,Vg NOR 1997;28 - Västergötland: Norra Åsarps by,,...ifi (:) r--s₫i (:) stein (:) ... ...-- : e-...-...-...u...,... reste stenen ...,https://www.christerhamp.se/runor/gamla/vg/vgnor1997-28.html,https://www.christerhamp.se/runor/gamla/vg/vgnor1997-28s.jpg
Vg NOR 2002;37,Vg NOR 2002;37 - Västergötland: Tun,,-,-,https://www.christerhamp.se/runor/gamla/vg/vgnor2002-37.html,https://www.christerhamp.se/runor/gamla/vg/vgnor2002-37.jpg
Vg RAÄ Skalunda 50,Vg RAÄ Skalunda 50 - Västergötland: Skalunda kyrka,ᚱ ᛬ ᛋᛁᚾ,r : sin,... sin fader / broder / moder ...,https://www.christerhamp.se/runor/gamla/vg/vgraaskalunda50.html,https://www.christerhamp.se/runor/gamla/vg/vgraaskalunda50.jpg
Vg SHM 27600:74:NE3621,"Vg SHM 27600:74:NE3621 - Västergötland: Lödöse, Spetalen 1:7, S:t Peder",,fuþorkhniastblmR boi : n,fuþorkhniastblmR Bue äger (?),https://www.christerhamp.se/runor/gamla/vg/vgshm27600.html,https://www.christerhamp.se/runor/gamla/vg/vgshm27600s.jpg
"Västergötland: St Olofs kyrka, Falköping","Västergötland: St Olofs kyrka, Falköping",,ioha^nns raþmik þaus -umt-k^nil bu- deus,Johannes läs mig Gud - - Gud,https://www.christerhamp.se/runor/gamla/vg/vgstolof.html,https://www.christerhamp.se/runor/gamla/vg/vgstolof-1s.jpg
Vg VGD 1984;75,Vg VGD 1984;75 - Västergötland: Lödöse (Eriksgatan),,+ petar a mik iohannes risti mik,"Peter äger mig, Johannes ristade mig.",https://www.christerhamp.se/runor/gamla/vg/vgvgd1984-75.html,https://www.christerhamp.se/runor/gamla/vg/vgvgd1984-75s.jpg
Vg VGD 1984;79,Vg VGD 1984;79 - Västergötland: Lödöse (Eriksgatan),,+ fþbuha...,-,https://www.christerhamp.se/runor/gamla/vg/vgvgd1984-79.html,https://www.christerhamp.se/runor/gamla/vg/vgvgd1984-79s.jpg
Vg VGD 1987;117,Vg VGD 1987;117 - Västergötland: Lödöse (Landstingsgropen),,...Rfa,-,https://www.christerhamp.se/runor/gamla/vg/vgvgd1987-117.html,https://www.christerhamp.se/runor/gamla/vg/vgvgd1987-117s.jpg
Vs 1,Vs 1 - Västmanland: Stora Rytterns kyrkoruin,+ ᚴᚢᚦᛚᛂᚠᛦ + ᛋᛂᛏᛁ ᛬ ᛋᛏᚠᚠ ᛬ ᛅᚢᚴ ᛬ ᛋᛂᚾᛅ ᛬ ᚦᛅᛋᛁ ᛬ ᚢᚠᛏᛁᛦ ᛋᛚᛅᚴᚢᛅ ᛬ ᛋᚢᚾ ᛬ ᛋᛁᛅ ᛬ ᛂᛏᛅᚦᚱ ᛬ ᛅᚢᛋᛏᚱ ᛫ ᛁ ᛫ ᚴᛅᚱᚢᛋᛘ,+ kuþlefR + seti : stff : auk : sena : þasi : uftiR slakua : sun : sia : etaþr : austr * i * karusm *,"Gudleif satte staven och dessa stenar efter Slagvi, sin son, som ändade österut i Gardar",https://www.christerhamp.se/runor/gamla/vs/vs1.html,https://www.christerhamp.se/runor/gamla/vs/vs1s.jpg
Vs 2,Vs 2 - Västmanland: Stora Rytterns kyrkoruin,,-,-,https://www.christerhamp.se/runor/gamla/vs/vs2.html,https://www.christerhamp.se/runor/gamla/vs/vs2s.jpg
Vs 4,"Vs 4 - Västmanland: Vändle, Norrgården, Dingtuna",ᚦᛅᚾ × ᛁᛋᚢᚾ × ᛁᛋᛦᚾ × ᛒᛦᚴᛁᛅᚾᚢ × ᚴᚢᚦᛁᛚ ×,... ...-þan × isun × isRn × bRkia nu × kuþ il×... ...,-,https://www.christerhamp.se/runor/gamla/vs/vs4.html,https://www.christerhamp.se/runor/gamla/vs/vs4s.jpg
Vs 5,"Vs 5 - Västmanland: Vändle, Sörgården, Dingtuna",,[kra-hni- × lit × resa × s... ...] + uas × farin + til + ekla-s [× (t)u i × sbelbuþa × --s(a)þu × helb]i × kuþ [× se... ... ... sigi * iuk × -u...],... lät resa stenen ... for till England. Han dog i Spjallbodes ... Gud hjälpe hans själ ... Sigge högg runorna,https://www.christerhamp.se/runor/gamla/vs/vs5.html,https://www.christerhamp.se/runor/gamla/vs/vs5s.jpg
Vs 9,"Vs 9 - Västmanland: Saltängsbron, Västerås",,× kisl × lit × kera × buru × eftR × osl × sun × sin × han u(a)[rþ] × tyþr × a eklati × kuþ ialbi × has × ont auk × selu,"Gisle lät göra bron efter Ösel, sin son. Han dog i England. Gud hjälpe hans ande och själ",https://www.christerhamp.se/runor/gamla/vs/vs9.html,https://www.christerhamp.se/runor/gamla/vs/vs9s.jpg
Vs 10,"Vs 10 - Västmanland: Saltängsbron, Västerås",,-,-,https://www.christerhamp.se/runor/gamla/vs/vs10.html,https://www.christerhamp.se/runor/gamla/vs/vs10s.jpg
Vs 12,"Vs 12 - Västmanland: Stora gatan 44B, Västerås",,ingibiorn : hom...,Ingebjörn ...,https://www.christerhamp.se/runor/gamla/vs/vs12.html,https://www.christerhamp.se/runor/gamla/vs/vs12s.jpg
Vs 13,Vs 13 - Västmanland: Badelunda,,,,https://www.christerhamp.se/runor/gamla/vs/vs13.html,https://www.christerhamp.se/runor/gamla/vs/vs13s.jpg
Vs 14,Vs 14 - Västmanland: Björksta kyrka,,guþ ÷÷ sig=ne ÷÷ iþær ÷÷ mæstær ÷÷ ruþinger ÷: ok ÷ bo ÷ fris ÷÷ o ÷ alfa ÷,"Gud signe eder, mäster Röding och Bo Fris. O Alfa.",https://www.christerhamp.se/runor/gamla/vs/vs14.html,https://www.christerhamp.se/runor/gamla/vs/vs14s.jpg
Vs 15,"Vs 15 - Västmanland: Lilla Kyringe, Björksta",,"× higulfr × lit × kira × merki × þisa × at × knut × faþur san × uk × kuþlug*u × ksistur × hanis × bali × riti × istaen × bali ¤ knutr ×
× sten : hafir × riton × þon × stonta × mo × bali (h)i- rauþi × yftir × bruþ[u]r × bali","Hägulv lät göra detta minnesmärke efter Knut, sin fader, och efter Gudlög, hans syster. Balle reste stenen. Balle. Knut.
Stenen har upprest som stånda skall Balle den röde efter brodern Balle",https://www.christerhamp.se/runor/gamla/vs/vs15.html,https://www.christerhamp.se/runor/gamla/vs/vs15-1s.jpg
Vs 16,Vs 16 - Västmanland: Tortuna kyrka,,× ernbarua × lit × resa × sten × yf... ... hristi,Ärnbjörn lät resa stenen efter ... ristade,https://www.christerhamp.se/runor/gamla/vs/vs16.html,https://www.christerhamp.se/runor/gamla/vs/vs16s.jpg
Vs 17,"Vs 17 - Västmanland: Råby, Tortuna",,holmste[n] : let : resa : mer[ki : eftir : tifrit : gonu : sina : ok : iftir] : sik : selfan :,"Holmsten lät resa minnesmärket efter Tidfrid, sin hustru, och efter sig själv",https://www.christerhamp.se/runor/gamla/vs/vs17.html,https://www.christerhamp.se/runor/gamla/vs/vs17s.jpg
Vs 18,"Vs 18 - Västmanland: Berga, Skultuna",,(k)hunaltr * liet resa * sthin * þensa * iftir * kerfast * sun sen * trek| |kuþan * auk * uas farin * til eklans * hiolbi * kuþ * salu * hans,"Gunnald lät resa denna sten efter Gerfast, sin son, en god ung man, och han hade farit till England. Hjälpe Gud hans själ",https://www.christerhamp.se/runor/gamla/vs/vs18.html,https://www.christerhamp.se/runor/gamla/vs/vs18s.jpg
Vs 19,"Vs 19 - Västmanland: Berga, Skultuna",,khu[nal-](r) * [(l)it ... stain * ₫insa ef]tir * horm * stob sen * trek| |ku-...n * auk * uas * farin * (o)(s)-r * mi₫ * ikuari * hiolbi k[-₫ * salu h...ns *],"Gunnald lät resa denna sten efter Orm, son styvson, en god ung man, och han hade farit österut med Ingvar. Hjälpe Gud hans själ",https://www.christerhamp.se/runor/gamla/vs/vs19.html,https://www.christerhamp.se/runor/gamla/vs/vs19s.jpg
Vs 20,"Vs 20 - Västmanland: Prästgården, Romfartuna",ᛏᛁᚬᚱᛁ ᛬ ᚬᚴ ᛬ ᛁᚢᚬᚾ ᛬ ᛚᛁᛏᚢ ᛬ ᚱᛂᛋᛅ ᛬ ᛋᛏᛂᚿ ᛬ ᚤᛏᛁᛦ ᛬ ᚢᛁᛒᛁᚬᚱᚾ ᛬ ᚠᛅᚦᚢᚱ ... ᛚᛁᛏᛚᛁ ᛬ ᚱᛁᛋᛏᛁ ᛫ ᚱᚢᚾᛁᛦ,tiori : ok : iuon : litu : resa : sten : ytiR : uibiorn : faþur ... litli : risti * runiR,"Djure och Johan lät resa stenen efter Vibjörn, fader ... Litle ristade runorna",https://www.christerhamp.se/runor/gamla/vs/vs20.html,https://www.christerhamp.se/runor/gamla/vs/vs20s.jpg
Vs 22,"Vs 22 - Västmanland: Ulvsta, Haraker",,... + ytR : runfast * bruþur + s=in : hn :  toþr : i : faru + runo : ... (t)rka,"... efter Runfast, sin broder. Han dog på resa. Runa ...",https://www.christerhamp.se/runor/gamla/vs/vs22.html,https://www.christerhamp.se/runor/gamla/vs/vs22s.jpg
Vs 23,"Vs 23 - Västmanland: Gussjö, Fläckebo",,[...ui... × lit × ri-... ...iþun × e(f)ti × ...l... ...lir × ...b... ...----num × --þi × re---niraeft(R)-...],... lät resa ... efter ...,https://www.christerhamp.se/runor/gamla/vs/vs23.html,https://www.christerhamp.se/runor/gamla/vs/vs23s.jpg
Vs 24,"Vs 24 - Västmanland: Hassmyra, Fläckebo",,buonti × kuþr × hulmkoetr × lit × resa × ufteR × oþintisu × kunu × seno × kumbr × hifrya × til × hasuimura × iki betr × þon × byi raþr roþbalir × risti × runi × þisa × sikmuntaR × uaR ... sestR × kuþ,"Bonde god Holmgöt lät resa [stenen] efter Odendisa, hustru sin. Kommer icke till Hassmyra husfru som bättre för gård råder. Röd-Balle ristade runor dessa. [För] Sigmund var [hon] syster god",https://www.christerhamp.se/runor/gamla/vs/vs24.html,https://www.christerhamp.se/runor/gamla/vs/vs24s.jpg
Vs 27,"Vs 27 - Västmanland: Grällsta, Kila",,þurbiorn ok : ikifastr : lit * resa : ytiR ¤ sihþorn × faþur : sin × hon ×  toþr × [i] faru × litli × risti × runiR,"Torbjörn och Ingefast lät resa [stenen] efter Sigtorn, sin fader. Han dog på utfärd. Litle ristade runorna.",https://www.christerhamp.se/runor/gamla/vs/vs27.html,https://www.christerhamp.se/runor/gamla/vs/vs27s.jpg
Vs 29,Vs 29 - Västmanland: Sala sockenkyrka,,+ uisti + yk + alfton + litu + akua + stin + yftir + ulmo + faþur + sen + yk + ulfast + bruþur + sen + lifsten + risi + runi + þisa +,"Visäte och Halvdan lät hugga stenen efter Holme, sin fader, och efter Holmfast, sin broder. Livsten ristade dessa runor.",https://www.christerhamp.se/runor/gamla/vs/vs29.html,https://www.christerhamp.se/runor/gamla/vs/vs29s.jpg
Vs 30,"Vs 30 - Västmanland: Forneby, Möklinta",,...-rfastr + raist ...,Torfast reste ...,https://www.christerhamp.se/runor/gamla/vs/vs30.html,https://www.christerhamp.se/runor/gamla/vs/vs30s.jpg
Vs 31,"Vs 31 - Västmanland: Österbännbäck, Möklinta",,* (h)ulker * let * kera * bru * eftr (f)rota * sen * (a)ukut * ok * u(i)nut * sun * sen *,"Holger [?] lät göra bron efter sin frände Odgöt [?] och [efter] Onjut [?], sin son.",https://www.christerhamp.se/runor/gamla/vs/vs31.html,https://www.christerhamp.se/runor/gamla/vs/vs31s.jpg
Vs 32,"Vs 32 - Västmanland: Prästgården, Västerfärnebo",,... -- × si--on × sik × au(k) × -... ...-no × auk × (f)a₫u- ...,... efter sig själv och ... denna och fader ...,https://www.christerhamp.se/runor/gamla/vs/vs32.html,https://www.christerhamp.se/runor/gamla/vs/vs32.jpg
Vs FV 1972;266,Vs FV 1972;266 - Västmanland: Irsta kyrka,ᚼᛂᚿᚱᛁᚴᚢᛋ ᛭,henrikus +,Henricus,https://www.christerhamp.se/runor/gamla/vs/vsfv1972-266.html,https://www.christerhamp.se/runor/gamla/vs/vsfv1972-266s.jpg
Vs FV 1988;36,"Vs FV 1988;36 - Västmanland: Jädra, Hubbo",,taf : lit : risa : estn : þina : hitiR : kri(m)ut ÷ uas : farin : sun : (u)iþfast-- : aust:arla ulfr : auk : uibiurn : -... kitilas : krþi : b-...(u) * (o) : s---,Tav [?] lät resa denna sten efter Grimmund. Han var faren - Vidfasts son - österut. Ulf och Vibjörn ... Kettilas gjorde brygga på ...,https://www.christerhamp.se/runor/gamla/vs/vsfv1988-36.html,https://www.christerhamp.se/runor/gamla/vs/vsfv1988-36s.jpg
Öl 1,"Öl 1 - Öland: Karlevi, Vickleby",,+ s-a... --(s)- i(a)s * satr * aiftir * si(b)(a) * kuþa * sun * fultars * in hons ** liþi * sati * at * u * -ausa-þ-... +: fulkin : likr : hins : fulkþu : flaistr (:)* uisi * þat * maistar * taiþir : tulka * þruþar : traukr : i : þaimsi * huki * munat : raiþ:uiþur : raþa : ruk:starkr * i * tanmarku : --ntils : iarmun**kruntar : urkrontari : lonti,Dold ligger den som de största dåd följde - det visste de flesta - stridernas Truds arbetare i denna hög. Ej skall en rättrådigare kampstark Vagn-Vidur på sjökonungens väldiga mark råda över land i Danmark,https://www.christerhamp.se/runor/gamla/ol/ol1.html,https://www.christerhamp.se/runor/gamla/ol/ol1-1s.jpg
Öl 11,"Öl 11 - Öland: Alvlösa, Smedby",,... ...ta * stiu(b) * (s)in * ha- ...,... sin styvson. Han ...,https://www.christerhamp.se/runor/gamla/ol/ol11.html,https://www.christerhamp.se/runor/gamla/ol/ol11s.jpg
Öl 18,"Öl 18 - Öland: Seby, Segerstad",,× inkialtr × auk × nifR × [au]k × su[i]n [× ţa]iR × litu × risa ...- × iftiR × ruţmar × faţur × sin ×,"Ingjald och Näv och Sven, de lät resa stenen efter Rormar, sin fader",https://www.christerhamp.se/runor/gamla/ol/ol18.html,https://www.christerhamp.se/runor/gamla/ol/ol18s.jpg
Öl 21,Öl 21 - Öland: Hulterstads kyrka,,... ...fr ' lit ' reisa ' steina ' efti- seuar ' faţur ' s-n ' goţan ',"... lät resa stenarna efter Sävar, sin gode fader",https://www.christerhamp.se/runor/gamla/ol/ol21.html,https://www.christerhamp.se/runor/gamla/ol/ol21s.jpg
Öl 22,Öl 22 - Öland: Hulterstads kyrka,,... ...na ' (₫)... [-]ftir + ...,... dessa stenar efter ...,https://www.christerhamp.se/runor/gamla/ol/ol22.html,https://www.christerhamp.se/runor/gamla/ol/ol22.jpg
Öl 25,"Öl 25 - Öland: Dröstorp, Sandby",,[ioruik]r × riti × stain × efti × -r---... ...oþur × sin,Jorund reste stenen efter ... sin broder,https://www.christerhamp.se/runor/gamla/ol/ol25.html,https://www.christerhamp.se/runor/gamla/ol/ol25.jpg
Öl 26,Öl 26 - Öland: Sandby kyrkogĺrd,,× kuţfastr × auk × helgun × auk × neniR × ţaun myţkini × litu × reisa × stein × eftiR × suein × faţur,"Gudfast och Helgun och Nenne, moder och söner, lät resa stenen efter fadern Sven",https://www.christerhamp.se/runor/gamla/ol/ol26.html,https://www.christerhamp.se/runor/gamla/ol/ol26s.jpg
Öl 27,Öl 27 - Öland: Sandby kyrkogård,,× þeiR bryþr × reistu × kubl × þia × eftiR × sustur ×× sina × afriþi × auk × eftR × suein × faþur × sin × koþan ×,Dessa bröder reste deta minnesmärke efter sin syster Åfrid och efter sin gode far Sven,https://www.christerhamp.se/runor/gamla/ol/ol27.html,https://www.christerhamp.se/runor/gamla/ol/ol27s.jpg
Öl 28,Öl 28 - Öland: Gårdby kyrkogård,,harþruþr + raisti + stain + þinsa + aiftiR + sun + sin + s(m)iþ + trak + kuþan + halfburin + bruþiR ans + sitr + karþum brantr + rit- × iak þu raþa + khn,"Härtrud reste denna sten efter sin son Smed, en god man. Halvboren, hans broder, sitter i Gårdarike. Brand högg rätt, därför kan du tyda.",https://www.christerhamp.se/runor/gamla/ol/ol28.html,https://www.christerhamp.se/runor/gamla/ol/ol28s.jpg
Öl 31,Öl 31 - Öland: Runstens kyrka,,auþbiarn : lit : reisa : stein : ...----... hialbi sialu * has,Ödbjörn lät resa stenen ... [Gud] hjälpe hans själ,https://www.christerhamp.se/runor/gamla/ol/ol31.html,https://www.christerhamp.se/runor/gamla/ol/ol31s.jpg
Öl 36,"Öl 36 - Öland: Bjärby, Runsten",,× (h)[e]rfri[þ- ...-] × uiþbiurn × litu × raisa × stain × þina × at × fastulf × faþur sin ×× siklaug × lit × raisa aftiR : bunta × sin × han × iaR × krafin × i × kirikiu ×,"Härfrid och Vidbjörn lät resa denna sten efter Fastulv, sin fader, Siglaug lät resa efter sin make. Han är begraven i kyrkan.",https://www.christerhamp.se/runor/gamla/ol/ol36.html,https://www.christerhamp.se/runor/gamla/ol/ol36s.jpg
Öl 37,"Öl 37 - Öland: Lerkaka, Runsten",,olafR × auk × kamal × auk × sagsi × raistu + stain × þina × aftiR × [un × faþur × sin × kai](R)ui lit × at × bonta × sin × hiarsu[k] kubl þsi fiaRun olafR hefnt[i at miomu ati un hiar hal](f)an by,"Olof och Gammal och Saxe reste denna sten efter Unn, sin fader. Geirvi lät efter sin make här [göra] detta kummel.  För Rike-Unn hämnades Olof vid . Unn ägde här halva byn.",https://www.christerhamp.se/runor/gamla/ol/ol37.html,https://www.christerhamp.se/runor/gamla/ol/ol37s.jpg
Öl 38,"Öl 38 - Öland: Lerkaka, Runsten",,... ...[-(þ)u]r sin kuþan,... sin gode fader / broder,https://www.christerhamp.se/runor/gamla/ol/ol38.html,https://www.christerhamp.se/runor/gamla/ol/ol38.jpg
Öl 39,"Öl 39 - Öland: Bägby bro, Gärdslösa",,× sua(i)(n) kiarþi × iftiR × sin × faþur × uikar × sun × ainiki × sialfR × raisti × stain ×,"Sven gjorde efter sin fader Vikar, den ende sonen reste stenen själv",https://www.christerhamp.se/runor/gamla/ol/ol39.html,https://www.christerhamp.se/runor/gamla/ol/ol39s.jpg
Öl 40,"Öl 40 - Öland: Bägby, Gärdslösa",,* kuţbratr auk suain raistu staina ţina aftiR bruţr sina kuţa asualt auk h...f...,Gudbrand och Sven reste dessa stenar efter sina goda bröder Asvald och ...,https://www.christerhamp.se/runor/gamla/ol/ol40.html,https://www.christerhamp.se/runor/gamla/ol/ol40s.jpg
Öl 43,Öl 43 - Öland: Gärdslösa kyrka,,kunbiarn : auk : su-... ... uk : [i(o)(h)]... ... ...rgil : faþur : sin : ... : goþan : g... ...tuar ris(t)[(i)] : runaR ... stain ...,Gunnbjörn och Sven ... och Johan ... Torkel (?) deras fader ... god ... Oddvar (?) ristade runorna ... sten,https://www.christerhamp.se/runor/gamla/ol/ol43.html,https://www.christerhamp.se/runor/gamla/ol/ol43-1.jpg
Öl 44,"Öl 44 - Öland: Bo, Bredsätra",,i... ...iþur : kuþ : hilbi : siflu hans lis : iki,... fader. Gud hjälpe hans själ. Läs ...,https://www.christerhamp.se/runor/gamla/ol/ol44.html,https://www.christerhamp.se/runor/gamla/ol/ol44s.jpg
Öl 46,"Öl 46 - Öland: Tingsflisan, Köping",,þuriR : auk : þurstain auk : þurfastr * þaiR : bryþr : raistu : stain : at : kunfus : faþur : sin : kuþ : hialbi siul : hans,"Tore och Torsten och Torfast, desa bröder reste stenen efter Gunnfuss, sin fader. Gud hjälpe hans själ.",https://www.christerhamp.se/runor/gamla/ol/ol46.html,https://www.christerhamp.se/runor/gamla/ol/ol46s.jpg
Öl 47,Öl 47 - Öland: Köpings kyrkogård,,askutr × auk × (₫)-... ... ...-R × ...r sin × (a)u...in,Åsgöt och ... efter deras fader (?) Eystein,https://www.christerhamp.se/runor/gamla/ol/ol47.html,https://www.christerhamp.se/runor/gamla/ol/ol47s.jpg
Öl 51,Öl 51 - Öland: Köpings kyrkogård,,liti * ku₫ * sau... ... -...ratis,Låte Gud själen ... paradis,https://www.christerhamp.se/runor/gamla/ol/ol51.html,https://www.christerhamp.se/runor/gamla/ol/ol51s.jpg
Öl 52,Öl 52 - Öland: Köpings kyrkogård,,... × kumbl × aiftiR ... ...-str auk × s...-ta × ...,... kummel efter ... Kristus och Sankta ...,https://www.christerhamp.se/runor/gamla/ol/ol52.html,https://www.christerhamp.se/runor/gamla/ol/ol52-1.jpg
Öl 56,Öl 56 - Öland: Källa ödekyrka,,esbiarn × auk × roþbiarn × resti [reta × ... × uef--a-- × fa... koþan × auk × e]ftiR × þorbiarn [× broþur * sin * k]oþan [auk × kuþlauk eftiR],"Asbjörn och Rodbjörn lät resa stenen efter Vigbjörn sin gode fader, och efter Torbjörn, sin gode broder, och Gudlög (lät också resa) efter (dem).",https://www.christerhamp.se/runor/gamla/ol/ol56.html,https://www.christerhamp.se/runor/gamla/ol/ol56s.jpg
Öl ATA 4686/43,"Öl ATA 4686/43 - Öland: Åkerby, Runsten",,× blakari × auk * k... + faþur * sin kuþan,Blakari och ... deras gode fader,https://www.christerhamp.se/runor/gamla/ol/olata4686-43.html,https://www.christerhamp.se/runor/gamla/ol/olata4686-43.jpg
Öl ATA 4684/43B,Öl ATA 4684/43B - Öland: Hulterstads kyrka,,gyþa ' lit ' re... ...,Gyda lät resa ...,https://www.christerhamp.se/runor/gamla/ol/olata4684-43b.html,https://www.christerhamp.se/runor/gamla/ol/olata4684-43b.jpg
øl ATA 4700/43,øl ATA 4700/43 - øland: Gðrdsl—sa kyrka,,... bry±r * r-... ...,... br—der ...,https://www.christerhamp.se/runor/gamla/ol/olata4700-43.html,https://www.christerhamp.se/runor/gamla/ol/olata4700-43.jpg
Öl ATA 4701/43,Öl ATA 4701/43 - Öland: Alböke kyrkogård,,...ur × -uk ak-u... ... nuk abtiR × au₫... ...,... och efter Audbjörn [?],https://www.christerhamp.se/runor/gamla/ol/olata4701-43.html,https://www.christerhamp.se/runor/gamla/ol/olata4701-43s.jpg
Öl ATA 4703/43,"Öl ATA 4703/43 - Öland: Solberga, Köping",,þurlak ¶ ...(u)k ¶ kuþmuþr litu risa st... ... (þ)(u)rbia...,Torlak och Gudmund lät resa stenen efter Torbjörn,https://www.christerhamp.se/runor/gamla/ol/olata4703-43.html,https://www.christerhamp.se/runor/gamla/ol/olata4703-43s.jpg
Öl BN 83,"Öl BN 83 - Öland: Klinta, Köpingsvik",,irþn,-,https://www.christerhamp.se/runor/gamla/ol/olbn83.html,https://www.christerhamp.se/runor/gamla/ol/olbn83.jpg
Öl BN 84,"Öl BN 84 - Öland: Klinta, Köpingsvik",,a---f--aþlufalu---þr,-,https://www.christerhamp.se/runor/gamla/ol/olbn84.html,https://www.christerhamp.se/runor/gamla/ol/olbn84s.jpg
Öl FV 1911:274B,Öl FV 1911:274B - Öland: Resmo kyrka,,... ...ina ' eftiR ' sueinu ' boanta ' sin ' tr...,"...  [reste sten]arna efter Sven, sin make ...",https://www.christerhamp.se/runor/gamla/ol/olfv1911-274B.html,https://www.christerhamp.se/runor/gamla/ol/olfv1911-274Bs.jpg
Öl FV 1918(2);15,Öl FV 1918(2);15 - Öland: Borgholm,,"× ilu × hain × okrl × ₫isa
× ilu × hain × a(k)ru(k) × ₫isa
× -(t)| |(t)u × hain × a (k)rum × ₫isa
× -(t)| |(t)u × hain × a- ruk × ₫isa",,https://www.christerhamp.se/runor/gamla/ol/olfv1918-2-15.html,https://www.christerhamp.se/runor/gamla/ol/olfv1918-2-15.jpg
Öl FV 1972;268,Öl FV 1972;268 - Öland: Gärdslösa kyrka,,io=n -afr ÷ smið,Jon har gjort,https://www.christerhamp.se/runor/gamla/ol/olfv1972-268.html,https://www.christerhamp.se/runor/gamla/ol/olfv1972-268s.jpg
Öl KALM 1982;57,Öl KALM 1982;57 - Öland: Mörbylånga kyrka,,ioar : au- : sbia- : auk : elifr : auk : bofi : ₫aiR : letu : ...-sa : stain R--...- fa₫-r sin saifok,"Joar och Spjall och Eliv och Bove, de lät resa stenen efter sin fader Säfus",https://www.christerhamp.se/runor/gamla/ol/olkalm1982-57.html,https://www.christerhamp.se/runor/gamla/ol/olkalm1982-57s.jpg
Öl Köping 2,Öl Köping 2 - Öland: Köpings kyrka,,... ...₫ hialbi × henaR × salu × auk ...,... Gud hjälpe hennes själ och ...,https://www.christerhamp.se/runor/gamla/ol/olkoping2.html,https://www.christerhamp.se/runor/gamla/ol/olkoping2s.jpg
Öl Köping 7,Öl Köping 7 - Öland: Köpings kyrka,,ţirui ' (r)i-... ... -aistu * at bruţur * sin,Tyrve reste ... reste efter sin broder,https://www.christerhamp.se/runor/gamla/ol/olkoping7.html,https://www.christerhamp.se/runor/gamla/ol/olkoping7s.jpg
øl K—ping 8,øl K—ping 8 - øland: K—pings kyrka,,... : la...,-,https://www.christerhamp.se/runor/gamla/ol/olkoping8.html,https://www.christerhamp.se/runor/gamla/ol/olkoping8.jpg
øl K—ping 9,øl K—ping 9 - øland: K—pings kyrka,,...k---... ...f...,-,https://www.christerhamp.se/runor/gamla/ol/olkoping9.html,https://www.christerhamp.se/runor/gamla/ol/olkoping9.jpg
øl K—ping 10,øl K—ping 10 - øland: K—pings kyrka,,... ...- * st... ...,-,https://www.christerhamp.se/runor/gamla/ol/olkoping10.html,https://www.christerhamp.se/runor/gamla/ol/olkoping10.jpg
øl K—ping 12,øl K—ping 12 - øland: K—pings kyrka,,... * ra... ...,-,https://www.christerhamp.se/runor/gamla/ol/olkoping12.html,https://www.christerhamp.se/runor/gamla/ol/olkoping12.jpg
øl K—ping 13,øl K—ping 13 - øland: K—pings kyrka,,...-t(a)...,-,https://www.christerhamp.se/runor/gamla/ol/olkoping13.html,https://www.christerhamp.se/runor/gamla/ol/olkoping13.jpg
÷l KŲping 14,÷l KŲping 14 - ÷land: KŲpings kyrka,,...(r) ◊ mest ◊ a ◊ -...,... mest i (?) ...,https://www.christerhamp.se/runor/gamla/ol/olkoping14.html,https://www.christerhamp.se/runor/gamla/ol/olkoping14.jpg
øl K—ping 15,øl K—ping 15 - øland: K—pings kyrka,,-,-,https://www.christerhamp.se/runor/gamla/ol/olkoping15.html,https://www.christerhamp.se/runor/gamla/ol/olkoping15.jpg
øl K—ping 16,øl K—ping 16 - øland: K—pings kyrka,,... æ ±orki... ...,... Torkil ...,https://www.christerhamp.se/runor/gamla/ol/olkoping16.html,https://www.christerhamp.se/runor/gamla/ol/olkoping16.jpg
÷l KŲping 18,÷l KŲping 18 - ÷land: KŲpings kyrka,,...rmu-... ... ...n ◊ iuk,... hŲgg,https://www.christerhamp.se/runor/gamla/ol/olkoping18.html,https://www.christerhamp.se/runor/gamla/ol/olkoping18.jpg
Öl Köping 20,Öl Köping 20 - Öland: Köpings kyrka,,...(u)(r)(k)... ... ...-k × muţur × sina ... ...-albi × sial,... sin moder ... Gud hjälpe själen,https://www.christerhamp.se/runor/gamla/ol/olkoping20.html,https://www.christerhamp.se/runor/gamla/ol/olkoping20.jpg
øl K—ping 21,øl K—ping 21 - øland: K—pings kyrka,,...uar lit ... ±orkai... ...,... var lðt ... Torgeir ...,https://www.christerhamp.se/runor/gamla/ol/olkoping21.html,https://www.christerhamp.se/runor/gamla/ol/olkoping21.jpg
øl K—ping 22,øl K—ping 22 - øland: K—pings kyrka,,...a at sui... ...,... denna sten efter Sven (?) ...,https://www.christerhamp.se/runor/gamla/ol/olkoping22.html,https://www.christerhamp.se/runor/gamla/ol/olkoping22.jpg
øl K—ping 23,øl K—ping 23 - øland: K—pings kyrka,,... ...- æ suein æ ±aiR æ retu ...,"... Sven, de reste ..",https://www.christerhamp.se/runor/gamla/ol/olkoping23.html,https://www.christerhamp.se/runor/gamla/ol/olkoping23.jpg
øl K—ping 24,øl K—ping 24 - øland: K—pings kyrka,,-,-,https://www.christerhamp.se/runor/gamla/ol/olkoping24.html,https://www.christerhamp.se/runor/gamla/ol/olkoping24.jpg
øl K—ping 25,øl K—ping 25 - øland: K—pings kyrka,,-,-,https://www.christerhamp.se/runor/gamla/ol/olkoping25.html,https://www.christerhamp.se/runor/gamla/ol/olkoping25.jpg
÷l KŲping 26,÷l KŲping 26 - ÷land: KŲpings kyrka,,◊ asi ◊ ...,Ňse ...,https://www.christerhamp.se/runor/gamla/ol/olkoping26.html,https://www.christerhamp.se/runor/gamla/ol/olkoping26.jpg
Öl Köping 27,Öl Köping 27 - Öland: Köpings kyrka,,... × roþkerþa × a... ...,... Rodgerda och ...,https://www.christerhamp.se/runor/gamla/ol/olkoping27-1.html,https://www.christerhamp.se/runor/gamla/ol/olkoping27-1.jpg
÷l KŲping 28,÷l KŲping 28 - ÷land: KŲpings kyrka,,...-urn ◊ ...,... BjŲrn ...,https://www.christerhamp.se/runor/gamla/ol/olkoping28.html,https://www.christerhamp.se/runor/gamla/ol/olkoping28.jpg
øl K—ping 29,øl K—ping 29 - øland: K—pings kyrka,,... æ fa±ur æ si... ...,... Sin fader ...,https://www.christerhamp.se/runor/gamla/ol/olkoping29.html,https://www.christerhamp.se/runor/gamla/ol/olkoping29.jpg
Öl Köping 30,Öl Köping 30 - Öland: Köpings kyrka,,... ...uk × santa × mari × auk × san(t)... ...,... och sankta Maria och sankt ...,https://www.christerhamp.se/runor/gamla/ol/olkoping30.html,https://www.christerhamp.se/runor/gamla/ol/olkoping30s.jpg
øl K—ping 31,øl K—ping 31 - øland: K—pings kyrka,,-,-,https://www.christerhamp.se/runor/gamla/ol/olkoping31.html,https://www.christerhamp.se/runor/gamla/ol/olkoping31.jpg
øl K—ping 32,øl K—ping 32 - øland: K—pings kyrka,,...an ' ...,-,https://www.christerhamp.se/runor/gamla/ol/olkoping32.html,https://www.christerhamp.se/runor/gamla/ol/olkoping32.jpg
øl K—ping 33,øl K—ping 33 - øland: K—pings kyrka,,... : rita ...,... reste ...,https://www.christerhamp.se/runor/gamla/ol/olkoping33.html,https://www.christerhamp.se/runor/gamla/ol/olkoping33.jpg
øl K—ping 35,øl K—ping 35 - øland: K—pings kyrka,,...s-...--n--...,-,https://www.christerhamp.se/runor/gamla/ol/olkoping35.html,https://www.christerhamp.se/runor/gamla/ol/olkoping35.jpg
Öl Köping 36,Öl Köping 36 - Öland: Köpings kyrka,,... auk ...,... och ...,https://www.christerhamp.se/runor/gamla/ol/olkoping36.html,https://www.christerhamp.se/runor/gamla/ol/olkoping36.jpg
÷l KŲping 37,÷l KŲping 37 - ÷land: KŲpings kyrka,,...ir ◊ eftiR ...,... efter ...,https://www.christerhamp.se/runor/gamla/ol/olkoping37.html,https://www.christerhamp.se/runor/gamla/ol/olkoping37.jpg
Öl Köping 38,Öl Köping 38 - Öland: Köpings kyrka,,...-in × auk × ţiula... ... at × faţu... ...,... och ... efter [sin] fader ...,https://www.christerhamp.se/runor/gamla/ol/olkoping38.html,https://www.christerhamp.se/runor/gamla/ol/olkoping38.jpg
Öl Köping 39,Öl Köping 39 - Öland: Köpings kyrka,,... ...r si × koţan × kuţ × ...,... sin gode fader / broder. Gud ...,https://www.christerhamp.se/runor/gamla/ol/olkoping39.html,https://www.christerhamp.se/runor/gamla/ol/olkoping39s.jpg
Öl Köping 40,Öl Köping 40 - Öland: Köpings kyrka,,...ţulfR × kiarţi × kumb- ...,... -ulf gjorde kumlet ...,https://www.christerhamp.se/runor/gamla/ol/olkoping40.html,https://www.christerhamp.se/runor/gamla/ol/olkoping40s.jpg
øl K—ping 41,øl K—ping 41 - øland: K—pings kyrka,,i(a)... ... -uain * sun s... ...,"... Sven, sin son ...",https://www.christerhamp.se/runor/gamla/ol/olkoping41.html,https://www.christerhamp.se/runor/gamla/ol/olkoping41.jpg
øl K—ping 42,øl K—ping 42 - øland: K—pings kyrka,,-,-,https://www.christerhamp.se/runor/gamla/ol/olkoping42.html,https://www.christerhamp.se/runor/gamla/ol/olkoping42.jpg
øl K—ping 43,øl K—ping 43 - øland: K—pings kyrka,,-,-,https://www.christerhamp.se/runor/gamla/ol/olkoping43.html,https://www.christerhamp.se/runor/gamla/ol/olkoping43.jpg
Öl Köping 44,Öl Köping 44 - Öland: Köpings kyrka,,.. ...in × koţan × kuţ ...,... sin goda ... Gud ...,https://www.christerhamp.se/runor/gamla/ol/olkoping44.html,https://www.christerhamp.se/runor/gamla/ol/olkoping44.jpg
Öl Köping 45,Öl Köping 45 - Öland: Köpings kyrka,,... ...-rimar : litu : r... ... sin ×,... Grim (?) lät resa ... sin ...,https://www.christerhamp.se/runor/gamla/ol/olkoping45.html,https://www.christerhamp.se/runor/gamla/ol/olkoping45.jpg
øl K—ping 46,øl K—ping 46 - øland: K—pings kyrka,,... ...u sina k...,... sin ...,https://www.christerhamp.se/runor/gamla/ol/olkoping46.html,https://www.christerhamp.se/runor/gamla/ol/olkoping46.jpg
÷l KŲping 47,÷l KŲping 47 - ÷land: KŲpings kyrka,,... hialbi an- ◊ ha(l)-... ... ha-...,... Gud hjšlpe anden ...,https://www.christerhamp.se/runor/gamla/ol/olkoping47.html,https://www.christerhamp.se/runor/gamla/ol/olkoping47.jpg
Öl Köping 48,Öl Köping 48 - Öland: Köpings kyrka,,... ...R × suain × bont... ...,"... efter Sven, hennes man ...",https://www.christerhamp.se/runor/gamla/ol/olkoping48.html,https://www.christerhamp.se/runor/gamla/ol/olkoping48.jpg
Öl Köping 49,Öl Köping 49 - Öland: Köpings kyrka,,... ...(t)ain × eftiR × biarn × sun × sin × ku₫ ...,"... stenen efter Björn, sin son. Gud hjälpe ...",https://www.christerhamp.se/runor/gamla/ol/olkoping49.html,https://www.christerhamp.se/runor/gamla/ol/olkoping49s.jpg
øl K—ping 50,øl K—ping 50 - øland: K—pings kyrka,,... ulfr -... ...i : stain : ...,... Ulf ... reste stenen ...,https://www.christerhamp.se/runor/gamla/ol/olkoping50.html,https://www.christerhamp.se/runor/gamla/ol/olkoping50.jpg
÷l KŲping 51,÷l KŲping 51 - ÷land: KŲpings kyrka,,... ...ftiR ◊ ku(n)... ...,... efter Gun- ...,https://www.christerhamp.se/runor/gamla/ol/olkoping51.html,https://www.christerhamp.se/runor/gamla/ol/olkoping51.jpg
Öl Köping 52,Öl Köping 52 - Öland: Köpings kyrka,,ţoriR × a... ... ...a ¤ faţur × sin × h...,Torir och ... sin fader ...,https://www.christerhamp.se/runor/gamla/ol/olkoping52.html,https://www.christerhamp.se/runor/gamla/ol/olkoping52.jpg
Öl Köping 54,Öl Köping 54 - Öland: Köpings kyrka,,... ...it × raisa × stai- ... ...oanta × sin × ku(₫) ...,... lät resa stenen efter ... sin man. Gud ...,https://www.christerhamp.se/runor/gamla/ol/olkoping54.html,https://www.christerhamp.se/runor/gamla/ol/olkoping54.jpg
øl K—ping 55,øl K—ping 55 - øland: K—pings kyrka,,... ...ftiR æ haralt æ fa±ur æ ...,"... efter Harald, sin fader ...",https://www.christerhamp.se/runor/gamla/ol/olkoping55.html,https://www.christerhamp.se/runor/gamla/ol/olkoping55.jpg
Öl Köping 56,Öl Köping 56 - Öland: Köpings kyrka,,... ...kstain : faţur : sin : k-... ...,"... Sigsten (?), sin gode fader ...",https://www.christerhamp.se/runor/gamla/ol/olkoping56.html,https://www.christerhamp.se/runor/gamla/ol/olkoping56.jpg
Öl Köping 57,Öl Köping 57 - Öland: Köpings kyrka,,... ...a × stain × eftiR × sigstain × faţur × sin × auk × h...-k(a) ...,"... stenen efter Sigsten, sin fader, och Helga (?) ...",https://www.christerhamp.se/runor/gamla/ol/olkoping57.html,https://www.christerhamp.se/runor/gamla/ol/olkoping57s.jpg
øl K—ping 58,øl K—ping 58 - øland: K—pings kyrka,,... ...(t)ain * ±insa * abtiR * b-...,... denna sten efter ...,https://www.christerhamp.se/runor/gamla/ol/olkoping58.html,https://www.christerhamp.se/runor/gamla/ol/olkoping58.jpg
÷l KŲping 59,÷l KŲping 59 - ÷land: KŲpings kyrka,,... ...aisa ◊ ... ...-- ' (h)...-...,... resa ...,https://www.christerhamp.se/runor/gamla/ol/olkoping59.html,https://www.christerhamp.se/runor/gamla/ol/olkoping59.jpg
øl K—ping 60,øl K—ping 60 - øland: K—pings kyrka,,... ...n f-(±)-... ...,-,https://www.christerhamp.se/runor/gamla/ol/olkoping60.html,https://www.christerhamp.se/runor/gamla/ol/olkoping60.jpg
øl K—ping 62,øl K—ping 62 - øland: K—pings kyrka,,...-rtr ' kiar... ...,... gjorde ...,https://www.christerhamp.se/runor/gamla/ol/olkoping62.html,https://www.christerhamp.se/runor/gamla/ol/olkoping62.jpg
øl K—ping 69,øl K—ping 69 - øland: K—pings kyrka,,... ...-uk : ±aiR bru±r * litu * reisa * stain eftiR * skuka ...,... och hans br—der lðt resa stenen efter Skogi ...,https://www.christerhamp.se/runor/gamla/ol/olkoping69.html,https://www.christerhamp.se/runor/gamla/ol/olkoping69.jpg
÷l KŲping 70,÷l KŲping 70 - ÷land: KŲpings kyrka,,... ...(a)isa ◊ stain ◊ ef--... ...,... resa stenen efter ...,https://www.christerhamp.se/runor/gamla/ol/olkoping70.html,https://www.christerhamp.se/runor/gamla/ol/olkoping70.jpg
÷l KŲping 71,÷l KŲping 71 - ÷land: KŲpings kyrka,,... ...rn ◊ lit ◊ raisa ◊ -...,... -rn lšt resa ...,https://www.christerhamp.se/runor/gamla/ol/olkoping71.html,https://www.christerhamp.se/runor/gamla/ol/olkoping71.jpg
Öl Köping,Öl Köping - Öland: Köpings kyrka,ᚼᛂᛅᚾ,... hean- ...,... hennes ...,https://www.christerhamp.se/runor/gamla/ol/olkoping-oreg.html,https://www.christerhamp.se/runor/gamla/ol/olkoping-oregs.jpg
Öl NOR 1997;31,Öl NOR 1997;31 - Öland: Gärdslösa kyrka,,a(b)cdefghiklmno(p)k(r)(s)----...,abcdefghiklmnopqrs,https://www.christerhamp.se/runor/gamla/ol/olnor1997-31.html,https://www.christerhamp.se/runor/gamla/ol/olnor1997-31s.jpg
Öl SAS 1989;43,"Öl SAS 1989;43 - Öland: Södra Kvinneby, Stenåsa",,× hir| |risti| |ik þiR birk ¶ bufi miR fultihu ¶ þis þe|R| |e|R uis in bra| |al¶ti| |ilu fran bufa þor keti h¶ans miR þem hamri sam huR hafi kam fly fran iluit ¶ feR eki af bufa kuþ iRu ¶ untiR hanum auk yfiR han¶um,"Här ristar jag skydd för dig, Bofi, med ... till dig är säkert. Och blixten hålle ondskap från Bofi. Tor skydde honom med hammaren som kom från havet. Fly från ondskan! Den får inget från Bofi. Gudarna är under honom och över honom.",https://www.christerhamp.se/runor/gamla/ol/olsas1989-43.html,https://www.christerhamp.se/runor/gamla/ol/olsas1989-43s.jpg
Öl SK128;288,Öl SK128;288 - Öland: Källa ödekyrka,,...ni... ...s · ka--...,-,https://www.christerhamp.se/runor/gamla/ol/olsk128-288.html,https://www.christerhamp.se/runor/gamla/ol/olsk128-288-1.jpg
Ög 2,Ög 2 - Östergötland: Orlunda kyrka,,-i(o)(l)ui : aok : þ--:... ...eiR : ...(r)uþr : le(t)u ... ... ... : uif(a)s(t) ... sin :,"Bröderna Kjotve och Tor- lät [lägga denna sten efter] Vifast, sin ...",https://www.christerhamp.se/runor/gamla/og/og2.html,https://www.christerhamp.se/runor/gamla/og/og2-1s.jpg
Ög 6,Ög 6 - Östergötland: Orlunda kyrka,,... : þesa : ... ... : bru... ...,... denna ... broder ...,https://www.christerhamp.se/runor/gamla/og/og6.html,https://www.christerhamp.se/runor/gamla/og/og6s.jpg
Ög 7,Ög 7 - Östergötland: Västra Stenby kyrka,,-,-,https://www.christerhamp.se/runor/gamla/og/og7.html,https://www.christerhamp.se/runor/gamla/og/og7s.jpg
Ög 8,Ög 8 - Östergötland: Västra Stenby kyrka,,"stikuR (') karþi kubl þ(a)=(u) aft auint sunu sin ' sa fial austr
miR aiuisli ' uikikR faþi auk| |krimulfR","Stygg [?] gjorde dessa kummel efter Öjvind, sin son. Han föll österut med Ejvisl. Viking ristade och Grimulv.",https://www.christerhamp.se/runor/gamla/og/og8.html,https://www.christerhamp.se/runor/gamla/og/og8s.jpg
Ög 9,Ög 9 - Östergötland: Vinnerstads kyrka,,... ...- (:) rista : s(i)tn : þisa : e(f)(t)ir : asu : muþur : sin...,"... [lät] rista denna sten efter Åsa, sin moder ...",https://www.christerhamp.se/runor/gamla/og/og9.html,https://www.christerhamp.se/runor/gamla/og/og9s.jpg
Ög 10,"Ög 10 - Östergötland: Lilla Greby, Askeby socken",,...--- : auk kair--- litu : kiara : brou : þasi ... ...-- litu risa stin : þisa : aifR s:karf| |f-ita : sin kuþan,"... och Geir lät göra denna bro ... lät resa denna sten efter Sker / Skarf, sin frände",https://www.christerhamp.se/runor/gamla/og/og10.html,https://www.christerhamp.se/runor/gamla/og/og10s.jpg
Ög 11,Ög 11 - Östergötland: Vårdsbergs kyrka,,* aystin * risþi * stin * þena * eftiR * þuri * faþur * sin *,"Östen reste denna sten efter Tore, sin fader",https://www.christerhamp.se/runor/gamla/og/og11.html,https://www.christerhamp.se/runor/gamla/og/og11s.jpg
Ög 13,Ög 13 - Östergötland: Konungsunds kyrka,,× sikstin × risti × sti[n × þinsa × iftiR × i]-ui × faþur × sin ×,Sixten reste denna sten efter ... sin fader,https://www.christerhamp.se/runor/gamla/og/og13.html,https://www.christerhamp.se/runor/gamla/og/og13s.jpg
Ög 14,Ög 14 - Östergötland: Konungsunds kyrka,,+ ruaR + rasti + stan + þasi + aftiR + iarna + sun × sin +,"Roar reste denna sten efter Jarna, sin son",https://www.christerhamp.se/runor/gamla/og/og14.html,https://www.christerhamp.se/runor/gamla/og/og14s.jpg
Ög 18,Ög 18 - Östergötland: Kuddby kyrka,,utar ...isþi stin þi-- --tiR iafra uk uik × bruþr * sina *,"Ottar [?] reste denna sten efter Jafri och Vig, sina bröder",https://www.christerhamp.se/runor/gamla/og/og18.html,https://www.christerhamp.se/runor/gamla/og/og18s.jpg
Ög 19,Ög 19 - Östergötland: Kuddby fattighus,,... * [a](u)[k]...,... och ...,https://www.christerhamp.se/runor/gamla/og/og19.html,https://www.christerhamp.se/runor/gamla/og/og19s.jpg
Ög 20,"Ög 20 - Östergötland: Hjärtrum, Kuddby",,× hulmkiR : auk * branti : þaiR * raisþu : stin * þ(i)na * iftiR * kiulik × faþur : sin *,"Holmgeir och Brante reste stenen efter Gullik, sin fader",https://www.christerhamp.se/runor/gamla/og/og20.html,https://www.christerhamp.se/runor/gamla/og/og20s.jpg
Ög 21,"Ög 21 - Östergötland: Ingelstad, Kuddby",,sin : riti : itin : þina : iftR : brun : sun : sin nu,"Sven (eller Sten) reste denna sten efter Brun, sin gode son",https://www.christerhamp.se/runor/gamla/og/og21.html,https://www.christerhamp.se/runor/gamla/og/og21s.jpg
Ög 22,"Ög 22 - Östergötland: Odenstomta, Kuddby",,× asbiurn × auk × þiR ali × auk × urykia × raistu × stain × eftiR × þurkut + faþur * sin ×,"Asbjörn och Alle och Orökja reste stenen efter Torgöt, sin fader",https://www.christerhamp.se/runor/gamla/og/og22.html,https://www.christerhamp.se/runor/gamla/og/og22s.jpg
Ög 24,"Ög 24 - Östergötland: Örminge, Kuddby",,... ...faiR raif,... efter Reif,https://www.christerhamp.se/runor/gamla/og/og24.html,https://www.christerhamp.se/runor/gamla/og/og24.jpg
Ög 26,"Ög 26 - Östergötland: Öster Skam, Östra Ny",,× anuntr × raisti × stain × ₫a-... ...ftiR × utr × sun × sin ×,"Anund reste denna sten efter Otr, sin son",https://www.christerhamp.se/runor/gamla/og/og26.html,https://www.christerhamp.se/runor/gamla/og/og26s.jpg
Ög 29,"Ög 29 - Östergötland: Skjorstad, Tåby",,* asa * lit kiarua * kuml * eftiR * þorkesl * bonta * sin * auk * þorkun * eftiR × faþu * sin,"Åsa lät göra minnesmärket efter Torgisl, sin man, och Torgun efter sin far",https://www.christerhamp.se/runor/gamla/og/og29.html,https://www.christerhamp.se/runor/gamla/og/og29s.jpg
Ög 30,"Ög 30 - Östergötland: Skjorstad, Tåby",,: siksten : let : rasti : stain : þe(n)... : eftiR : ikuar : sun : sin : han : uarþ : austr : tauþr :,"Sigsten lät resa denna sten efter Ingvar, sin son. Han dog österut.",https://www.christerhamp.se/runor/gamla/og/og30.html,https://www.christerhamp.se/runor/gamla/og/og30s.jpg
Ög 31,Ög 31 - Östergötland: Å kyrka,,frustin : riti : stin : ₫ina : iftR : sikmut : uk : ukitRi : an ua : bur₫,"Frösten reste denna sten efter Sigmund, och mindre glad bar han bördan",https://www.christerhamp.se/runor/gamla/og/og31.html,https://www.christerhamp.se/runor/gamla/og/og31s.jpg
Ög 32,Ög 32 - Östergötland: Å kyrka,,sin * uk (:) þurburn : uk : satar : þR : ritu : stin : þina iftR * þurkl * brþr * sin * su(n) (*) s(i)--m,"Sven / Sten och Torbjörn och Sandar de reste denna sten efter Torkel, hans [Torbjörns] broder, son till ...",https://www.christerhamp.se/runor/gamla/og/og32.html,https://www.christerhamp.se/runor/gamla/og/og32s.jpg
Ög 33,Ög 33 - Östergötland: Å kyrka,,... ... ...-a : iftiR : saibiurn ÷ faþur ÷ sin,"... efter Säbjörn, sin fader",https://www.christerhamp.se/runor/gamla/og/og33.html,https://www.christerhamp.se/runor/gamla/og/og33s.jpg
Ög  34,"Ög  34 - Östergötland: Lundby, Å",,lhifuntr : raisþi : sten : þana : iftiR : un : bruþur : sin,"Hlifundr reste denna sten efter Unn, sin broder",https://www.christerhamp.se/runor/gamla/og/og34.html,https://www.christerhamp.se/runor/gamla/og/og34s.jpg
øg 38,"øg 38 - østerg—tland: Boberg, FornÍsa",,ikuar sati stain,Ingvar satte stenen,https://www.christerhamp.se/runor/gamla/og/og38.html,https://www.christerhamp.se/runor/gamla/og/og38.jpg
Ög 42,"Ög 42 - Östergötland: Örevad, Älvestad",,rulufR : resţi : stin : ţana : eftiR : ţu(r)stin/ţu(ţ)stin : sun : sin :,"Rolf reste denna sten efter Torsten, sin son",https://www.christerhamp.se/runor/gamla/og/og42.html,https://www.christerhamp.se/runor/gamla/og/og42s.jpg
Ög 43,"Ög 43 - Östergötland: Ingelstad, Östra Eneby",,÷ salsi kar₫i sul ÷ D ÷ skut- - ₫--a hiu ×,Salse gjorde solen. Dag högg detta i hällen.,https://www.christerhamp.se/runor/gamla/og/og43.html,https://www.christerhamp.se/runor/gamla/og/og43s.jpg
Ög 45,"Ög 45 - Östergötland: Björnsnäs, Kvillinge",,: harþi : auk : sikrif : litu : haukua : haili : þaisi : auk : kairþu : buru : þaisi : aiftiR : nan : buþur : sin :,"Harde och Sigraiv lät hugga denna häll och gjorde denna bro efter Nann, deras broder",https://www.christerhamp.se/runor/gamla/og/og45.html,https://www.christerhamp.se/runor/gamla/og/og45s.jpg
Ög 46,"Ög 46 - Östergötland: Herstadberg, Kvillinge socken",,+ uibarn + risti + sten + þisa × iftiR + sulfu + bruþur + sin +,"Vibern reste denna sten efter Solva, sin broder",https://www.christerhamp.se/runor/gamla/og/og46.html,https://www.christerhamp.se/runor/gamla/og/og46s.jpg
Ög 47,"Ög 47 - Östergötland: Herstadberg, Kvillinge socken",,* þurfi(r)iþa * risti : stin * þinsi : aftiR : isikl : faþur * sin * auk * asbun : buru * sin *,"Torvida reste denna sten efter Eskil, sin fader, och Asbjörn, sin broder",https://www.christerhamp.se/runor/gamla/og/og47.html,https://www.christerhamp.se/runor/gamla/og/og47s.jpg
Ög 48,"Ög 48 - Östergötland: Herstadberg, Kvillinge socken",,-,-,https://www.christerhamp.se/runor/gamla/og/og48.html,https://www.christerhamp.se/runor/gamla/og/og48s.jpg
Ög 49,Ög 49 - Östergötland: Rogslösa kyrka,,[+ ges : krist : þn ¶ alt ma :] siali : (æ)(s)(u) [sial] ¶ i þn nistiaa : i ste(n)n lik a ka,"Jesus Kristus allsmäktig, välsigna Åsas själ. ... liket måste in i stenen.",https://www.christerhamp.se/runor/gamla/og/og49.html,https://www.christerhamp.se/runor/gamla/og/og49s.jpg
Ög 52,Ög 52 - Östergötland: Väversunda kyrka,,... (a)uk : þeiR * b(r)[uþr let]u : l(e)... ... : þa(n)[a yfiR * i]orilt --os...(a)(n),... och dessa bröder lät lägga denna ... över Jorhild,https://www.christerhamp.se/runor/gamla/og/og52.html,https://www.christerhamp.se/runor/gamla/og/og52s.jpg
Ög 54,Ög 54 - Östergötland: Väversunda kyrka,,... auk : as... ... ... ... sin,... och ... sin,https://www.christerhamp.se/runor/gamla/og/og54.html,https://www.christerhamp.se/runor/gamla/og/og54s.jpg
Ög 55,Ög 55 - Östergötland: Väversunda kyrka,,-,-,https://www.christerhamp.se/runor/gamla/og/og55.html,https://www.christerhamp.se/runor/gamla/og/og55s.jpg
Ög 56,Ög 56 - Östergötland: Väversunda kyrka,,: ualtrikr : lahţi : stin : ţi... ...,Valdrik lade denna sten ...,https://www.christerhamp.se/runor/gamla/og/og56.html,https://www.christerhamp.se/runor/gamla/og/og56s.jpg
Ög 57,Ög 57 - Östergötland: Väversunda kyrka,,asmutær (:) gæþi : tRr þasar (:),Åsmund gjorde denna dörr,https://www.christerhamp.se/runor/gamla/og/og57.html,https://www.christerhamp.se/runor/gamla/og/og57s.jpg
Ög 61,Ög 61 - Östergötland: Flistads kyrkogård,,: sirun : raisþi : stain : eftiR : ausburn : faþur : sin :,"Sigrun reste stenen efter Asbjörn, sin fader",https://www.christerhamp.se/runor/gamla/og/og61.html,https://www.christerhamp.se/runor/gamla/og/og61s.jpg
Ög 62,"Ög 62 - Östergötland: S:ta Ingrids kloster, Skänninge",,[eystin : raisti : stin : þansi : if]tiR : iskil : bruþur : sin :,"Östen reste denna sten efter Eskil, sin broder",https://www.christerhamp.se/runor/gamla/og/og62.html,https://www.christerhamp.se/runor/gamla/og/og62s.jpg
Ög 63,"Ög 63 - Östergötland: Vistena, Allhelgona",,saþ(u) + þati + tiþtku + su(i)(t) × (a)(f)(h)l × Rtst × fa si,-,https://www.christerhamp.se/runor/gamla/og/og63.html,https://www.christerhamp.se/runor/gamla/og/og63s.jpg
Ög 64,Ög 64 - Östergötland: Bjälbo kyrka,,trikiaR + risþu + stin + þisi + aft + krib kilta + sin + lufi + rist + runaR + þisR + iuta + sunu,"Modiga män reste dena sten efter Greip, deras gillesbroder. Love ristade runorna, Jutes son.",https://www.christerhamp.se/runor/gamla/og/og64.html,https://www.christerhamp.se/runor/gamla/og/og64s.jpg
Ög 66,Ög 66 - Östergötland: Bjälbo kyrka,,: ikiualtr : ristþi : stin : þisi : eftiR : stufialt : bruþur : sin : suain : halkuþan : sun sbialbuþa : i it : in ik : anti,"Ingevald reste denna sten efter Styvjald, sin broder, en mycket god man, son till Spjallbode i ätt, och jag avslutade",https://www.christerhamp.se/runor/gamla/og/og66.html,https://www.christerhamp.se/runor/gamla/og/og66s.jpg
Ög 67,Ög 67 - Östergötland: Ekeby kyrkogård,,sirkir × resþi × stin × þana × eftR × karna,Sverker reste denna sten efter Karna,https://www.christerhamp.se/runor/gamla/og/og67.html,https://www.christerhamp.se/runor/gamla/og/og67s.jpg
Ög 68,Ög 68 - Östergötland: Ekeby kyrka,,suina × karþi × bru × þesi × eftiR × ouint × bruþur × sin × han × uas × uesteR × tauþeR × i × uereks × (k)ai-i,"Svena gjorde denna bro efter Övind, sin broder. Han dog västerut på Värings skepp.",https://www.christerhamp.se/runor/gamla/og/og68.html,https://www.christerhamp.se/runor/gamla/og/og68s.jpg
Ög 69,Ög 69 - Östergötland: Ekeby kyrka,,[*] ki... ...₫ur,,https://www.christerhamp.se/runor/gamla/og/og69.html,https://www.christerhamp.se/runor/gamla/og/og69s.jpg
øg 70,øg 70 - østerg—tland: Ekeby kyrka,,[b]u±[i *] ur[±]... t[(u)(s)]ti + auk æ tuki + ±iR (b)... -- ... eftR ±u(r)ku[(t) ...±u si],"Bode ... Toste och Toke, de br—derna ... efter Torg—t, sin fader",https://www.christerhamp.se/runor/gamla/og/og70.html,https://www.christerhamp.se/runor/gamla/og/og70.jpg
Ög 73,Ög 73 - Östergötland: Hovs kyrka,,... ...ml : ₫e[s]a : ef[i]R : [su]ein : [₫]-[(n)i : f]... ..,... detta minnesmärke efter Sven ...,https://www.christerhamp.se/runor/gamla/og/og73.html,https://www.christerhamp.se/runor/gamla/og/og73s.jpg
øg 74,øg 74 - østerg—tland: Hovs kyrka,,[k]u[n]sein : [iklen]... ... ...± : halbi : siaol : hen[i]R :,Gunstein (?) ... Gud hjðlpe hennes sjðl,https://www.christerhamp.se/runor/gamla/og/og74.html,https://www.christerhamp.se/runor/gamla/og/og74.jpg
Ög 75,Ög 75 - Östergötland: Hovs kyrka,,... -umbl : þata : (y)fiR : sikrun : moþu... -(i)n- : kuþ : hia-... ...,"... [gjorde] denna minnesvård efter Sigrun, sin moder. Gud hjälpe [hennes själ]",https://www.christerhamp.se/runor/gamla/og/og75.html,https://www.christerhamp.se/runor/gamla/og/og75s.jpg
Ög 77,"Ög 77 - Östergötland: Hovgården, Hov",,: tuna : sati : stin : þ-... --tR : sin : uar : þurfast : uas han : man : mist : uniþik *,"Tuna satte denna sten efter sin man Torfast, av människor den störste oniding",https://www.christerhamp.se/runor/gamla/og/og77.html,https://www.christerhamp.se/runor/gamla/og/og77s.jpg
Ög 81,Ög 81 - Östergötland: Högby gamla kyrka,,"* þukir * resþi * stin * þansi * eftiR * asur * sin * muþur*bruþur * sin * iaR * eataþis * austr * i * krikum *
* kuþr * karl * kuli * kat * fim * suni * feal * o * furi * frukn * treks * asmutr * aitaþis * asur * austr * i krikum * uarþ * o hulmi * halftan * tribin * kari * uarþ * at uti *
auk * tauþr * bui * þurkil * rist * runaR","Torgärd reste denna sten efter Assur, sin morbror, som dog österut i Grekland.
Söner fick Gulle en god bonde fem. Vid Fyris föll Asmund orädde kämpen Assur omkom i öster i Grekland, Halvdan blev på Bornholm dräpt, Kare vid Dundee [?] och död är Boe.
Torkel ristade runorna.",https://www.christerhamp.se/runor/gamla/og/og81.html,https://www.christerhamp.se/runor/gamla/og/og81s.jpg
Ög 82,Ög 82 - Östergötland: Högby gamla kyrka,,: ₫urkil (r)(i)-- ---- (₫)(a)s(i) (i)ftiR * uint * tusta * sun * iaR * ati * hugbu :,"Torkel ristade denna [sten] efter Eyvind, Tostes son, som ägde Högby",https://www.christerhamp.se/runor/gamla/og/og82.html,https://www.christerhamp.se/runor/gamla/og/og82s.jpg
Ög 83,Ög 83 - Östergötland: Högby gamla kyrka,,* ₫ura * sati * stin * ₫asi * aftiR * suin * sun * sin * Rs * uRstr * o * ualu,"Tora satte denna sten efter Sven, sin son. Han var västerut på Valö (?)",https://www.christerhamp.se/runor/gamla/og/og83.html,https://www.christerhamp.se/runor/gamla/og/og83s.jpg
Ög 87,Ög 87 - Östergötland: Högby gamla kyrka,,-,-,https://www.christerhamp.se/runor/gamla/og/og87.html,https://www.christerhamp.se/runor/gamla/og/og87s.jpg
Ög 88,"Ög 88 - Östergötland: Axstad, Högby",,* austin * risþi * stin * ayftiR * kata * frita * sin *,"Östen reste stenen efter Kati, sin frände",https://www.christerhamp.se/runor/gamla/og/og88.html,https://www.christerhamp.se/runor/gamla/og/og88s.jpg
Ög 89,"Ög 89 - Östergötland: Skrukeby Holagård, Högby",,urmar : risti kuml : iftR : eskil * bruþur * sin *,"Ormar reste minnesmärket efter Eskil, sin broder",https://www.christerhamp.se/runor/gamla/og/og89.html,https://www.christerhamp.se/runor/gamla/og/og89s.jpg
Ög 90,"Ög 90 - Östergötland: Skrukeby, Högby",,× ketil + -... ... ... ...-s + frita sin,Kettil .. sin frände,https://www.christerhamp.se/runor/gamla/og/og90.html,https://www.christerhamp.se/runor/gamla/og/og90s.jpg
Ög 91,Ög 91 - Östergötland: Järstads kyrkogård,,yuia * rit * stin * ₫a-- * yti * a-mu * sustr,Örökja reste denna sten efter sin syster Amma,https://www.christerhamp.se/runor/gamla/og/og91.html,https://www.christerhamp.se/runor/gamla/og/og91.jpg
Ög 93,"Ög 93 - Östergötland: Haddestad, Väderstad",,: þiuþreiþr : reisþi : stein : þisa : eftiR : biurn : buta : sin : aR : uarþ * hauin *,"Tjudred reste denna sten efter Björn, sin man, som blev dödad",https://www.christerhamp.se/runor/gamla/og/og93.html,https://www.christerhamp.se/runor/gamla/og/og93s.jpg
Ög 94,"Ög 94 - Östergötland: Harstads ödekyrkogård, Väderstad",,: askata : auk : kuþmutr : þau : risþu : kuml : þ[i](t)a : iftiR : u-auk : iaR : buki| |i : haþistaþum : an : uaR : bunti : kuþr : taþr : i : ki[(r)]k[(i)(u)(m)],"Asgöta och Gudmund de reste detta minnesmärke efter Oddlög som bodde i Haddestad. Hag var en god bonde, dog i Grekland.",https://www.christerhamp.se/runor/gamla/og/og94.html,https://www.christerhamp.se/runor/gamla/og/og94s.jpg
Ög 96,"Ög 96 - Östergötland: Karleby, Väderstad",,ţurstin × risţi [× s]tia × ţaasi × eftiR × ymut × bruţu[r×]sua × sia,"Torsten reste denna sten efter Eymund, sin brorson",https://www.christerhamp.se/runor/gamla/og/og96.html,https://www.christerhamp.se/runor/gamla/og/og96s.jpg
Ög 97,"Ög 97 - Östergötland: Grönlund, Åsbo",,kuþmuntr × risþi × stin × þnsa × eftiR × uistin × faþur × sin × kuþ × hialbi × hans × saul ×,"Gudmund reste denna sten efter Visten, sin fader. Gud hjälpe hans själ.",https://www.christerhamp.se/runor/gamla/og/og97.html,https://www.christerhamp.se/runor/gamla/og/og97s.jpg
Ög 98,"Ög 98 - Östergötland: Strålsnäs, Åsbo",,... ris... * stin * þansi * iftiR * -uruk * sin * [f]aþ-... ... iri...-i,"... lät resa denna sten efter Krok, sin fader [och efter] Ärinvi, [sin moder]",https://www.christerhamp.se/runor/gamla/og/og98.html,https://www.christerhamp.se/runor/gamla/og/og98s.jpg
Ög 99,"Ög 99 - Östergötland: Hov, Mogata",ᚴᛁᛦᛘᚢᛏ ᛫ ᛅᚢᚴ ᛬ ᛅᚾᚢᛏᚱ ᛬ ᚦᛁᛦ ᛬ ᚱᛁᛋᛏᚢ ᛬ ᛋᛏᛁᚾ ᛬ ᚦᛁᛋᛅ ᛬ ᛁᚠᛏᛦ ᛬ ᛋᚢᛏᛅ ᛬ ᚠᛅᚢᚱ ᛬ ᛋᛁᚾ ᛬ ᛒᛁᛅᚱᚴᛁ ᛬ ᚴᚢᚦ ᛋᛅᚢᛚ ᛬ ᚼᛅᛋ,kiRmutr • auk : anutr : þiR : ristu : stin : þisa : iftR : suta : faur : sin : biarki : kuþ saul : has,"Germund och Anund reste denna sten efter Sote, sin far. Gud bärge hans själ.",https://www.christerhamp.se/runor/gamla/og/og99.html,https://www.christerhamp.se/runor/gamla/og/og99s.jpg
Ög 100,Ög 100 - Östergötland: Ringarums kyrka,,suain nuk suainal[tr · ra]istu ... ... ... ...l faþur ...,Sven och Svenald reste [stenen efter ... sin ] fader,https://www.christerhamp.se/runor/gamla/og/og100.html,https://www.christerhamp.se/runor/gamla/og/og100s.jpg
Ög 102,Ög 102 - Östergötland: Kaga prästgård,,+ sinkR : let --... ... ... eftiR : friþelfi : kunu : sina : kuþ hialbi : sialu [h]inaR,"Sink lät ... efter Fridälv, sin hustru. Gud hjälpe hennes själ",https://www.christerhamp.se/runor/gamla/og/og102.html,https://www.christerhamp.se/runor/gamla/og/og102s.jpg
Ög 103,Ög 103 - Östergötland: Kaga kyrka,,tufi : raisti : stain : ţinsi * iftiR : liţbufa * faţur * sin *,"Tofe reste denna sten efter Lid-Bofi, sin fader",https://www.christerhamp.se/runor/gamla/og/og103.html,https://www.christerhamp.se/runor/gamla/og/og103s.jpg
Ög 104,"Ög 104 - Östergötland: Gillberga, Kaga",,: ruþr : risti : stin : þinsi : iftiR : tuk- : bruþur : sin : saR : uarþ : trbin : a : ilati : triR : arþa : kuþr :,"Raud reste denna sten efter Toke, sin broder. Han blev dräpt i England, en mycket god man.",https://www.christerhamp.se/runor/gamla/og/og104.html,https://www.christerhamp.se/runor/gamla/og/og104s.jpg
Ög 105,Ög 105 - Östergötland: Kärna kyrkogård,,þurstin : risti : stin : iftiR : uista : faþur sin : buta : nutan : aR : uaR : han : sun : kisa :,"Torsten reste stenen efter Viste, sin fader, en duktig bonde, som var son till Gise",https://www.christerhamp.se/runor/gamla/og/og105.html,https://www.christerhamp.se/runor/gamla/og/og105s.jpg
Ög 106,Ög 106 - Östergötland: Kärna kyrkogård,,: þu-... ...,... tu ...,https://www.christerhamp.se/runor/gamla/og/og106.html,https://www.christerhamp.se/runor/gamla/og/og106s.jpg
Ög 107-108,Ög 107-108 - Östergötland: Kärna kyrkogård,,"... ...(t)i : baþa : istina : at : i... ...
... ...isþi : a-... ...","... reste båda stenarna efter I ...
... reste efter ...",https://www.christerhamp.se/runor/gamla/og/og107.html,https://www.christerhamp.se/runor/gamla/og/og107s.jpg
Ög 109,"Ög 109 - Östergötland: Frössle, Kärna",᛫ ᛋᛘᛁᚦᚱ ᛫ ᚱᛁᛋᚦᛁ ᛫ ᛋᛏᛁᚾ ᛫ ᛂᚠᛏᛁᚱ ᛫ ᚭᚾᚢᛏ ᛫ ᛋᚢᚾ ᛫ ᛋᛁᚾ ᛫,* smiþr * risþi * stin * eftir * onut * sun * sin *,"Smed reste stenen efter Önund, sin son",https://www.christerhamp.se/runor/gamla/og/og109.html,https://www.christerhamp.se/runor/gamla/og/og109s.jpg
Ög 110,"Ög 110 - Östergötland: Lagerlunda, Kärna",ᛁᚠᛏᛁᛦ ᛬ ᛋᚢᚾᛁ ᛫ ᛋᛁᚾᛅ ᛫,... ...-- * iftiR : suni × sina * (h)... ...,... efter sina söner ...,https://www.christerhamp.se/runor/gamla/og/og110.html,https://www.christerhamp.se/runor/gamla/og/og110s.jpg
Ög 111,Ög 111 - Östergötland: Landeryds kyrka,,· uirikR : resti : stan : eftiR : þialfa : bruþur : sin : trak : þan : aR · uaR · miR · knuti :,"Väring reste stenen efter Tjälve, sin broder, kämpen som var med Knut",https://www.christerhamp.se/runor/gamla/og/og111.html,https://www.christerhamp.se/runor/gamla/og/og111s.jpg
Ög 113,"Ög 113 - Östergötland: Nykvarn, S:t Lars",,: uerun : let : resa : sten : þena : eftiR : bofa : sun : sin : aouk : eftiR : eskerþi : totur sina kuþ : hiulbi : seol : þeRa,"Värun lät resa denna sten efter Bove, sin son, och efter Åsgärd, sin dotter. Gud hjälpe deras själ",https://www.christerhamp.se/runor/gamla/og/og113.html,https://www.christerhamp.se/runor/gamla/og/og113s.jpg
Ög 115,"Ög 115 - Östergötland: Ånväga, Skeda",,Isburn : risþi : stin : eftiR : l - k,Äsbjörn reste stenen efter I -,https://www.christerhamp.se/runor/gamla/og/og115.html,https://www.christerhamp.se/runor/gamla/og/og115s.jpg
Ög 116,"Ög 116 - Östergötland: Ånväga, Skeda",,-,-,https://www.christerhamp.se/runor/gamla/og/og116.html,https://www.christerhamp.se/runor/gamla/og/og116.jpg
øg 117,øg 117 - østerg—tland: Slaka kyrka,,...uiR ¼ ba± [¼] t[io ¼ stin ¼] (±)(i)(n)... ...---a ¼ --h(a)--- : --(u)-...,...ver bestðllde denna sten ...,https://www.christerhamp.se/runor/gamla/og/og117.html,https://www.christerhamp.se/runor/gamla/og/og117.jpg
Ög 118,Ög 118 - Östergötland: Slaka kyrka,,* kunar * auk * emikr * restu * sten * þana * eftiR * faþur * sin * bersen * auk * utar * bruþur * sin *,"Gunnar och Hemming reste denna sten efter deras fader Bergsven och Ottal, deras broder",https://www.christerhamp.se/runor/gamla/og/og118.html,https://www.christerhamp.se/runor/gamla/og/og118s.jpg
Ög 121,Ög 121 - Östergötland: Slaka kyrka,,asm(u)(t)(r) * auk * þeR * bruþr * restu * sten * þani * eftiR * sarta * faþur * sia *,"Asmund och hans bröder reste denna sten efter Svarte, deras fader",https://www.christerhamp.se/runor/gamla/og/og121.html,https://www.christerhamp.se/runor/gamla/og/og121s.jpg
Ög 128,Ög 128 - Östergötland: S:t Lars kyrkohärbärge,,: santau × lit × risa × stain × þinasa × iftiR × fasta ¤¤ bunta ¤ sin × auk × bruþ × sina + tua + kuþmunt :: auk + sikbiurn,"Sandö lät resa denna sten efter Faste, sin make, och sina två bröder Gudmund och Sigbjörn.",https://www.christerhamp.se/runor/gamla/og/og128.html,https://www.christerhamp.se/runor/gamla/og/og128s.jpg
Ög 131,Ög 131 - Östergötland: Heda kyrka,,* þurkiR : resþi : kuml : þisi : eftiR : onut : konb : faþur : sin :,"Torger reste detta minnesmärke efter Anund kamp, sin fader",https://www.christerhamp.se/runor/gamla/og/og131.html,https://www.christerhamp.se/runor/gamla/og/og131s.jpg
Ög 132,Ög 132 - Östergötland: Heda kyrka,,hulmstein : reisţi : stein : ţena : auk : bru kiarţi : eftiR : miur : faţur : sin : iR : buki : i : iatunstaţum :,"Homsten reste denna sten och gjorde denna bro efter Myr [?], sin fader, som bodde i Jättingstad",https://www.christerhamp.se/runor/gamla/og/og132.html,https://www.christerhamp.se/runor/gamla/og/og132s.jpg
Ög 133,"Ög 133 - Östergötland: Häggestad, Heda socken",,: brutr : reisþi : stein : þesa : eftiR : sagsa : faþur : sin : auk eftiR : ut : bruþur : sin : kuþ : hialbi : þeim,"Brodd reste denna sten efter Saxe, sin fader, och efter Odd, sin broder. Gud hjälpe dem.",https://www.christerhamp.se/runor/gamla/og/og133.html,https://www.christerhamp.se/runor/gamla/og/og133s.jpg
Ög 134,"Ög 134 - Östergötland: Gärdslösa (Enängen), Kumla",,finuiþrR * sati ... þansi * eft... ...,Finnvid satte denna [sten] efter ...,https://www.christerhamp.se/runor/gamla/og/og134.html,https://www.christerhamp.se/runor/gamla/og/og134s.jpg
Ög 135,"Ög 135 - Östergötland: Gärdslösa (Enängen), Kumla",,: skaukR × auk : asur : reisþu : stein : þisa : eftiR * kak * faþur * sin *,"Skaung och Assur reste denna sten efter Kag, sin fader",https://www.christerhamp.se/runor/gamla/og/og135.html,https://www.christerhamp.se/runor/gamla/og/og135s.jpg
Ög 136,Ög 136 - Östergötland: Rökstenen,,,,https://www.christerhamp.se/runor/gamla/og/og136.html,https://www.christerhamp.se/runor/gamla/og/og136-1s.jpg
Ög 137,"Ög 137 - Östergötland: Kvarntorp, Svanshals",,-,-,https://www.christerhamp.se/runor/gamla/og/og137.html,https://www.christerhamp.se/runor/gamla/og/og137s.jpg
Ög 144,Ög 144 - Östergötland: Ödeshögs kyrka,,...l : reisţi (:) stein : ţena : eftiR : helga : faţur : s...,"... reste denna sten efter Helge, sin fader",https://www.christerhamp.se/runor/gamla/og/og144.html,https://www.christerhamp.se/runor/gamla/og/og144s.jpg
Ög 145,Ög 145 - Östergötland: Dagsbergs kyrkogårdsmur,,... ...ur : sin : eR : furs : ... hilfnai : (a)(u)str,"... sin fader / broder, som dog ... österut",https://www.christerhamp.se/runor/gamla/og/og145.html,https://www.christerhamp.se/runor/gamla/og/og145s.jpg
Ög 146,Ög 146 - Östergötland: Dagsbergs kyrkogårdsmur,,× ufraþ × siti skin ... (r)ulf (f)aur sin × rkil uk ...k stin þina +,"Ofrad satte stenen ... Rolf, sin fader, Arnkel och ... denna sten",https://www.christerhamp.se/runor/gamla/og/og146.html,https://www.christerhamp.se/runor/gamla/og/og146s.jpg
Ög 147,Ög 147 - Östergötland: Furingstads kyrka,,suin * auk * satar * þa[im *] kirþu s(b)akaR * iftiR * fukla * br(u)þur*sun * sin,"Sven och Sandar de gjorde spänger efter Fugle, deras brorson",https://www.christerhamp.se/runor/gamla/og/og147.html,https://www.christerhamp.se/runor/gamla/og/og147s.jpg
Ög 148,Ög 148 - Östergötland: Furingstads kyrka,,: hlga : resti : stein : þasi : ftiR : asmut : sun : sin :,"Helga reste denna sten efter Åsmund, sin son",https://www.christerhamp.se/runor/gamla/og/og148.html,https://www.christerhamp.se/runor/gamla/og/og148s.jpg
Ög 149,Ög 149 - Östergötland: Furingstads kyrka,,...kun : auk : sikstain : raisþu : eftiR : hrulf : faþur : sin : ...tain : þonsi,"Håkon [?] och Sigsten reste efter Rolf, deras fader, denna sten",https://www.christerhamp.se/runor/gamla/og/og149.html,https://www.christerhamp.se/runor/gamla/og/og149s.jpg
Ög 150,Ög 150 - Östergötland: Furingstads kyrka,,: kuina : auk : þurun : auk : þur... ... ... ... sin : auk : kuna : e... ...,Gunna och Torun och Tor... deras och Gunna efter ...,https://www.christerhamp.se/runor/gamla/og/og150.html,https://www.christerhamp.se/runor/gamla/og/og150s.jpg
Ög 151,Ög 151 - Östergötland: Furingstads kyrka,,tur...rn rti * stun þansi * ufti × u(i)(s)(þ)i uis × broþu...,"Torbjörn reste denna sten efter , Svens broder",https://www.christerhamp.se/runor/gamla/og/og151.html,https://www.christerhamp.se/runor/gamla/og/og151s.jpg
Ög 152,"Ög 152 - Östergötland: Agetomta, Furingstad",,[: iluhi : l]it : raisa : stain : þina : aeftiR : sihstain : faþur:faþur : sin : leti : kuþ : saul :* hans :,"Illuge lät resa denna sten efter Sigsten, sin farfar. Gud lätte hans själ!",https://www.christerhamp.se/runor/gamla/og/og152.html,https://www.christerhamp.se/runor/gamla/og/og152s.jpg
Ög 153,Ög 153 - Östergötland: Styrstads kyrkogårdsmur,,hruRikR risþi stain þansa aftiR fruþa auk asbaun suau sina ×,"Rörik reste denna sten efter Frode och Asbjörn, sina söner",https://www.christerhamp.se/runor/gamla/og/og153.html,https://www.christerhamp.se/runor/gamla/og/og153s.jpg
Ög 154,Ög 154 - Östergötland: Styrstads kyrkogårdsmur,,aosa : lit : kiara : kumb[l þita : eftiR : auar : faþur :] (s)in : kuþan : kuþ : ialbi : selu : auars :,"Åsa lär göra detta kummel efter Öjar, sin döde fader. Gud hjälpe Öjars själ",https://www.christerhamp.se/runor/gamla/og/og154.html,https://www.christerhamp.se/runor/gamla/og/og154s.jpg
Ög 155,"Ög 155 - Östergötland: Bjällbrunna, Styrstad",ᚦᚢᚱᚠᚱᛁᚦ × ᚱᛁᛋᛏᛁ × ᛂᚠᛏᛁᛦ × ᛅᛋᚴᚢᛏ × ᛅᚢᚴ × ᚴᛅᚢᛏᛅ ᛋᚢᚾᚢ × ᛋᛁᚾᛅ × ᛋᛏᛁᚾ × ᚦᛅᛋᛁ × ᚼᛅᚾ × ᚴᚢᛏᛁ × ᛂᛏᛅᚦᛁᛋ × ᛁ × ᛁᚴᚢᛅᚱᛋ × ᚼᛁᛚᚠᚾᛁᚴᛁ ×,þurfriþ × risti × eftiR × askut × auk × kauta sunu × sina × stin × þasi × han × kuti × etaþis × i × ikuars × hilfniki ×,"Torfrid reste efter Åsgöt och Göte, sina söner, denna sten. Han Göte ändade sitt liv i Ingvars härskara",https://www.christerhamp.se/runor/gamla/og/og155.html,https://www.christerhamp.se/runor/gamla/og/og155s.jpg
Ög 156,Ög 156 - Östergötland: Tingstads kyrka,,* tola * lit * reisa * stein * eftiR * þorlak * sun * sin *,"Tola lät resa stenen efter Torlak, sin son",https://www.christerhamp.se/runor/gamla/og/og156.html,https://www.christerhamp.se/runor/gamla/og/og156s.jpg
Ög 157,Ög 157 - Östergötland: Tingstads kyrkogård,,--ti- + karþi × br(u) + þasi + a-tiR + hemkil + auk * siba sunu × sina,"Afrid gjorde denna bro efter Hemkel och Sibbe, sina söner",https://www.christerhamp.se/runor/gamla/og/og157.html,https://www.christerhamp.se/runor/gamla/og/og157s.jpg
Ög 158,Ög 158 - Östergötland: Tingstads kyrka,,suartufþi × rasti × stain × þisa × iftiR + uiktiarf × faþur × s-- ×,"Svarthövde reste denna sten efter Vigdjärv, sin fader",https://www.christerhamp.se/runor/gamla/og/og158.html,https://www.christerhamp.se/runor/gamla/og/og158s.jpg
Ög 160,Ög 160 - Östergötland: Kimstads kyrka,,× ...[e]þa : let : kiarua : kumbl : efti[R :] keiRulr :: b--a : sin : koþan : kuþ : halbi : sialu : has :,"Frida [?] lät göra minnesmärket efter Gerulf, sin gode make. Gud hjälpe hans själ!",https://www.christerhamp.se/runor/gamla/og/og160.html,https://www.christerhamp.se/runor/gamla/og/og160s.jpg
Ög 161,Ög 161 - Östergötland: Kimstads kyrkogård,,× suen [×] auk × þeR × bryþr × r[istu × stein × iftR × kaþur × sin × iart × kuþ × h...]lbi × aut × has × auk × kus × muþ[-R × i × lius ×],Sven och hans bröder reste stenen efter deras fader Jarl. Gud hjälpe hans ande och Guds moder till ljuset.,https://www.christerhamp.se/runor/gamla/og/og161.html,https://www.christerhamp.se/runor/gamla/og/og161s.jpg
Ög 162,Ög 162 - Östergötland: Kullerstads bro,,+ hakun + karþi + bru + þasi + ian + su skal + haita + kunas + bru + iai saR + uaR × sua + hakunaR +,Håkon gjorde denna bro och den ska heta Gunnars bro. Och han var Håkons son.,https://www.christerhamp.se/runor/gamla/og/og162.html,https://www.christerhamp.se/runor/gamla/og/og162s.jpg
Ög 163,"Ög 163 - Östergötland: Skattna, Kullerstad",,× ntisa × risti × sten × ebtiR × kufast × sun sin × kuþ × hiabi × aut × hans,"Adisa reste stenen efter Gudfast, sin son. Gud hjälpe hans ande.",https://www.christerhamp.se/runor/gamla/og/og163.html,https://www.christerhamp.se/runor/gamla/og/og163s.jpg
øg 165,øg 165 - østerg—tland: Skðnninge kyrka,,"(*) ±urun * risti * auk æ ±iR æ bru±r æ suniR :
æ tusta æ iftiR * sin * fa±ur
æ ±urkilæk rist æ stin : ±ansi : aufti : tusta :",Torun reste och de br—der s—ner till Toste efter sin fader. Torkel ristade denna sten efter Toste,https://www.christerhamp.se/runor/gamla/og/og165.html,https://www.christerhamp.se/runor/gamla/og/og165.jpg
Ög 166,"Ög 166 - Östergötland: Hospitalsmuren, Skänninge",,bulti : auk : ulfR : ristu : stina : ţisi [iftiR : ţrunt auk :] farulf : bruţr sina,"Bolde och Ulv reste dessa stenar efter Trond och Farulv, sina bröder",https://www.christerhamp.se/runor/gamla/og/og166.html,https://www.christerhamp.se/runor/gamla/og/og166s.jpg
Ög 170,"Ög 170 - Östergötland: Ösby, Gårdeby",,halstun : risti : stun : þansi : RuiR : faþu : sin : sini,Hallsten reste denna sten över sin fader Sinir (?),https://www.christerhamp.se/runor/gamla/og/og170.html,https://www.christerhamp.se/runor/gamla/og/og170s.jpg
Ög 171,Ög 171 - Östergötland: Skärkinds kyrkogårdS,,skiþaleubaz,Skinn-Ljuv,https://www.christerhamp.se/runor/gamla/og/og171.html,https://www.christerhamp.se/runor/gamla/og/og171s.jpg
Ög 172,Ög 172 - Östergötland: Skärkinds kyrkogård,,kutr : uk : fastulfR : uk : burn : uk : rustin : þiR : ristu : stin : þina : iftR : s(t)ibi : faþur : sin * kuþan,"Göt och Fastulv och Björn och Rosten, de reste denna sten efter Stybbe, sin gode far.",https://www.christerhamp.se/runor/gamla/og/og172.html,https://www.christerhamp.se/runor/gamla/og/og172s.jpg
Ög 174,Ög 174 - Östergötland: Skärkinds kyrka,,... ...-blas ÷ h... ...(u)sut-...,... begraven ... (?),https://www.christerhamp.se/runor/gamla/og/og174.html,https://www.christerhamp.se/runor/gamla/og/og174.jpg
Ög 175,Ög 175 - Östergötland: Skärkinds kyrka,,... ...raif ¤ su(n) ...,ÖVERSÄTTNING,https://www.christerhamp.se/runor/gamla/og/og175.html,https://www.christerhamp.se/runor/gamla/og/og175.jpg
Ög 176,"Ög 176 - Östergötland: Karlslund, Skärkind",,× skarţi × raiţi × stin × ţonsi × iftiR kuţmrt × faţur × sin,"Skardi reste denna sten efter Gudmund, sin fader",https://www.christerhamp.se/runor/gamla/og/og176.html,https://www.christerhamp.se/runor/gamla/og/og176s.jpg
Ög 178,Ög 178 - Östergötland: Vadstena,,[· tuwa tuwa · fuþarkgw : hnijïpzs : tbemlñod],-,https://www.christerhamp.se/runor/gamla/og/og178.html,https://www.christerhamp.se/runor/gamla/og/og178s.jpg
Ög 179,Ög 179 - Östergötland: Vadstena klosterkyrka,,... ...i : stin : ţonsi : Rfti : Rskil faţur sin :,"... reste stenen efter Eskil, sin fader",https://www.christerhamp.se/runor/gamla/og/og179.html,https://www.christerhamp.se/runor/gamla/og/og179s.jpg
Ög 180,Ög 180 - Östergötland: Gammalkils kyrka,,[haltan :] (r)ist * stin * þasi :  hrulf : faþu [: sin :] (u)(a)(s) ku(þ),"Halvdan reste denna sten efter Rolf, sin fader. Han var god.",https://www.christerhamp.se/runor/gamla/og/og180.html,https://www.christerhamp.se/runor/gamla/og/og180s.jpg
Ög 181,Ög 181 - Östergötland: Ledbergs kyrkogård,,(b)isi : sati : st(n) : þ(a)s(i) : iftiR : þurkut : ui(n)(u)(a)(l)(i)t : faþu(r) : sin : uk : þu : kuna : baþi : þmk:iii:sss:ttt:iii:l(l)l,"Bise satte denna sten efter Torgöt .. sin fader, de båda (Bise) och Gunna (reste stenen). Tistel, mistel, kistel.",https://www.christerhamp.se/runor/gamla/og/og181.html,https://www.christerhamp.se/runor/gamla/og/og181s.jpg
Ög 182,Ög 182 - Östergötland: Ledbergs kyrkogård,,-,-,https://www.christerhamp.se/runor/gamla/og/og182.html,https://www.christerhamp.se/runor/gamla/og/og182s.jpg
Ög 183,"Ög 183 - Östergötland: Kärrsjö, Ledberg",,* aki * uruni * risti * ifti * (b)ui * [bruþur] ...,"Åke ristade runorna efter Bue, sin broder",https://www.christerhamp.se/runor/gamla/og/og183.html,https://www.christerhamp.se/runor/gamla/og/og183s.jpg
Ög 184,Ög 184 - Östergötland: Sjögestads kyrka,,× saþur + risti + ifti + þura + buþur + sin + uar + tauþr +,"Sätor[?] reste [stenen] efter Tore, sin broder, [som] dog",https://www.christerhamp.se/runor/gamla/og/og184.html,https://www.christerhamp.se/runor/gamla/og/og184s.jpg
Ög 185,Ög 185 - Östergötland: Sjögestads kyrka,,-,... göra bro [?] ...,https://www.christerhamp.se/runor/gamla/og/og185.html,https://www.christerhamp.se/runor/gamla/og/og185s.jpg
Ög 186,"Ög 186 - Östergötland: Frackstad, Sjögestad",,× kut × raisti × ifti × skara × sun sin × anun × hiu × siþu,"Göt resta [stenen] efter Skåre, sin son. Anund högg ...",https://www.christerhamp.se/runor/gamla/og/og186.html,https://www.christerhamp.se/runor/gamla/og/og186s.jpg
Ög 187,"Ög 187 - Östergötland: Hackstad, Sjögestad",,[yustin : ri]sti : stin : þana : eftR : [tiura : faþur : sin :],"Josten reste denna sten efter Dyre, sin fader",https://www.christerhamp.se/runor/gamla/og/og187.html,https://www.christerhamp.se/runor/gamla/og/og187s.jpg
Ög 189,"Ög 189 - Östergötland: Bo, Vikingstad",,+ tuki × rist * stin × aft * bruþ sin * iust *,Toke reste stenen efter sin broder Josten,https://www.christerhamp.se/runor/gamla/og/og189.html,https://www.christerhamp.se/runor/gamla/og/og189s.jpg
Ög 190,"Ög 190 - Östergötland: Nybble, Vikingstad",,...s * risti + istin iftr * aguta * ku(þ)... ...,"... reste stenen efter Agute, en god ...",https://www.christerhamp.se/runor/gamla/og/og190.html,https://www.christerhamp.se/runor/gamla/og/og190s.jpg
Ög 193,Ög 193 - Östergötland: Härberga kyrka,,"sistin * ris(₫)... ...
...ftiR * kermut * mak si...",,https://www.christerhamp.se/runor/gamla/og/og193.html,https://www.christerhamp.se/runor/gamla/og/og193s.jpg
Ög 197,"Ög 197 - Östergötland: Sörby kyrka, Mjölby",,¤ uikutr ¤ risþi ¤ stina ¤ þisi ¤ ift(i)(R) ¤ [þu]rkut × bruþur ¤ sin,"Vigot reste dessa stenar efter Torgot, sin broder",https://www.christerhamp.se/runor/gamla/og/og197.html,https://www.christerhamp.se/runor/gamla/og/og197s.jpg
Ög 199,Ög 199 - Östergötland: Sya,,[ylmstn : risti : stii] ... uftiR * gisl * (f)[aþur : sin r...],"Holmsten reste stenen efter Gisle, sin fader ...",https://www.christerhamp.se/runor/gamla/og/og199.html,https://www.christerhamp.se/runor/gamla/og/og199s.jpg
Ög 200,"Ög 200 - Uddarp, Sya socken",,...R- --- ...umla ufti (k)iR(m)(i) * ₫(k)(n) * ...u(t)(a)n b(u)... ...,"... kumlet efter Germe, en dugande man ...",https://www.christerhamp.se/runor/gamla/og/og200.html,https://www.christerhamp.se/runor/gamla/og/og200.jpg
Ög 201,Ög 201 - Östergötland: Veta kyrkogård,,": karli : auk * þeR : kunaR ÷ restu : stein : þensi
eftR * hamnta : bruþur : sin * trik ** kuþan : kuþ * hialbi * salu * has","Karle och Gunnar de reste denna sten efter Håmunde, sin broder, en god ung man. Gud hjälpe hans själ.",https://www.christerhamp.se/runor/gamla/og/og201.html,https://www.christerhamp.se/runor/gamla/og/og201s.jpg
øg 202,"øg 202 - østerg—tland: Gottl—sa, Veta socken",,* kiR... * risti * stina * ±isi * iftim stinkl * ±iR * uaRu : suniR : biarnaR,Gere reste dessa stenar efter Stenkil. De var Bj—rns s—ner.,https://www.christerhamp.se/runor/gamla/og/og202.html,https://www.christerhamp.se/runor/gamla/og/og202.jpg
øg 203,"øg 203 - østerg—tland: Gottl—sa, Veta socken",,...R * k-k- (r)(i)(s)(t)(i) stin * ±ensi * ... uiurn * sui ...,"... reste denna sten efter Vibj—rn, sin son.",https://www.christerhamp.se/runor/gamla/og/og203.html,https://www.christerhamp.se/runor/gamla/og/og203.jpg
Ög 204,Ög 204 - Östergötland: Viby kyrka,,-usti * risţi stin * eftiR aysti[(n) * mik * s]in [*],Toste reste stenen efter Östen sin mĺg [ ?],https://www.christerhamp.se/runor/gamla/og/og204.html,https://www.christerhamp.se/runor/gamla/og/og204s.jpg
Ög 206,Ög 206 - Östergötland: Viby källgård,,* sigbiurg * resþi * sten * þonsi * uftiR * kunar * buta sin :,"Sigbjörg reste stenen efter Gunnar, sin man.",https://www.christerhamp.se/runor/gamla/og/og206.html,https://www.christerhamp.se/runor/gamla/og/og206s.jpg
Ög 207,"Ög 207 - Östergötland: Enebacken, Sjögestad, Viby",,(:) uiþulf : auk : kiRi : ristu : stin : þensi : iftiR : ufag * muþurbruþur : sin : but(a) (:) ku(þ)(a)n,"Redulv och Gere reste denna sten efter Ofeg, sin morbror, en god bonde",https://www.christerhamp.se/runor/gamla/og/og207.html,https://www.christerhamp.se/runor/gamla/og/og207s.jpg
Ög 208,"Ög 208 - Östergötland: Enebacken, Sjögestad, Viby",,: uigi : risþ : sten : þo(n)s- yftiR : ufag : faþur : sin :,"Vige reste denna sten efter Ofeg, sin fader",https://www.christerhamp.se/runor/gamla/og/og208.html,https://www.christerhamp.se/runor/gamla/og/og208s.jpg
Ög 209,"Ög 209 - Östergötland: Enebacken, Sjögestad, Viby",,: tusti : risti : stin : eftiR * tuka * auk * u÷rusta : nefa : sina :,"Toste reste stenen efetr Toke och Oruste, sina brorsöner",https://www.christerhamp.se/runor/gamla/og/og209.html,https://www.christerhamp.se/runor/gamla/og/og209s.jpg
Ög 210,"Ög 210 - Östergötland: Kårarp, Viby",,: tusti : resþi : stn : þesi : eftiR : keslik : faþur : sin :,"Toste reste denna sten efter Gäsling, sin fader",https://www.christerhamp.se/runor/gamla/og/og210.html,https://www.christerhamp.se/runor/gamla/og/og210s.jpg
Ög 211,"Ög 211 - Östergötland: Mörby, Viby",,* fulugi : raisþi : sten : þensi : eftiR : sagsa : faþur : sin :,"Fulluge reste denna sten efter Saxe, sin fader",https://www.christerhamp.se/runor/gamla/og/og211.html,https://www.christerhamp.se/runor/gamla/og/og211s.jpg
Ög 213,Ög 213 - Östergötland: Västerlösa kyrka,,: steinlauk : let : lekia : stein : þena : ufiR : (a)(l)ui : sun : sin : kuþ : hiabi : siol : hans : auk : kus : moþiR :,"Stenlög lät lägga denna sten över Alver, sin son. Gud och Guds moder hjälpe hans själ!",https://www.christerhamp.se/runor/gamla/og/og213.html,https://www.christerhamp.se/runor/gamla/og/og213s.jpg
Ög 214,"Ög 214 - Östergötland: Egeby knekttorp, Västerlösa",,ulf * risti * stin * [þisi * iftiR *] ufak * f[aþu]r * sin * auk * bru * þisi * k[ari]þi,"Ulv reste denna sten efter Ofeg, sin fader, och gjorde denna bro.",https://www.christerhamp.se/runor/gamla/og/og214.html,https://www.christerhamp.se/runor/gamla/og/og214s.jpg
Ög 216,Ög 216 - Östergötland: Sunds kyrkby,,: krim- ...,Grim ... (?),https://www.christerhamp.se/runor/gamla/og/og216.html,https://www.christerhamp.se/runor/gamla/og/og216s.jpg
Ög 217,"Ög 217 - Östergötland: Oppeby, Sund",,oniþikR : biorn : reisiR : stein : eftiR : krein : faþur : sin : auk : steinu : sistur : sina :,"Onidingen Björn reser stenen efter Gren, sin fader, och Stena, sin syster",https://www.christerhamp.se/runor/gamla/og/og217.html,https://www.christerhamp.se/runor/gamla/og/og217s.jpg
Ög 219,"Ög 219 - Östergötland: Lundby, Lillkyrka",,a(u)(k)(a)utr : risþi : stin : þansi : RftiR : sikfus : mnk * sia *,"Ögöt reste denna sten efter Sigfus, sin måg",https://www.christerhamp.se/runor/gamla/og/og219.html,https://www.christerhamp.se/runor/gamla/og/og219s.jpg
Ög 220,Ög 220 - Östergötland: Östra Skrukeby kyrka,,: suen : auk : iki : letu : kiarua : kumbl : eftR :: uibiora : fnþur : sia : koþna : kuþ : hnlbi snlu : hnas : uel :,"Sven och Inge lät göra minnesmärket efter Vebjörn, deras gode fader. Gud hjälpe hans själ väl.",https://www.christerhamp.se/runor/gamla/og/og220.html,https://www.christerhamp.se/runor/gamla/og/og220s.jpg
Ög 221,"Ög 221 - Östergötland: Reva, Törnevalla socken",,aytr : rasti : stin : þasi : aftiR : t[an]sk[a] : faþur : sin : buta : kuþan,"Önd reste denna sten efter Danske, sin fader, en god make",https://www.christerhamp.se/runor/gamla/og/og221.html,https://www.christerhamp.se/runor/gamla/og/og221s.jpg
Ög 222,Ög 222 - Östergötland: Törnevalla kyrkogårdsport,,[...in : sati : sti]n : þana : e[ftiR : farþakn ...],Sven satte denna sten efter Farþegn ...,https://www.christerhamp.se/runor/gamla/og/og222.html,https://www.christerhamp.se/runor/gamla/og/og222.jpg
Ög 223,Ög 223 - Östergötland: Törnevalla kyrka,,: [----]tin : raistþi : stain : þana : iftiR : þuri : mak : sin,"... reste denna sten efter Tore, sin måg",https://www.christerhamp.se/runor/gamla/og/og223.html,https://www.christerhamp.se/runor/gamla/og/og223s.jpg
Ög 224,"Ög 224 - Östergötland: Stratomta, Törnevalla",,: estriþ : ausualti : aukmuntr : þau : litu : rais:a : stain : þansi : aftiR : halftan : faþur : sin : auk : astriþ : at : bunta : sin : : kuþan :,"Ästrid, Osvalde, Augmund, de lät resa denna sten efter Halvdan, sin fader, och Ästrid efter sin gode make",https://www.christerhamp.se/runor/gamla/og/og224.html,https://www.christerhamp.se/runor/gamla/og/og224-1s.jpg
Ög 225,"Ög 225 - Östergötland: Högtomta, Östra Husby",,þruntr × risti + tsin × þinsa + aftiR * þurtsin [faþ](u)r sin,"Trond reste denna sten efter Torsten, sin fader",https://www.christerhamp.se/runor/gamla/og/og225.html,https://www.christerhamp.se/runor/gamla/og/og225s.jpg
Ög 228,"Ög 228 - Östergötland: Tuna bro, Östra Husby",,hiþinkun × kiafluk : rastu × ftiR • ufak : buanta • sin hilbi kuþ ant hans •,"Hedingun, Gjaflaug reste efter Ofeg, deras make. Gud hjälpe hans ande.",https://www.christerhamp.se/runor/gamla/og/og228.html,https://www.christerhamp.se/runor/gamla/og/og228s.jpg
Ög 229,"Ög 229 - Östergötland: Varby, Östra Husby",,: austaen × auk × urykia : raistu + kumbl + þisa : at : haiRa : faþur sin × guþ hiul[b]i : onta has,"Östen och Orökja reste detta minnesmärke efter Gere, sin fader. Gud hjälpe hans ande!",https://www.christerhamp.se/runor/gamla/og/og229.html,https://www.christerhamp.se/runor/gamla/og/og229s.jpg
Ög 230,"Ög 230 - Östergötland: Åkerby trappbacke, Häradshammar",,: þulfR : resti : sten : þisa : aftiR : ketil : sun : sin,"Tolv reste denna sten efter Kättil, sin son",https://www.christerhamp.se/runor/gamla/og/og230.html,https://www.christerhamp.se/runor/gamla/og/og230s.jpg
øg 231,øg 231 - østerg—tland: østra Stenby kyrka,,suin [: ak : t]sin : ak : iyan : ak rakn[i : ±aiR r...u * kuml *] (a)ftiR : tsinar : fa(±)[ur sin ...u± * hialbi *] salu * tsinar * ±[ufr]... ...,"Sven och Sten och Johan och Ragne, de reste kumlet efter Steinar, deras fader. Gud hjðlpe hans sjðl. Steinar ...",https://www.christerhamp.se/runor/gamla/og/og231.html,https://www.christerhamp.se/runor/gamla/og/og231.jpg
Ög 232,Ög 232 - Östergötland: Östra Stenby kyrka,,akuti : auk : ulf : þiR : litu : rasa : tsin þinsa aftiR : biruiþ : faþur sin,"Agute och Ulf, de lät resa denna sten efter Bergvid, sin fader",https://www.christerhamp.se/runor/gamla/og/og232.html,https://www.christerhamp.se/runor/gamla/og/og232s.jpg
Ög 233,Ög 233 - Östergötland: Östra Stenby kyrka,,+ uibaurn + risti + stin + ţasa + aftiR + ţurkiR + bruţur + sin,"Vibjörn reste denna sten efter Torger, sin broder",https://www.christerhamp.se/runor/gamla/og/og233.html,https://www.christerhamp.se/runor/gamla/og/og233s.jpg
Ög 234,Ög 234 - Östergötland: Östra Stenby kyrka,,karl * rist * stin * ţisa * itR * osmut * buruţu sin,"Karl reste denna sten efter Ĺsmund, sin broder",https://www.christerhamp.se/runor/gamla/og/og234.html,https://www.christerhamp.se/runor/gamla/og/og234s.jpg
Ög 235,Ög 235 - Östergötland: Östra Stenby kyrka,,karl uist (:) stin : þisa itR þurfrþa auþurn fr(a)ta si-,"Karl reste denna sten efter Torfrid, sin broder",https://www.christerhamp.se/runor/gamla/og/og235.html,https://www.christerhamp.se/runor/gamla/og/og235s.jpg
Ög 236,Ög 236 - Östergötland: Östra Stenby kyrka,,× ufagR * raisţi * stain * ţansa * eftiR * aystain * sun sin ×,"Ofeg reste denna sten efter Östen, sin son",https://www.christerhamp.se/runor/gamla/og/og236.html,https://www.christerhamp.se/runor/gamla/og/og236s.jpg
Ög 238,"Ög 238 - Östergötland: Bankeberg, Vikingstad",,þulkR * uasuek * sin × þaosi × if(t)iR × (a)iRku k,Toler reste denna sten efter Gervi,https://www.christerhamp.se/runor/gamla/og/og238.html,https://www.christerhamp.se/runor/gamla/og/og238s.jpg
Ög 239,Ög 239 - Östergötland: Skänninge,,-(u)na(r) (:) lakþi : stein : þena : eftiR : [k]u(þ)lug : kunu : si-a : goþa : [(a)]uk : eftiR : ahsu : totur : sina : mu : koþa (:) guþ : hielbi · saflu · þiRa · bekia ·,"Gunnar lade denna sten efter Gudlög, sin goda hustru och efter Åsa, sin dotter, en god mö. Gud hjälpe båda deras själar.",https://www.christerhamp.se/runor/gamla/og/og239.html,https://www.christerhamp.se/runor/gamla/og/og239s.jpg
Ög 240-241,Ög 240-241 - Östergötland: Hovs kyrka,,× keitil : l(a)gþi : hualf : þ... ... ... si- : kuþ : hia(l)...- : [t]una : salu ×,Kettil lade detta valv [över] ... sin ... Gud hjälpe ... Tunnes själ,https://www.christerhamp.se/runor/gamla/og/og240.html,https://www.christerhamp.se/runor/gamla/og/og240s.jpg
Ög 242,Ög 242 - Östergötland: Hovs kyrka,,-,-,https://www.christerhamp.se/runor/gamla/og/og242.html,https://www.christerhamp.se/runor/gamla/og/og242s.jpg
Ög 244,Ög 244 - Östergötland: Viby kyrkogård,,-,-,https://www.christerhamp.se/runor/gamla/og/og244.html,https://www.christerhamp.se/runor/gamla/og/og244s.jpg
Ög 246,Ög 246 - Östergötland: Örberga prästgård,,...-nk : s-- : -...,... sin arvinge ...,https://www.christerhamp.se/runor/gamla/og/og246.html,https://www.christerhamp.se/runor/gamla/og/og246s.jpg
Ög 250,"Ög 250 - Östergötland: Himmelstalund, Östra Eneby",ᛒᚢᚨᛟᛞ,buaod,-,https://www.christerhamp.se/runor/gamla/og/ogkj54.html,https://www.christerhamp.se/runor/gamla/og/ogkj54s.jpg
Ög 251,Ög 251 - Östergötland: Väversunda kyrka,,...---- lahþi : ste : þn : yf... ...(a) : kuþ : hi(a)... ...n : auk ...,... lade denna sten över ... Gud hjälpe ... och,https://www.christerhamp.se/runor/gamla/og/og251.html,https://www.christerhamp.se/runor/gamla/og/og251s.jpg
Ög 253,Ög 253 - Östergötland: Väversunda kyrka,,...-(f)(b)(i)(r) hu(k)-...-uli(n)...,-,https://www.christerhamp.se/runor/gamla/og/ogn253.html,https://www.christerhamp.se/runor/gamla/og/ogn253s.jpg
Ög 256,Ög 256 - Östergötland: Herrestads kyrka,,...rkeiR : a... ...(l) × lagþ... ... kuþ × ...,... -geir och ... lade ... Gud,https://www.christerhamp.se/runor/gamla/og/og256.html,https://www.christerhamp.se/runor/gamla/og/og256s.jpg
Ög 258,Ög 258 - Östergötland: Herrestads kyrka,,-,-,https://www.christerhamp.se/runor/gamla/og/og258.html,https://www.christerhamp.se/runor/gamla/og/og258.jpg
Ög 260,Ög 260  - Östergötland: Vreta kloster,,... ...etu : kiar... ...umbl : eftR : oln : botn : sia : koþ...,"... lät göra minnesmärket efter Ola, sin man ...",https://www.christerhamp.se/runor/gamla/og/ogskl1-174.html,https://www.christerhamp.se/runor/gamla/og/ogskl1-174s.jpg
Ög 266,Ög 266 - Östergötland: Bjälbo kyrka,,...iRi × r...,...,https://www.christerhamp.se/runor/gamla/og/og266.html,https://www.christerhamp.se/runor/gamla/og/og266s.jpg
Ög 267,"Ög 267 - Östergötland: Stora Valby, Väderstad",,... ...(r)(u)(a) : kumlu : þisi : iftiR * ...,... detta minnesmärke efter ...,https://www.christerhamp.se/runor/gamla/og/ogn267.html,https://www.christerhamp.se/runor/gamla/og/ogn267s.jpg
Ög 272,"Ög 272 - Östergötland: Hospitalet, Skänninge",,... : -ilk--... ...,-,https://www.christerhamp.se/runor/gamla/og/ogn272.html,https://www.christerhamp.se/runor/gamla/og/ogn272.jpg
Ög 273,"Ög 273 - Östergötland: S:ta Ingrids klosterruin, Skänninge",,kufi + lagþi + stin + eftiR + ygila + sun + sin · kuþ ialbi has sal,"Guve lade stenen efter (Ängle?), sin son. Gud hjälpe hans själ.",https://www.christerhamp.se/runor/gamla/og/og273.html,https://www.christerhamp.se/runor/gamla/og/og273s.jpg
Ög 274,"Ög 274 - Östergötland: S:ta Ingrids klosterruin, Skänninge",,harani : lakþi : ufiR : kufa : faþur : sint : kuþ : hialbi : sao(l),"Rane lade över Guve, sin fader. Gud hjälpe själen.",https://www.christerhamp.se/runor/gamla/og/og274.html,https://www.christerhamp.se/runor/gamla/og/og274s.jpg
Ög 275,"Ög 275 - Östergötland: Sankt Martins kyrka, Skänninge",,: uikeR : lag(þ)... ... kus : moþiR,Viger lade ... Guds moder,https://www.christerhamp.se/runor/gamla/og/og275.html,https://www.christerhamp.se/runor/gamla/og/og275s.jpg
Ög 276,"Ög 276 - Östergötland: Vårfrukyrkan, Skänninge",,...(i)sola... ¶ ...s : ia----(r)..,-,https://www.christerhamp.se/runor/gamla/og/og276.html,https://www.christerhamp.se/runor/gamla/og/og276s.jpg
Ög 277,"Ög 277 - Östergötland: Sankt Martins kyrka, Skänninge",,... kus · (m)... ...,... Guds moder ...,https://www.christerhamp.se/runor/gamla/og/og277.html,https://www.christerhamp.se/runor/gamla/og/og277.jpg
Ög 284,Ög 284  - Östergötland: Skärkinds kyrka,,...-iulu...,-,https://www.christerhamp.se/runor/gamla/og/ogata4654-74.html,https://www.christerhamp.se/runor/gamla/og/ogata4654-74.jpg
Ög 285,"Ög 285 - Östergötland: Franciskanerklostret, Söderköping",,...r : lit : ... yfiR : -...,... lät ... över ...,https://www.christerhamp.se/runor/gamla/og/ogfv1959-246.html,https://www.christerhamp.se/runor/gamla/og/ogfv1959-246.jpg
Ög 286,"Ög 286 - Östergötland: Hospitalsgatan 9, Söderköping",,...fi... ...(k)þu : yfiR : mu...,... lade över ...,https://www.christerhamp.se/runor/gamla/og/ogfv1959-248.html,https://www.christerhamp.se/runor/gamla/og/ogfv1959-248.jpg
Ög 287,"Ög 287 - Östergötland: Franciskanerklostret, Söderköping",,-,-,https://www.christerhamp.se/runor/gamla/og/ogfv1959-247.html,https://www.christerhamp.se/runor/gamla/og/ogfv1959-247.jpg
Ön 288,"Ön 288 - Östergötland: Oklunda, Östra Husby",,kunar ÷ faþi runaR þisaR ÷ in sa flau sakiR ÷ suti ui þita ÷ in sa fl- (i)n ruþ þan ÷ in sa bat uifin ÷ þitta faþi ÷,"Gunnar ristade dessa runor och han flydde saker, sökte detta vi och han fick undanröjd, och han band. Vifinn gjorde detta",https://www.christerhamp.se/runor/gamla/og/ogn288.html,https://www.christerhamp.se/runor/gamla/og/ogn288s.jpg
Ög 289,Ög 289 - Östergötland: Östra Stenby kyrka,,...-a × ri(t)i × stin × ₫insa × at ...₫ru × sun × ...,... reste dena sten efter ... sin broder ...,https://www.christerhamp.se/runor/gamla/og/ogata580-75.html,https://www.christerhamp.se/runor/gamla/og/ogata580-75s.jpg
Ög 291,Ög 291 - Östergötland: Väversunda kyrka,,-,-,https://www.christerhamp.se/runor/gamla/og/ogn291.html,https://www.christerhamp.se/runor/gamla/og/ogn291s.jpg
Ög 295,Ög 295 - Östergötland: Hovs kyrka,,... ...-in : þ...na : ...fiR : ...,.. denna sten över ...,https://www.christerhamp.se/runor/gamla/og/oghov4-18.html,https://www.christerhamp.se/runor/gamla/og/oghov4-18s.jpg
Ög ATA 1083/48,Ög ATA 1083/48 - Östergötland: Östra Hargs kyrka,,... : tufi : rst... ...,... Tofi reste ...,https://www.christerhamp.se/runor/gamla/og/ogata1083-48.html,https://www.christerhamp.se/runor/gamla/og/ogata1083-48.jpg
Ög ATA 5060/54,"Ög ATA 5060/54 - Östergötland: Norrgården, Kullen, Bjälbo",,₫orby(r)- -- -------... aift- ₫or---(r) ------(r)--(n)iso-n...s,Torbjörn ... efter Trogeir (?) ...,https://www.christerhamp.se/runor/gamla/og/ogata5060-54.html,https://www.christerhamp.se/runor/gamla/og/ogata5060-54s.jpg
Ög ATA6266/59A,Ög ATA6266/59A - Östergötland: Rogslösa kyrka,,...o : sustur : sina k(o)...,... sin goda syster ...,https://www.christerhamp.se/runor/gamla/og/ogata6266-59a.html,https://www.christerhamp.se/runor/gamla/og/ogata6266-59as.jpg
øg ATA 5503/61,øg ATA 5503/61 - østerg—tland: Rystads kyrka,,: ±urstin : -... ... ...R : frystin : fa±ur : sin :,"Torsten ... [reste stenen efter] Fr—sten, sin fader",https://www.christerhamp.se/runor/gamla/og/ogata5503-61.html,https://www.christerhamp.se/runor/gamla/og/ogata5503-61.jpg
Ög ATA 6225/65,Ög ATA 6225/65 - Östergötland: Vists kyrka,,hkun : þiʀ bṛþ̣r : suniʀ : kunita- · ---ṭu : sn · iftʀ :,"Håkon och hans bröder, Gunnhilds söner, reste stenen efter ...",https://www.christerhamp.se/runor/gamla/og/ogata6225-65.html,https://www.christerhamp.se/runor/gamla/og/ogata6225-65s.jpg
Ög ATA 322-165-2006B,Ög ATA 322-165-2006B  - Östergötand: Örberga kyrka,,: þugiR : ilet : lega : kubl : þesh : yfiR ¶ : kuhu : moþur sina : kuþ : hialbin : sol : he ¶ na :,"Torgeir lät lägga dessa kummel över Gunna, sin moder. Gud hjälpe hennes själ",https://www.christerhamp.se/runor/gamla/og/ogata322-165-2006b.html,https://www.christerhamp.se/runor/gamla/og/ogata322-165-2006b-2s.jpg
Ög ATA 322-1229-2007,"Ög ATA 322-1229-2007 - Östergötland: Sankt Per, Rödtornet, Vadstena",,× ka-fsni-... × ns... ...(n)...hs--- ×,-,https://www.christerhamp.se/runor/gamla/og/ogata322-1229-2007.html,https://www.christerhamp.se/runor/gamla/og/ogata322-1229-2007s.jpg
Ög nyfynd 2010,Ög nyfynd 2010 - Östergötland: Heda kyrka,,…ualf : þas…R : kuþlug : muþur : -…,... detta valv över Gudlög ... moder ...,https://www.christerhamp.se/runor/gamla/og/ogata322-3519-2010.html,https://www.christerhamp.se/runor/gamla/og/ogata322-3519-2010s.jpg
Ög FV 1950;341,"Ög FV 1950;341 - Östergötland: Kallerstad, S:t Lars socken",,...-iur- : auk : as-iurn : þiR : ristu : stin : þasi : eft-R : uikfast : faþur : sin : es uas : tuþr : o : eklati : sun : helgu,"... -björn och Asbjörn de reste denna sten efter Vigfast, sin fader, Helgas son. Han dog i England.",https://www.christerhamp.se/runor/gamla/og/ogfv1950-341.html,https://www.christerhamp.se/runor/gamla/og/ogfv1950-341s.jpg
Ög Fv 1950;343,"Ög Fv 1950;343  - Östergötland: Stegeborg, Skällvik",,...-- : þasi : aftiR * -...,... dessa efter ...,https://www.christerhamp.se/runor/gamla/og/ogfv1950-343.html,https://www.christerhamp.se/runor/gamla/og/ogfv1950-343s.jpg
Ög FV 1958;252,"Ög FV 1958;252 - Östergötland: S:t Lars kyrka, Linköping",,: kera : let : kerua : kubl : þsa : yfiR : þurþ : bunta : sin : auk : siriþr : mar : yfir : sin : faþur :: kuþ : hiulbi : sial : hanis,"Gera lät göra detta minnesmärke över Tord, sin man, och Sigrid, ungmön, över sin fader. Gud hjälpe hans själ.",https://www.christerhamp.se/runor/gamla/og/ogfv1958-252.html,https://www.christerhamp.se/runor/gamla/og/ogfv1958-252s.jpg
Ög FV 1958;255,"Ög FV 1958;255 - Östergötland: S:t Lars kyrka, Linköping",,: hegualtr : lakţi : s...(t)n : ţena : ef(t)iR : uţa : (s)un : sin : kuţan :,"Hägvald lade denna sten efter Öde, sin gode son",https://www.christerhamp.se/runor/gamla/og/ogfv1958-255.html,https://www.christerhamp.se/runor/gamla/og/ogfv1958-255s.jpg
Ög Fv1959;241,Ög Fv1959;241 - Östergötland: Östra Eneby kyrka,,... ---- × stain × þansi × ifti- × r(a)-...,... denna sten efter ...,https://www.christerhamp.se/runor/gamla/og/ogfv1959-241.html,https://www.christerhamp.se/runor/gamla/og/ogfv1959-241s.jpg
Ög Fv1959;243,Ög Fv1959;243 - Östergötland: Östra Eneby kyrka,,-,-,https://www.christerhamp.se/runor/gamla/og/ogfv1959-243.html,https://www.christerhamp.se/runor/gamla/og/ogfv1959-243s.jpg
Ög Fv1959;244,"Ög Fv1959;244 - Östergötland: Franciskanerklostret, Söderköping",,... ...ftiR * su-...,... efter son ...,https://www.christerhamp.se/runor/gamla/og/ogfv1959-244.html,https://www.christerhamp.se/runor/gamla/og/ogfv1959-244.jpg
Ög Fv1959;245,"Ög Fv1959;245 - Östergötland: Franciskanerklostret, Söderköping",,...(k)r(u)... ...ans : -,... hans ...,https://www.christerhamp.se/runor/gamla/og/ogfv1959-245.html,https://www.christerhamp.se/runor/gamla/og/ogfv1959-245.jpg
Ög Fv1959;249,"Ög Fv1959;249 - Östergötland: Korskullen, Söderköping",,þor... ... ...(r) * þau (l)itu * reisa * s... ... ...(t)ein * sun * s...,"Tor ... de lär resa stenen ... Sten, sin son",https://www.christerhamp.se/runor/gamla/og/ogfv1959-249.html,https://www.christerhamp.se/runor/gamla/og/ogfv1959-249.jpg
Ög FV 1965;54,Ög FV 1965;54 - Östergötland: Viby kyrka,,: haukR * risţi * ift * hifan * trik * kuml * ift * sun * sin * ukiţila * trik * alkuţan saR * hit * krimar,"Hök reste [stenen] efter en duglig ung man, minnesmärke efter sin son, en mycket god ung man. Han hette Grimar.",https://www.christerhamp.se/runor/gamla/og/ogfv1965-54.html,https://www.christerhamp.se/runor/gamla/og/ogfv1965-54s.jpg
Ög FV 1966;102,"Ög FV 1966;102 - Östergötland: S:t Laurentius kyrka, Söderköping",,kunuatr : raisţi : stin : ţansi : eftiR : ţurstin : auk : ţurlak : suni : sina,"Gunvat reste denna sten efter Torsten och Torlak, sina söner",https://www.christerhamp.se/runor/gamla/og/ogfv1966-102.html,https://www.christerhamp.se/runor/gamla/og/ogfv1966-102s.jpg
Ög FV 1970;310,Ög FV 1970;310 - Östergötland: Kullerstads kyrka,,hakun + raiþi × kuml × þausi × eftiR × kunar + sun × sin × han × uarþ × taurþ × uastr +,"Håkan reste detta minnesmärke efter Gunnar, sin son. Han dog västerut.",https://www.christerhamp.se/runor/gamla/og/ogfv1970-310.html,https://www.christerhamp.se/runor/gamla/og/ogfv1970-310s.jpg
Ög FV 1975;174,"Ög FV 1975;174 - Östergötland: Harstads ödekyrkogård, Väderstad",,...-- * iarl × ristu ...n * þinsa * aftiR * bruþr * utruks,... Jarl reste denna sten efter Otryggs broder ...,https://www.christerhamp.se/runor/gamla/og/ogfv1975-174.html,https://www.christerhamp.se/runor/gamla/og/ogfv1975-174s.jpg
Ög FV 1983;240,"Ög FV 1983;240 - Östergötland: Prästgården, Appuna",,+ tufi + karþi × uþ × þans- hftiR + tuli sua sa,"Tove gjorde detta vadställe (?) efter Tolir, sin son",https://www.christerhamp.se/runor/gamla/og/ogfv1983-240.html,https://www.christerhamp.se/runor/gamla/og/ogfv1983-240s.jpg
Ög FV 1999;177,Ög FV 1999;177 - Östergötland: Lönsås kyrka,,{IES[US] NA ZAREN[US]} re{X} iude orum,"Jesus av Nasaret, judarnas konung",https://www.christerhamp.se/runor/gamla/og/ogfv1999-177.html,https://www.christerhamp.se/runor/gamla/og/ogfv1999-177s.jpg
Ög Hov 8;19,Ög Hov 8;19 - Östergötland: Hovs kyrka,,... ...-n ' ţasi * ifi... ...,... denna sten efter ...,https://www.christerhamp.se/runor/gamla/og/oghov8-19.html,https://www.christerhamp.se/runor/gamla/og/oghov8-19.jpg
STEN ID,STEN ID - Östergötland: Hovs kyrka,,...-k lun-a : -... ...(a)lbi * siao- ...,... hjälpe själen ...,https://www.christerhamp.se/runor/gamla/og/oghov11-21.html,https://www.christerhamp.se/runor/gamla/og/oghov11-21.jpg
øg 297,øg 297 - østerg—tland: Hovs kyrka,,... : lag±i : hual... ...,... lade valvet ...,https://www.christerhamp.se/runor/gamla/og/oghov12-21.html,https://www.christerhamp.se/runor/gamla/og/oghov12-21.jpg
Ög Hov 14;22,Ög Hov 14;22 - Östergötland: Hovs kyrka,,...(o)rstein : auk : ţiuţstin : b...,... Torsten och Tjodsten ...,https://www.christerhamp.se/runor/gamla/og/oghov14-22.html,https://www.christerhamp.se/runor/gamla/og/oghov14-22.jpg
Ög Hov 15;22,Ög Hov 15;22 - Östergötland: Hovs kyrka,,: ţors---n : au- : ţiuţs-... ... ...bi : guţ : ...,Torsten och Tjodsten ... hjälpe Gud ...,https://www.christerhamp.se/runor/gamla/og/oghov15-22.html,https://www.christerhamp.se/runor/gamla/og/oghov15-22.jpg
øg Hov 17;23,øg Hov 17;23 - østerg—tland: Hovs kyrka,,... ...iR æ krima... ...,... efter Grimar (?) ...,https://www.christerhamp.se/runor/gamla/og/oghov17-23.html,https://www.christerhamp.se/runor/gamla/og/oghov17-23.jpg
Ög Hov 19;24,Ög Hov 19;24 - Östergötland: Hovs kyrka,,... ...ur × si... ...,... sin fader / broder ...,https://www.christerhamp.se/runor/gamla/og/oghov19-24.html,https://www.christerhamp.se/runor/gamla/og/oghov19-24.jpg
øg Hov 26;25,øg Hov 26;25 - østerg—tland: Hovs kyrka,,: ±ors...,... Torsten ...,https://www.christerhamp.se/runor/gamla/og/oghov26-25.html,https://www.christerhamp.se/runor/gamla/og/oghov26-25.jpg
Ög Hov 28;26,Ög Hov 28;26 - Östergötland: Hovs kyrka,,...k × tul...,-,https://www.christerhamp.se/runor/gamla/og/oghov28-26.html,https://www.christerhamp.se/runor/gamla/og/oghov28-26.jpg
Ög Hov 29;26,Ög Hov 29;26 - Östergötland: Hovs kyrka,,...- ' aki...,-,https://www.christerhamp.se/runor/gamla/og/oghov29-26.html,https://www.christerhamp.se/runor/gamla/og/oghov29-26.jpg
Ög Hov 31;27,Ög Hov 31;27 - Östergötland: Hovs kyrka,,...-n : lag₫... ...,... n lade ...,https://www.christerhamp.se/runor/gamla/og/oghov31-27.html,https://www.christerhamp.se/runor/gamla/og/oghov31-27.jpg
Ög Hov 32;27,Ög Hov 32;27 - Östergötland: Hovs kyrka,,... uar₫ : t... ...,... dog ...,https://www.christerhamp.se/runor/gamla/og/oghov32-27.html,https://www.christerhamp.se/runor/gamla/og/oghov32-27.jpg
Ög Hov 34;28,Ög Hov 34;28 - Östergötland: Hovs kyrka,,... ...(u)mbl × ₫eta × ...,... detta kummel ...,https://www.christerhamp.se/runor/gamla/og/oghov34-28.html,https://www.christerhamp.se/runor/gamla/og/oghov34-28.jpg
øg Hov 37;28,øg Hov 37;28 - østerg—tland: Hovs kyrka,,...stin æ ... æ (k)...,... sten ...,https://www.christerhamp.se/runor/gamla/og/oghov37-28.html,https://www.christerhamp.se/runor/gamla/og/oghov37-28.jpg
øg Hov 39;29,øg Hov 39;29 - østerg—tland: Hovs kyrka,,: helgi : auk : (s)(u)ein ... ku± h... ...,Helge och Sven ... Gud hjðlpe ...,https://www.christerhamp.se/runor/gamla/og/oghov39-29.html,https://www.christerhamp.se/runor/gamla/og/oghov39-29.jpg
Ög Hov 90;32,Ög Hov 90;32 - Östergötland: Hovs kyrka,,... × -a(g)₫... ...,... lade ...,https://www.christerhamp.se/runor/gamla/og/oghov90-32.html,https://www.christerhamp.se/runor/gamla/og/oghov90-32.jpg
øg Hov 92;33,øg Hov 92;33 - østerg—tland: Hovs kyrka,,... ±es...,... dessa ...,https://www.christerhamp.se/runor/gamla/og/oghov92-33.html,https://www.christerhamp.se/runor/gamla/og/oghov92-33.jpg
Ög Hov 93;33,Ög Hov 93;33 - Östergötland: Hovs kyrka,,...₫ur : ₫aiR : bo-...,... de ...,https://www.christerhamp.se/runor/gamla/og/oghov93-33.html,https://www.christerhamp.se/runor/gamla/og/oghov93-33.jpg
Ög Hov 94;34,Ög Hov 94;34 - Östergötland: Hovs kyrka,,... (k)u₫ : hialb... ...,... Gud hjälpe ...,https://www.christerhamp.se/runor/gamla/og/oghov94-34.html,https://www.christerhamp.se/runor/gamla/og/oghov94-34.jpg
Ög Hov 95;34,Ög Hov 95;34 - Östergötland: Hovs kyrka,,...(n)yasi : lagi : stei(n) ... ...-(u)(r) : sina : ...,... lade stenen ... sin moder / dotter ...,https://www.christerhamp.se/runor/gamla/og/oghov95-34.html,https://www.christerhamp.se/runor/gamla/og/oghov95-34s.jpg
øg Hov 96;35,øg Hov 96;35 - østerg—tland: Hovs kyrka,,kistein æ auk ...,Gistein och ...,https://www.christerhamp.se/runor/gamla/og/oghov96-35.html,https://www.christerhamp.se/runor/gamla/og/oghov96-35.jpg
øg Hov 97;35,øg Hov 97;35 - østerg—tland: Hovs kyrka,,... ...in æ fahran æ ±i- æ ±...,... den fagra stenen. De ...,https://www.christerhamp.se/runor/gamla/og/oghov97-35.html,https://www.christerhamp.se/runor/gamla/og/oghov97-35.jpg
"Ög Hov 98, 99","Ög Hov 98, 99 - Östergötland: Hovs kyrka",,-,-,https://www.christerhamp.se/runor/gamla/og/oghov98-99.html,https://www.christerhamp.se/runor/gamla/og/oghov98-99.jpg
Ög Mölm 1960;230,Ög Mölm 1960;230 - Östergötland: Törnevalla kyrka,,...---a : oliR : ristu : stin : þins- : (i)f(t)iR * (t)rik * (a)ukis : sun : kilta : sin :,"... Ölver reste denna sten efter Dräng, Ögeirs son, hans gillesbroder",https://www.christerhamp.se/runor/gamla/og/ogmolm1960-230.html,https://www.christerhamp.se/runor/gamla/og/ogmolm1960-230s.jpg
Ög RAÄ Fornåsa 48,"Ög RAÄ Fornåsa 48 - Östergötland: Tornby, Fornåsa",,:+: h--r · ligær · an... ... ... (u)ta^n · ænta,Här ligger ... utan ände,https://www.christerhamp.se/runor/gamla/og/og-raa-fornasa-48.html,https://www.christerhamp.se/runor/gamla/og/og-raa-fornasa-48s.jpg
Ög NOR 1994;27,"Ög NOR 1994;27 - Östergötland: Lunnebjörke, Skärkinds socken",,uistain rsti --a þ-s- : aftiR biurn : bruþur : sin,"Visten reste denna sten efter Björn, sin broder",https://www.christerhamp.se/runor/gamla/og/ognor1994-27.html,https://www.christerhamp.se/runor/gamla/og/ognor1994-27s.jpg
Ög SKL 4;175,Ög SKL 4;175 - Östergötland: Vreta kloster,,... tan : ...,... Halvdan ...,https://www.christerhamp.se/runor/gamla/og/ogskl4-175.html,https://www.christerhamp.se/runor/gamla/og/ogskl4-175.jpg
Okänd proveniens: Dirham,Okänd proveniens: Dirham,ᛚᚢᛐᛁ-,luti-,-,https://www.christerhamp.se/runor/gamla/okand/dirham.html,https://www.christerhamp.se/runor/gamla/okand/dirhams.jpg
England: Auzon-skrinet,England: Auzon-skrinet,,"hronæs ban fisc · flodu · ahof on ferg enberig war₫ ga : sric grorn ₫ær he on greut giswom
mægi",Valben Floden kastade fisken på granberget Spökkungen var ledsen där han simmade på gruset,https://www.christerhamp.se/runor/gamla/br-a/auzon-1.html,https://www.christerhamp.se/runor/gamla/br-a/auzon-1s.jpg
"England: Battersea, London","England: Battersea, London",,f u þ o r c g w h n i j ï p x (s) t b e ŋ d l m œ a æ y ea ¶ b ea g n o þ,,https://www.christerhamp.se/runor/gamla/br-a/battersea.html,https://www.christerhamp.se/runor/gamla/br-a/battersea.jpg
England: Bawburgh,England: Bawburgh,,SAwAR,-,https://www.christerhamp.se/runor/gamla/br-a/br-bawburgh.html,https://www.christerhamp.se/runor/gamla/br-a/br-bawburgh.jpg
England: Bewcastle,England: Bewcastle,,I: gessus kristtus II: + þis sigbecn þun setton wætred woþgær olwowolþu æft alcfriþum an kuniŋ eac oswiuŋ + gebiddaþ [hine sauulo] III: -ssu=s IV: kyniburug V: -c- VI: -ge-,"I: Jesus Kristus II: Detta smala segertecken satte Wætred, Wothgær [och] Olwowolthu till minne av Alcfrith, kung och son av Oswiu. Be för hans själ! III: [Je]sus IV: Cyniburg",https://www.christerhamp.se/runor/gamla/br-a/br-bewcastle.html,https://www.christerhamp.se/runor/gamla/br-a/br-bewcastle.jpg
England: Bingley,England: Bingley,,+ eadbierht : kynyŋ :  het : hieawan : dœp : stan : us :  [g]ibid : fyr : his saule +,"Eadbierht, kung, bad göra denna dopsten. Be för hans själ!",https://www.christerhamp.se/runor/gamla/br-a/br-bingley.html,https://www.christerhamp.se/runor/gamla/br-a/br-bingleys.jpg
England: Binham,England: Binham,ᚹᚪᛁᛏ,wait,vet / vetande,https://www.christerhamp.se/runor/gamla/br-a/br-binham.html,https://www.christerhamp.se/runor/gamla/br-a/br-binhams.jpg
England: Brysselkorset,England: Brysselkorset,,"+ Rod is min nama; geo ic ricne Cyning bær byfigynde, blod bestemed þas rod het Æþmær wyrican and Aðelwold hys beroþo[r] Criste to lofe for Ælfrices saule hyra beroþor + Drahmal me worhte","Jag heter kors. En gång darrade jag, när jag bar en mäktig kung, våt av blod. Æthelmær och Athelwold, hans bror, lät göra korset för att lova Kristus för Ælfrics, deras brors, själ. Drahmal gjorde mig",https://www.christerhamp.se/runor/gamla/br-a/br-bryssel.html,https://www.christerhamp.se/runor/gamla/br-a/br-bryssel-1s.jpg
England: Caistor-by-Norwich pot 1,England: Caistor-by-Norwich pot 1,,t,,https://www.christerhamp.se/runor/gamla/br-a/br-caistorpot1.html,https://www.christerhamp.se/runor/gamla/br-a/br-caistorpot1.jpg
England: Caistor-by-Norwich astragalus,England: Caistor-by-Norwich astragalus,,raïhan,Rådjur,https://www.christerhamp.se/runor/gamla/br-a/br-caistorast.html,https://www.christerhamp.se/runor/gamla/br-a/br-caistorasts.jpg
England: Chessell Down pail,England: Chessell Down pail,,...bw(s) ... ekkkaaa ...,,https://www.christerhamp.se/runor/gamla/br-a/br-chesselldownpail.html,https://www.christerhamp.se/runor/gamla/br-a/br-chesselldownpail.jpg
England: Chessell Down scabbard plate,England: Chessell Down scabbard plate,,æko : -œri,-,https://www.christerhamp.se/runor/gamla/br-a/br-chesselldownplate.html,https://www.christerhamp.se/runor/gamla/br-a/br-chesselldownplates.jpg
England: Chester-le-Street,England: Chester-le-Street,,EADmVnD,Eadmund,https://www.christerhamp.se/runor/gamla/br-a/br-chester.html,https://www.christerhamp.se/runor/gamla/br-a/br-chesters.jpg
England: Cleatham,England: Cleatham,,--edih,-,https://www.christerhamp.se/runor/gamla/br-a/br-cleatham.html,https://www.christerhamp.se/runor/gamla/br-a/br-cleatham-1.jpg
"Skottland: Cramond, Midlothian","Skottland: Cramond, Midlothian",,... worþe ...,... gjorde ...,https://www.christerhamp.se/runor/gamla/br-a/br-cramond.html,https://www.christerhamp.se/runor/gamla/br-a/br-cramonds.jpg
England: Crowle,England: Crowle,,... licbæcun ...,... liksten ...,https://www.christerhamp.se/runor/gamla/br-a/br-crowle.html,https://www.christerhamp.se/runor/gamla/br-a/br-crowles.jpg
England: Derbyshire,England: Derbyshire,,god gecaþ aræ had=da þi þis wrat,"Gud hjälpe i sin nåd Hadda, som skrev detta",https://www.christerhamp.se/runor/gamla/br-a/br-derbyshire.html,https://www.christerhamp.se/runor/gamla/br-a/br-derbyshires.jpg
England: Dover stone,England: Dover stone,,+ jïslheard :,Gislheard,https://www.christerhamp.se/runor/gamla/br-a/br-dover.html,https://www.christerhamp.se/runor/gamla/br-a/br-dovers.jpg
Br England C,Br England C - England: Linstock Castle,,ery ï ri ï uf ï dol ï yri ï uri ï ˛ol ï wles ï te ï pote ï nol,,https://www.christerhamp.se/runor/gamla/br-a/br-england-c.html,https://www.christerhamp.se/runor/gamla/br-a/br-england-c-1.jpg
England: Falstone,England: Falstone,,+ eomær þœ sœttœ  æftær roetberh  tæ becun æftær eomæ  gebidæd der saule,"Eomer satte detta minnesmärke efter Hroethberht, sin farbror / morbror. Be för hans själ.",https://www.christerhamp.se/runor/gamla/br-a/br-falstone.html,https://www.christerhamp.se/runor/gamla/br-a/br-falstones.jpg
"England: Froglands, Isle of Wight","England: Froglands, Isle of Wight",ᚾᚨᛏ ᛬ ᚷᚨᚱᚨᚹᚨᚢᚩᛏᚨ ᛬ ᛞᛁ,...næt : gæræw-uotæ : di,-,https://www.christerhamp.se/runor/gamla/br-a/br-froglands.html,https://www.christerhamp.se/runor/gamla/br-a/br-froglandss.jpg
England: Great Edstone,England: Great Edstone,,+LOÐAN ME wROHTE A,Lodan gjorde mig,https://www.christerhamp.se/runor/gamla/br-a/br-greatedstone.html,https://www.christerhamp.se/runor/gamla/br-a/br-greatedstones.jpg
England: Great Urswick,England: Great Urswick,,+tunwinisetæ æftertoroi tredæbeku næfterhisb æurnægebidæsþe rs au læ lylþi sw,"Tunwini satte minnesmärket efter Torhtred, sin son. Be för hans själ. Lyl gjorde [detta]",https://www.christerhamp.se/runor/gamla/br-a/br-urswick.html,https://www.christerhamp.se/runor/gamla/br-a/br-urswicks2.jpg
England: Greymoor Hill,England: Greymoor Hill,,ćrkriuft kriuriţon glćstćpon=tol,,https://www.christerhamp.se/runor/gamla/br-a/br-greymoor.html,https://www.christerhamp.se/runor/gamla/br-a/br-greymoor.jpg
England: Hackness,England: Hackness,,emundr o on æsboa,Emund äger mig vid Asby,https://www.christerhamp.se/runor/gamla/br-a/br-hackness.html,https://www.christerhamp.se/runor/gamla/br-a/br-hacknesss.jpg
England: Harford brooch,England: Harford brooch,,luda : gibœtæ sigilæ,Luda lagade broschen,https://www.christerhamp.se/runor/gamla/br-a/br-harford.html,https://www.christerhamp.se/runor/gamla/br-a/br-harfords.jpg
England: Hartlepool 1,England: Hartlepool 1,,A O  hildiþryþ,A O Hildithryth,https://www.christerhamp.se/runor/gamla/br-a/br-hartlepool1.html,https://www.christerhamp.se/runor/gamla/br-a/br-hartlepool1s.jpg
England: Hartlepool 2,England: Hartlepool 2,,hilddigyþ,Hildigyth,https://www.christerhamp.se/runor/gamla/br-a/br-hartlepool2.html,https://www.christerhamp.se/runor/gamla/br-a/br-hartlepool2s.jpg
England: Heacham,England: Heacham,,xudficd,-,https://www.christerhamp.se/runor/gamla/br-a/br-heacham.html,https://www.christerhamp.se/runor/gamla/br-a/br-heacham.jpg
England: Hunstanton,England: Hunstanton,,-,-,https://www.christerhamp.se/runor/gamla/br-a/br-hunstanton.html,https://www.christerhamp.se/runor/gamla/br-a/br-hunstantons.jpg
England: Kent 1,England: Kent 1,,ik w-far gadu,"Jag Wæfar, till min hustru",https://www.christerhamp.se/runor/gamla/br-a/kent1-1.html,https://www.christerhamp.se/runor/gamla/br-a/kent1-1.jpg
England: Kirkheaton,England: Kirkheaton,,eoh : woro htæ,Eoh gjorde [stenen],https://www.christerhamp.se/runor/gamla/br-a/br-kirkheaton.html,https://www.christerhamp.se/runor/gamla/br-a/br-kirkheatons.jpg
England: Lancaster,England: Lancaster,,gibidæþfo ræcynibal þcuþbere,Be för Cunebald Cuthbertson!,https://www.christerhamp.se/runor/gamla/br-a/br-lancaster.html,https://www.christerhamp.se/runor/gamla/br-a/br-lancaster-1s.jpg
England: Leek,England: Leek,,isa þ bibæ,-,https://www.christerhamp.se/runor/gamla/br-a/br-leek.html,https://www.christerhamp.se/runor/gamla/br-a/br-leeks.jpg
England: Lindisfarne 1,England: Lindisfarne 1,,osgyþ,Osgyth,https://www.christerhamp.se/runor/gamla/br-a/br-lindisfarne1.html,https://www.christerhamp.se/runor/gamla/br-a/br-lindisfarne1s.jpg
England: Lindisfarne 2,England: Lindisfarne 2,,-oina COANNAH,Coina Coannah,https://www.christerhamp.se/runor/gamla/br-a/br-lindisfarne2.html,https://www.christerhamp.se/runor/gamla/br-a/br-lindisfarne2s.jpg
England: London,England: London,,tatberht,Tatberht,https://www.christerhamp.se/runor/gamla/br-a/br-londonbone.html,https://www.christerhamp.se/runor/gamla/br-a/br-londonbones.jpg
England: Loveden Hill,England: Loveden Hill,,sïþabad || þikw || -la-,,https://www.christerhamp.se/runor/gamla/br-a/loveden.html,https://www.christerhamp.se/runor/gamla/br-a/loveden.jpg
England: Malton,England: Malton,,fuþorcg laæe,,https://www.christerhamp.se/runor/gamla/br-a/br-malton.html,https://www.christerhamp.se/runor/gamla/br-a/br-maltons.jpg
England: Monkwearmouth 1,England: Monkwearmouth 1,,tidfirþ,Tidfirth,https://www.christerhamp.se/runor/gamla/br-a/br-monkwearmouth1.html,https://www.christerhamp.se/runor/gamla/br-a/br-monkwearmouth1s.jpg
England: Monkwearmouth 2,England: Monkwearmouth 2,,eo ALD,-,https://www.christerhamp.se/runor/gamla/br-a/br-monkwearmouth2.html,https://www.christerhamp.se/runor/gamla/br-a/br-monkwearmouth2s.jpg
Skottland: Mote of Mark,Skottland: Mote of Mark,,aþili,Athili,https://www.christerhamp.se/runor/gamla/br-a/br-moteofmark.html,https://www.christerhamp.se/runor/gamla/br-a/br-moteofmark.jpg
England: Orpington,England: Orpington,ᚨ ᛰ ᚩ -ECÐÐANÐESECANCANHV -ELTELAN7HEALDAN     OR-----VM,æ œ o,- För den som kan räkna ut hur räkna och behålla ur,https://www.christerhamp.se/runor/gamla/br-a/br-orpington.html,https://www.christerhamp.se/runor/gamla/br-a/br-orpingtons.jpg
Skottland: Ruthwell,Skottland: Ruthwell,,"[+Ond]geredæ hinæ God almehttig, þa he walde on galgu gistiga, [m]odig f[ore allæ] men. [B]ug[a ic ni dorstæ ...]
... [Ahof] ic riicnæ Kyningc, heafunæs Hlafard, hælda ic ni dorstæ. Bismærædu ungket men ba ærgad[re] ic [wæs] miþ blodæ [b]istemi[d], bi[goten of ...]
[+]Krist wæs on rodi. Hweþræ þer fusæ fearran kwomu æþþilæ til anum. Ic þæt al bih[eald] Sar[æ] ic wæs mi[þ] sorgum gidroe[fi]d, h[n]ag[ic ...]
miþ strelum giwundad. Alegdun hiæ hinæ limwoerignæ gistoddun him ... licæs [hea]f[du]m; [bi]hea[l]du[n] hi[æ] þe[r ...]","Gud allsmäktig klädde av sig när han ville stiga upp på korset modig inför alla män Buga [ vågade jag inte men måste stå fast ]
Jag höll den store konungen högt himlens herre, jag vågade inte röra mig. Man gjorde narr av oss båda. Jag var hal av blod som kom [ från hans sida ]
Kristus var på korset Då kom de snabba från fjärran, ädla alla. Jag såg allt. Jag böjde mig [ för krigarna ]
Sårad av spjut lade de honom med trötta lemmar. De stod vid hans liks huvud de betraktade [ himlens herre ]",https://www.christerhamp.se/runor/gamla/br-a/br-ruthwell.html,https://www.christerhamp.se/runor/gamla/br-a/br-ruthwells.jpg
England: Southampton bone,England: Southampton bone,,katæ,knogben,https://www.christerhamp.se/runor/gamla/br-a/br-southamptonbone.html,https://www.christerhamp.se/runor/gamla/br-a/br-southamptonbones.jpg
England: Spong Hill,England: Spong Hill,,alu,-,https://www.christerhamp.se/runor/gamla/br-a/br-sponghill.html,https://www.christerhamp.se/runor/gamla/br-a/br-sponghill-1.jpg
Skottland: St. Ninian's cave,Skottland: St. Ninian's cave,,... wrote,... gjorde,https://www.christerhamp.se/runor/gamla/br-a/br-stninian.html,https://www.christerhamp.se/runor/gamla/br-a/br-stninians.jpg
England: Sutton Ely,England: Sutton Ely,,-,-,https://www.christerhamp.se/runor/gamla/br-a/br-suttonely.html,https://www.christerhamp.se/runor/gamla/br-a/br-suttonely.jpg
England: Thames,England: Thames,,... | sbe=rædhtïbcai | e=rh=ad=æbs,,https://www.christerhamp.se/runor/gamla/br-a/thames.html,https://www.christerhamp.se/runor/gamla/br-a/thames.jpg
England: Thornhill B,England: Thornhill B,,+ eadred * seteæfte eateïnne,Eadred satte efter Eadthegn,https://www.christerhamp.se/runor/gamla/br-a/br-thornhill-b.html,https://www.christerhamp.se/runor/gamla/br-a/br-thornhill-bs.jpg
England: Thornhill C,England: Thornhill C,,+jilsuiþ : arærde : æfte berhtsuiþe • bekun onbergigebid=daþ þær : saule-,Gilswith reste efter Berhtswith minnesmärket på en kulle. Be för hennes själ.,https://www.christerhamp.se/runor/gamla/br-a/br-thornhill-c.html,https://www.christerhamp.se/runor/gamla/br-a/br-thornhill-cs.jpg
England: Undley,England: Undley,,g=ag=ăg=a • maga • medu,,https://www.christerhamp.se/runor/gamla/br-a/undley.html,https://www.christerhamp.se/runor/gamla/br-a/undley.jpg
England: Weasenham All Saints,England: Weasenham All Saints,,-,-,https://www.christerhamp.se/runor/gamla/br-a/br-weasenham.html,https://www.christerhamp.se/runor/gamla/br-a/br-weasenham.jpg
England: Wheatley Hill,England: Wheatley Hill,,[h]ring ic h=att[ć],Jag kallas ring,https://www.christerhamp.se/runor/gamla/br-a/wheatleyhill.html,https://www.christerhamp.se/runor/gamla/br-a/wheatleyhill.jpg
England: Whitby 1,England: Whitby 1,,ueu,-,https://www.christerhamp.se/runor/gamla/br-a/whitbyabbey.html,https://www.christerhamp.se/runor/gamla/br-a/whitbyabbey.jpg
England: Whitby 2,England: Whitby 2,,d=æus m=æus || godaluwalu || d=oh=elipæcy || ...,"Min Gud, Gud allsmäktig hjälpe Cy-",https://www.christerhamp.se/runor/gamla/br-a/br-whitby.html,https://www.christerhamp.se/runor/gamla/br-a/br-whitbys.jpg
Skottland: Whithorn 1,Skottland: Whithorn 1,,... ferþ ...,-,https://www.christerhamp.se/runor/gamla/br-a/br-whithorn1.html,https://www.christerhamp.se/runor/gamla/br-a/br-whithorn1s.jpg
Skottland: Whithorn 2,Skottland: Whithorn 2,,...þ ore hwitu,Be för Hwitu,https://www.christerhamp.se/runor/gamla/br-a/br-whithorn2.html,https://www.christerhamp.se/runor/gamla/br-a/br-whithorn2s.jpg
England: Æþelberht,England: Æþelberht,,lul † ETIlBERH=T,,https://www.christerhamp.se/runor/gamla/br-a/br-mynt-aethelberht.html,https://www.christerhamp.se/runor/gamla/br-a/br-mynt-aethelberht.jpg
England: Æþelstan,England: Æþelstan,,ÆþELSTANI,,https://www.christerhamp.se/runor/gamla/br-a/br-mynt-aethelstan.html,https://www.christerhamp.se/runor/gamla/br-a/br-mynt-aethelstan.jpg
England: Aethiliræd,England: Aethiliræd,,æthiliræd,,https://www.christerhamp.se/runor/gamla/br-a/br-mynt-aethiliraed.html,https://www.christerhamp.se/runor/gamla/br-a/br-mynt-aethiliraed.jpg
England: Beonna,England: Beonna,,bEnnauEss +,,https://www.christerhamp.se/runor/gamla/br-a/br-mynt-beonna.html,https://www.christerhamp.se/runor/gamla/br-a/br-mynt-beonna.jpg
England: Crispus,England: Crispus,ᛞᛖᛚᚻᛁᚩᚾᚪ,delhiona,,https://www.christerhamp.se/runor/gamla/br-a/br-mynt-crispus.html,https://www.christerhamp.se/runor/gamla/br-a/br-mynt-crispus.jpg
England: Epa,England: Epa,,epa,,https://www.christerhamp.se/runor/gamla/br-a/br-mynt-epa.html,https://www.christerhamp.se/runor/gamla/br-a/br-mynt-epa.jpg
England: Hp,England: Hp,,hp,Hp,https://www.christerhamp.se/runor/gamla/br-a/br-mynt-hp.html,https://www.christerhamp.se/runor/gamla/br-a/br-mynt-hp-1.jpg
England: Offa,England: Offa,,EþELNOþ,Eðelmod,https://www.christerhamp.se/runor/gamla/br-a/br-mynt-offa.html,https://www.christerhamp.se/runor/gamla/br-a/br-mynt-offa.jpg
England: Pada,England: Pada,,pada,,https://www.christerhamp.se/runor/gamla/br-a/br-mynt-pada.html,https://www.christerhamp.se/runor/gamla/br-a/br-mynt-pada.jpg
England: Spi,England: Spi,,spi,Spi,https://www.christerhamp.se/runor/gamla/br-a/br-mynt-spi.html,https://www.christerhamp.se/runor/gamla/br-a/br-mynt-spi-1.jpg
England A: Skanomodu,England A: Skanomodu,,skanomodu,,https://www.christerhamp.se/runor/gamla/br-a/br-mynt-skanomodu.html,https://www.christerhamp.se/runor/gamla/br-a/br-mynt-skanomodus.jpg
England: Sven Estridsson,England: Sven Estridsson,,-,-,https://www.christerhamp.se/runor/gamla/br-a/br-mynt-svenestridsson.html,https://www.christerhamp.se/runor/gamla/br-a/br-mynt-svenestridsson.jpg
England: Wigred,England: Wigred,,wigrd,Wigred,https://www.christerhamp.se/runor/gamla/br-a/br-mynt-wigred.html,https://www.christerhamp.se/runor/gamla/br-a/br-mynt-wigred.jpg
England: Vilhelm Erövraren,England: Vilhelm Erövraren,,wILLEM,William,https://www.christerhamp.se/runor/gamla/br-a/br-mynt-vilhelm.html,https://www.christerhamp.se/runor/gamla/br-a/br-mynt-vilhelm.jpg
Br Barnes 17,Br Barnes 17 - Orkney: Maeshowe,,[o=framr sih]urþa=r sonr ræist r[u]n[ar] þæs(a)=r,Ofram Sigurdsson ristade dessa runor,https://www.christerhamp.se/runor/gamla/br-n/br-barnes17.html,https://www.christerhamp.se/runor/gamla/br-n/br-barnes17s.jpg
Br E1,Br E1 - England: Bridekirk,,+ rikarþ : he : m=e : iwr(o)kt=e : 7 : to : þis : me:rð : 3er : -- : m=e : brokt=e,"Rickard han gjorde mig, och tog mig till denna härlighet.",https://www.christerhamp.se/runor/gamla/br-n/br-e1.html,https://www.christerhamp.se/runor/gamla/br-n/br-e1s.jpg
Br E2,"Br E2 - England: St Paul's, London",,: k-na : let : legia : stin : þensi : auk : tuki :,"Ginna lät lägga denna sten, och Toke",https://www.christerhamp.se/runor/gamla/br-n/br-e2.html,https://www.christerhamp.se/runor/gamla/br-n/br-e2s.jpg
Br E3,Br E3 - England: Carlisle Cathedral,,tolf(i)n urait þ-sar| |runr a þisa stain,Dolgfinn skrev dessa runor på denna sten,https://www.christerhamp.se/runor/gamla/br-n/br-e3.html,https://www.christerhamp.se/runor/gamla/br-n/br-e3s.jpg
Br E4,Br E4 - England: Lincoln I,,kamb : koþan : kiari : þorfastr,Torfast gjorde den goda kammen,https://www.christerhamp.se/runor/gamla/br-n/br-e4.html,https://www.christerhamp.se/runor/gamla/br-n/br-e4s.jpg
Br E6,Br E6 - England: Dearham,᛫ ᚼᚿᛁᚱᛘ,hnirm,-,https://www.christerhamp.se/runor/gamla/br-n/br-e6.html,https://www.christerhamp.se/runor/gamla/br-n/br-e6s.jpg
Br E8,Br E8 - England: Skelton-in-Cleveland,... ᛁᛂᛒᛂᛚ ᛫ ᚮᚴ ᛫,...--iebel • ok • ...,... och ...,https://www.christerhamp.se/runor/gamla/br-n/br-e8.html,https://www.christerhamp.se/runor/gamla/br-n/br-e8s.jpg
Br E9,Br E9 - England: Pennington,ᚴᛘᛚ ᛬ ᛚᛂᛏᛆ ᛬ ᚦᛂᚿᛆ ᛬ ᚴᛁᚱᚴ ᛬ ᚼᚢᛒᛂᚱᛏ ᛬ ᛘᛅᛌᚢᚾ ᛬ ᚱᛆ- ᛬ ---,... kml : leta : þena : kirk : -ub-rt : masun : --- : ----... +,... Gammal lämnade denna kyrka. Hubert murare ...,https://www.christerhamp.se/runor/gamla/br-n/br-e9.html,https://www.christerhamp.se/runor/gamla/br-n/br-e9s.jpg
Br E12,Br E12 - England: Winchester,,R : aukol- -ausk,-,https://www.christerhamp.se/runor/gamla/br-n/br-e12.html,https://www.christerhamp.se/runor/gamla/br-n/br-e12s.jpg
Br E16,Br E16 - England: Lincoln II,,þ---k-l × hitir × stin × ...,... heter sten ... / ... värmer stenen ...,https://www.christerhamp.se/runor/gamla/br-n/br-e16.html,https://www.christerhamp.se/runor/gamla/br-n/br-e16s.jpg
England: Scotterthorpe,England: Scotterthorpe,,--or--luiao- uil-aniatlt o-uitlta_n -ou--ALF-- -E-,-,https://www.christerhamp.se/runor/gamla/br-n/br-scotterthorpe.html,https://www.christerhamp.se/runor/gamla/br-n/br-scotterthorpes.jpg
England: St. Benets Abbey,England: St. Benets Abbey,,?(k)kofrukR(m)þ okinifuitR wartRsom (i)RsoRnRs? ?þ(u)__r?hR,-,https://www.christerhamp.se/runor/gamla/br-n/br-stbenet.html,https://www.christerhamp.se/runor/gamla/br-n/br-stbenet.jpg
Isle of Man: Braddan III,Isle of Man: Braddan III,ᚢᛐᚱ ᛬ ᚱᛁᛌᛐᛁ ᛬ ᚴᚱᚢᛌ ᛬ ᚦᚭᚾᚭ ᛬ ᛅᚠᛐ ᛬ ᚠᚱᚭᚴᛅ ᛬ ᚠᛅᚦᚢᚱᛋᛁᚾ ᛬ ᛁᚾ ᛬ ᚦᚢ ᛫᛫᛫,utr : risti : krus : þono : aft : fro(k)(a) [: f](a)(þ)[ur sin : in :] (þ)[urbiaurn : ...],"Odd reste detta kors till minne av Frakki, sin fader, men Torbjörn [ gjorde det, son till NN ? ]",https://www.christerhamp.se/runor/gamla/br-n/braddan3.html,https://www.christerhamp.se/runor/gamla/br-n/braddan3.jpg
Isle of Man: Braddan IV,Isle of Man: Braddan IV,ᚦᚢᚱᛚᛁᚮᚱ ᛬ ᚿᛂᛆᚴᛁ ᛬ ᚱᛁᛌᛐᛁ ᛬ ᚴᚱᚢᛌ ᛬ ᚦᚭᚿᚭ ᛬ ᛆᚠᛐ ᛫ ᚠᛁᛆᚴ ᛬ ᛋᚢᚿ  ᛌᛁᚿ ᛫ ᛆᚱᚢᚦᚢᚱ ᛬ ᛋᚢᚿ ᛬ ᛂᛆᚮᚱᛌ X IHSVS,þurlibr : nhaki : risti : krus : þono : aft [:] fiak : s(u)[n] (s)in : (b)ruþur:sun : habrs × {IHSVS},"Torleif Nacke reste detta kors efter Fiac, sin son, Hafrs brorson",https://www.christerhamp.se/runor/gamla/br-n/braddan4.html,https://www.christerhamp.se/runor/gamla/br-n/braddan4.jpg
Br Or 3,Br Or 3 - Orkney: Stromness,,--ka---r (r)es- run--,... ristade runorna,https://www.christerhamp.se/runor/gamla/br-n/br-or3.html,https://www.christerhamp.se/runor/gamla/br-n/br-or3.jpg
Br Or 6,Br Or 6 - Orkney: Birsay 1,,... filibus ra=nru,... Filippus runor (?),https://www.christerhamp.se/runor/gamla/br-n/br-or6.html,https://www.christerhamp.se/runor/gamla/br-n/br-or6s.jpg
Br Or 7,Br Or 7 - Orkney: Brodgar farm,,im -,-,https://www.christerhamp.se/runor/gamla/br-n/br-or7.html,https://www.christerhamp.se/runor/gamla/br-n/br-or7s.jpg
Br Or 11,Br Or 11 - Orkney: Birsay 4,ᚠᚢᚦᚭᚱᚴᛁ,fuþorki,fuþorki,https://www.christerhamp.se/runor/gamla/br-n/br-or11.html,https://www.christerhamp.se/runor/gamla/br-n/br-or11s.jpg
Br Sc 2,Br Sc 2 - Skottland: Hunterston,ᛘᛆᛚᚮᚱᛁᚦᛆᛆᛌᛏᛁᛚᚴ,malbriþa a stilk ...,Melbrigða äger nålen,https://www.christerhamp.se/runor/gamla/br-n/br-sc2.html,https://www.christerhamp.se/runor/gamla/br-n/br-sc2s.jpg
Br Sc8,"Br Sc8 - Skottland: Kilbar, Barra",,...-ir : ₫ur(:)kir₫u : s(t)i-(a)r ¶ ...-r (:) is (:) kurs : s-- (:) ristr ¶ ...- (:) --,"Efter Torgerd, Steinars dotter, är korset ristat",https://www.christerhamp.se/runor/gamla/br-n/br-sc8.html,https://www.christerhamp.se/runor/gamla/br-n/br-sc8s.jpg
Br Sc10,"Br Sc10 - Skottland: Inchmarnock, Buteshire",,... (k)rus : ₫ine : til : ku₫-e--... ...(i) : k(r)u(s) : ...,... detta kors till ... ... kors ...,https://www.christerhamp.se/runor/gamla/br-n/brsc10.html,https://www.christerhamp.se/runor/gamla/br-n/brsc10s.jpg
Br Sh 3,Br Sh 3 - Shetland: Cunningsburgh 3,,...þi---- (+) -ftir + foþur (:) sin (:) þurbio-...,... denna [sten] efter sin fader Torbjörn ...,https://www.christerhamp.se/runor/gamla/br-n/br-sh3.html,https://www.christerhamp.se/runor/gamla/br-n/br-sh3s.jpg
DK Bh 1,DK Bh 1 - Bornholm: Klemensker-sten 1,,(kun)iltr : l(e)t : r(e)isa : st(e)n : þ(e)n(sa) : ef tir : auþbiarn : bonta : sin : kristr : hialbi : siolu : auþbiarnar : i lus : auk : bratis kristr : hialbi : siolu : (auþ) biarnar : auk : ku(niltar) : auk : santa mikel : i lius : auk : baratis,"Gunhild lät resa denna sten efter Ödbjörn, sin man. Kristus hjälpe Ödbjörns själ i ljus och paradis. Kristus och Sankt Mikael hjälpe Örbjörns och Gunhilds själ i ljus och paradis.",https://www.christerhamp.se/runor/gamla/dk/dkbh1.html,https://www.christerhamp.se/runor/gamla/dk/dkbh1s.jpg
DK Bh 2,DK Bh 2 - Bornholm: Klemensker-sten 2,,: brune : auk : þeiR : bruþr : let... eftiR : þurlak : foþur : sin : auk : eskiR : bruþur : sin :,"Brune och hans bror / bröder lät ... efter Torlak, sin fader, och Esgir, sin broder",https://www.christerhamp.se/runor/gamla/dk/dkbh2.html,https://www.christerhamp.se/runor/gamla/dk/dkbh2s.jpg
DK Bh 3,DK Bh 3 - Bornholm: Klemensker-sten 3,,: suenk|i|R : lit : raisa : stein : þena : eftiR : tosta : faþur : sin : auk : eftiR : alflak : broþur : sin : auk : eftiR : moþ|u|r : sina : | : auk : eftiR : sy|s|tur | sina :,"Svengeir lät resa denna sten efter Toste, sin fader, och efter Alflak, sin broder, och efter sin moder och efter sin syster",https://www.christerhamp.se/runor/gamla/dk/dkbh3.html,https://www.christerhamp.se/runor/gamla/dk/dkbh3s.jpg
DK Bh 4,DK Bh 4 - Bornholm: Klemensker-sten 4,,: aulakR : let : reisa : stein : þana : eftiR : sasur : foþur sin : bonta : kuþan : kuþ : hialbi : siol : hans : auk : sata : mihel,"Ölak lät resa denna sten efter Sassur, sin fader, en god bonde. Gud och sakt Mikael hjälpe hans själ",https://www.christerhamp.se/runor/gamla/dk/dkbh4.html,https://www.christerhamp.se/runor/gamla/dk/dkbh4s.jpg
DK Bh 5,DK Bh 5 - Bornholm: Klemensker-sten 5,,suin : auk : ketil : reistu : sten : eftiR : (i)u(l)k|iR : faþur : sin,"Sven och Ketil reste stenen efter Igulger, sin fader",https://www.christerhamp.se/runor/gamla/dk/dkbh5.html,https://www.christerhamp.se/runor/gamla/dk/dkbh5s.jpg
DK Bh 6,DK Bh 6 - Bornholm: Klemensker-sten 6,,... (r)ais(t)- : stin : þ-nsi : aiftiR : suin : bruþur : sin : ku... ...(b)i : si(l)... | auk : kus : muþiR : ...(k)il : rist (:) runaR : þisi : auk : sueni :,"... reste denna sten efter Sven, sin bror. Gud och Guds moder hjälpe hans själ. ... kil ristade dessa runor, och Svenne.",https://www.christerhamp.se/runor/gamla/dk/dkbh6.html,https://www.christerhamp.se/runor/gamla/dk/dkbh6s.jpg
DK Bh 7- Bornholm: Klemensker-sten 8,DK Bh 7- Bornholm: Klemensker-sten 8,,: asur : auk : þai(R) ...in : | : ...,Assur och ...,https://www.christerhamp.se/runor/gamla/dk/dkbh7.html,https://www.christerhamp.se/runor/gamla/dk/dkbh7s.jpg
DK Bh 8,DK Bh 8 - Bornholm: Klemensker-sten 9,,...str : auk : ...,... och ...,https://www.christerhamp.se/runor/gamla/dk/dkbh8.html,https://www.christerhamp.se/runor/gamla/dk/dkbh8.jpg
DK Bh 9,DK Bh 9 - Bornholm: Klemensker-sten 7,,... : ærkibiskubs : m(a)-ræ : hi- : ...-r : hæ...,... ärkebiskops ...,https://www.christerhamp.se/runor/gamla/dk/dkbh9.html,https://www.christerhamp.se/runor/gamla/dk/dkbh9s.jpg
DK Bh 10,DK Bh 10 - Bornholm: Rutsker-sten,,...r : let ...t : su... | ...uþ : halb... auk : ku...,... lät ... sin son ... Gud hjälpe ... och Guds moder,https://www.christerhamp.se/runor/gamla/dk/dkbh10.html,https://www.christerhamp.se/runor/gamla/dk/dkbh10s.jpg
DK Bh 12,DK Bh 12 - Bornholm: Rø-sten,ᚦᚢ ᛬ ᛋᛁᚾ ᛬ ᚢᚴ ᛬ ᛘᚢᚦ ᛬ ᛋᛁᚾᚿ,... (f)þu : sin : uk : muþ : sinn,... sin far och sin mor,https://www.christerhamp.se/runor/gamla/dk/dkbh12.html,https://www.christerhamp.se/runor/gamla/dk/dkbh12s.jpg
DK Bh 13,DK Bh 13 - Bornholm: Bodilsker-sten 1,ᛁᛦᚱ,...(i)R r...,-,https://www.christerhamp.se/runor/gamla/dk/dkbh13.html,https://www.christerhamp.se/runor/gamla/dk/dkbh13.jpg
DK Bh 15,DK Bh 15 - Bornholm: Bodilsker-sten 3,,... þurkil : auk : alfkil : r(e)(s)... ...(e)n : þina : eftiR : eykil : faþur : ...,"Torkil och Alvkil reste denna stef efter Ökil, deras fader ...",https://www.christerhamp.se/runor/gamla/dk/dkbh15.html,https://www.christerhamp.se/runor/gamla/dk/dkbh15s.jpg
DK Bh 16,DK Bh 16 - Bornholm: Bodilsker-sten 4,,...-a-- (:) (l)itu : h-(-)- : s(t)ain : eftiR : þurfast : bruþur | sin | auk : kuþki,"... lät hugga stenen efter Torfast, deras broder, och Gudke",https://www.christerhamp.se/runor/gamla/dk/dkbh16.html,https://www.christerhamp.se/runor/gamla/dk/dkbh16s.jpg
DK Bh 17,DK Bh 17 - Bornholm: Bodilsker-sten 5,,asbiarn : lit : rita stain iftiR : butirþu : kunu : sina : kuþ : litin : ant : i,"Asbjörn lät resa stenen efter Botfrid, sin hustru. Gud lätte hennes ande för evigt.",https://www.christerhamp.se/runor/gamla/dk/dkbh17.html,https://www.christerhamp.se/runor/gamla/dk/dkbh17s.jpg
DK Bh 27,DK Bh 27 - Bornholm: Åker-sten 1,,þurfastr : auk : þurils : auk : bufi : þiR : satu : kuml : þusi : aftiR : -... ...f : auk : buruþR : kuþ : habi : ąta : þisa : auk : kus : muþR : sartr : rist : ret,Torfast och Troels och Bove satte dessa minnesmärken efter ... och broder. Gud och Guds moder hjälpe deras andar. Svart ristade rätt.,https://www.christerhamp.se/runor/gamla/dk/dkbh27.html,https://www.christerhamp.se/runor/gamla/dk/dkbh27s.jpg
DK Bh 28,DK Bh 28 - Bornholm: Åker-sten 2,,kuþmund : auk : f(ry)biorn : resdu : stein : eiftR : isbiorn : faþur : sin : | kuþ : hialbi : siolu : hans :,Gudmund och Fröbjörn reste stenen efter deras fader Esbjörn. Gud hjälpe hans själ.,https://www.christerhamp.se/runor/gamla/dk/dkbh28.html,https://www.christerhamp.se/runor/gamla/dk/dkbh28s.jpg
DK Bh 29,DK Bh 29 - Bornholm: Åker-sten 3,,þurst(e)[in : let : hka | efetR : su--]- (:) koþr : | þign (:),"Torsten lät hugga efter Sven, en god tegn.",https://www.christerhamp.se/runor/gamla/dk/dkbh29.html,https://www.christerhamp.se/runor/gamla/dk/dkbh29s.jpg
DK Bh 30,DK Bh 30 - Bornholm: Åker-font,,þita : iR : saNti gabrel : ok : sehþi : saNta mari(a) : at han sku|Ldi : barn : (f)yþa : þita : iR : elicabeþ : ok : maria : ok : hailsas | : hiar : huilis : maria sum | : han : barn : fydi : skapera : himic : ok : iorþaR : sum os : le|ysti | þita : iRu : þaiR : þriR : kunuGaR : (s)um : (f)y(r)sti : giarþu : ofr : u|arum : drotNi : hiar : tok : (h)aN (uiþ)r : (kunuG)a : o(f)ri : uar drotiN | hiar : riþu : þaiR : burt : þriR : kunuGaR : | siþan þaiR : ofra(t) : ---a : (o)rum : drotNi | þaiR : þet : hi(a)- : fram : s--(u) : (io)þaR : toku | uarn : drotin : ok --Nd- : --N : uiþ- -re : ok : (g)etu | siþan : ladu : (þa)iR : haN : burt : þiaþa(n) : buNdiN | ok : (n)ehldu : hiar : ioþaR : iesus : a krus : si : fram : a þita | sihraf(R) : (m)e--e-(i) :,"Detta är sankt Gabriel, som sade till sankta Maria, att hon skulle föda ett barn. Detta är Elisabet och Maria, som hälsar på varandra. Här vilar Maria när hon fött barnet, himlens och jordens skapare, som förlöste oss. Detta är de tre kungar som först offrade till vår Herre. Här tog han emot kungarnas offer, vår Herre. Här red de bort, de tre kungarna, sedan de offrat till vår Herre. De det här fram ... judarna tog vår Herre och band honom vid trädet och vaktade honom. Sedan ledde de honom bort därifrån bunden. Och här spikade judarna Jesus på korset. Se detta framför er. Mäster Sighref.",https://www.christerhamp.se/runor/gamla/dk/dkbh30.html,https://www.christerhamp.se/runor/gamla/dk/dkbh30s.jpg
DK Bh 31,DK Bh 31 - Bornholm: Nyker-sten,,lo.../(t)o... [l](e)t : resa : sten (:) þensa : eftir : suen : sun : sin : trenkr al(g)oþar ...una(u)i | ok | hans (:) (b)r(o)(þ)(u)r : krist : h|elgi | hal(b)(i) : siolu : þera | :: bryþra : be(g)ia :,"Lo ... lät resa denna sten efter sin son Sven, en mycket god man, och efter hans broder. Helige Krist hjälpe de bägge brödernas själar.",https://www.christerhamp.se/runor/gamla/dk/dkbh31.html,https://www.christerhamp.se/runor/gamla/dk/dkbh31s.jpg
DK Bh 32,DK Bh 32 - Bornholm: Nyker-kalkristning,,fuþorkhniast(b)y--(-),fuþorkhniastbmly,https://www.christerhamp.se/runor/gamla/dk/dkbh32.html,https://www.christerhamp.se/runor/gamla/dk/dkbh32.jpg
DK Bh 33,DK Bh 33 - Bornholm: Ny Larsker-sten 1,,sasur : lit : resa : sten : eftiR : aluarþ : faþur : sin : truknaþi : han : uti : meþ : ala : sk|ibara : etki : i : kristr : hab|(i) | siolu | has | sten : þesi : stai | eftir,"Sasser lät resa stenen efter sin fader Halvard, han drunknade ute med alla skeppsmän. Krist hjälpe hans själ evigt. Denna sten ska stå till minne.",https://www.christerhamp.se/runor/gamla/dk/dkbh33.html,https://www.christerhamp.se/runor/gamla/dk/dkbh33s.jpg
DK Bh 34,DK Bh 34 - Bornholm: Ny Larsker-sten 2,,kobu:suain : raisti : stain : þ(e)na : a(f)tir : bausa : sun : sin : tr(i)... ...n : þan : is : tribin : ua(r)þ : i : (u)(r)ostu : at : ut:la(n)(k)iu : kuþ : tr(u)tin : hi(a)lbi : hans : ont : auk : sata : mikial :,"Kåp-Sven reste denna sten efter Böse, sin son, en god man som blev dräpt i kampen vid Utlängan. Herren Gud och sankt Mikael hjälpe hans själ.",https://www.christerhamp.se/runor/gamla/dk/dkbh34.html,https://www.christerhamp.se/runor/gamla/dk/dkbh34s.jpg
DK Bh 35,DK Bh 35 - Bornholm: Ny Larsker-sten 3,,ketil(b)arn,Ketilbjörn,https://www.christerhamp.se/runor/gamla/dk/dkbh35.html,https://www.christerhamp.se/runor/gamla/dk/dkbh35s.jpg
DK Bh 37,DK Bh 37 - Bornholm: Rønne-sten,,-,-,https://www.christerhamp.se/runor/gamla/dk/dkbh37.html,https://www.christerhamp.se/runor/gamla/dk/dkbh37s.jpg
DK Bh 38,DK Bh 38 - Bornholm: Vestermarie-sten 1,,...-m : bruþ(i)m : ...(a)im : raist- : kumbl : þitsi : (a)-... | ... (u)k : afteR : as--l : bruþuR : sin : guþ : hi...,"... broder, de reste detta kummel efter ... och efter Eskil, deras broder. Gud hjälpe ...",https://www.christerhamp.se/runor/gamla/dk/dkbh38.html,https://www.christerhamp.se/runor/gamla/dk/dkbh38s.jpg
DK Bh 39,DK Bh 39 - Bornholm: Vestermarie-sten 2,,þurstin : uk (:) suin : raistu : abtiR : alfuin : faþur sin : uk abtiR : þurlak : b(r)uþu(r) sin : kuþ hialbi ąnt : þaiRa : uk-þ(s) muþiR,"Torsten och Sven reste [stenen] efter Alvin, deras fader och efter Torlak, deras broder. Gud och Guds moder hjälpe deras andar.",https://www.christerhamp.se/runor/gamla/dk/dkbh39.html,https://www.christerhamp.se/runor/gamla/dk/dkbh39s.jpg
DK Bh 40,DK Bh 40 - Bornholm: Vestermarie-sten 3,,kilinR : r(e)isti ...(u)þur : sin : kuþ : hiabi : s(i)ol : has :,Gilling reste ... sin broder. Gud hjälpe hans själ.,https://www.christerhamp.se/runor/gamla/dk/dkbh40.html,https://www.christerhamp.se/runor/gamla/dk/dkbh40s.jpg
DK Bh 41,DK Bh 41 - Bornholm: Vestermarie-sten 4,,suain ... (a)uk : tul(i) : auk : uifriþr : þau : lika : un...R : þi... (s)(t)ain,"Sven ... och Tole och Vefrid, de ligger under denna sten",https://www.christerhamp.se/runor/gamla/dk/dkbh41.html,https://www.christerhamp.se/runor/gamla/dk/dkbh41s.jpg
DK Bh 42,DK Bh 42 - Bornholm: Vestermarie-sten 5,,: asualdi : risti : stein : þinsa : iftR : alfar : bruþur : sin : drinr : koþr | : trebin u:syni : auk : skogi : suek : saklausan :,"Asvalde reste denna sten efter Alvar, sin broder. Den gode mannen blev skändligt dräpt, och Skoge svek den oskyldige.",https://www.christerhamp.se/runor/gamla/dk/dkbh42.html,https://www.christerhamp.se/runor/gamla/dk/dkbh42s.jpg
DK Bh 43,DK Bh 43 - Bornholm: Vestermarie-sten 6,,...--R : k... | ...(l)--- : --... ---...,-,https://www.christerhamp.se/runor/gamla/dk/dkbh43.html,https://www.christerhamp.se/runor/gamla/dk/dkbh43s.jpg
DK Bh 44,DK Bh 44 - Bornholm: Ibsker-kalkristning,,iako=b,Jakob,https://www.christerhamp.se/runor/gamla/dk/dkbh44.html,https://www.christerhamp.se/runor/gamla/dk/dkbh44s.jpg
DK Bh 48,DK Bh 48 - Bornholm: Østerlarsker-sten 1,,þukil : rit : itin : auti : buþu : þku : sun : hui : sna,Torkil reste stenen efter ... son ...,https://www.christerhamp.se/runor/gamla/dk/dkbh48.html,https://www.christerhamp.se/runor/gamla/dk/dkbh48s.jpg
DK Bh 49,DK Bh 49 - Bornholm: Østerlarsker-sten 2,,broþir : auk : eimotr : þeir : litu : reisa : stein : þana : eft ir : sikmut : faþur : sin : kristr : hialbi : sialu : hans : auk : sata : mikel : auk : sata : maria :,"Broder och Emund lät resa denna sten efter Sigmund, deras fader. Kristus och sankt Mikael och sankta Maria hjälpe hans själ.",https://www.christerhamp.se/runor/gamla/dk/dkbh49.html,https://www.christerhamp.se/runor/gamla/dk/dkbh49s.jpg
DK Bh 50,DK Bh 50 - Bornholm: Østerlarsker-sten 3,,...rnils : auk : fuluki : þ... ...sa : stein : þana : eftiR : þormar : buoþur : si...,"Arnils och Fulluge lät resa denna sten efter Tormar, deras broder.",https://www.christerhamp.se/runor/gamla/dk/dkbh50.html,https://www.christerhamp.se/runor/gamla/dk/dkbh50s.jpg
DK Bh 51,DK Bh 51 - Bornholm: Østermarie-sten 1,,bufi : lit : risa : aftiR : aukil : faþur : sin : kuþa(n) : kristr : ialbi : sialu,"Bove lät resa stenen efter Ökil, sin gode far. Krist hjälpe hans själ.",https://www.christerhamp.se/runor/gamla/dk/dkbh51.html,https://www.christerhamp.se/runor/gamla/dk/dkbh51s.jpg
DK Bh 52,DK Bh 52 - Bornholm: Østermarie-sten 2,,barni : auk : sibi : auk | -ofi : þeiR : reistu : sd ei(n)(:) (e)ftiR : ke(t)(i)l : faþu|r sin : (k)ristr (:) (h)lbi hns | siol :,"Bjarne och Sibbe och Tuve reste stenen efter Kettil, sin fader. Krist hjälpe hans själ.",https://www.christerhamp.se/runor/gamla/dk/dkbh52.html,https://www.christerhamp.se/runor/gamla/dk/dkbh52s.jpg
DK Bh 53,DK Bh 53 - Bornholm: Østermarie-sten 3,,: (b)ar(n)i : auk : tofi : ok : askutr : letu : resa : sten : eftiR : siba : (b)roþor : sin : krist : sil : ia(l)bi,"Bjarne och Tuve och Asgöt lät resa stenen sfter Sibbe, deras broder. Krist hjälpe själen.",https://www.christerhamp.se/runor/gamla/dk/dkbh53.html,https://www.christerhamp.se/runor/gamla/dk/dkbh53s.jpg
DK Bh 54,DK Bh 54 - Bornholm: Østermarie-sten 4,,bufi : auka lit : stain : at : þukil :,Bove lät hugga stenen efter Torkel,https://www.christerhamp.se/runor/gamla/dk/dkbh54.html,https://www.christerhamp.se/runor/gamla/dk/dkbh54s.jpg
DK Bh 55,DK Bh 55 - Bornholm: Østermarie-sten 5,,auþi : auk : suin auk auþkiR : ristu stin eftir kunulf ruþurisiin : kuþa : auk : iftiR kunilt : muþur,"Aude och Sven och Audgeir reste stenen efter Gunnulv, deras gode broder, och efter Gunhild, moder",https://www.christerhamp.se/runor/gamla/dk/dkbh55.html,https://www.christerhamp.se/runor/gamla/dk/dkbh55s.jpg
DK Bh 56,DK Bh 56 - Bornholm: Østermarie-sten 6,,: kuþmt : nkuski : uaku : hla : osu : airbrni : kuþi : guþ : msmiht : ionþþn : | : --- : | : itki...ik(i) ku : i... | nik,-,https://www.christerhamp.se/runor/gamla/dk/dkbh56.html,https://www.christerhamp.se/runor/gamla/dk/dkbh56s.jpg
DK Bh 56,DK Bh 56 - Bornholm: Østermarie-sølvamulet,,si(g)moþR i-... ¶ ...(-) þiR s(i)... ¶ ...-arns mo sua ristaR ... ¶ runaR auk ... ¶ ...-R heil(i)(-) ¶ ... aki reist b(i)¶-rk,Sigmod ... (för) dig(?) si ...... ?arnsmo. Således ristar(?) ... runor och ... ar lycka i ... Åge ristade bi?rk,https://www.christerhamp.se/runor/gamla/dk/dkbh58.html,https://www.christerhamp.se/runor/gamla/dk/dkbh58.jpg
DK Bh 61,DK Bh 61 - Bornholm: Bornholm-amulet,,e(i) (e)asusus kristus= =fil=uis t(e)i fifi inomina b|atris eþ fil|ius ins eþ sb=iritu|s k=rist=us (b)i | bius=ank=uis fifiþ | fit=am itirn=a|m k=ustotaþit,"Jesus Kristus, den levande gudens son. I Faderns och Sonens och den helige andes namn. Kristus. Det fromma blodet lever och bevarar det eviga livet.",https://www.christerhamp.se/runor/gamla/dk/dkbh61.html,https://www.christerhamp.se/runor/gamla/dk/dkbh61s.jpg
DK Bh 62,DK Bh 62 - Bornholm: Kastelsbakke-blyamulet,,"… -(r) : (k)(o) þularunu iak rist þæn u(k)u- ok þæn krimilika kreþ : ok þæn ælfilika ---…-sni : üþmunt i : nomina iasum : kristum ---…st : gortin : gortan inkortan
… krus mariha : krus markus : krus mateus us b(æ)…s : krus lukus : yþmunt : nomina iasum stum : ifastast : basuit omuiunibus obi-ta(i)nt …s…ntibus : (ü)þmunt : bær sihnum æsata k(u)s","... och skaldrunor. Jag skar dem ... och det hemska ropet och den älvalika ... Ödmund. I Jesu Kristi namn ... Gordin, Gordan, Ingordan. Kors Maria, kors Markus, kors Matteus ... kors Lukas Ödmund Jesu namn ... Ödmund. Vid det höga korsets tecken.",https://www.christerhamp.se/runor/gamla/dk/dkbh62.html,https://www.christerhamp.se/runor/gamla/dk/dkbh62s.jpg
DK Bh 63,DK Bh 63 - Bornholm: Skørrebrovej-bronzeamulet,,... hukrikunuak ¶ ...losk=rk=uk...  h- ukþarnasumiauk ...  ¶ auksamraþa-...,-,https://www.christerhamp.se/runor/gamla/dk/dkbh63.html,https://www.christerhamp.se/runor/gamla/dk/dkbh63s.jpg
DK Bh 67,DK Bh 67 - Bornholm: Østre Skovgård-blyamulet,,…k(r)--(t)us æ | …-tris … --ræh | tu …- …---,... Kristus ... faderns (?) ...,https://www.christerhamp.se/runor/gamla/dk/dkbh67.html,https://www.christerhamp.se/runor/gamla/dk/dkbh67s.jpg
DK Sj 1,DK Sj 1 - Sjælland: Esbønderup-kvadersten,ᛘᛅ,mæ/æy,-,https://www.christerhamp.se/runor/gamla/dk/dksj1.html,https://www.christerhamp.se/runor/gamla/dk/dksj1s.jpg
DK Sj 2,DK Sj 2 - Sjælland: Søborg-sten,,a=u=æ ma=ria,Ave Maria,https://www.christerhamp.se/runor/gamla/dk/dksj2.html,https://www.christerhamp.se/runor/gamla/dk/dksj2s.jpg
DK Sj 3,DK Sj 3 - Sjælland: Søborg-teglsten,,þæn : fyrst=æ,Den förste,https://www.christerhamp.se/runor/gamla/dk/dksj3.html,https://www.christerhamp.se/runor/gamla/dk/dksj3s.jpg
DK Sj 10,DK Sj 10 - Sjælland: Æbelholt-benamulet,,amo=ræmm : e(l)... þhækko : staa=r : t-... a=go auro : uos : ...-(l) : sa=nro=r(o)=(n) : gasdaer a=ng...,Kärlek ... Jag leder er med guld ...,https://www.christerhamp.se/runor/gamla/dk/dksj10.html,https://www.christerhamp.se/runor/gamla/dk/dksj10-1s.jpg
DK Sj 12,DK Sj 12 - Sjælland: Tjæreby-kalkristning,ᛐᚮᛘᛆᛋ ᛫ ᛔᚱᛂᛋᛐ ᛫ ᛒᛁᚦ ᛫ ᚠᚮᚱᛁ ᛫ ᛘᛁᚴ,' tomas ' prest ' biþ ' fo=ri ' mik :,"Tomas präst, be för mig!",https://www.christerhamp.se/runor/gamla/dk/dksj12.html,https://www.christerhamp.se/runor/gamla/dk/dksj12s.jpg
DK Sj 13,DK Sj 13 - Sjælland: Stenløse-kalkristning,ᛒᛆ,ba,-,https://www.christerhamp.se/runor/gamla/dk/dksj13.html,https://www.christerhamp.se/runor/gamla/dk/dksj13s.jpg
DK Sj 17 Høje Tåstrup-sten,DK Sj 17 Høje Tåstrup-sten,ᚺᚢᚱᚾᛒᚢᚱᛅ ᛋᛏᛅᛁᚾ ᛫ ᛋᚢᛁᚦᚴᛋ,HurnburA stAin • suiþks,"Hornbores, Svides ättlings, sten",https://www.christerhamp.se/runor/gamla/dk/dksj17.html,https://www.christerhamp.se/runor/gamla/dk/dksj17s.jpg
DK Sj 20,DK Sj 20 - Måløv-kalkristning,ᚴᛆᚱ,kar,Kar,https://www.christerhamp.se/runor/gamla/dk/dksj20.html,https://www.christerhamp.se/runor/gamla/dk/dksj20s.jpg
DK Sj 21,DK Sj 21 - Sjælland: Værløse-fibula,ᚨᛚᚢᚷᛟᛞ,alugod,Alugod,https://www.christerhamp.se/runor/gamla/dk/dksj21.html,https://www.christerhamp.se/runor/gamla/dk/dksj21s.jpg
DK Sj 30,DK Sj 30 - Roskilde Domkirke-kalkristning 2,ᛁᛆᛋᚮᛒᚢᛋ ᚱᚢ,iasobus ru,Jakob ...,https://www.christerhamp.se/runor/gamla/dk/dksj30.html,https://www.christerhamp.se/runor/gamla/dk/dksj30s.jpg
DK Sj 31,DK Sj 31 - Sjælland: Roskilde-blyamulet,,(k)ruks kristi kruks (·) (-)...(-)(i)(s) u(s) kruks (:) iohan(u)s k(r)(u)(k)s k(r)-(k)s luk(u)s kr(u)ks (m)a-- (f)u(f)(i)us kristina,Kors Kristi kors... kors Johannes kors. Kors Lukas kors. {ma...} {fufius}. Kristina.,https://www.christerhamp.se/runor/gamla/dk/dksj31.html,https://www.christerhamp.se/runor/gamla/dk/dksj31s.jpg
DK Sj 34,DK Sj 34 - Sjælland: Skt. Jørgensbjerg-kalkristning 2,,(u)(þ)ru(s),-,https://www.christerhamp.se/runor/gamla/dk/dksj34.html,https://www.christerhamp.se/runor/gamla/dk/dksj34s.jpg
DK Sj 35 Snoldelev-sten,DK Sj 35 Snoldelev-sten,,kun'uAlts| |stAin ' sunaR ' ruHalts ' ₫ulaR ' o salHauku(m),"Gunvalds sten, son av Roald, berättare i Salhøg",https://www.christerhamp.se/runor/gamla/dk/dksj35.html,https://www.christerhamp.se/runor/gamla/dk/dksj35s.jpg
DK Sj 44,DK Sj 44 - Sjælland: Kalundborg-tak,,floribus : æ=þ lignis : kþo:dam : mirabile vas : fit=þ iosep,Ett underbart kärl gjordes för blommor och grenar. Josef.,https://www.christerhamp.se/runor/gamla/dk/dksj44.html,https://www.christerhamp.se/runor/gamla/dk/dksj44s.jpg
DK Sj 46 Sjælland: Gørlev-sten 1,DK Sj 46 Sjælland: Gørlev-sten 1,,þiauþui ÷ risþi ÷ stin þonsi ÷ aft uþinkaur ÷ ¶ fuþorkhniastbmlR ÷ niut ual kums : þmkiiissstttiiilll (:) iak sata ru--r| |ri(t) ¶ kuni armutR kru(b)------,Thjodoi reste denna sten efter Odinkar. fuþorkhniastbmlR. Njut kumlet väl! Tistel mistel kistel. Jag satte runorna rätt. Gunne [och] Armund begravde [?],https://www.christerhamp.se/runor/gamla/dk/dksj46.html,https://www.christerhamp.se/runor/gamla/dk/dksj46-1s.jpg
DK Sj 47 Gørlev-sten 2,DK Sj 47 Gørlev-sten 2,,þurkutru × sati : stin ¶ þinsi : aftiR halftan ÷ fauþur : sin ¶ þþþuuu?nnn?,"Torgot satte denna sten efter Halvdan, sin fader ...",https://www.christerhamp.se/runor/gamla/dk/dksj47.html,https://www.christerhamp.se/runor/gamla/dk/dksj47s.jpg
DK Sj 52-54 Sønder Asmindrup-kalkristning 1-3,DK Sj 52-54 Sønder Asmindrup-kalkristning 1-3,,"toki * rist (*) a--uk (*) pa * ulsmisu * tah
toki ' to=k ' silf : at lani * af * ræhnldu ¶ + .
ata(r)(a)","Toke ristade på Olofsmässodagen [29 juli]
Toke tog silver till lån av Ragnhild
-",https://www.christerhamp.se/runor/gamla/dk/dksj52.html,https://www.christerhamp.se/runor/gamla/dk/dksj52s.jpg
DK Sj 56,DK Sj 56 - Sjælland: Søstrup-kalkristning,ᛁᚮᚼᛆᛁ,iohai,Johannes,https://www.christerhamp.se/runor/gamla/dk/dksj56.html,https://www.christerhamp.se/runor/gamla/dk/dksj56s.jpg
DK Sj 57,DK Sj 57 - Sjælland: Nykøbing-teglsten,,iuuuuhhhihht,-,https://www.christerhamp.se/runor/gamla/dk/dksj57.html,https://www.christerhamp.se/runor/gamla/dk/dksj57s.jpg
DK Sj 59 Alsted-sten,DK Sj 59 Alsted-sten,,eskil : sati : sina : þesi : eftiR : ystin : auk * fliR * bruþur * sin : sun : ystis : aþal:miki,"Eskil satte dessa stenar efter Östen och efter sin broder Flir, Östens son, Adelsmärke",https://www.christerhamp.se/runor/gamla/dk/dksj59.html,https://www.christerhamp.se/runor/gamla/dk/dksj59s.jpg
DK Sj 60 Fjenneslev-sten,DK Sj 60 Fjenneslev-sten,ᛋᛅᛋᚢᚱ ᛬ ᚱᛁᛋᚦᛁ ᛬ ᛅᛏᛁᚾ ᛬ ᛅᚾ ᛬ ᚴᛅᚱᚦᛁ ᛬ ᛒᚱᚢ ᛬,+: sasur : risþi : stin : an : karþi : bru :,Sasser reste stenen och gjorde bron,https://www.christerhamp.se/runor/gamla/dk/dksj60.html,https://www.christerhamp.se/runor/gamla/dk/dksj60s.jpg
DK Sj 62,DK Sj 62 - Sjælland: Garbølle-æsken,ᚺᚨᚷᛁᚱᚨᛞᚨᛉᛁᛏᚨᚹᛁᛞᛖ᛬,hagiradaz ÷ tawide ÷,Hagråd gjorde [asken],https://www.christerhamp.se/runor/gamla/dk/dksj62.html,https://www.christerhamp.se/runor/gamla/dk/dksj62s.jpg
DK Sj 66 Tĺrnborg-sten,DK Sj 66 Tĺrnborg-sten,,(k)(u)ţ ... fori:si ¶ -brit : sial (*) ha=n (:) ga=rţi st(i)(n)(a) ¶ ... (k)iţuin : bu(r)- :,"Gud hjälpe ...brets själ, han gjorde stenar ... bro",https://www.christerhamp.se/runor/gamla/dk/dksj66.html,https://www.christerhamp.se/runor/gamla/dk/dksj66s.jpg
DK Sj 69 TŚrnborg-blyamulet 2,DK Sj 69 TŚrnborg-blyamulet 2,,ś-Rmhohtlanś moutĢf(h)laro-(-) ki-fia(R)mRlah laouĢRmohsi(f),-,https://www.christerhamp.se/runor/gamla/dk/dksj69.html,https://www.christerhamp.se/runor/gamla/dk/dksj69.jpg
DK Sj 72,DK Sj 72 - Sjælland: Eggeslevmagle-sten,ᚢᛚᚾᚭᚦ ᛭,ulnoþ +,Ulfnod,https://www.christerhamp.se/runor/gamla/dk/dksj72.html,https://www.christerhamp.se/runor/gamla/dk/dksj72s.jpg
DK Sj 75-76,DK Sj 75-76 - Sjælland: Allerslev,,"io=r(d)an risti runu ra=þi þæn ær kan
kRyrþ : risti : nafn : sit ¶ ø --=nyr-(-) : mæsu","Jordan ristade rnuorna. Läs den som kan.
Gyrd ristade sitt namn ...mässa.",https://www.christerhamp.se/runor/gamla/dk/dksj75.html,https://www.christerhamp.se/runor/gamla/dk/dksj75.jpg
DK Sj 78,DK Sj 78 - Bårse-font,ᚠᚢᚦᚭᚱᚴᚼ  ᚿᛁᛆᛋᛏᛒᛚᛘ  ᛦᛮᛯᛰ,BONDO FRISO ME FECIT ESGERVS RØTH ME FECIT FIERI fuþorkhniastblmy---,Bonde Fris gjorde mig. Esger Rød lät göra mig. fuþorkhniastblmy---,https://www.christerhamp.se/runor/gamla/dk/dksj78.html,https://www.christerhamp.se/runor/gamla/dk/dksj78s.jpg
DK Sj 80 Vordingborg-sten,DK Sj 80 Vordingborg-sten,,karĢi ĢiauĢui(r) aft aĢisl (u)(m)a(r)utrkau,Gjorde Tiodvar efter Adils ...,https://www.christerhamp.se/runor/gamla/dk/dksj80.html,https://www.christerhamp.se/runor/gamla/dk/dksj80.jpg
DK Sj 81,DK Sj 81 - Sjælland: Vordingborg-benstykke,,... yuþ,-,https://www.christerhamp.se/runor/gamla/dk/dksj81.html,https://www.christerhamp.se/runor/gamla/dk/dksj81.jpg
DK Sj 82 Tryggevælde-sten,DK Sj 82 Tryggevælde-sten,,raknhiltr ' sustiR ' ulfs ' sati ' stain ¶ þnnsi ' auk ' karþi ' hauk ' þonsi auft ¶ auk skaiþ ' þaisi ¶ kunulf ' uar sin ' klomulan man ¶ (s)un ' nairbis ' faiR ' uarþa ' nu futiR ' þoi batri sa uarþi ' at (') rita ' is ailti stain þonsi iþa hiþan traki,"Ragnhild, Ulvs syster, satte denna sten och gjorde denna hög efter - och denna skeppssättning - sin man Gunulv, en glammande man, Nærves son. Få blir nu födda bättre än han. Han ska vara en som förstör denna sten eller drar den härifrån",https://www.christerhamp.se/runor/gamla/dk/dksj82.html,https://www.christerhamp.se/runor/gamla/dk/dksj82s.jpg
DK Sj 83,DK Sj 83 - Karise-kalkristning,,i-k(u)--ir--,-,https://www.christerhamp.se/runor/gamla/dk/dksj83.html,https://www.christerhamp.se/runor/gamla/dk/dksj83s.jpg
DK Sj 84,DK Sj 84 - Sjælland: Holtug-kvadersten 1,,(t)irað : r(i)st,Tirad ristade,https://www.christerhamp.se/runor/gamla/dk/dksj84.html,https://www.christerhamp.se/runor/gamla/dk/dksj84s.jpg
DK Sj 85,DK Sj 85 - Holtug-kvadersten 2,ᚱᛁᛌᛏ ᚢᛏᚱ ᛘᛁ-ᚠ,rist utr mi- f,Odd ristade mig,https://www.christerhamp.se/runor/gamla/dk/dksj85.html,https://www.christerhamp.se/runor/gamla/dk/dksj85s.jpg
DK Sj 86,DK Sj 86 - Holtug-kvadersten 3,ᚱᛁᚦᛋᛁ,riþsi,ristade,https://www.christerhamp.se/runor/gamla/dk/dksj86.html,https://www.christerhamp.se/runor/gamla/dk/dksj86s.jpg
DK Sj 87,DK Sj 87 - Sjælland: Lille Heddinge-kvadersten,,pætar,Peter,https://www.christerhamp.se/runor/gamla/dk/dksj87.html,https://www.christerhamp.se/runor/gamla/dk/dksj87s.jpg
DK Sj 88,DK Sj 88 - Store Heddinge-kvadersten,ᛆᛘᛂᚿ,amen,Amen,https://www.christerhamp.se/runor/gamla/dk/dksj88.html,https://www.christerhamp.se/runor/gamla/dk/dksj88s.jpg
DK Sj 92 Sandby-sten 2,DK Sj 92 Sandby-sten 2,,askl : sati : st... ¶ ...asi : at : tufa : ¶ -(r)(u)₫r : s(i)(n) : h--... ÷ in ÷ kru...,"Askel satte denna sten efter Tofi, sin broder och ...",https://www.christerhamp.se/runor/gamla/dk/dksj92.html,https://www.christerhamp.se/runor/gamla/dk/dksj92s.jpg
DK Sj 93 Sandby-sten 3,DK Sj 93 Sandby-sten 3,,sylfa : rest... ... ...i : sbalklusu : eyfti : susur : faþur ... ...(r)þi : bru : þisi : iki : ¶ þurils : brþur : sin : i mun * san... ¶ ...if * uitrik * susi * eR * uan * sil...,"Sölve reste ... Spragelse efter Suser, sin fader, [och gjor]de denna bro [till minne av] Torgils, sin broder. Alltid skall stå denna minnesskrift, som Sölve gjorde.",https://www.christerhamp.se/runor/gamla/dk/dksj93.html,https://www.christerhamp.se/runor/gamla/dk/dksj93-1s.jpg
DK Sj 109,DK Sj 109 - Sjælland: Rokkedyssegård-blyamulet,,a=lþ(m)?? ? p 2/2 1/3 ?,-,https://www.christerhamp.se/runor/gamla/dk/dksj109.html,https://www.christerhamp.se/runor/gamla/dk/dksj109s.jpg
DK Syd 2 Sønder Kirkeby-sten,DK Syd 2 Sønder Kirkeby-sten,,(-)-sur : sati : stin : ¶ þinsi : haft : osk(u)... ¶ bruþur : sin : ian : ... ¶ uarþ : tuþr : o : ku... ¶ þ=u=r : u=i=k=(i) : (r)=u=n=a=R (:) ...,"... ser satte denna sten efter As ... sin broder, och han dog på Go[tland ?]. Tor vige [dessa] runor",https://www.christerhamp.se/runor/gamla/dk/dksyd2.html,https://www.christerhamp.se/runor/gamla/dk/dksyd2s.jpg
DK Syd 3,DK Syd 3 - Lolland: Sædinge-sten,,þurui : kat : kauruan (:) ¶ stain : þansi : --(-) ¶ (k)(r)(u)(k) * uiar (:) sin : ian : han (:) uas ¶ -- alra * triu--... sutrsuia (:) au(k) (:) suþr[tana *] ¶ kuaul : at : ha- af nur¶minum som baistr : han uas ¶ ... sutrsuia : (-)uk *,"Tyrve lät göra denna sten ... Krok, hennes man, och han var dristigast av alla sydsvear och syddanskar. Kval åt honom, nordmannen, som var bäst av alla sydsvear ...",https://www.christerhamp.se/runor/gamla/dk/dksyd3.html,https://www.christerhamp.se/runor/gamla/dk/dksyd3-1s.jpg
DK Syd 4 Tirsted-sten,DK Syd 4 Tirsted-sten,,osraþr auk hiltu(-)-R ¶ raisþu stain þansi ¶ aft froþa fronti sin ¶ sin ian han uas þo foink ¶ uaiRa ian han uarþ tauþr o suo ¶ þiauþu auk uas furs ¶ i frikis ioþi þo aliR uikikaR,"Asrad och Hildvig reste denna sten efter Frode, sin frände. Och han var mäns skräck [ ? ] och dog i Sverige och var först i Fregges flock [ ? ] och sedan alla vikingar",https://www.christerhamp.se/runor/gamla/dk/dksyd4.html,https://www.christerhamp.se/runor/gamla/dk/dksyd4s.jpg
DK Syd 5,DK Syd 5 - Lolland: Tågerup-sten,,: austains : suniR : ¶ : raisþu : stain ¶ þansi : ¶ : aft : ¶ : sbarlu : bruþur : sin : ¶ : skibara : osbiarnaR : ¶ : nafs :,"Eysteins söner reste denna sten efter Sperla, deras broder, Åsbjörn Näbbs sjöman",https://www.christerhamp.se/runor/gamla/dk/dksyd5.html,https://www.christerhamp.se/runor/gamla/dk/dksyd5s.jpg
DK Syd 6,DK Syd 6 - Lolland: Duesminde-remendebeslag,,f...orkhaiastbm(l)r,f[uþ]orkhniastbmlR,https://www.christerhamp.se/runor/gamla/dk/dksyd6.html,https://www.christerhamp.se/runor/gamla/dk/dksyd6s.jpg
DK Syd 7,DK Syd 7 - Lolland: Vesterborg-sten,ᛆᚿᛐᛂᛦᛁ-,anteRi-,-,https://www.christerhamp.se/runor/gamla/dk/dksyd7.html,https://www.christerhamp.se/runor/gamla/dk/dksyd7s.jpg
DK Syd 8,DK Syd 8 - Lolland: Dannemare-teglsten,,----(a=k)(k)h,-,https://www.christerhamp.se/runor/gamla/dk/dksyd8.html,https://www.christerhamp.se/runor/gamla/dk/dksyd8.jpg
DK Syd 9,DK Syd 9 - Lolland: Skovlænge-sten,,: ostarþr : rasþi : stin : þasi : ¶ : oftiR : iuta : faþur : ¶ : sin : harþa : ¶ : kuþan : þi¶akn :,"Åstrad reste denna sten efter Jute, sin fader, en mycket god man",https://www.christerhamp.se/runor/gamla/dk/dksyd9.html,https://www.christerhamp.se/runor/gamla/dk/dksyd9s.jpg
DK Syd 11,DK Syd 11 - Lolland: Tillitse-sten,,eskil : sulka : sun : let : res(a) ¶ sten : þena : eft : sialfan ¶ sik * e mun * stanta * meþ * sten ¶ lifiR * uitrint * su * iaR * uan * eskil kristr * hialbi * siol * hans ¶ aok * santa * migael toki * risti * runaR * e(f)(t)(i)(R) (*) -(o)ru * ¶ stiubmoþur * sina * kunu * koþa,"Eskil, Sulkes son, lät resa denna sten efter sig själv. Alltid må stå, medan stenen lever, denna minnesskrift, som Eskil gjorde. Kristus hjälpe hans själ och Sankt Mikael.
Toke ristade runorna efter Tora, sin styvmor, en god kvinna.",https://www.christerhamp.se/runor/gamla/dk/dksyd11.html,https://www.christerhamp.se/runor/gamla/dk/dksyd11-1s.jpg
DK Syd 12 Bregninge-sten,DK Syd 12 Bregninge-sten,,(o)s(a) (:) karţi (:) kubl : ¶ ţusi : aft : tuka * ¶ sun (:) (s)(i)n : auk (:) ¶ tuka : haklaks : ¶ sunaR *,"Ĺsa gjorde dessa kummel efter Toke, sin och Toke Haklangssons son",https://www.christerhamp.se/runor/gamla/dk/dksyd12.html,https://www.christerhamp.se/runor/gamla/dk/dksyd12s.jpg
DK Syd 18,DK Syd 18 - Lolland: Købelev-torshammer,,hmar × is,Det här är en hammare,https://www.christerhamp.se/runor/gamla/dk/dksyd18.html,https://www.christerhamp.se/runor/gamla/dk/dksyd18s.jpg
DK Fyn 2 Flemløse-sten 1,DK Fyn 2 Flemløse-sten 1,,Aft ruulf stotR [st]Ain sAsi is uAs nu Ra kuþi satu su[niR aftiR ouAiR faaþi],"Efter Rodulf står denna sten, han var präst i Nes. Sönerna satte [stenen] efter [honom]. Åver ristade.",https://www.christerhamp.se/runor/gamla/dk/dkfyn2.html,https://www.christerhamp.se/runor/gamla/dk/dkfyn12s.jpg
DK Fyn 3 Flemløse-sten 2,DK Fyn 3 Flemløse-sten 2,,ruulfR sis,Rodulf ...,https://www.christerhamp.se/runor/gamla/dk/dkfyn3.html,https://www.christerhamp.se/runor/gamla/dk/dkfyn3s.jpg
DK Fyn 8 Helnæs-sten,DK Fyn 8 Helnæs-sten,,rHuulfR sati stain nuRa kuþi aft kuþuMut bruþur sunu sin truknaþu --... ouaiR faþi,"Rodulf, präst i Nes, satte stenen efter Gudmund, sin brorson. De drunknade ... Åver ristade.",https://www.christerhamp.se/runor/gamla/dk/dkfyn8.html,https://www.christerhamp.se/runor/gamla/dk/dkfyn8s.jpg
DK Fyn 9 Køng-statuette,DK Fyn 9 Køng-statuette,,--i=ŋo,-,https://www.christerhamp.se/runor/gamla/dk/dkfyn9.html,https://www.christerhamp.se/runor/gamla/dk/dkfyn9.jpg
DK Fyn 10,DK Fyn 10 - Fyn: Køng-sten,ᚴᚮᛐᛅᚭ,kotæo------...,-,https://www.christerhamp.se/runor/gamla/dk/dkfyn10.html,https://www.christerhamp.se/runor/gamla/dk/dkfyn10s.jpg
DK Fyn 12 Sønderby-sten,DK Fyn 12 Sønderby-sten,,þauriAþ / þaurihþ,-,https://www.christerhamp.se/runor/gamla/dk/dkfyn12.html,https://www.christerhamp.se/runor/gamla/dk/dkfyn12s.jpg
DK Fyn 13 Ørsted-kvadersten,DK Fyn 13 Ørsted-kvadersten,ᛅᛋᚴᛁᛚ ᛁ ᚴᛅᚱᚦᛁ ᛋᚴᛆᚱ ᛋᛆ ᛘᛋᚬᚿ ᚼᛆᚿ ᛏᛆᚱᛆᛒ ᛏᛁᚢᚱ,æskil i karþi skar sa¶mson han tarab ¶ tiur,Eskil i Gård skar Samson. Han dräpte djuret.,https://www.christerhamp.se/runor/gamla/dk/dkfyn13.html,https://www.christerhamp.se/runor/gamla/dk/dkfyn13s.jpg
DK Fyn 16 Vimose-bćltespćnde,DK Fyn 16 Vimose-bćltespćnde,,aadagas(u) ¶ laasauwija,-,https://www.christerhamp.se/runor/gamla/dk/dkfyn16.html,https://www.christerhamp.se/runor/gamla/dk/dkfyn16.jpg
DK Fyn 18,DK Fyn 18 - Fyn: Vimose-høvl,,talijo ¶ gisaioj ÷ wiliz --lao--- ... t--is : hleuno : an- : regu,hyvel ...,https://www.christerhamp.se/runor/gamla/dk/dkfyn18.html,https://www.christerhamp.se/runor/gamla/dk/dkfyn18.jpg
DK Fyn 19 Vimose-kam,DK Fyn 19 Vimose-kam,ᚺᚨᚱᛃᚨ,harja,Harja,https://www.christerhamp.se/runor/gamla/dk/dkfyn19.html,https://www.christerhamp.se/runor/gamla/dk/dkfyn19s.jpg
DK Fyn 20,DK Fyn 20 - Fyn: Vimose-dupsko 1,ᛗᚨᚲᛁᛃᚨ ᛗᚨᚱᛁ ᚺᚨ ᛁᚨᛚᚨ,makija mari ha ¶ iala,blad Mari ... Alla,https://www.christerhamp.se/runor/gamla/dk/dkfyn20.html,https://www.christerhamp.se/runor/gamla/dk/dkfyn20.jpg
DK Fyn 23,DK Fyn 23 - Fyn: Odense-blyamulet,,+ (u)nguænsinæ : pr(i)nsin + sal : kotolon ¶ anakristi : anapisti (k)ard--r : nardiar ¶ : ipodiar : kristus uinkit kristus ræg¶net : kristus imperat * kristus ab omni ¶ malo mæ asam : liparet : krux kristi ¶ sit : super me * asam * hik : æt ubikuæ * ¶ + khorda * + inkhorda + khord(a)i ¶ + agla + sanguis kristi signet me +,"... Kristus segrar, Kristus härskar, Kristus befaller, Kristus från allt ont skydde mig, Asa, kristi kors vare över mig, Asa, här och överallt ... Kristi blod signe mig.",https://www.christerhamp.se/runor/gamla/dk/dkfyn23.html,https://www.christerhamp.se/runor/gamla/dk/dkfyn23s.jpg
DK Fyn 25,DK Fyn 25 - Fyn: Nørre Nærå-sten,ᚦᚢᚱᛘᚢᚾᛏᛦ ᚾᛁᚭᚢᛏ ᛬ ᚴᚢᛒᛚ,þurmutR niout ÷ kubls,"Tormund, använd kumlet!",https://www.christerhamp.se/runor/gamla/dk/dkfyn25.html,https://www.christerhamp.se/runor/gamla/dk/dkfyn25s.jpg
DK Fyn 26 Glavendrup-sten,DK Fyn 26 Glavendrup-sten,,"raknhiltr ' sa¶ti ' stain þonsi ' auft ¶ ala ' saulua kuþa ¶ uial(i)þs haiþuiarþan þia¶kn
ala ' suniR ' karþu ¶ kubl ' þausi ' aft ' faþur ¶ sin ' auk ' hons ' kuna ' auft ¶ uar ' sin ' in ' suti ' raist ' run¶aR ' þasi ' aft ' trutin ' sin ¶ þur ' uiki ' þasi ' runaR
at ' rita ' sa ' uarþi ' is ' stain þansi ¶ ailti ' iþa aft ' onon ' traki","Ragnhild satte denna sten efter Alle den bleke, viens gode, hirdens högvärdige thegn. Alles söner gjorde dessa kummel efter deras fader, och hans hustru efter sin man, men Sote ristade dessa runor efter sin herre. Tor vige dessa runor. Till ræde varde den som skadar denna sten eller drar efter annan [ flyttar och reser den till minne av någon annan ]",https://www.christerhamp.se/runor/gamla/dk/dkfyn26.html,https://www.christerhamp.se/runor/gamla/dk/dkfyn26-1s.jpg
DK Fyn 27,DK Fyn 27 - Veflinge-kalkristning,,iuiti-ku,-,https://www.christerhamp.se/runor/gamla/dk/dkfyn27.html,https://www.christerhamp.se/runor/gamla/dk/dkfyn27s.jpg
DK Fyn 30 Rønninge-sten,DK Fyn 30 Rønninge-sten,,suti ' sati ' stain ' þansi ' aft ¶ ailaif ' bruþur ' sin ' sun ' oskaus ¶ rauþum'skialta,"Sote satte denna sten efter Eileif, sin broder, son till Åsgöt Rödsköld",https://www.christerhamp.se/runor/gamla/dk/dkfyn30.html,https://www.christerhamp.se/runor/gamla/dk/dkfyn30s.jpg
DK Fyn 38,DK Fyn 38 - Fyn: Heden-røgelseskar,,+ mæst=æ=r røþ + kras da=bo=r toto diæ : sik(u)(e) : a=go : koti¶die,"Mäster Röd. Imorgon har jag vad jag behöver hela dagen, därför arbetar jag varje dag.",https://www.christerhamp.se/runor/gamla/dk/dkfyn38.html,https://www.christerhamp.se/runor/gamla/dk/dkfyn38s.jpg
DK Fyn 39,DK Fyn 39 - Fyn: Hundstrup-røgelseskar,,magistæ=r røþ,Mäster Röd,https://www.christerhamp.se/runor/gamla/dk/dkfyn39.html,https://www.christerhamp.se/runor/gamla/dk/dkfyn39.jpg
DK Fyn 40,DK Fyn 40 - Fyn: Ulbølle-røgelseskar,,+ mæst... ... ...þ : gørþæ : mik : ha=n : gifær : mik : þæn ¶ + hæ=l : rik * k-------tkr * kær : hus:rkø : mærut=æ : siul : guþ : sihnn : ¶ þæn : mik : kørþæ : aue maria= =grasia : plena : domi=n : t=i=kum * ¶ bentik:ta t=u : in : m=leri:irus : ebmRæflnhi,Mäster Röd gjorde mig. Han ger mig till ... kära husfru Meretes själ. Gud signe den som gjorde mig.,https://www.christerhamp.se/runor/gamla/dk/dkfyn40.html,https://www.christerhamp.se/runor/gamla/dk/dkfyn40s.jpg
DK Fyn 41,DK Fyn 41 - Fyn: Bregninge-sten,,+ su=en : sa¶sær suæn : ligær hæunde : helge ¶ diakææ=n : ri¶stæ mek : mæstær : bo : gyo=rþæ mk ::,"Sven, Sassurs son, ligger härunder. Helge diakon ristade mig, mäster Bo gjorde mig.",https://www.christerhamp.se/runor/gamla/dk/dkfyn41.html,https://www.christerhamp.se/runor/gamla/dk/dkfyn41s.jpg
DK Fyn 42,DK Fyn 42 - Fyn: Egense-font,,astret : ikkrei : filius :,"Astrad, Ikkreis son",https://www.christerhamp.se/runor/gamla/dk/dkfyn42.html,https://www.christerhamp.se/runor/gamla/dk/dkfyn42-1.jpg
DK Fyn 43,DK Fyn 43 - Fyn: Lunde-røgelseskar,,: magis÷tær ÷ ia=ko=bus ÷ ruffus ÷ fabær : me fesit ÷,"Mäster Jakob Röd, smeden, gjorde mig",https://www.christerhamp.se/runor/gamla/dk/dkfyn43.html,https://www.christerhamp.se/runor/gamla/dk/dkfyn43s.jpg
DK Fyn 47 Sørup-sten,DK Fyn 47 Sørup-sten,,m- * srnes-sn : urn=u=kb(h) -a=si ¶ s(n)rþmi : itssih(k)i × li isifuþrlak * iseRa * li,"Basa lät hugga dessa runor åt sin make Etxehegi, och Isifus åt sin faster Izeba",https://www.christerhamp.se/runor/gamla/dk/dkfyn47.html,https://www.christerhamp.se/runor/gamla/dk/dkfyn47s.jpg
DK Fyn 51,DK Fyn 51 - Fyn: Faaborg-sten,ᚨᛋᛚᛅᚴᛦ,aslakR,Aslak,https://www.christerhamp.se/runor/gamla/dk/dkfyn51.html,https://www.christerhamp.se/runor/gamla/dk/dkfyn51s.jpg
Fyn: Ørsted-kalkristning,Fyn: Ørsted-kalkristning,ᛁᛕᛚᚦᛦ,iplþy,-,https://www.christerhamp.se/runor/gamla/dk/dkfyn-oersted.html,https://www.christerhamp.se/runor/gamla/dk/dkfyn-oersteds.jpg
DK NJy 1 Børglum-søjlefod,DK NJy 1 Børglum-søjlefod,,mes·ter · t=ufi · me fesit · mit ·,Mäster Tuve gjorde mig ...,https://www.christerhamp.se/runor/gamla/dk/dknjy1.html,https://www.christerhamp.se/runor/gamla/dk/dknjy1.jpg
DK NJy 2,DK NJy 2 - Nørrejylland: Hæstrup-klokke,,+ ake maria : kpasia plena : tominus * tikum beneeedik=ta u : in : muliær(i)ibus : æ=þ : be=netiktus : fruktus fentrikis : tui : iskil afe maria : kr,"Hell dig Maria, full av nåd! Herren vare med dig. Välsignad vare du bland kvinnor, och välsignad din livsfrukt! Eskil. Hell dig Maria ...",https://www.christerhamp.se/runor/gamla/dk/dknjy2.html,https://www.christerhamp.se/runor/gamla/dk/dknjy2-1s.jpg
DK NJy 4 Lyngby-font,DK NJy 4 Lyngby-font,ᚴᚢᚦ,kuþ,gud,https://www.christerhamp.se/runor/gamla/dk/dknjy4.html,https://www.christerhamp.se/runor/gamla/dk/dknjy4s.jpg
DK NJy 5 Vejby-teglsten 1,DK NJy 5 Vejby-teglsten 1,,o=lof ¶ o=lof,Olof Olof,https://www.christerhamp.se/runor/gamla/dk/dknjy5.html,https://www.christerhamp.se/runor/gamla/dk/dknjy5s.jpg
DK NJy 6 Vejby-teglsten 2,DK NJy 6 Vejby-teglsten 2,,fuþø(r)k(h)(a),fuþorkhnias,https://www.christerhamp.se/runor/gamla/dk/dknjy6.html,https://www.christerhamp.se/runor/gamla/dk/dknjy5s.jpg
DK NJy 8,DK NJy 8 - Nordjylland: Øster Brønderslev-karmsten,,kirkia : er : kriste : kænt : ma=nom suen : su=n : germu=nta=r : til : misgu=nta|r,"Kyrkan är vigd till Kristus, till nåd för människorna Sven, Germunds son",https://www.christerhamp.se/runor/gamla/dk/dknjy8.html,https://www.christerhamp.se/runor/gamla/dk/dknjy8s.jpg
DK NJy 9 Ørum-font,DK NJy 9 Ørum-font,,me fesiþ ¶ nikotaus,Niklas gjorde mig,https://www.christerhamp.se/runor/gamla/dk/dknjy9.html,https://www.christerhamp.se/runor/gamla/dk/dknjy9s.jpg
DK NJy 10,DK NJy 10 - Nordjylland: Mosbjerg-kalkristning,,kandælabrum,Kandelaber,https://www.christerhamp.se/runor/gamla/dk/dknjy10.html,https://www.christerhamp.se/runor/gamla/dk/dknjy10s.jpg
DK NJy 11 Hune-sten,DK NJy 11 Hune-sten,,hufi ' þurkil ' þurbiurn ÷ satu ÷ stin ÷ runulfs ÷ hins ' raþ'sbaka ' ¶ ' faþur ' sins ',"Hufi, Torkel och Torbjörn satte deras fader Runulf den kvicktänktes sten",https://www.christerhamp.se/runor/gamla/dk/dknjy11.html,https://www.christerhamp.se/runor/gamla/dk/dknjy11s.jpg
DK NJy 13 Jetsmark-sten,DK NJy 13 Jetsmark-sten,,hufi ÷ sati ' stin ÷ ift ' bruþr ¶ sino þurlak auk ' hriþi,Hofi satte stenen efter sina bröder Torlak och Hridir,https://www.christerhamp.se/runor/gamla/dk/dknjy13.html,https://www.christerhamp.se/runor/gamla/dk/dknjy13s.jpg
DK NJy 14 Astrup-teglsten,DK NJy 14 Astrup-teglsten,,fuþor(k),,https://www.christerhamp.se/runor/gamla/dk/dknjy14.html,https://www.christerhamp.se/runor/gamla/dk/dknjy14s.jpg
DK NJy 15,DK NJy 15 - 17 Tornby-kalkristning 1 - 3,,"₫orstæin bræ... ræist runar ₫essar a pikisdahum ... han -af(₫)i mikit gama=n af tonom um mo=rhen(e)n ₫(e)r
₫ag
₫orste--",Torsten Brede ristade dessa runor på pingstdagen ... han hade mycket nöje av psalmsången om morgonen där.,https://www.christerhamp.se/runor/gamla/dk/dknjy15.html,https://www.christerhamp.se/runor/gamla/dk/dknjy15s.jpg
DK NJy 18 Vennebjerg-kalkristning,DK NJy 18 Vennebjerg-kalkristning,,(-)(-)--- : (?)ui : p(a)lær(-)i (:) -- ¶ -... h(i)k lokus (*)- ¶ kantu : ti ...(-),"Här är platsen för dem, som sjunger, inte för andra",https://www.christerhamp.se/runor/gamla/dk/dknjy18.html,https://www.christerhamp.se/runor/gamla/dk/dknjy18s.jpg
DK NJy 20 Aggersborg-kalkristning 2,DK NJy 20 Aggersborg-kalkristning 2,,a=u=e m=aria,Ave Maria,https://www.christerhamp.se/runor/gamla/dk/dknjy20.html,https://www.christerhamp.se/runor/gamla/dk/dknjy20.jpg
DK NJy 24 Aggersborg-kalkristning 6,DK NJy 24 Aggersborg-kalkristning 6,,g=u=₫ ÷ g=(ø)-æ ÷ t=ho=rlis=h ÷ o=r ÷ hæræ ÷ s=tat ÷ t=he=r ÷ pet=(e)=r ÷ s=(u)(a)=(l)=(e) ÷ m=æ=s ÷ s=s=re=f ÷ a=m=(e)(n),Gud ... Torleik av Hær. Stå där! Peter Svala skrev mig. Amen.,https://www.christerhamp.se/runor/gamla/dk/dknjy24.html,https://www.christerhamp.se/runor/gamla/dk/dknjy24s.jpg
DK NJy 25 Aggersborg-kalkristning 7,DK NJy 25 Aggersborg-kalkristning 7,,ma=rgaræta ',Margareta,https://www.christerhamp.se/runor/gamla/dk/dknjy25.html,https://www.christerhamp.se/runor/gamla/dk/dknjy25s.jpg
DK NJy 30,DK NJy 30 - Nørrejylland: Hørdum-billedsten,,-,-,https://www.christerhamp.se/runor/gamla/dk/dknjy30.html,https://www.christerhamp.se/runor/gamla/dk/dknjy30.jpg
DK NJy 31,DK NJy 31 - Skyum-font,᛭ ᚴᛁᚱ,+ kir,Geir,https://www.christerhamp.se/runor/gamla/dk/dknjy31.html,https://www.christerhamp.se/runor/gamla/dk/dknjy31s.jpg
DK NJy 32 Hillerslev-sten,DK NJy 32 Hillerslev-sten,,...s... ¶ ku- ¶ mario : ... ¶ {THOR¶CHIL ¶ MERG¶RET},"... Gud, Maria ... Torchil, Mergret",https://www.christerhamp.se/runor/gamla/dk/dknjy32.html,https://www.christerhamp.se/runor/gamla/dk/dknjy32.jpg
DK NJy 33 Sjørring-sten,DK NJy 33 Sjørring-sten,,: osa : sati : stin : þonsi : iftiR : ¶ oumuta : uir (:) sin : is : uaR : himþiki : finulfs,"Åsa satte denna sten efter Åmunde, sin man, som var Finulvs hirdman",https://www.christerhamp.se/runor/gamla/dk/dknjy33.html,https://www.christerhamp.se/runor/gamla/dk/dknjy33s.jpg
DK NJy 34 Thisted-sten,DK NJy 34 Thisted-sten,,+ þorh ÷ amdis ÷ so=n ÷ huil=er ÷ hæræ ÷,"Tord, Amdis son, vilar här",https://www.christerhamp.se/runor/gamla/dk/dknjy34.html,https://www.christerhamp.se/runor/gamla/dk/dknjy34s.jpg
DK NJy 36 Galtrup-sten,DK NJy 36 Galtrup-sten,,hær ligr ÷ ¶ isulfr : þo¶r(g)ils : sun,"Här ligger Isulf, Torgils son",https://www.christerhamp.se/runor/gamla/dk/dknjy36.html,https://www.christerhamp.se/runor/gamla/dk/dknjy36s.jpg
DK NJy 38,DK NJy 38 - Nordjylland: Rakkeby-kalkristning,,(l)(e)(o=r)/(l)(e)(u) kkkiii mat (m)at-rt faki(l) : uiuæs -------,-,https://www.christerhamp.se/runor/gamla/dk/dknjy38.html,https://www.christerhamp.se/runor/gamla/dk/dknjy38-1s.jpg
DK NJy 39,DK NJy 39 - Hurup-sten,,þurmuþr : r-... ... -- : þ(i)(s)... ¶ : iftiR ... ¶ ...þur : sin ¶ kuþr : ...,"Tormod reste dessa ... efter ... sin fader / broder, en god ...",https://www.christerhamp.se/runor/gamla/dk/dknjy39.html,https://www.christerhamp.se/runor/gamla/dk/dknjy39s.jpg
DK NJy 40,DK NJy 40 - Søndbjerg-sokkelsten,,÷ iakop ÷ uulæ ÷ skia=lm ÷ gurþæ ÷ ubi a=ra ibi o=kulus,"Jakob beställde, Skjalm gjorde. Där altaret är, är ögat.",https://www.christerhamp.se/runor/gamla/dk/dknjy40.html,https://www.christerhamp.se/runor/gamla/dk/dknjy40s.jpg
DK NJy 41,DK NJy 41 - Nordjylland: Ydby-sten,,þurkisl : (s)[ati : auk : suniʀ : l](i)(f)(a) (:) (i) : s(t)(a)(þ) [:] (þ)(a) | : nsi : (s)(t)(i)(n) : (u)[ftiʀ : lifa],Torgisl och Leifs söner satte stenen på denna plats efter Leif,https://www.christerhamp.se/runor/gamla/dk/dknjy41.html,https://www.christerhamp.se/runor/gamla/dk/dknjy41s.jpg
DK NJy 42 Vesløs-sten,DK NJy 42 Vesløs-sten,,niklas,Niklas,https://www.christerhamp.se/runor/gamla/dk/dknjy42.html,https://www.christerhamp.se/runor/gamla/dk/dknjy42.jpg
DK NJy 43,DK NJy 43 - Ferslev-sten 1,ᛏᚢᚴᛁ ᛬ ᛋᛅᛏᛁ ᛬ ᛋᛏᛁᚾ ᛬ ᚦᚭᚾᛋᛁ ᛬ ᛅᚠᛏ ᛬ ᚭᛋᛏᛅ ᛬ ᛋᚢᚾ ᛬ ᛋᛁᚾ ᛬ ᛚᚢᛏᛅᚱᛁᛋ ᛬ ᛋᚢᚾ,(t)uki : sati : stin : þąnsi : aft : | : ąsta : sun : sin : lutaris : sun,"Toke, Lutaris son, satte denna sten efter Asti, sin son",https://www.christerhamp.se/runor/gamla/dk/dknjy43.html,https://www.christerhamp.se/runor/gamla/dk/dknjy43s.jpg
DK NJy 46,DK NJy 46 - Gunderup-sten 1,,: tuki : raisþi : stini : þąisi : auk : karþi : kub(l) (:) | : þausi : aft aba : mak : sin : þaikn : kuþan : auk : : tufu : muþur : siną : þau : lika : baþi : i : þaum : hauki : | abi : uni : tuka : fiaR : sins : aft : sik :,"Toke reste dessa stenar och gjorde dessa minnesmärken efter sin måg Ebbe, en god man, och Tove, sin moder. De ligger båda i denna hög. Ebbe gav Toke sin egendom efter sig.",https://www.christerhamp.se/runor/gamla/dk/dknjy46.html,https://www.christerhamp.se/runor/gamla/dk/dknjy46s.jpg
DK NJy 47,DK NJy 47 - Gunderup-sten 2,ᛆᚢᛌᛏᛆᚿ ᛬ ᛌᛆᛏᛁ ᛬ ᛌᛏᛆᛁᚿ ᛫ ᚦᚭᚿᛌᛁ ᛬ ᛆᛒᛏ ᛫ ᚭᛌᚢᛚᛒ ᛫ ᚠᛆᚦᚢᚱ ᛫ ᛋᛁᚿ ᛫,austan : sati : stain : þąnsi : abt : ąsulb : faþur : sin :,"Östen sate denna sten efter Asulv, sin fader",https://www.christerhamp.se/runor/gamla/dk/dknjy47.html,https://www.christerhamp.se/runor/gamla/dk/dknjy47s.jpg
DK NJy48,DK NJy48 - Nøvling-fibula,ᛒᛁᛞᚨᚹᚨᚱᛃᚨᛉᛏᚨᛚᚷᛁᛞᚨᛁ,bidawarijaR talgidai,BidawarijaR skar,https://www.christerhamp.se/runor/gamla/dk/dknjy48.html,https://www.christerhamp.se/runor/gamla/dk/dknjy48s.jpg
DK NJy 49 Durup-sten,DK NJy 49 Durup-sten,,...i : stain : þasi : at : tuka ¶ ...(n) : kuþan +,"... denna sten efter Toke, sin gode ...",https://www.christerhamp.se/runor/gamla/dk/dknjy49.html,https://www.christerhamp.se/runor/gamla/dk/dknjy49s.jpg
DK NJy 50 Farsř-sten,DK NJy 50 Farsř-sten,,: tu(s)(t)i : uk : osbiurn : rsţu : stin : ţonsi : (a)ft : tufa ¶ : bruţur : (s)(i)(n)/---...,"Toste och Ĺsbjörn reste denna sten efter Tofi, sin broder",https://www.christerhamp.se/runor/gamla/dk/dknjy50.html,https://www.christerhamp.se/runor/gamla/dk/dknjy50s.jpg
DK NJy 51,DK NJy 51 - Lyngby-sten,,...(n)untr : a : aisku : sina :,... Anund efter sin älskade,https://www.christerhamp.se/runor/gamla/dk/dknjy51.html,https://www.christerhamp.se/runor/gamla/dk/dknjy51s.jpg
DK NJy 54 Suldrup-sten 1,DK NJy 54 Suldrup-sten 1,,k : nik :,-,https://www.christerhamp.se/runor/gamla/dk/dknjy54.html,https://www.christerhamp.se/runor/gamla/dk/dknjy54.jpg
DK NJy 55 Suldrup-sten 2,DK NJy 55 Suldrup-sten 2,,: riuskR : risþi : s(t)... ...R : ufah : bruþu¶r : sin :,"Rysk reste stenen efter Ofeg, sin broder",https://www.christerhamp.se/runor/gamla/dk/dknjy55.html,https://www.christerhamp.se/runor/gamla/dk/dknjy55s.jpg
DK NJy 56 Veggerby-vinduesoverligger,DK NJy 56 Veggerby-vinduesoverligger,,kst,-,https://www.christerhamp.se/runor/gamla/dk/dknjy56.html,https://www.christerhamp.se/runor/gamla/dk/dknjy56.jpg
DK Njy 60,DK Njy 60 - Nordjylland: Ålborg-fibula,,kutis,Gotis,https://www.christerhamp.se/runor/gamla/dk/dknjy60.html,https://www.christerhamp.se/runor/gamla/dk/dknjy60s.jpg
DK NJy 61,DK NJy 61 - Lindholm Høje-knivskaft,ᛋᛁᚴᛅᛋᚢᛅᛁᚨ ᚦᚢᚱᚢᚠᛁᚱᛁᚦᛁᛚᛁᚴᛅᚦᛁ,sikasuaią þurufiriþi likaþi,{sikasuaią} polerade åt Thorfrid,https://www.christerhamp.se/runor/gamla/dk/dknjy61.html,https://www.christerhamp.se/runor/gamla/dk/dknjy61s.jpg
DK NJy 62,DK NJy 62 - Hemdrup-pind,,uan þik iba : fiukati : osa : auaoubi (f)u : (n)iluiai ...,"Den yrande vann aldrig över dig, Åsa",https://www.christerhamp.se/runor/gamla/dk/dknjy62.html,https://www.christerhamp.se/runor/gamla/dk/dknjy62s.jpg
DK NJy 64 Flejsborg-sten,DK NJy 64 Flejsborg-sten,,þurkal : sati : stia : aft : ... ... sun : faþur : sin :,"Torkel satte denna sten efter ... son, sin fader",https://www.christerhamp.se/runor/gamla/dk/dknjy64.html,https://www.christerhamp.se/runor/gamla/dk/dknjy64s.jpg
DK NJy 65 Giver-sten,DK NJy 65 Giver-sten,,kali : sati : stin ¶ þonsi : ift : þursin ¶ faþur : sia : ha(þ)¶a : kuþon : þign :,"Kalle satte denna sten efter Torsten, sin fader, en mycket god man",https://www.christerhamp.se/runor/gamla/dk/dknjy65.html,https://www.christerhamp.se/runor/gamla/dk/dknjy65s.jpg
DK NJy 67,DK NJy 67 - Ravnkilde-sten 1,,ąsur lat:hirþiR : | kukis : sun : raist | runar þasi | at ąs-uþ trunik,"Assur landförvaltare, Køges son, ristade dessa runor efter Asmod, sin drottning",https://www.christerhamp.se/runor/gamla/dk/dknjy67.html,https://www.christerhamp.se/runor/gamla/dk/dknjy67s.jpg
DK NJy 68 Ravnkilde-sten 2,DK NJy 68 Ravnkilde-sten 2,,× osgutr × tuguta × sun × risþi × stin : ift ¶ isgi : bruþur : sin,"Åsgöt, Tugutas son, reste stenen efter Asgeir, sin broder",https://www.christerhamp.se/runor/gamla/dk/dknjy68.html,https://www.christerhamp.se/runor/gamla/dk/dknjy68s.jpg
DK NJy 70 Skivum-sten,DK NJy 70 Skivum-sten,,: þau : muþ(r)kin : ¶ þurui : auk (:) uþinkau(r) : a(u)k : kuþmu¶ntr : þri- (:) --is(þ)- (:) kumbl : ¶ þausi : aift : ki-- : (h)in : huþska ¶ hon : uas : l(o)nt:mono : baistr : i : ton¶marku : auk : furstr :,"Modern Tyra och sönerna Odinkar och Gudmund, de tre reste detta minnesmärke efter Gisle den kloke. Han var den bäste och förste av lantmän i Danmark.",https://www.christerhamp.se/runor/gamla/dk/dknjy70.html,https://www.christerhamp.se/runor/gamla/dk/dknjy70s.jpg
DK NJy 71 Års-sten,DK NJy 71 Års-sten,,osur : sati : stin : þonsi : aft : ual:tuka : trutin : ¶ × sin × stin : kuask : hirsi : stonta : loki : saR : ual:tuka × ¶ × uarþa : nafni,"Ösur satte denna sten efter Valtoke, sin herre. Stenen förkunnar att den ska stå här länge. Den ska nämna Valtokes hög.",https://www.christerhamp.se/runor/gamla/dk/dknjy71.html,https://www.christerhamp.se/runor/gamla/dk/dknjy71-1s.jpg
DK NJy 72,DK NJy 72 - Skjellerup-kvadersten,ᚿᛁᚴᚮᛚᛅᚢᛋ,nikolaus,Nikolaus,https://www.christerhamp.se/runor/gamla/dk/dknjy72.html,https://www.christerhamp.se/runor/gamla/dk/dknjy72s.jpg
DK NJy 74,DK NJy 74 - Hobro-sten 2,᛬ ᚦᚢᚱᛁᛦ ᛬ ᚱᛁᛋᚦᛁ ᛬ ᛋᛏᛁᚾ ᛬ ᚦᚮᛅᛋᛁ ᛬ ᛅᚢᚠᛏᛁ ᛬ ᚴᛅᚱᛚ ᛬ ᚼᛁᚾ ᛬ ᚴᚢᚦᚮᛅ ᛬ ᚠᛦᛚᛅᚴᛅ ᛬ ᛋᛁᚾ ᛬ ᚼᛅᚱᚦᛅ ᛬ ᚴᚢᚦᚮᛅᚾ ᛬ ᛏᚱᛦᚴ ᛬,: þuriR : risþi : stin : þoasi : aufti : karl : hin : kuþoa : fRlaka : sin : harþ a : kuþoan : trRk :,"Tore reste denna sten efter Karl den gode, hans vän, en mycket god man.",https://www.christerhamp.se/runor/gamla/dk/dknjy74.html,https://www.christerhamp.se/runor/gamla/dk/dknjy74s.jpg
DK NJy 75 Svenstrup-sten,DK NJy 75 Svenstrup-sten,,þurkutr : risþi : stin : þonsi : iftiR : osuiþ : faþur : sin : hon : uai : fan ÷ arskab ÷ ¶ miþ ÷ ilta ÷ sunum,"Torgot [eller Torgun] reste stenen efter Asved, sin fader. Till ve [sorg] blev han sviken tillsmmans med Ildes söner",https://www.christerhamp.se/runor/gamla/dk/dknjy75.html,https://www.christerhamp.se/runor/gamla/dk/dknjy75s.jpg
DK NJy 80,DK NJy 80 - Nordjylland: Storvorde-blyamulet,,sa=nct=us bæna=(t)ækt=us s(a)--t=us ba=rthol(a)--us sa=nct=us gæsus …s pæt=rus …t,"Sankt Benedikt, Sankt Bartholomeus, Sankt Jesus ... Sankt Peter ...",https://www.christerhamp.se/runor/gamla/dk/dknjy80.html,https://www.christerhamp.se/runor/gamla/dk/dknjy80s.jpg
DK MJy 1,DK MJy 1 - Midtjylland: Mønsted-kvadersten 1,,fuþorkhniastblmR,-,https://www.christerhamp.se/runor/gamla/dk/dkmjy1.html,https://www.christerhamp.se/runor/gamla/dk/dkmjy1s.jpg
DK MJy 2,DK MJy 2 - Midtjylland: Mønsted-kvadersten 2,ᛦᚠᚢᚦᚭᚱᚴᚼᚾᛁᛆᛌᛚᛒ,Rfuþorkhniaslb,-,https://www.christerhamp.se/runor/gamla/dk/dkmjy2.html,https://www.christerhamp.se/runor/gamla/dk/dkmjy2s.jpg
DK MJy 3 Funder-søjlefod,DK MJy 3 Funder-søjlefod,,nikl=as,Niklas,https://www.christerhamp.se/runor/gamla/dk/dkmjy3.html,https://www.christerhamp.se/runor/gamla/dk/dkmjy3-1.jpg
DK MJy 4 Kragelund-døroverligger,DK MJy 4 Kragelund-døroverligger,ᛅᛋᛁ + ᛒᛆᚦ ᛭ ᚢᛆᚼᚿ + ᚱᛁᛋᛏ,æsi + baþ + uahn + rist,"Äsi bad, Vagn ristade",https://www.christerhamp.se/runor/gamla/dk/dkmjy4.html,https://www.christerhamp.se/runor/gamla/dk/dkmjy4s.jpg
DK MJy 5 Hvidbjerg-sten,DK MJy 5 Hvidbjerg-sten,,b(e)þer : fo=r bo | bo,Be för Bo! Bo,https://www.christerhamp.se/runor/gamla/dk/dkmjy5.html,https://www.christerhamp.se/runor/gamla/dk/dkmjy5s.jpg
DK MJy 6,DK MJy 6 - Midtjylland: Gullev-kalkristning,,...(i)(u)-(i)(s)(i)(a)...,-,https://www.christerhamp.se/runor/gamla/dk/dkmjy6.html,https://www.christerhamp.se/runor/gamla/dk/dkmjy6.jpg
DK MJy 8 Sahl-sten 2,DK MJy 8 Sahl-sten 2,,ingær₫,Ingegerd,https://www.christerhamp.se/runor/gamla/dk/dkmjy8.html,https://www.christerhamp.se/runor/gamla/dk/dkmjy8s.jpg
DK MJy 9 Vejerslev-sten,DK MJy 9 Vejerslev-sten,,iuar * hio * runa * þesa * Rvær * skalmi * broþær sin *,"Ivar högg dessa runor över Skalme, sin broder",https://www.christerhamp.se/runor/gamla/dk/dkmjy9.html,https://www.christerhamp.se/runor/gamla/dk/dkmjy9s.jpg
DK MJy 10 Bjerring-sten,DK MJy 10 Bjerring-sten,,ţurkuntr : karuks : tutiR : risţi : stin : (ţ)... ¶ aft : ţuri : uir sin : ţulfs : sun : o : st... ¶ ian : tufi : smiţr : hiu : frinti : hns : ¶ : stin : ---... : uiltr : auR : (s)taţ : ia(n) ... ¶ : stuk- : (u)(r)t--R (:) --n : a---- (:) -ir(ţ/b) : i(k)(u)(l)- ...in,"Torgun, Korungs dotter, reste [denna] sten efter Tore, sin man, Tholfs son frĺn St... men Tue smed ... hans frände ... högg. Stenen ... frĺn sin plats, men ... st ... Ingulv [?] ...",https://www.christerhamp.se/runor/gamla/dk/dkmjy10.html,https://www.christerhamp.se/runor/gamla/dk/dkmjy10s.jpg
DK MJy 11 Grensten-sten,DK MJy 11 Grensten-sten,,÷ tuki ÷ smiþr ÷ risþ × ¶ ÷ stin ÷ þisi ÷ aiftiR ÷ ¶ ÷ Rifla ÷ sun ÷ askis ÷ bianaR ¶ ÷ sunaR ÷ kuþ ÷ hiab ÷ þaRa ÷ salu ÷,"Toke smed reste denna sten efter Rifla, Asgeir Björnssons son. Gud hjälpe deras själar.",https://www.christerhamp.se/runor/gamla/dk/dkmjy11.html,https://www.christerhamp.se/runor/gamla/dk/dkmjy11s.jpg
DK MJy 12 Hjermind-sten 1,DK MJy 12 Hjermind-sten 1,,þulfR : risþi : stin : þansi ¶ iftiR : raþa : bruþur : sia : harþa ¶ kuþan : trik,"Tolf reste denna sten efter Rada, sin broder, en mycket duglig man",https://www.christerhamp.se/runor/gamla/dk/dkmjy12.html,https://www.christerhamp.se/runor/gamla/dk/dkmjy12s.jpg
DK MJy 16,DK MJy 16 - Midtjylland: Langå-sten 3,,...-R ... ¶ stin ... ¶ : -...- (b)(r)(u)(þ)(u)(r) : (s)¶in : hrþa : kuþan : ¶ : þigin,"... sten ... sin broder, en mycket god man",https://www.christerhamp.se/runor/gamla/dk/dkmjy16.html,https://www.christerhamp.se/runor/gamla/dk/dkmjy16s.jpg
DK MJy 17 Langå-sten 4,DK MJy 17 Langå-sten 4,,: tuki : r-... : br--... ...-s-...,Toke r[este stenen efter ... sin] br[oder] ...,https://www.christerhamp.se/runor/gamla/dk/dkmjy17.html,https://www.christerhamp.se/runor/gamla/dk/dkmjy17s.jpg
DK MJy 21,DK MJy 21 - Midtjylland: Skjern-sten 1,,... usbiaur... ... ¶ ... ¶ ...ur : si(n) ¶ ... harals : h...,... Åsbjörn ... sin ... Haralds ...,https://www.christerhamp.se/runor/gamla/dk/dkmjy21.html,https://www.christerhamp.se/runor/gamla/dk/dkmjy21s.jpg
DK MJy 22,DK MJy 22 - Midtjylland: Skjern-sten 2,,soskiriþr : risþi : stin : finulfs : tutiR : at : uþinkaur : usbiarnaR : sun : þoh : tura : uk : hin : turutin:fasta : siþi : sa : monr : is ¶ : þusi : kubl : ub : biruti,"Sasgerd, Finulvs dotter, reste stenen efter Odinkar, Osbjörns son, den dyre och drottens trofaste. En sejdkarl ska den man vara, som bryter dessa runor.",https://www.christerhamp.se/runor/gamla/dk/dkmjy22.html,https://www.christerhamp.se/runor/gamla/dk/dkmjy22s.jpg
DK MJy 23 Sønder Vinge-sten 1,DK MJy 23 Sønder Vinge-sten 1,,... -(a)i(s)(₫)i ¶ ...-si ¤ ift ¶ skibara ¤ sin(o) (¤) ₫(i)r(i) ¶ ¤ auk ¤ tuf(a) (¤),... reste dena sten efter sina skeppsmän Tore(?) och Tove,https://www.christerhamp.se/runor/gamla/dk/dkmjy23.html,https://www.christerhamp.se/runor/gamla/dk/dkmjy23s.jpg
DK MJy 24,DK MJy 24 - Midtjylland: Sønder Vinge-sten 2,,-u(þ)(i) : b(i)--(l)i : risþi : stin ¶ : þensi : uftiR : uruku ¶ auk : kaþu : bruþr : ¶ sino : tuo : ¶ ... sarþi : auk ¶ siþ : r(a)(t)i : saR : monr : ¶ ias : auþi : mini : þui,"Gudi bryte reste denna sten efter Orökja och Kade, sina två bröder. Pervers och trollkarl vare den man som ödelägger detta minne.",https://www.christerhamp.se/runor/gamla/dk/dkmjy24.html,https://www.christerhamp.se/runor/gamla/dk/dkmjy24s.jpg
DK MJy 26,DK MJy 26 - Vester Velling-sten,,: loþæns : (g)raf :,Lodens grav,https://www.christerhamp.se/runor/gamla/dk/dkmjy26.html,https://www.christerhamp.se/runor/gamla/dk/dkmjy26s.jpg
DK MJy 28 Asmild-sten,DK MJy 28 Asmild-sten,,þurkutr : þurkus ' ¶ tutiR : þkuþulfs : sunaR (:) ¶ sati : stin : þosi : iftiR : busa uir sin : tiþita : mon : muaR : h-... ¶ : tutur :,"Torgun, dotter till Torgot, Tjodulfs son, satte denna sten efter Bosi, sin man, härold ... dotter.",https://www.christerhamp.se/runor/gamla/dk/dkmjy28.html,https://www.christerhamp.se/runor/gamla/dk/dkmjy28s.jpg
DK Mjy 30,DK Mjy 30 - Midtjylland: Viborg-spænde,ᛚᚢᚴᛁᛋᛚᛁᚢᛅ,lukisliua,-,https://www.christerhamp.se/runor/gamla/dk/dkmjy30.html,https://www.christerhamp.se/runor/gamla/dk/dkmjy30s.jpg
DK MJy 32,DK MJy 32 - Midtjylland: Viborg-blyamulet,,+ (?)...(s)-(s)(i)(u)--(a)-(-)-(i) --(f)a o + --(-) (n)o--(-)--(?) ¶ s(u)sbiristæ (s)(t)(æ)(n)i(æ)(s)uæ no(m)inæ (s)b(i)(r)i ¶ mitius(æ)(o)ni fibri amæn akla (+) mari(a) +,... alfa omega ... nomine(?) susbiristæ ... nomine spiritus mitiusæoani febris amen agla Maria,https://www.christerhamp.se/runor/gamla/dk/dkmjy32.html,https://www.christerhamp.se/runor/gamla/dk/dkmjy32s.jpg
DK MJy 33,DK MJy 33 - Midtjylland: Klejtrup-sten,,: auk : ift : ąmunta : | : sunaR : sun : sin :,"... och efter Amunde, sin sonson",https://www.christerhamp.se/runor/gamla/dk/dkmjy33.html,https://www.christerhamp.se/runor/gamla/dk/dkmjy33s.jpg
DK MJy 34 Selde-font,DK MJy 34 Selde-font,,+ guþlif * ge=rnif=n/gr=enin=f * e=rlo=fa=n=e¶t/r=el=ka=fe=n=a¶t,-,https://www.christerhamp.se/runor/gamla/dk/dkmjy34.html,https://www.christerhamp.se/runor/gamla/dk/dkmjy34s.jpg
DK MJy 35 Øster Bjerregrav-sten 1,DK MJy 35 Øster Bjerregrav-sten 1,,tuf(a) : r(i)--(i) : stin (:) ₫ani : auftiR : tum... ¶ uar : s(i)... ¶ ...n (:) ₫ikn : saR : u-... ¶ ...(u)r : tuika : hin,"Tova reste denna sten efter Tuma, ... god man. Han ...",https://www.christerhamp.se/runor/gamla/dk/dkmjy35.html,https://www.christerhamp.se/runor/gamla/dk/dkmjy35s.jpg
DK MJy 36,DK MJy 36 - Midtjylland: Øster Bjerregrav-sten 2,,kuþa : risþi : stin : þansi : auft¶(i)R : þurbiurn : buta : sin : ¶ miuk : kuþan : þikn : ian ¶ þurþr : rist : runaR ¶ þasi,"Gyda reste denna sten efter Torbjörn, sin man, en mycket god thegn. Och Tord ristade dessa runor.",https://www.christerhamp.se/runor/gamla/dk/dkmjy36.html,https://www.christerhamp.se/runor/gamla/dk/dkmjy36s.jpg
DK MJy 37 Ålum-sten 1,DK MJy 37 Ålum-sten 1,,tuli : (r)(i)s-(i) : stin : ₫asi : aft ¶ ikal:t : sun : sin : miuk (:) (k)¶(u)... ...k : ₫au : mun(u) ¶ mini : m-(r)gt : ¶ iuf (:) ₫irta :,"Tole reste denna sten efter Ingjald, sin son, en mycket bra man. Detta minnesmärke ska ...",https://www.christerhamp.se/runor/gamla/dk/dkmjy37.html,https://www.christerhamp.se/runor/gamla/dk/dkmjy37s.jpg
DK MJy 38 Ålum-sten 2,DK MJy 38 Ålum-sten 2,,...-a * (r)(u)----... ¶ f-(i)(o)... ¶ ...-ta × si ¶ ₫ui × h-...,-,https://www.christerhamp.se/runor/gamla/dk/dkmjy38.html,https://www.christerhamp.se/runor/gamla/dk/dkmjy38s.jpg
DK MJy 39 Ålum-sten 3,DK MJy 39 Ålum-sten 3,,: uikutr : risþi : stin : þonsi : iftiR : oski : sun : sin : kuþ : hialbi : hons : silu : uil,Vigot reste denna sten efter sin son Esge. Gud hjälpe hans själ väl.,https://www.christerhamp.se/runor/gamla/dk/dkmjy39.html,https://www.christerhamp.se/runor/gamla/dk/dkmjy39s.jpg
DK MJy 40 Ålum-sten 4,DK MJy 40 Ålum-sten 4,,þurui : uikuts : kuno : lit : risa : stin : þonsi : eftiR : þurbiurn : sun : sibu : sustlik : sin : is : hun : hukþi : b(e)tr : þon : suasum : suni :T,"Tyra, Vigots hustru, lät resa denna sten efter Torbjörn, Sibbes son, hennes systling, som hon höll mera av än en egen son",https://www.christerhamp.se/runor/gamla/dk/dkmjy40.html,https://www.christerhamp.se/runor/gamla/dk/dkmjy40s.jpg
DK MJy 41 Rimsø-sten,DK MJy 41 Rimsø-sten,,þuriR : bruþiR : ainraþa rai=sþi : stain : þonsi : ¶ uft : muþur : sina : auk : ¶ ... ku... ¶ ... -auþi : sam : uarst : maki,"Tore, Enrådes broder, reste denna sten efter sin moder och ... döden är en pojkes värsta olycka.",https://www.christerhamp.se/runor/gamla/dk/dkmjy41.html,https://www.christerhamp.se/runor/gamla/dk/dkmjy41s.jpg
DK MJy 42 Kolind-sten,DK MJy 42 Kolind-sten,,tusti ¤ risþi ¤ stin ¶ þonsi ¤ ift ¤ tufa ¤ is ¶ uarþ (:) tuþr : ustr : burþu¶r ¤ sin ¤ smiþr ¤ osuiþaR,"Toste, Åsvids smed, reste denna sten efter Tofi, sin broder, som dog i öster",https://www.christerhamp.se/runor/gamla/dk/dkmjy42.html,https://www.christerhamp.se/runor/gamla/dk/dkmjy42s.jpg
DK MJy 44 Laurbjerg-sten,DK MJy 44 Laurbjerg-sten,,bulnaus| |sanstai(n) uili,Bolnautrs sanna sten [?] Villi,https://www.christerhamp.se/runor/gamla/dk/dkmjy44.html,https://www.christerhamp.se/runor/gamla/dk/dkmjy44s.jpg
DK MJy 46 Dalbyover-sten,DK MJy 46 Dalbyover-sten,,tufi : kitu : sun : sati : ... ¶ ...i : filaka : sin : ¶ fustra : ₫urknus,"Tofi, Geddas son, satte [stenen efter] ...-i sin vän, Torgnys fosterson",https://www.christerhamp.se/runor/gamla/dk/dkmjy46.html,https://www.christerhamp.se/runor/gamla/dk/dkmjy46s.jpg
DK MJy 47 Asferg-sten,DK MJy 47 Asferg-sten,,: þurgiR : tuka : sun : risþi : stin : þonnsi : iftiR : mula : bruþr : ¶ sin : harþo : kuþru : þin :,"Torger, Tokes son, reste denna sten efter Tula, sin broder, en mycket duglig man",https://www.christerhamp.se/runor/gamla/dk/dkmjy47.html,https://www.christerhamp.se/runor/gamla/dk/dkmjy47s.jpg
DK MJy 48 Glenstrup-sten 1,DK MJy 48 Glenstrup-sten 1,,: þuriR : risþi : stin : þansi : iftiR : kunar : faþu¶r : sin :,"Tore reste stenen efter Gunnar, sin fader",https://www.christerhamp.se/runor/gamla/dk/dkmjy48.html,https://www.christerhamp.se/runor/gamla/dk/dkmjy48s.jpg
DK MJy 49 Glenstrup-sten 2,DK MJy 49 Glenstrup-sten 2,,tuki : sati : stin : þonsi : iftiR : ufla : faþur : sin : harþa : ku ¶ þan : þign :,"Toke satte denna sten efter Ofla, sin fader, en mycket duglig man",https://www.christerhamp.se/runor/gamla/dk/dkmjy49.html,https://www.christerhamp.se/runor/gamla/dk/dkmjy49-1s.jpg
DK MJy 50 Spentrup-sten 1,DK MJy 50 Spentrup-sten 1,,... ¶ þasi : run-... ... ...¶ki : lifa :,... dessa runor ... långt liv,https://www.christerhamp.se/runor/gamla/dk/dkmjy50.html,https://www.christerhamp.se/runor/gamla/dk/dkmjy50s.jpg
DK MJy 51 Spentrup-sten 2,DK MJy 51 Spentrup-sten 2,,oskatla × risþi (×) -... ...-ls × sbaka × sun × stin × ¶ þonsi × ÷,"Åskatla reste [efter] ... ls, Spages son, denna sten",https://www.christerhamp.se/runor/gamla/dk/dkmjy51.html,https://www.christerhamp.se/runor/gamla/dk/dkmjy51s.jpg
DK MJy 52 Vester Tørslev-sten,DK MJy 52 Vester Tørslev-sten,,÷ hala ÷ risþi ÷ stin ÷ ¶ ÷ þonsi ÷ ¶ litu ÷ sun ÷ ¶ ift ÷ oslf ÷ bruþur ÷ sin ÷,"Hella reste denna sten, Lettes son, efter Åsulf, sin broder",https://www.christerhamp.se/runor/gamla/dk/dkmjy52.html,https://www.christerhamp.se/runor/gamla/dk/dkmjy52s.jpg
DK MJy 54,DK MJy 54 - Midtjylland: Vester Tørslev-kalkristning 2,,asr=u-...,-,https://www.christerhamp.se/runor/gamla/dk/dkmjy54.html,https://www.christerhamp.se/runor/gamla/dk/dkmjy54s.jpg
DK MJy 55 Stenalt-sten,DK MJy 55 Stenalt-sten,,[osur : st](u)(f)s : sun : [raisþi : st]ain : þonsi ¶ [auft : br](þ)(u)r : sun : sin :,"Osur, Stufs son, reste denna sten efter Bror, sin son",https://www.christerhamp.se/runor/gamla/dk/dkmjy55.html,https://www.christerhamp.se/runor/gamla/dk/dkmjy55-1s.jpg
DK MJy 56 Mejlby-sten,DK MJy 56 Mejlby-sten,,oni : risþ : stin : þansi : aft : o¶skl : sun : sin : ias : tauþr ¶ uarþ : maþ : þuri : i : ura:¶:suti :,"Åne reste denna sten efter Eskil, sin son, som dog med Tore i Öresund",https://www.christerhamp.se/runor/gamla/dk/dkmjy56.html,https://www.christerhamp.se/runor/gamla/dk/dkmjy56s.jpg
DK MJy57,DK MJy57 - Midtjylland: Borup-sten,,asi : risþi : stin : þansi : iftiR : þurkut : faþ¶ur : sin : bufa : sun : bistat : þikn,"Asi reste denna sten efter Thorgot, sin fader, Boves son, den bäste thegn",https://www.christerhamp.se/runor/gamla/dk/dkmjy57.html,https://www.christerhamp.se/runor/gamla/dk/dkmjy57s.jpg
DK MJy 58,DK MJy 58 - Midtjylland: Lem-sten,,(þ)(u)... ... s-(i)(n) (þ)(o)si ...-- : urik : buþur : sin :,"... dena sten [efter] Aurik, sin broder.",https://www.christerhamp.se/runor/gamla/dk/dkmjy58.html,https://www.christerhamp.se/runor/gamla/dk/dkmjy58s.jpg
DK MJy 59 Randers-sten 1,DK MJy 59 Randers-sten 1,,[sbau(r) * r(i)sþi * stain * þ(a)si * u--... ...aba * sina * miuk * ---- * -----] r : hrþa : kuþan : þign :,Spurb reste denna sten efter ... en mycket bra man,https://www.christerhamp.se/runor/gamla/dk/dkmjy59.html,https://www.christerhamp.se/runor/gamla/dk/dkmjy59s.jpg
DK MJy 60 Randers-sten 2,DK MJy 60 Randers-sten 2,,tuki : ri(s)-- ¶ -tin : þansi : ift ¶ þurstin : sin ¶ -(r)uþur : nuk ¶ igi : sin : faþu-,"Toke reste denna sten efter Torsten, sin broder, och Inge, sin fader",https://www.christerhamp.se/runor/gamla/dk/dkmjy60.html,https://www.christerhamp.se/runor/gamla/dk/dkmjy60s.jpg
DK MJy 61,DK MJy 61 - Randers-blyamulet,,-,-,https://www.christerhamp.se/runor/gamla/dk/dkmjy61.html,https://www.christerhamp.se/runor/gamla/dk/dkmjy61s.jpg
DK MJy 62 Gjesing-sten 1,DK MJy 62 Gjesing-sten 1,,þuæþ ÷ gæþi ÷ þRni ÷ øæuf : Rfæ : þRriæ ÷ æbi ÷ sun ÷ la=khæ (÷) yis ÷ beþ(i)(R) ÷ m[ar](i) : (n)aa=bisR=ll ÷ niklaøs : gæti {HORDER}u{S}/{HO}r{DE}ru{S},"Thode gjorde detta valv över Thure, son till Ebbe den långe Vis, bed, o Maria o[m] nåd! St Nikolaus vakte [hans] själ! Horderus [högg stenen]",https://www.christerhamp.se/runor/gamla/dk/dkmjy62.html,https://www.christerhamp.se/runor/gamla/dk/dkmjy62.jpg
DK MJy 65 Virring-sten,DK MJy 65 Virring-sten,,÷ ki-mutr ÷ ¶ ... ...n ÷ k(a)rþi ¶ ÷ m(i)n(i) ÷ --(u) ÷ af(t) (÷) ¶ ÷ sasur ÷ star ¶ r(i)sþi ÷ stin ÷ aft ÷ tuþan ÷ þur ÷ uiki ÷ þisi ÷ kuml ÷,Germund ... son gjorde dessa minnesmärken efter Sassur. Starr reste stenen efter de döda. Tor vige detta monument.,https://www.christerhamp.se/runor/gamla/dk/dkmjy65.html,https://www.christerhamp.se/runor/gamla/dk/dkmjy65-1s.jpg
DK MJy 66 Øster Alling-sten,DK MJy 66 Øster Alling-sten,,: þuriR : ri=sþi ¶ : stin : þani : aftiR ¶ : fastulf : miuk-,Tore reste denna sten efter Fastulv Mjuk,https://www.christerhamp.se/runor/gamla/dk/dkmjy66.html,https://www.christerhamp.se/runor/gamla/dk/dkmjy66s.jpg
DK MJy 67 Egå-sten,DK MJy 67 Egå-sten,,alfkil ÷ uk ÷ hns ÷ suniR ÷ risþu : stin : þansi : ift : ¶ * mana : sin : frinta : þans × uas * lantirþi ÷ kitils ÷ þis ÷ ¶ nuruna ÷,"Alvkil och hans söner reste denna sten efter Manne, sin frände, som var jordförvaltare hos Kettil den norske",https://www.christerhamp.se/runor/gamla/dk/dkmjy67.html,https://www.christerhamp.se/runor/gamla/dk/dkmjy67s.jpg
DK MJy 68,DK MJy 68 - Midtjylland: Sjelle-sten,,: fraystain : sati : stain : þ(e)nsi : uft : | (g)yrþ : lags:m(a)n : sin : bruþur : sig|ualta : ... | ... a : t (u)e(g)ia : (a) : | (-)u(-)s : eþi :,"Frösten satte denna sten efter Gyrd, sin lagsman, Sigvaldes broder, Tvegges ... , på ... heden / näset.",https://www.christerhamp.se/runor/gamla/dk/dkmjy68.html,https://www.christerhamp.se/runor/gamla/dk/dkmjy68s.jpg
DK MJy 69,DK MJy 69 - Midtjylland: Sjellebro-billedsten,,-,-,https://www.christerhamp.se/runor/gamla/dk/dkmjy69.html,https://www.christerhamp.se/runor/gamla/dk/dkmjy69s.jpg
DK MJy 70 Gylling-sten,DK MJy 70 Gylling-sten,,tuki : þurkisl : |sun : raisi : stain : þansi : aft : ---... kuþan : auk : risbiik : sin : buruþur :,Toke Torkelsson reste denna sten efter ... god och Risbiik [?] sin broder,https://www.christerhamp.se/runor/gamla/dk/dkmjy70.html,https://www.christerhamp.se/runor/gamla/dk/dkmjy70-1s.jpg
DK MJy 72,DK MJy 72 - Midtjylland: Randlev-kalkristning,,þis(m)(a)...-g(e)sm(i)s þismas(m) r,-,https://www.christerhamp.se/runor/gamla/dk/dkmjy72.html,https://www.christerhamp.se/runor/gamla/dk/dkmjy72-1s.jpg
DK MJy 73 Vejlby-sten,DK MJy 73 Vejlby-sten,,þuþkil * risþi : stn þansi : uftiR : tufa : mak : sin,"Thydkil reste denna sten efter Tue, sin måg.",https://www.christerhamp.se/runor/gamla/dk/dkmjy73.html,https://www.christerhamp.se/runor/gamla/dk/dkmjy73s.jpg
DK MJy 74 Århus-sten 1,DK MJy 74 Århus-sten 1,,...R : þigsla : ... ¶ ...n : þonsi : i-... ¶ ...R : omuta : ... ¶ ...s : ua-(-) : (-)u... ¶ ...(t) : hiþabu ...,[ N. N. med tillnamnet ] Thexle ... denna sten e[fter] ... Åmunde ... Hedeby,https://www.christerhamp.se/runor/gamla/dk/dkmjy74.html,https://www.christerhamp.se/runor/gamla/dk/dkmjy74s.jpg
DK MJy 76 Århus-sten 2,DK MJy 76 Århus-sten 2,,× oskaiR : biar... ... ¶ ¤ s-a-naR ÷ ₫(a)... ¶ ...-----...,Esger Bj ... [ dessa stenar ] ...,https://www.christerhamp.se/runor/gamla/dk/dkmjy76.html,https://www.christerhamp.se/runor/gamla/dk/dkmjy76s.jpg
DK MJy 77 Århus-sten 3,DK MJy 77 Århus-sten 3,,¤ kunulfR ¤ auk ¤ augutr ¤ auk ¤ aslakR ¤ auk ¤ rulfR ¤ risþu ¤ stin ¤ þansi ¤ eftiR × ful ¤ fela(k)a ¤ sin ¤ ¶ ¤ iaR ¤ uarþ (¤) ...y-- × tuþr ¤ þo ¤ kunukaR × ¶ barþusk ¤,"Gunnulv och Ögot och Aslak och Rolf reste denna sten efter Ful, deras kamrat, som ... dog då kungar kämpade.",https://www.christerhamp.se/runor/gamla/dk/dkmjy77.html,https://www.christerhamp.se/runor/gamla/dk/dkmjy77-1s.jpg
DK MJy 78 Århus-sten 4,DK MJy 78 Århus-sten 4,,kitil : risþi : stin : þansi : uftiR : ika : faþur : sin,"Kæld erste denna sten efter Inge, sin fader",https://www.christerhamp.se/runor/gamla/dk/dkmjy78.html,https://www.christerhamp.se/runor/gamla/dk/dkmjy78s.jpg
DK MJy 79 Århus-sten 5,DK MJy 79 Århus-sten 5,,(-)usti × auk × hufi × auk × þir × frebiurn × risþu × stin × þonsi × eftiR × ¶ × osur × saksa × filaka × sin × harþa × kuþan × trik × saR × tu × ¶ × mana × mest × uniþikR × ¶ saR × ati × skib × miþ × arno +,"Toste och Hove och Frebjörn de reste denna sten efter Asser Saxe, deas kamrat, en mycket bra man. Han dog som den störste oniding bland män. Han hade skepp med Arne.",https://www.christerhamp.se/runor/gamla/dk/dkmjy79.html,https://www.christerhamp.se/runor/gamla/dk/dkmjy79s.jpg
DK MJy 80,DK MJy 80 - Midtjylland: Århus-kam,ᚼᛁᚵ ᛬ ᚢᛁᚾ,hig : uin,Hægvin(?),https://www.christerhamp.se/runor/gamla/dk/dkmjy80.html,https://www.christerhamp.se/runor/gamla/dk/dkmjy80s.jpg
DK MJy 81 Hammel-sten 1,DK MJy 81 Hammel-sten 1,,ulfs ' st...,Ulfs st[en ?],https://www.christerhamp.se/runor/gamla/dk/dkmjy81.html,https://www.christerhamp.se/runor/gamla/dk/dkmjy81s.jpg
DK MJy 83 Sporup-sten,DK MJy 83 Sporup-sten,,þurkil ' suiþbalki : ris(þ)- --in : þinsi (:) ...¶R : tuka : (f)a--- --n ¶ iR : s(k)... ...,"Torkel Svidbalke reste denna sten efter Toke, sin fader, som ...skepp (?)",https://www.christerhamp.se/runor/gamla/dk/dkmjy83.html,https://www.christerhamp.se/runor/gamla/dk/dkmjy83s.jpg
DK MJy 84 Hørning-sten,DK MJy 84 Hørning-sten,,tuki : smiþr : riþ : stin : ift ¶ þurkisl : kuþmutaR : sun : is : hanum ¶ kaf : kul : uk : frialsi,"Toke smed reste stenen efter Troels Gudmundsson, som gav honom guld [?] och frälse",https://www.christerhamp.se/runor/gamla/dk/dkmjy84.html,https://www.christerhamp.se/runor/gamla/dk/dkmjy84s.jpg
DK MJy 85,DK MJy 85 - Illerup-skjoldhåndtagsbeslag 1,ᛊᚹᛚᚱᛏ ᛚ,swart a,Svarte,https://www.christerhamp.se/runor/gamla/dk/dkmjy85.html,https://www.christerhamp.se/runor/gamla/dk/dkmjy85-1.jpg
DK MJy 86 Illerup-skjoldhåndtagsbeslag 2,DK MJy 86 Illerup-skjoldhåndtagsbeslag 2,ᚾᛁᚦᛁᛃᛟ ᛏᚨᚹᛁᛞᛖ,niþijo tawide,Niþijo gjorde,https://www.christerhamp.se/runor/gamla/dk/dkmjy86.html,https://www.christerhamp.se/runor/gamla/dk/dkmjy86s.jpg
DK MJy 87 Illerup-skjoldhåndtagsbeslag 3,DK MJy 87 Illerup-skjoldhåndtagsbeslag 3,ᛚᚨᚷᚢᚦᛖᚹᚨ,laguþewa,Sjöman,https://www.christerhamp.se/runor/gamla/dk/dkmjy87.html,https://www.christerhamp.se/runor/gamla/dk/dkmjy87s.jpg
DK MJy 88 Illerup-lansespids 1,DK MJy 88 Illerup-lansespids 1,,wagnijo,Wagnijo,https://www.christerhamp.se/runor/gamla/dk/dkmjy88.html,https://www.christerhamp.se/runor/gamla/dk/dkmjy88s.jpg
DK MJy 89 Illerup-lansespids 2,DK MJy 89 Illerup-lansespids 2,,wagnijo,Wagnijo,https://www.christerhamp.se/runor/gamla/dk/dkmjy89.html,https://www.christerhamp.se/runor/gamla/dk/dkmjy89s.jpg
DK MJy 90,DK MJy 90 - Illerup-høvl,,af(i)(l)a---,-,https://www.christerhamp.se/runor/gamla/dk/dkmjy90.html,https://www.christerhamp.se/runor/gamla/dk/dkmjy90s.jpg
DK MJy 91 Illerup-dupsko,DK MJy 91 Illerup-dupsko,ᚠᛁᚱᚺᚨ / ᚠᛁᚱᚢᚨ,firha / firua,-,https://www.christerhamp.se/runor/gamla/dk/dkmjy91.html,https://www.christerhamp.se/runor/gamla/dk/dkmjy91s.jpg
DK MJy 92,DK MJy 92 - Illerup-drikkehornsbeslag,,fu--R fra,-,https://www.christerhamp.se/runor/gamla/dk/dkmjy92.html,https://www.christerhamp.se/runor/gamla/dk/dkmjy92-1.jpg
DK MJy 93 Illerup-ildstålshåndtag,DK MJy 93 Illerup-ildstålshåndtag,ᚷᚨᚢᚦᛉ,gauþz,-,https://www.christerhamp.se/runor/gamla/dk/dkmjy93.html,https://www.christerhamp.se/runor/gamla/dk/dkmjy93.jpg
DK MJy 94 Äm-teglsten 1,DK MJy 94 Äm-teglsten 1,,ke(t)il,Ketil,https://www.christerhamp.se/runor/gamla/dk/dkmjy94.html,https://www.christerhamp.se/runor/gamla/dk/dkmjy94.jpg
DK MJy 96 Äm-teglsten 3,DK MJy 96 Äm-teglsten 3,,-±orkh,-±orkh,https://www.christerhamp.se/runor/gamla/dk/dkmjy96.html,https://www.christerhamp.se/runor/gamla/dk/dkmjy96.jpg
DK MJy 98 Sønder Vissing-sten 1,DK MJy 98 Sønder Vissing-sten 1,,tufa ' lRt ' kaurua ' kubl ¶ mistiuis ' tutiR ' uft ' muþur ¶ sina ' ¶ kuna ¶ harats ' hins ' kuþa ' kurms ¶ sunaR,"Tova, Mistivirs dotter, hustru till Harald den gode, Gorms son, lät göra minnesmärket efter sin moder.",https://www.christerhamp.se/runor/gamla/dk/dkmjy98.html,https://www.christerhamp.se/runor/gamla/dk/dr55s.jpg
DK MJy 99 Sønder Vissing-sten 2,DK MJy 99 Sønder Vissing-sten 2,,: tuki : karþi : kumbl : þisi : iaft : ¶ : aba : faþur : sin : ¶ : uhimskon : hal :,"Toke gjorde detta minnesmärke efter Ebbe, sin fader, en vis hjälte.",https://www.christerhamp.se/runor/gamla/dk/dkmjy99.html,https://www.christerhamp.se/runor/gamla/dk/dkmjy99s.jpg
DK MJy 103,DK MJy 103 - Midtjylland: Mygind-sten,,... ilrsþi ...,-,https://www.christerhamp.se/runor/gamla/dk/dkmjy103.html,https://www.christerhamp.se/runor/gamla/dk/dkmjy103s.jpg
DK SJy 3,DK SJy 3 - Sønder Vilstrup-sten,ᛒᛚ ᛫ ᚦᛁᛋᛁ,[... lit : ku]bl : þisi : | [kaurua : haralt ...rm... | faþ(u)(r) ... | ...],"... lät göra dessa minnesmärken, Harald ... fader ...",https://www.christerhamp.se/runor/gamla/dk/dksjy3.html,https://www.christerhamp.se/runor/gamla/dk/dksjy3s.jpg
DK SJy 6,DK SJy 6 - Egtved-sten,,... ... ...at ' fai(n) ['] (t)u ÷ i suiu ' raist ¶ ... ...uþiR ' aft ' bruþur ¶ stain ' sasi ' skarni ' ...,"... efter Fain, som dog i Svia. Ristade ... broder efter broder denna sten ...",https://www.christerhamp.se/runor/gamla/dk/dksjy6.html,https://www.christerhamp.se/runor/gamla/dk/dksjy6s.jpg
DK SJy 10,DK SJy 10 - Jelling-sten 1,,: kurmR : kunukR : : k(a)(r)₫i : kubl : ₫usi : : a(f)(t) : ₫urui : kunu ÷ sina ÷ tanmarkaR ÷ but ÷,"Gorm konung gjorde dessa kummel efter Thyre, sin hustru, Danmarks",https://www.christerhamp.se/runor/gamla/dk/dksjy10.html,https://www.christerhamp.se/runor/gamla/dk/dksjy10-1s.jpg
DK SJy 11,DK SJy 11 - Jelling-sten 2,,: haraltr : kunukR : baþ : kaurua kubl : þausi : aft : kurm faþur sin auk aft : þourui : muþur : sina : sa haraltr (:) ias : soR * uan * tanmaurk ala * auk nuruiak (*) auk t(a)ni (k)(a)(r)(þ)(i) kristno,"Harald konung lät göra dessa kummel efter Gorm, sin fader, och efter Thyre, sin moder, den Harald som vann sig hela Danmark och Norge och gjorde danerna kristna.",https://www.christerhamp.se/runor/gamla/dk/dksjy11.html,https://www.christerhamp.se/runor/gamla/dk/dksjy11-1s.jpg
DK SJy 12,DK SJy 12 - Jelling-sten 3,,... : b(a)si : karþi : kubl ¶ ...---la : i :,... Basse gjorde kumlet ...,https://www.christerhamp.se/runor/gamla/dk/dksjy12.html,https://www.christerhamp.se/runor/gamla/dk/dksjy12s.jpg
DK SJy 14,DK SJy 14 - Randbøl-sten (Store Rygbjerg),,tufi ÷ bruti ÷ risþi ÷ stin ÷ þansi ÷ aft ÷ lika ÷ ¶ brutia ÷ þiR ÷ stafaR ÷ munu ÷ ¶ þurkuni ÷ miuk ÷ liki ÷ lifa ÷,Bryten Tue reste denna sten efter brytens hustru. Dessa stavar för Torgun ska leva länge.,https://www.christerhamp.se/runor/gamla/dk/dksjy14.html,https://www.christerhamp.se/runor/gamla/dk/dksjy14s.jpg
DK SJy 15,DK SJy 15 - Hanning-sten,,ua-- : tofa : su(n) ¶ rsþi : sten : þene × ¶ eftir : Gyþu : moþ-¶r : sina ×÷: ¶ (×) (e)--kil : h...,"... Tofis son reste denna sten efter Gyda, sin mor. ... kil högg.",https://www.christerhamp.se/runor/gamla/dk/dksjy15.html,https://www.christerhamp.se/runor/gamla/dk/dksjy15s.jpg
DK SJy 16,DK SJy 16 - Sædding-kvadersten,,ha=r ¶ m,-,https://www.christerhamp.se/runor/gamla/dk/dksjy16.html,https://www.christerhamp.se/runor/gamla/dk/dksjy16s.jpg
DK SJy 21,DK SJy 21 - Handbjerg-font,ᛁᛋᛚᛁ,isli,Isli,https://www.christerhamp.se/runor/gamla/dk/dksjy21.html,https://www.christerhamp.se/runor/gamla/dk/dksjy21s.jpg
DK SJy 24,DK SJy 24 - Oddum-sten,,þurulfs * sati ' stain ' uftiR ' tuka ' tuka ' sun ¶ hin * usta * kuþ ' hialbi * hans *,"Torulf satte stenen efter Tone, Tokes son, den yttersta. Gud hjälpe hans",https://www.christerhamp.se/runor/gamla/dk/dksjy24.html,https://www.christerhamp.se/runor/gamla/dk/dksjy24s.jpg
DK SJy 25,DK SJy 25 - Staby-kvadersten,ᚿᚮᛘᛁᚿᛆᛋᛁ ᚠ᛫ᚦᛐ᛬ᛘ ᚾᛅ ᚱᛅ ᛁᛋᚮᚴᚿᛆ,nomina (s)-(i) f ' þt : m na r(æ)isokna,namn ... - -,https://www.christerhamp.se/runor/gamla/dk/dksjy25.html,https://www.christerhamp.se/runor/gamla/dk/dksjy25s-1.jpg
DK SJy 26,DK SJy 26 - Bække-sten 1,,rafnuka:tufi : auk : futin : ¶ auk : knubli : þaiR : þriR : kaþu : ¶ : þuruiaR : hauk :,"Tuve, Ravns ättling,och Funden och Gnyble, de tre gjorde Tyras hög",https://www.christerhamp.se/runor/gamla/dk/dksjy26.html,https://www.christerhamp.se/runor/gamla/dk/dksjy26s.jpg
DK SJy 27,DK SJy 27 - Bække-sten 2,,hribno : k tubi : kriu kub þsi ¶ aft : uibruk mþu sin,"Revne och Tobbe gjorde detta kummel efter Vibrog, deras moder",https://www.christerhamp.se/runor/gamla/dk/dksjy27.html,https://www.christerhamp.se/runor/gamla/dk/dksjy27s.jpg
DK SJy 32,DK SJy 32 - Åstrup-kvadersten 1,ᚠᚢᚦᚬᚱᚴᚼᚾᛁᛅᛋᛏᛒ,fuþorkhniastb,fuþorkhniastb,https://www.christerhamp.se/runor/gamla/dk/dksjy32.html,https://www.christerhamp.se/runor/gamla/dk/dksjy32s.jpg
DK SJy 33,DK SJy 33 - Åstrup-kvadersten 2,,fin * ka=rþi (÷),Finn gjorde,https://www.christerhamp.se/runor/gamla/dk/dksjy33.html,https://www.christerhamp.se/runor/gamla/dk/dksjy33.jpg
DK SJy 34,DK SJy 34 - Åstrup-kvadersten 3,,-,-,https://www.christerhamp.se/runor/gamla/dk/dksjy34.html,https://www.christerhamp.se/runor/gamla/dk/dksjy34.jpg
DK SJy 35,DK SJy 35 - Føvling-sten,,p : æ=s=birn ik : la=n=gs=um : k=u=b=a=þ : in : k=risto : r=ek=uiæ=ssæ=ns,Asbjörn den långsamme ligger här i vila i Kristus,https://www.christerhamp.se/runor/gamla/dk/dksjy35.html,https://www.christerhamp.se/runor/gamla/dk/dksjy35s.jpg
DK SJy 36,DK SJy 36 - Holsted-kvadersten,ᛏᚢᚴᛁ,tuki,Toke,https://www.christerhamp.se/runor/gamla/dk/dksjy36.html,https://www.christerhamp.se/runor/gamla/dk/dksjy36s.jpg
DK SJy 37,DK SJy 37 - Læborg-sten,,rhafnukatufi ÷ hiau ÷ runaR : þasi aft þurui ÷ trutnik : sina,"Ravnunga-Tuve högg dessa runor efter Tyra, sin drottning",https://www.christerhamp.se/runor/gamla/dk/dksjy37.html,https://www.christerhamp.se/runor/gamla/dk/dksjy37s.jpg
DK SJy 38,DK SJy 38 - Malt-sten,ᛋᚢᛅᛅᛁ ᛬ ᛏᛁᛏᚢᛚᛏᛁᛏᚢᛚ ᚠᚢᚦᚭᚱᚴᚼᚾᛁᛅᛋᛏᛒᛘᛚᚱ ᚼᚢᛅᛦᛁᛋᛁ ᛬ ᛅᛚᛁᛋᛏᛁᚭᛋᛅ ᛬ ᚼᚢᛅᛦᛁᛋ ᚢᛁᚠᚱᚦᚢᛦ ᛬ ᚴᛅᚱᚦᛁ ᛬ ᛅᚠᚱᛅᚠᛏᛅᛋᛁᚾᛁᚠᛅᚢᚦᚱ ᚴᚢᛚ ᛬ ᚠᛁᚾᛦ ᛬ ᚠᛅᛚᛋ ᛬ ᛏᛅᛁᛏᛁᚱᚢᚾᚭᛦ ᛫ ᚢ ᛅᛁᚢᛁᚿᚱᚢᚿᚭᛦ ᛬ ᛋᚢᛚᛁᛅᛚᛏᛅ ᛬ ᚼᚢᛅᛦ ᛏᛏᛏ ᚢᛏᚢ ᛬ ᛏᚢᚢᚢᛏᛒᛁᛚᛁᚴᛅᚴᛦ ᛬ ᛏᚢᛦᚱᛅᚴᛁ ᛏᚢᛚᛁ,sua ai ÷ titultitul fuþorkhniastbmlR huaR is i : alisti osa : huaR is (:) uifrþuR : karþi : afr aft asini fauþr kul:finR : fal(s) : taitirunoR ' u (a)iuinrunoR : sulialta : huaR : ttt utu ÷ tuuut bilikakR : tuR ra(k)(i) (t)(u)(l)i,"Så alltid ... fuþorkhniastbmlR Vem är ... Esir, vem är Vefrid gjorde ... efter ... fader. Kolfinn gömde glädjerunor och vänskapsrunor ... vem ... Tule",https://www.christerhamp.se/runor/gamla/dk/dksjy38.html,https://www.christerhamp.se/runor/gamla/dk/dksjy38s.jpg
DK SJy 39,DK SJy 39 - Ribe-hjerneskal,ᚢᛚᚠᚢᛦ ᚼᚢᚴ ᚢᚦᛁᚾ ᚼᚢᚴ ᚺᚢᛏᛁᚢᛦ ᚺᛁᛆᛚᛒ ᛒᚢᚱᛁ ᛁᛋ ᚢᛁᚦᛦ ᚦᚼᛁᛗᚼ ᚢᛁᚼᚱᚴᛁ ᚼᚢᚴ ᛏᚢᛁᚱᚴᚢᚾᛁᚢ ᛒᚢᚢᚱ,ulfuR Auk uþin Auk HutiuR ' HiAlb buri (i)s uiþR þAimA ¶ uiArki Auk tuirkuniu buur,Ulver och Odin och Högtyr åt Bure är hjälp mot detta: värk och dvärgsvärd,https://www.christerhamp.se/runor/gamla/dk/dksjy39.html,https://www.christerhamp.se/runor/gamla/dk/dksjy39s.jpg
DK SJy 40,DK SJy 40 - Syddanmark: Ribe-hvalbensplade,,kþ=niiisþ=nþs,-,https://www.christerhamp.se/runor/gamla/dk/dksjy40.html,https://www.christerhamp.se/runor/gamla/dk/dksjy40s.jpg
DK SJy 41 Ribe-amulet,DK SJy 41 Ribe-amulet,,"+ io=rţ ÷ biţ a=k ÷ ua=rţć ÷ o=k ÷ uphimćn ÷ so=l ÷ o=k ÷ sa=nt=ć maria ÷ o=k ÷ salfćn ÷ gud| |drotćn ÷ ţćt han ÷ lć mik ÷ lćknćs÷ha=nd ÷ o=k lif÷tuggć ÷ at= =liuć
uiuindnć ÷ ţćr ÷ botć ÷ ţa=rf ÷ or ÷ ba=k ÷ o=k or brRst ÷ or lćkć ÷ o=k or lim ÷ or řućn ÷ o=k or řrćn ÷ or ÷ a=llć ţe ÷ ţćr ÷ ilt ÷ kan i at
kumć ÷ suart ÷ hetćr ÷ sten ÷ ha=n ÷ stćr ÷ i ÷ hafć ÷ utć ÷ ţćr ÷ ligćr ÷ a ÷ ţe ÷ ni ÷ no=uţćr ÷ ţć¶r ÷ l---r(a) ÷ (ţ)en-nţţćţeskulhućrki
skulć ÷ hućrki ÷ sřtćn ÷ sofć ÷ ćţ ÷ uarmnćn ÷ uakć ÷ fřrr ćn ÷ ţu ÷ ţćssa ÷ bot ÷ biţćr ÷ ţćr ÷ a=k o=rţ ÷ at kćţć ÷ ro=nti ÷ amćn ÷ o=k
ţćt ÷ se +","Jorden ber jag bevara och höga himlen, sol och sankta Maria och själva Gud, herren, att han ger mig läkande händer och läkande tunga att hela
Darraren när bot tarvas. Frĺn rygg och frĺn bröst, frĺn kropp och frĺn lem, frĺn ögon och frĺn öron, frĺn överallt där ont kan
komma in. Svart heter en sten. Den stĺr ute i havet. Där ligger pĺ den nio nödar, som ...
ska varken sova sött eller vakna varm förr än du ber denna bot, som jag orden i runor skurit. Amen och
detta ske.",https://www.christerhamp.se/runor/gamla/dk/dksjy41.html,https://www.christerhamp.se/runor/gamla/dk/dksjy41-2s.jpg
DK SJy 44,DK SJy 44 - Bryndum-font,᛭ ᛋ ᛭ ᛅ ᛭ ᚱ ᛭ ᛭,a + s + æ + r,Aser / Rase,https://www.christerhamp.se/runor/gamla/dk/dksjy44.html,https://www.christerhamp.se/runor/gamla/dk/dksjy44s.jpg
DK SJy 46 Næsbjerg-fibula,DK SJy 46 Næsbjerg-fibula,ᚹᚨᚱᚨᚠᚾᛁᛊ,warafnis(a),,https://www.christerhamp.se/runor/gamla/dk/dksjy46.html,https://www.christerhamp.se/runor/gamla/dk/dksjy46s.jpg
DK SJy 47,DK SJy 47 - Grindsted-sten,ᛁ ᛬ ᚢᚠᛏ ᛬ ᚴᚢᚾᛅᚱ ᛬ ᛏᚱᛁ,(þans) i 'uft : kunar ' tri(k : harda : kudan :),"... satte denna sten efter Gunnar, en mycket god man.",https://www.christerhamp.se/runor/gamla/dk/dksjy47.html,https://www.christerhamp.se/runor/gamla/dk/dksjy47s.jpg
DK SJy 49,DK SJy 49 - Ål-kvadersten,ᛒᛚᚭᛘᛅ,blomæ,blomma,https://www.christerhamp.se/runor/gamla/dk/dksjy49.html,https://www.christerhamp.se/runor/gamla/dk/dksjy49s.jpg
DK SJy 51,DK SJy 51 - Horne-sten,,...fnukatufi kaþi hauk þ--...,"Tuve, Ravns ättling, gjorde denna hög ...",https://www.christerhamp.se/runor/gamla/dk/dksjy51.html,https://www.christerhamp.se/runor/gamla/dk/dksjy51s.jpg
DK SJy 52,DK SJy 52 - Ølgod-sten,,...-(t)u ... (u)(t)(r) :,-,https://www.christerhamp.se/runor/gamla/dk/dksjy52.html,https://www.christerhamp.se/runor/gamla/dk/dksjy52s.jpg
DK SJy 53,DK SJy 53 - Syddanmark: Hoptrup-font,ᛁᛘᛁ,imi,-,https://www.christerhamp.se/runor/gamla/dk/dksjy53.html,https://www.christerhamp.se/runor/gamla/dk/dksjy53s.jpg
DK SJy 54,DK SJy 54 - Starup-sten,ᚨᛁᚱᛁᚴᛋ ᚴᚢᛒᛚ,ąiriks (:) kubl,Eriks minnesmärke,https://www.christerhamp.se/runor/gamla/dk/dksjy54.html,https://www.christerhamp.se/runor/gamla/dk/dksjy54s.jpg
DK SJy 57,DK SJy 57 - Nørre Løgum-teglsten,ᛐᛁᚼᛚᛋᛐᛂᚿ,tihlsten,Tegelsten,https://www.christerhamp.se/runor/gamla/dk/dksjy57.html,https://www.christerhamp.se/runor/gamla/dk/dksjy57s.jpg
DK SJy 59 Gallehus-horn 1,DK SJy 59 Gallehus-horn 1,,-,-,https://www.christerhamp.se/runor/gamla/dk/dksjy59.html,https://www.christerhamp.se/runor/gamla/dk/dksjy59.jpg
DK SJy 60 Gallehus-horn 2,DK SJy 60 Gallehus-horn 2,ᛖᚲ ᚺᛚᛖᚹᚨᚷᚨᛊᛏᛁᛉ ᛬ ᚺᛟᛚᛏᛁᛃᚨᛉ ᛬ ᚺᛟᚱᚾᚨ ᛬ ᛏᚨᚹᛁᛞᛟ :,ek hlewagastiz ÷ holtijaz ÷ horna ÷ tawido ÷,Jag Hlewagast av Holt gjorde hornet,https://www.christerhamp.se/runor/gamla/dk/dksjy60.html,https://www.christerhamp.se/runor/gamla/dk/dksjy60-1.jpg
DK SJy 61,DK SJy 61 - Bjolderup-sten,ᚴᛂᛐᛁᛚ ᚢᚱᚿᛅ ᛚᛁᚵᛁᚱ ᚼᛁᚱ,ketil urnæ ligir hir,Kettil Urne ligger här,https://www.christerhamp.se/runor/gamla/dk/dksjy61.html,https://www.christerhamp.se/runor/gamla/dk/dksjy61s.jpg
DK DJy 62,DK DJy 62 - Øster Løgum-sten,᛫ ᚼᛅᛁᚱᚢᛚᚠᛦ ᛫,: hairulfR :,Härjulf,https://www.christerhamp.se/runor/gamla/dk/dksjy62.html,https://www.christerhamp.se/runor/gamla/dk/dksjy62s.jpg
DK SJy 69,DK SJy 69 - Nydam-lanseskaft 1,,...adle=(-)l=þeaelntRuladlla-n--,-,https://www.christerhamp.se/runor/gamla/dk/dksjy69.html,https://www.christerhamp.se/runor/gamla/dk/dksjy69s.jpg
DK SJy 76,DK SJy 76 - Syddanmark: Gammel Hviding-bronzeamulet,,… -(u)R r-s-(a)(u)--(n)-(n)r-(m)h-- …(i)…u(k)…--…-----(-)(m)--(-)…(u)---mar(l)… -(a)(l)(m)inh---u-anþursar(a)-(-)-(-)(u)h----R (-)r(a)s-ian(s)… kuþ---u(þ)…(u)-h(u)-… …-a…,... all min ... jättar ... Gud ...,https://www.christerhamp.se/runor/gamla/dk/dksjy76.html,https://www.christerhamp.se/runor/gamla/dk/dksjy76.jpg
DK SJy 77,DK SJy 77 - Syddanmark: Ribe-sten,,ku----...---- (:) ful(t)rua : sil(u)…,... den betroddes själ ...,https://www.christerhamp.se/runor/gamla/dk/dksjy77.html,https://www.christerhamp.se/runor/gamla/dk/dksjy77s.jpg
DK Sl 1,DK Sl 1 - Schleswig: Haddeby-sten 1 (Hedeby),,× þurlfr| × |risþi × stin × þonsi × ¶ × himþigi × suins × eftiR × ¶ erik × filaga × sin × ias × uarþ : tauþr × þo × trekiaR ¶ satu × um × haiþa×bu ¶ × i=a=n : h=a=n : u=a=s : s=t=u=r=i:m=a=t=r : t=r=e=g=R × ¶ × harþa : kuþr ×,"Torulf reste denna sten, Svens hirdman, efter Erik, sin kamrat, som dog då männen belägrade Hedeby, och han var ledare, en mycket god man",https://www.christerhamp.se/runor/gamla/dk/dksl1.html,https://www.christerhamp.se/runor/gamla/dk/dksl1s.jpg
DK Sl 2,DK Sl 2 - Schleswig: Haddeby-sten 2 (Vedelspang I),,osfriþr : karþi : kum¶bl ' þaun ¶ oft : siktriku : sun (:) (s)in : oui : knub,"Åsfrid gjorde detta kummel efter Sigtrygg, hennes son och Gnupas",https://www.christerhamp.se/runor/gamla/dk/dksl2.html,https://www.christerhamp.se/runor/gamla/dk/dksl2s.jpg
DK SL 3,"DK SL 3 - Schleswig: Haddeby-sten 3 (Danevirke, Bustorf)",᛬ ᛋᚢᛁᚾ ᛬ ᚾᚢᚾᚢᚴᛦ ᛬ ᛋᛅᛏᛁ ᛋᛏᛁᚾ ᛬ ᚢᚠᛏᛁᛦ ᛬ ᛋᚴᛅᚱᚦᛅ ᛋᛁᚾ ᛬ ᚼᛁᛘᚦᛁᚵᛅ ᛬ ᛁᛅᛋ ᛬ ᚢᛅᛋ ᛬ ᛬ ᚠᛅᚱᛁᚾ ᛬ ᚢᛂᛋᛏᚱ ᛬ ᛁᚬᚾ ᛬ ᚾᚢ ᛬ ᛬ ᚢᛅᚱᚦ ᛬ ᛏᛅᚢᚦᚱ ᛬ ᛅᛏ ᛬ ᚼᛁᚦᛅ᛬ᛒᚢ,: suin : kunukR : sati : stin : uftiR : skarþa sin : himþiga : ias : uas : : farin : uestr : ion : nu : : uarþ : tauþr : at : hiþa:bu,"Kung Sven satte stenen efter Skarthi, sin hirdman, som var faren västerut, men nu dog i Hedeby",https://www.christerhamp.se/runor/gamla/dk/dksl3.html,https://www.christerhamp.se/runor/gamla/dk/dksl3s.jpg
DK Sl 4,"DK Sl 4 - Schleswig: Haddeby-sten 4 (Vedelspang II, Gottorp)",,÷ osfriþr ÷ karþi ¶ kubl ÷ þausi ÷ tutiR ÷ uþinkaurs ÷ oft ÷ siktriuk ÷ kunuk ÷ ÷ sun ÷ sin ÷ ¶ ÷ auk ÷ knubu ÷ kurmR (÷) raist (÷) run(a)(R),"Åsfrid gjorde detta kummel, Odinkars dotter, efter Sigtrygg, hennes och Gnupas son. Gorm ristade runorna.",https://www.christerhamp.se/runor/gamla/dk/dksl4.html,https://www.christerhamp.se/runor/gamla/dk/dksl4s.jpg
DK Sl 8,DK Sl 8 - Schleswig: Haddeby-pind 1 (Hedeby III),,÷ safuR ÷ sofu ÷ hiþini ÷ fiui ÷ ¶ ÷ faki ÷ kl ÷ fuþorkhniastbmlR ÷ ¶ ÷ kuka ÷ kuikui ÷ saoR,-,https://www.christerhamp.se/runor/gamla/dk/dksl8.html,https://www.christerhamp.se/runor/gamla/dk/dksl8s.jpg
DK Sl 9,DK Sl 9 - Schleswig: Haddeby-pind 2 (Hedeby I),,raþi : utlfR : utufR : sati : auriki : itarku : in : aurik : salti : utlfi : utur auþikR : biąn : fur : uk : þat : fu : suiarþ : -lt : ul---li : kafiþu : at : ualR : ąkiu : likR : . ... : nu : suiarþ : ilt,"Råde Oddulv! Oddulv gav Erik ... och Audrik gav Oddulv ett dåligt svärd Ulv gav Audrik ett sår i skölden, men Audrik gav i gengäld Ulv ett sår tvärs genom kroppen",https://www.christerhamp.se/runor/gamla/dk/dksl9.html,https://www.christerhamp.se/runor/gamla/dk/dksl9s.jpg
DK Sl 10,DK Sl 10 - Schleswig: Haddeby-rundstok,ᚦᛚᚢᛆ ᚿᚢᛏᛆ,þlua nuta,-,https://www.christerhamp.se/runor/gamla/dk/dksl10.html,https://www.christerhamp.se/runor/gamla/dk/dksl10.jpg
DK Sl 11,DK Sl 11 - Schleswig: Torsbjerg-dupsko,ᛟᚹᛚᚦᚢᚦᛖᚹᚨᛉ ᚾᛁᚹᚨᛃᛖᛗᚨᚱᛁᛉ,owlþuþewaz ni waje= =mariz,-,https://www.christerhamp.se/runor/gamla/dk/dksl11.html,https://www.christerhamp.se/runor/gamla/dk/dksl11s.jpg
DK Sl 12,DK Sl 12 - Schleswig: Torsbjerg-skjoldbule,ᚨᛁᛊᚷᛉᚺ,aisgzh,-,https://www.christerhamp.se/runor/gamla/dk/dksl12.html,https://www.christerhamp.se/runor/gamla/dk/dksl12s.jpg
DK Sl,DK Sl - Schleswig: Meldorf-fibula,ᚺᛁᚹᛁ,hiwi,Till hustrun,https://www.christerhamp.se/runor/gamla/dk/dksl-meldorf.html,https://www.christerhamp.se/runor/gamla/dk/dksl-meldorfs.jpg
DK SlB 1,DK SlB 1 - Slesvig-sten,,... l(i)t (:) r(i)(s)(a) : stain : e... ...-an : s(u)(l)... ¶ ... ...(a)uþr : ... ¶ ...(n) : auk : kuþmuntr : þaR [:] [r]... ...[(a)R] : a enklanti : i skiu (:) -uilis : kr... ... ...,"... lät resa stenen efter ... ... död ... och Gudmund, de ristade runorna. Han vilar i Skia i England. Kristus ...",https://www.christerhamp.se/runor/gamla/dk/dkslb1.html,https://www.christerhamp.se/runor/gamla/dk/dkslb1s.jpg
DK SlB 3,DK SlB 3 - Slesvig-pind (Slesvig-kævle),,runaR ÷ iag ÷ risti ÷ a ÷ rikiata ÷ tre sua reþ ÷ saR ÷ riki ÷ mo(g)R ÷ asiR ÷ a ÷ artagum hulaR ÷ auk ÷ bulaR ÷ meli ÷ þeR ars ÷ sum ÷ ma,"Runor jag ristade på drivande trä. Så tydde den mäktige unge man: Asar i urtid huller och buller, för dig ska tala arsle som mage",https://www.christerhamp.se/runor/gamla/dk/dkslb3.html,https://www.christerhamp.se/runor/gamla/dk/dkslb3s.jpg
DK SlB 4,DK SlB 4 - Slesvig-spadserestok,,krist : haba suia ' harbara ' kiirnmirih-(l) (u)(k)iþkhmk-(t)... kris- × hialb × suein × harbara ',Kristus hjälpe Sven harpospelare ... Kristus hjälpe Sven harpospelare,https://www.christerhamp.se/runor/gamla/dk/dkslb4.html,https://www.christerhamp.se/runor/gamla/dk/dkslb4s.jpg
DK SlB 5,DK SlB 5 - Slesvig-ring,ᚠᚵᚮᛏᛅᚱ,...fgotar,Alvgöt,https://www.christerhamp.se/runor/gamla/dk/dkslb5.html,https://www.christerhamp.se/runor/gamla/dk/dkslb5.jpg
DK SlB 7,DK SlB 7 - Slesvig-bennål 2,,(i)(u)butþr,-,https://www.christerhamp.se/runor/gamla/dk/dkslb7.html,https://www.christerhamp.se/runor/gamla/dk/dkslb7.jpg
DK SlB 9,DK SlB 9 - Slesvig-benstykke 1,ᚱᛂᛁᛒ,reib,rep,https://www.christerhamp.se/runor/gamla/dk/dkslb9.html,https://www.christerhamp.se/runor/gamla/dk/dkslb9.jpg
DK SlB 11,DK SlB 11 - Slesvig-benstykke 7,,fuþorkhni ...(k)r ' astbmli,-,https://www.christerhamp.se/runor/gamla/dk/dkslb11.html,https://www.christerhamp.se/runor/gamla/dk/dkslb11s.jpg
DK SlB 12,DK SlB 12 - Slesvig-benstykke 5,,:: ::f:u:þ:o:r:k :: ::h:n:i:a:s :: ::t:b:m:l:R kþk,-,https://www.christerhamp.se/runor/gamla/dk/dkslb12.html,https://www.christerhamp.se/runor/gamla/dk/dkslb12.jpg
DK SlB 17,DK SlB 17 - Slesvig-benstykke 15,ᛒᚢᚴᛆᛒᛂᚾ,bukaben,bockben,https://www.christerhamp.se/runor/gamla/dk/dkslb17.html,https://www.christerhamp.se/runor/gamla/dk/dkslb17.jpg
DK SlB 18,DK SlB 18 - Slesvig-benstykke 10,ᚼᛆᚱ ᛬ ᛘᛆᚱ ᛬ ᚯᚱ,har : mar : or,-,https://www.christerhamp.se/runor/gamla/dk/dkslb18.html,https://www.christerhamp.se/runor/gamla/dk/dkslb18.jpg
DK SLB 19,DK SLB 19 - Slesvig-benstykke 11,,rbf,-,https://www.christerhamp.se/runor/gamla/dk/dkslb19.html,https://www.christerhamp.se/runor/gamla/dk/dkslb19s.jpg
DK SlB 22,DK SlB 22 - Slesvig-knivskaft,,... maria= =g(i)rasia pl-(-)na (d)omino(s) ---m(b) ...(u)lieribus æþ binidita tus æþ muli(r) ...(e)n : pæpæræ bo : olof : anderiu- ... ...(e)n : pæpæræ : bo : olof : anderiu(s) ----t ...þigæri biuþæmi(o)d roþæn þir(i)(k)- ... tapa uil (h)an sauþ (:) þæt mæl-- ...,"Hell dig Maria full av nåd, Herren är med Dig Välsignad är du bland kvinnor Sven Pipare, Bo, Olof, Andreas Sven Pipare, Bo, Olof, Andreas ... han kan bjuda på mer rött kött ... ... han vill förlora ett får. Det sade ...",https://www.christerhamp.se/runor/gamla/dk/dkslb22.html,https://www.christerhamp.se/runor/gamla/dk/dkslb22.jpg
DK SlB 24,DK SlB 24 - Slesvig-karbund 3,ᚭᛚᛦᚢᛦᛅᚴ,(o)lyuym=a(k),-,https://www.christerhamp.se/runor/gamla/dk/dkslb24.html,https://www.christerhamp.se/runor/gamla/dk/dkslb24.jpg
DK SlB 26,DK SlB 26 - Slesvig-karbund 4,,ma=ria,Maria,https://www.christerhamp.se/runor/gamla/dk/dkslb26.html,https://www.christerhamp.se/runor/gamla/dk/dkslb26s.jpg
DR AUD 1997;262,DR AUD 1997;262 - Fyn: Roskilde-brakteat,,nh?þ/w?ll | a?þru?,... fuþarkgw(?),https://www.christerhamp.se/runor/gamla/dr/draud1997-262.html,https://www.christerhamp.se/runor/gamla/dr/draud1997-262s.jpg
DR BR 2,"DR BR 2 - Schleswig: Geltorf 2, Haddeby",,lalgwu ÷,-,https://www.christerhamp.se/runor/gamla/dr/drbr2.html,https://www.christerhamp.se/runor/gamla/dr/drbr2s.jpg
DR BR 8,DR BR 8 - Syddanmark: Skodborg,,auja alawin auja alawin auja alawin jalawid,"Skydd, Alawiniʀ! Skydd, Alawiniʀ! Skydd, Alawiniʀ! Gott år, Alawiniʀ!",https://www.christerhamp.se/runor/gamla/dr/drbr8.html,https://www.christerhamp.se/runor/gamla/dr/drbr8.jpg
DR BR 9,DR BR 9 - Nørrejylland: Darum 1,,frohila laþu,Frohila bjuder in,https://www.christerhamp.se/runor/gamla/dr/drbr9.html,https://www.christerhamp.se/runor/gamla/dr/drbr9s.jpg
DR BR 10,DR BR 10 - Nørrejylland: Darum 2,,arañ- ti(k)a------,Ara heter jag,https://www.christerhamp.se/runor/gamla/dr/drbr10.html,https://www.christerhamp.se/runor/gamla/dr/drbr10.jpg
DR BR 11,DR BR 11 - Nørrejylland: Darum 3,,liRaiwui ildaituha,Lilliz [äger denna] - Uha gjorde den rätt,https://www.christerhamp.se/runor/gamla/dr/drbr11.html,https://www.christerhamp.se/runor/gamla/dr/drbr11.jpg
DR BR 12,DR BR 12 - Nørrejylland: Darum 4S,,llïaþzet lae : t÷ozrï,-,https://www.christerhamp.se/runor/gamla/dr/drbr12.html,https://www.christerhamp.se/runor/gamla/dr/drbr12.jpg
DR BR 13,DR BR 13 - Nørrejylland: Darum 5,,niujil alu,Niujila öl,https://www.christerhamp.se/runor/gamla/dr/drbr13.html,https://www.christerhamp.se/runor/gamla/dr/drbr13.jpg
DR BR 15,DR BR 15 - Sønderjylland: Skonager 2,,liRaiwui ildaituha,Daituha - jag följer denna,https://www.christerhamp.se/runor/gamla/dr/drbr15.html,https://www.christerhamp.se/runor/gamla/dr/drbr15s.jpg
DR BR 16,DR BR 16 - Sønderjylland: Skonager 3,,niuwila lþ-,Nykomlingen kallar,https://www.christerhamp.se/runor/gamla/dr/drbr16.html,https://www.christerhamp.se/runor/gamla/dr/drbr16s.jpg
DR BR 21,DR BR 21 - Midtjylland: Over Hornbæk 2,,(1?)uþa(þ)i(t1?)ih(u)ilald(t 1?)uiuu(1? t)w(1?) | (1Z)u(t)l |,Till Auþi detta ... konstverk ...,https://www.christerhamp.se/runor/gamla/dr/drbr21.html,https://www.christerhamp.se/runor/gamla/dr/drbr21.jpg
DR BR 22,DR BR 22 - Midtjylland: Over Hornbæk 3,,þr[ī]t[u]gþ hag{e}la alla ã ãsulõ alh.,Trettionde: Alla som står upp ska till den kära gudinnans tempel!,https://www.christerhamp.se/runor/gamla/dr/drbr22.html,https://www.christerhamp.se/runor/gamla/dr/drbr22.jpg
DR BR 23,DR BR 23 - Nørrejylland: Sønder Rind,,uiniz ik,Vän jag är,https://www.christerhamp.se/runor/gamla/dr/drbr23.html,https://www.christerhamp.se/runor/gamla/dr/drbr23.jpg
DR BR 25,DR BR 25 - Midtjylland: Ølst,,hag alu,Hag - öl,https://www.christerhamp.se/runor/gamla/dr/drbr25.html,https://www.christerhamp.se/runor/gamla/dr/drbr25.jpg
DR BR 26,DR BR 26 - Nørrejylland: Randers,,uz- ¶ awiri ¶ (z)ahs(w)ia,-,https://www.christerhamp.se/runor/gamla/dr/drbr26.html,https://www.christerhamp.se/runor/gamla/dr/drbr26.jpg
DR BR 30,"DR BR 30 - Fyn: Broholm 1, Gudme",,uiþuluhng uoiwhug,-,https://www.christerhamp.se/runor/gamla/dr/drbr30.html,https://www.christerhamp.se/runor/gamla/dr/drbr30.jpg
DR BR 33,"DR BR 33 - Fyn: Hesselagergård, Hesselager",,t e d o k luz þ-,-,https://www.christerhamp.se/runor/gamla/dr/drbr33.html,https://www.christerhamp.se/runor/gamla/dr/drbr33.jpg
DR BR 34,"DR BR 34 - Fyn: Rynkebygård, Ringe",,lzo-(l),-,https://www.christerhamp.se/runor/gamla/dr/drbr34.html,https://www.christerhamp.se/runor/gamla/dr/drbr34.jpg
DR BR 38,DR BR 38 - Fyn: Bolbro 1,,luz • owa zlut : eaþl,-,https://www.christerhamp.se/runor/gamla/dr/drbr38.html,https://www.christerhamp.se/runor/gamla/dr/drbr38s.jpg
DR BR 39,DR BR 39 - Fyn: Bolbro 2,,het-(f)a-iku-iu(þ)(ñ)z(þ)owl(f)-ir(þ)zho-...,-,https://www.christerhamp.se/runor/gamla/dr/drbr39.html,https://www.christerhamp.se/runor/gamla/dr/drbr39.jpg
DR BR 40,DR BR 40 - Fyn: Allesø,,luz • owa zlut : eaþl,-,https://www.christerhamp.se/runor/gamla/dr/drbr40.html,https://www.christerhamp.se/runor/gamla/dr/drbr40.jpg
DR BR 42,DR BR 42 - Fyn: Fyn 1,,houaz  laþu aa duaaalii(a)  al(u),... inbjudan ...,https://www.christerhamp.se/runor/gamla/dr/drbr42.html,https://www.christerhamp.se/runor/gamla/dr/drbr42s.jpg
DR BR 43,DR BR 43 - Fyn,,n(e) ÷ tbllll,-,https://www.christerhamp.se/runor/gamla/dr/drbr43.html,https://www.christerhamp.se/runor/gamla/dr/drbr43.jpg
DR BR 45,DR BR 45 - Lolland-Falster: Femø,,ek fakaz f,"Jag, Fakaz, målade",https://www.christerhamp.se/runor/gamla/dr/drbr45.html,https://www.christerhamp.se/runor/gamla/dr/drbr45.jpg
DR BR 47,DR BR 47 - Danmark,,ïlw- ¶ ??????,-,https://www.christerhamp.se/runor/gamla/dr/drbr47.html,https://www.christerhamp.se/runor/gamla/dr/drbr47.jpg
DR BR 48,DR BR 48 - Sjćlland: Fakse,,foslau,-,https://www.christerhamp.se/runor/gamla/dr/drbr48.html,https://www.christerhamp.se/runor/gamla/dr/drbr48s.jpg
DR BR 55,DR BR 55 - Sjælland: Lellinge,,salu salu,-,https://www.christerhamp.se/runor/gamla/dr/drbr55.html,https://www.christerhamp.se/runor/gamla/dr/drbr55s.jpg
DR BR 58,DR BR 58 - Sjælland : Lynge-Gyde,,lakʀ,Purjolök,https://www.christerhamp.se/runor/gamla/dr/drbr58.html,https://www.christerhamp.se/runor/gamla/dr/drbr58s.jpg
DR BR 59,DR BR 59 - Sjælland: Slangerup,,alu,Jag skyddar,https://www.christerhamp.se/runor/gamla/dr/drbr59.html,https://www.christerhamp.se/runor/gamla/dr/drbr59.jpg
DR BR 61,DR BR 61 - Sjælland 2,,hariuhahaitika ˈ farauisa ˈ gibuauja ˈ t t t,"Hariūha heter jag, den vise resenären. Jag ger skydd. Tyr Tyr Tyr",https://www.christerhamp.se/runor/gamla/dr/drbr61.html,https://www.christerhamp.se/runor/gamla/dr/drbr61.jpg
DR BR 80,DR BR 80 - Danmark 2,,þul,Oden,https://www.christerhamp.se/runor/gamla/dr/drbr80.html,https://www.christerhamp.se/runor/gamla/dr/drbr80.jpg
DR BR 82,DR BR 82 - Danmark 4,,tu llul,-,https://www.christerhamp.se/runor/gamla/dr/drbr82.html,https://www.christerhamp.se/runor/gamla/dr/drbr82.jpg
DR BR 85,DR BR 85 - Danmark,,e=lwwjae=kk?liïuhu--- jk ¶ ?jk?aïks-,-,https://www.christerhamp.se/runor/gamla/dr/drbr85.html,https://www.christerhamp.se/runor/gamla/dr/drbr85.jpg
"DR IK 51,3","DR IK 51,3 - Fyn: Gudme",,undz,,https://www.christerhamp.se/runor/gamla/dr/drik51-3.html,https://www.christerhamp.se/runor/gamla/dr/drik51-3.jpg
DR IK 145,"DR IK 145 - Nørrejylland: Revsgård, Allerslev, Outrup",ᚨᚱᚨ-ᚷ ᛏᛁᚢᚨᛚᚷ---ᚢ,ara--- tiua------,-,https://www.christerhamp.se/runor/gamla/dr/drik145.html,https://www.christerhamp.se/runor/gamla/dr/drik145.jpg
"DR IK 312,2","DR IK 312,2 - Nordjylland: Vendsyssel",,(1?)uþa(þ)i(t1?)ih(u)ilald(t 1?)uiuu(1? t)w(1?) | (1Z)u(t)l |,Till Auþi detta ... konstverk ...,https://www.christerhamp.se/runor/gamla/dr/drik312.html,https://www.christerhamp.se/runor/gamla/dr/drik312.jpg
DR IK 393,DR IK 393 - Fyn: Gudme,,... (j) (w)[ī](ha)þ ... it(a) (a) (a)ih(na).,Gott år invigs ..(genom) denna gudshäst,https://www.christerhamp.se/runor/gamla/dr/drik393.html,https://www.christerhamp.se/runor/gamla/dr/drik393.jpg
DR IK 610,DR IK 610 - Skåne: Uppåkra-brakteat 2,,-aikufwgtuo-da-u(u)ragao-d,-,https://www.christerhamp.se/runor/gamla/dr/drik610.html,https://www.christerhamp.se/runor/gamla/dr/drik610s.jpg
DK IK 647,DK IK 647 - Midtjylland: Stavnsager,,-uþa-i--u-e(l)a(l)d(a=a)erui-al,-,https://www.christerhamp.se/runor/gamla/dr/drik647.html,https://www.christerhamp.se/runor/gamla/dr/drik647s.jpg
DK IK 649,DK IK 649 - Midtjylland: Stavnsager-brakteat 2,ᚫᚫᛚᚢᛚ,aalul,-,https://www.christerhamp.se/runor/gamla/dr/drik649.html,https://www.christerhamp.se/runor/gamla/dr/drik649.jpg
DK IK 650,DK IK 650 - Midtjylland: Stavnsager-brakteat 3,ᛇᛉ,iz,-,https://www.christerhamp.se/runor/gamla/dr/drik650.html,https://www.christerhamp.se/runor/gamla/dr/drik650.jpg
DR IK 691,DR IK 691 - Danmark: Kristianslund,,(u)(i)(u)(i)?(u)z a(s)ag(u),-,https://www.christerhamp.se/runor/gamla/dr/drik691.html,https://www.christerhamp.se/runor/gamla/dr/drik691s.jpg
DR IK 731,DR IK 731 - Danmark: Vindelev,,(u)(i)(u)(i)?(u)za(s)ag(u),-,https://www.christerhamp.se/runor/gamla/dr/drik731.html,https://www.christerhamp.se/runor/gamla/dr/drik731s.jpg
DR IK 738,DR IK 738 - Danmark: Vindelev,,hos(t) i–zhe(l=p)u ufarfat=aijag=aizwod(n)aswe=(r)(a)z,"Offer. Jag hjälper fångaren, han är Odens man.",https://www.christerhamp.se/runor/gamla/dr/drik738.html,https://www.christerhamp.se/runor/gamla/dr/drik738s.jpg
DR M Svend Estridsen-mynt,DR M Svend Estridsen-mynt,ᛋᚢᛂᛁᚾ ᛅᚠᛚᚢᛏᚢ ᛁᛁᛁᛁᛁ ᛬᛭,suein aflutu,Sven av Lund,https://www.christerhamp.se/runor/gamla/dr/drm-svendestridsen.html,https://www.christerhamp.se/runor/gamla/dr/drm-svendestridsens.jpg
DK Uk 1,DK Uk 1 - Danmark: Gunhild-korset,,gun(h)ild,Gunhild,https://www.christerhamp.se/runor/gamla/dk/dkuk1.html,https://www.christerhamp.se/runor/gamla/dk/dkuk1-1.jpg
DK Uk 3,"DK Uk 3 - Danmark: ""Absalons ring""",,þor{K}æir RRRRR,Torgeir,https://www.christerhamp.se/runor/gamla/dk/dkuk3.html,https://www.christerhamp.se/runor/gamla/dk/dkuk3s.jpg
Danmark: Nationalmuseet,Danmark: Nationalmuseet,"ᛚᛂᚮᚿ ᛫ ᚦᛂᛐᛐᛆ ᛫ ᛂᚱ ᚵᛂᚠᛂᛐ ᚵᚢᚦᛁ ᛫ ᛐᛁᛚ ᛫ ᛑᛁᚱᚦᛆᚱ ᚮᚴ 
᛫ ᚼᛁᚿᚮᛘ ᚼᛂᛚᚵᛆ ᚢᛚᛆᚠ ᛆᛐ ᛫ ᚱᛆᛐᛋᚠᛁᚱᚦᛂ ᛆᚠ ᚦᚮᚱᚢᛆᛚᛑᛁ ᛫ ᚮᚴ ᚦᚮᚱᛑᛁᛋᛆ",leon . þetta . er gefet . guþi . til . dirþar ok hinom helga ulaf . at . ratsfirþe . af þorualdi . ok þordiso,Detta lejon är givet till Guds ära ... helige Olaf ... av Torvald och Tordis,https://www.christerhamp.se/runor/gamla/dr/dr-lejon.html,https://www.christerhamp.se/runor/gamla/dr/dr-lejons.jpg
Frankrike: Charnay,Frankrike: Charnay,,fuţarkgwhnijďpzstblem :uţfnţai:id dan:liano ďia,Mĺ Liano nu lära känna Idda,https://www.christerhamp.se/runor/gamla/fr/fr-charnay.html,https://www.christerhamp.se/runor/gamla/fr/fr-charnay-1.jpg
Frankrike: Le Mans,Frankrike: Le Mans,ᚮᚱᛘᚱ ᛬ ᚴᛅᛁᛐ ᛬ ᛆ ᛬ ᚼᚯᚤᛍ ᚦᛂᚿᛆ,ormr (:) kæit : a : høys þena,Orm Get äger denna skalle,https://www.christerhamp.se/runor/gamla/fr/fr-lemans.html,https://www.christerhamp.se/runor/gamla/fr/fr-lemanss.jpg
Frankrike: Saint-Dizier,Frankrike: Saint-Dizier,ᚨᛚᚢ,alu,,https://www.christerhamp.se/runor/gamla/fr/fr-saintdizier.html,https://www.christerhamp.se/runor/gamla/fr/fr-saintdizier-1.jpg
Grekland: Pireus,Grekland: Pireus,,hiuku þir hilfniks milum hna : en i hafn þesi þir min eoku runar at haursa buta kupan a uah riþu suiar þita linu fur aþum kul uan farin trikiar istu runar [a rikan strin]k hiuku × þair × isk ... rlifr litu auka × ui l roþrs × lanti × b ... a × sun iuk × runar þisar ufr uk ... ii sti a uan farn ×,"Höggo de honom i härskarans mitt, men i denna hamn höggo männen runor efter Horse, en bonde god, vid viken. Anbragte svear detta på lejonet. Han förfor med klokhet, guld vann han på sin färd. Kämpar ristade runor, [på rikt sirad slinga] höggo. De Äskil (m.fl. och [To])rlev läto hugga väl, som i Rodrsland (Roslagen, sjökusten) bodde. N.N., son till N.N., högg dessa runor. Ulv och N.N. målade [efter Horse.(?) Guld] vann han på sin färd.",https://www.christerhamp.se/runor/gamla/by/pireus-1.html,https://www.christerhamp.se/runor/gamla/by/pireus-1.jpg
Gr 1,Gr 1 - Grönland: Kingittorsuaq,,÷ el=likr * sikuaþs : so=n:r * ok * baan=ne : torta=r son : ¶ ÷ ok enriþi * os son : laukardak*in : fyrir * gakndag ¶ hloþu * ua=rda te * ok rydu : ??????,Erling Sigvatsson och Bjarne Thordarson och Einride Oddsson lördagen före gångdag byggde rösena och [?] 1333,https://www.christerhamp.se/runor/gamla/gr/gr1.html,https://www.christerhamp.se/runor/gamla/gr/gr1s.jpg
Gr 6,Gr 6 - Grönland: Herjolfsnes,,maria,Maria,https://www.christerhamp.se/runor/gamla/gr/gr6.html,https://www.christerhamp.se/runor/gamla/gr/gr6s.jpg
Gr 7,Gr 7 - Grönland: Herjolfsnes,,maia,Maria,https://www.christerhamp.se/runor/gamla/gr/gr7.html,https://www.christerhamp.se/runor/gamla/gr/gr7.jpg
Gr 13,Gr 13 - Grönland: Ikigaat/Herjolfsnes,,ma=ria : ilYihi-- ¶ iY i(Y)a=nis fa=þi(i)(r) ¶ (-)isu tius (*) mius ilYi ¶ Yk sunr Yk anti,"Maria, Eloihim, Johannes, Johannes fader, Jesus, min Gud, Eloi och sonen och anden",https://www.christerhamp.se/runor/gamla/gr/gr13.html,https://www.christerhamp.se/runor/gamla/gr/gr13s.jpg
Gr 15,Gr 15 - Grönland: Ikigaat / Herjolfsnes,,+ þæsi : kona : uar : lagþ ÷ firi : borþ : i : grøna¶laz : haf(e) : ær : guþu(e)h : het,"Denna kvinna blev lagd över bord i Grönlandshavet, som hette Gudveig",https://www.christerhamp.se/runor/gamla/gr/gr15.html,https://www.christerhamp.se/runor/gamla/gr/gr15s.jpg
Gr 16,Gr 16 - Grönland: Garðar,,...(l)*dur : a : mik ÷ (t),Hildur (?) äger mig,https://www.christerhamp.se/runor/gamla/gr/gr16.html,https://www.christerhamp.se/runor/gamla/gr/gr16s.jpg
Gr 25,Gr 25 - Grönland: Garðar,,bi=a=r=n=i,Bjarne,https://www.christerhamp.se/runor/gamla/gr/gr25.html,https://www.christerhamp.se/runor/gamla/gr/gr25s.jpg
Gr 32,"Gr 32 - Grönland: Qassiarsuk/Brattahlid, Elvgården",,-,-,https://www.christerhamp.se/runor/gamla/gr/gr32.html,https://www.christerhamp.se/runor/gamla/gr/gr32s.jpg
Gr 34,Gr 34 - Grönland: Kilaarsarfik / Sandnes,,aue mari(a) : grasia blna,Ave Maria gratia plena,https://www.christerhamp.se/runor/gamla/gr/gr34.html,https://www.christerhamp.se/runor/gamla/gr/gr34s.jpg
Gr 35,Gr 35 - Gr—nland: Kilaarsarfik / Sandnes,,hÌl(k)i (y)(-),Helge,https://www.christerhamp.se/runor/gamla/gr/gr35.html,https://www.christerhamp.se/runor/gamla/gr/gr35-1.jpg
Gr 36,Gr 36 - Grönland: Kilaarsarfik / Sandnes,,fuþork(h)---l????? fi,-,https://www.christerhamp.se/runor/gamla/gr/gr36.html,https://www.christerhamp.se/runor/gamla/gr/gr36s.jpg
Gr 43,Gr 43 - Grönland: Kilaarsarfik / Sandnes,,÷ ilon ÷ (æ)(l)rikum : nonim ÷ ilon | illy : þ : ilon : r : br * sabaot : zion ilion : giun : a=þ:o(n)ay : luc : (i)a(i)r : | gr(a)maton : saba:ag : mizial : gabrel rafa(e)l,Elon ... ... Elon ... ... Elon ... ... Sebaoth Zion Elion ... Adonai lux(?) ... grammaton Sebaoth(?) Michael Gabriel Rafael.,https://www.christerhamp.se/runor/gamla/gr/gr43.html,https://www.christerhamp.se/runor/gamla/gr/gr43s.jpg
Gr 51,Gr 51 - Grönland: Umiviiarsuk,,(m)aria m(e)mor (e)- tu u(e)bit ti suo auo i ko=n miki sm oi(a)ii,-,https://www.christerhamp.se/runor/gamla/gr/gr51.html,https://www.christerhamp.se/runor/gamla/gr/gr51s.jpg
Grönland: Austmannadal 5,Grönland: Austmannadal 5,,TRANSLITT,ÖVERSÄTTNING,https://www.christerhamp.se/runor/gamla/gr/graustmannadal5.html,https://www.christerhamp.se/runor/gamla/gr/graustmannadal5s.jpg
LtRR1987;248,LtRR1987;248 - Lettland: Daugmale,,...- ûñ runar ûñ ûƒesar ûñ o -...,... dessa runor ...,https://www.christerhamp.se/runor/gamla/lt/ltrr1987-248.html,https://www.christerhamp.se/runor/gamla/lt/ltrr1987-248.jpg
N 1,N 1 - Norge: Askim kirke,,a^ndres : p + farmaðr +,Anders präst. Farmaðr,https://www.christerhamp.se/runor/gamla/n/n1.html,https://www.christerhamp.se/runor/gamla/n/n1s.jpg
N 7,N 7  - Norge: Skjeberg kirke,,+ þæ(t)(t)a · hus · er · u... kt · dt^rotne · ua^ro... o^k mo^ðo^r · ha^ns · ma^riu a^k pet^re postola,Detta hus är vigt åt vår Herre och hans moder Maria och Petrus aposteln,https://www.christerhamp.se/runor/gamla/n/n7.html,https://www.christerhamp.se/runor/gamla/n/n7s.jpg
N 8,N 8 - Norge: Skjeberg kirke,,stein · þænnna · gærðe · botolfr · steinmeist^aræ,Denna sten gjorde Botulf stenmästare,https://www.christerhamp.se/runor/gamla/n/n8.html,https://www.christerhamp.se/runor/gamla/n/n8s.jpg
N 13,"N 13 - Norge: Tose, Torsnes",,aslacar : gerþe^ ^mik : runar : ek · rist : au^k · raþ:na : sta·ue : uer · sici,Aslak gjorde mig. Jag ristade runor och tydde stavarna ...,https://www.christerhamp.se/runor/gamla/n/n13.html,https://www.christerhamp.se/runor/gamla/n/n13s.jpg
N 14,"N 14 - Norge: Tose, Torsnes",,+ nikulas at^lasu^n ke^rþe ru^na^r a mrkom hal,"Nikolas, Atles son, gjorde runor på många hällar",https://www.christerhamp.se/runor/gamla/n/n14.html,https://www.christerhamp.se/runor/gamla/n/n14s.jpg
N 28,"N 28 - Norge: Korsøygarden,Tangen",,: aumutær : geþe mik : aø=slikær a mik,Audmund gjorde mig. Asleik äger mig.,https://www.christerhamp.se/runor/gamla/n/n28.html,https://www.christerhamp.se/runor/gamla/n/n28.jpg
N 29,"N 29 - Norge: Nørstebø, Lesja",,× þair : finr : auk : skofti : rais(t)u : s(t)in : þena : þa : es : (þ)air : s(k)iþtu : lantom : sinum : saRn(e)r : uala ×,"Finn och Skofte reste denna sten då de skiftade sina landegendomar, Våles söner.",https://www.christerhamp.se/runor/gamla/n/n29.html,https://www.christerhamp.se/runor/gamla/n/n29s.jpg
N 61,"N 61 - Norge: Alstad, Hof",,iurun Ī rais(t)i [Ī] s(t)ain Ī þina Ī af(t)ir [Ī] au-aun- Ī is Ī (h)ana Ī --(t)i [Ī] auk Ī furþi Ī af Ī hrikariki Ī u(t)an Ī ur ulbĪaui- Ũ auk Ī (m)untaĪstain Ī ----ir Ī þusi Ũ,"Jorun reste denna sten efter ... , sin husbonde, och förde den hit från Ringerike, från Ulvøy. Må bildstenen hedra dem.",https://www.christerhamp.se/runor/gamla/n/n61.html,https://www.christerhamp.se/runor/gamla/n/n61s.jpg
N 62,"N 62 - Norge: Alstad, Hof",,× ikli × reisti stein ţana eftir × ţoral... sun sin is uarţ tauţr × i uitahol(m)(i) miţli u(i)taulms auk karţa ×,"Engle reste denna sten efter Torald, sin son, som dog i Vitaholm mellan Ustaholm och Gardar.",https://www.christerhamp.se/runor/gamla/n/n62.html,https://www.christerhamp.se/runor/gamla/n/n62s.jpg
N 68,"N 68 - Norge: Dynna, Gran",,× kunuur × kirþi × bru × þririks tutir × iftir osriþi × tutur × sina × su uas mar hanarst × o haþalanti,"Gunvor gjorde bron, Trydriks dotter, efter Astrid, sin dotter. Hon var den händigaste mö i Hadeland.",https://www.christerhamp.se/runor/gamla/n/n68.html,https://www.christerhamp.se/runor/gamla/n/n68s.jpg
N 108,N 108 - Norge: Lunder kirke,,,,https://www.christerhamp.se/runor/gamla/n/n108m.html,https://www.christerhamp.se/runor/gamla/n/n108m.jpg
N 130,"N 130 - Norge: Rauland, Uvdal",,[÷] ₫(o)r(g)autr : fifil : m(i)k : g(e)r₫(e),Torgöt Maskros gjorde mig,https://www.christerhamp.se/runor/gamla/n/n130.html,https://www.christerhamp.se/runor/gamla/n/n130s.jpg
N 137,"N 137 - Norge: Oseberg, Slagen",,litiluism,En lite klok människa,https://www.christerhamp.se/runor/gamla/n/n137.html,https://www.christerhamp.se/runor/gamla/n/n137s.jpg
N 157,N 157 - Norge: Flatdal kyrka,,+ o=kmole : ræisl ru=na=r þesa=r - u=k biþr þø=rs a=lma=ka=n kuþ ÷ at ha=n ta=ke ÷ ¶ uiþr s-l kamas : er þesse slæin tikr ibir +,"Ogmunde ristade dessa runor, och ber den allsmäktige Gud att han vill ta emot Gamals själ, han som denna sten ligger över",https://www.christerhamp.se/runor/gamla/n/n157.html,https://www.christerhamp.se/runor/gamla/n/n157s.jpg
N 172,N 172 - Norge: Nesland kirke,,÷ þæsse : kirka : æ^r (:) uig^d (:) sa(k)^t(s) (:) (o)l(a)^u(e) (:) ko(n)o^g(e),Denna kyrka är vigd åt Sankt Olaf kung,https://www.christerhamp.se/runor/gamla/n/n172.html,https://www.christerhamp.se/runor/gamla/n/n172s.jpg
N 184,"N 184 - Norge: Galteland, Evje",,arn×[stin] × risti × stin × þi[na] × iftir × bior × [s]un × sin × [sa × uar] tuþr × i liþi × þ[(o)s × knutr soti × iklot +] ¶ × in is ko[þ],"Arnstein reste denna sten efter Bjor, sin son. Han dog i hären då Knut angrep England. Gud är en.",https://www.christerhamp.se/runor/gamla/n/n184.html,https://www.christerhamp.se/runor/gamla/n/n184s.jpg
N 188,"N 188 - Norge: Hoftuft, Valle",,kunitr : ker± snalt :,Gunhild gjorde slðndan,https://www.christerhamp.se/runor/gamla/n/n188.html,https://www.christerhamp.se/runor/gamla/n/n188.jpg
N 189,"N 189 - Norge, Rike, Valle",,kun=nar gir±i mik hlhi a mik,Gunnar gjorde mig. Helge ðger mig.,https://www.christerhamp.se/runor/gamla/n/n189.html,https://www.christerhamp.se/runor/gamla/n/n189-1.jpg
N 228,"N 228 - Norge: Tu, Klepp socken",,hailki ÷ rais(t)(i) (s)(t)(a)in þon ÷ aft kaitil bruþur sin,"Helge reste denna sten efter Kettil, sin broder",https://www.christerhamp.se/runor/gamla/n/n228.html,https://www.christerhamp.se/runor/gamla/n/n228s.jpg
N 230,"N 230 - Norge: Reve, Bore",,auktktil kkka=r : iitb/iito runa- arnktil : kita : rit : runar,Arnkettil Gðdda ristade runorna,https://www.christerhamp.se/runor/gamla/n/n230.html,https://www.christerhamp.se/runor/gamla/n/n230.jpg
N 236,"N 236 - Norge: Sele, Bore socken",,(m)a(l)(i) : es : a : s(t)ain(i) : þesu(m) : a- ... uorb ÷ likia : hol(f) : til -... : at : aign : auk : at : oþli : (e)- : --,Avtalet på denna sten är att halva varpet tillhör [Sele] till ägo och odal,https://www.christerhamp.se/runor/gamla/n/n236.html,https://www.christerhamp.se/runor/gamla/n/n236s.jpg
N 239,"N 239 - Norge: Stangeland, Høiland",,þur(b)(i)(u)(r)(n) : skalt : ra(i)sti s(t)n (þ)(o)n(a) aft : s(o)i-÷þuri : sun : sin : is o : (t)on(m)arku (:) (f)il,"Torbjörn skald reste denna sten efter ...tore, sin son. Han föll i Danmark.",https://www.christerhamp.se/runor/gamla/n/n239.html,https://www.christerhamp.se/runor/gamla/n/n239s.jpg
N 244,"N 244 - Norge: Helland, Sola",,× skarþi : risti : stin : þana : iftir :: biafa : sun : sin : harþa : kuþan : man :,"Skarde reste denna sten efter Bjalva, sin son, en mycket god man",https://www.christerhamp.se/runor/gamla/n/n244.html,https://www.christerhamp.se/runor/gamla/n/n244s.jpg
N 245,"N 245 - Norge: Helland 3, Sola",,þurmuþr · risti : stin : þono aft : þrunt : sun sin,"Tormod restestenen efter Trond, sin son",https://www.christerhamp.se/runor/gamla/n/n245.html,https://www.christerhamp.se/runor/gamla/n/n245s.jpg
N 249,"N 249 - Norge: Bø, Randaberg",,× k(o)^lbiørn : het ma^þ(r) : (e)(r) (b)(i)(o)(k)e : her,Kolbjörn hette mannen som bodde här,https://www.christerhamp.se/runor/gamla/n/n249.html,https://www.christerhamp.se/runor/gamla/n/n249s.jpg
N 251,"N 251 - Norge: Mariakirken, Stavanger",,× katil : raisti : stain : þina : haftir : iuruni : kunu : sina : tutur : uþurm,"Kjetil reste denna sten efter Jorunn, sin hustru, Utyrmes dotter.",https://www.christerhamp.se/runor/gamla/n/n251.html,https://www.christerhamp.se/runor/gamla/n/n251s.jpg
N 252,N 252 - Norge: Stavanger,,al(f)---ir : (b)r(i)str : raisti : stain : þina : aft : arlik ¶ trot(i)n : (s)(i)(n) : -(s)-(i)(n)(u)(a)s : --(a)--(n)-------- : (i)s (h)an (:) (b)ar(i)þ¶is(k) : uiþ ¶ ol(a)if,"Alfgeir präst reste denna sten efter Erling, sin herre, som blev sviken när han slogs mot Olav.",https://www.christerhamp.se/runor/gamla/n/n252.html,https://www.christerhamp.se/runor/gamla/n/n252s.jpg
N 257,N 257 - Norge: Talgje kyrka,,... uiþ : a^nlat : sit ÷ -... ...es ÷ kirkio : þæsse · til : ke^rþa^r ... ...t(e) : til : uista^r : ua^l-... ... ...l : dyrþa^r : o^uk : ga^f : til : se^gs : ...,"... vid sin död ... ... till att bygga denna kyrka ... ... till uppehälle ... ... till ära, och gav till sex ...",https://www.christerhamp.se/runor/gamla/n/n257.html,https://www.christerhamp.se/runor/gamla/n/n257-1s.jpg
N 258,N 258 - Norge: Talgje kyrka,,þessa^r : runar : reist : eind^riþ(i) : prest^r : io^ns:so^n : o^k : b(i)(þ)(i)t : fyr(i)r : mik,"Dessa runor ristade Eindride Jonsson, be för mig!",https://www.christerhamp.se/runor/gamla/n/n258.html,https://www.christerhamp.se/runor/gamla/n/n258s.jpg
N 259,"N 259 - Norge: Sørbø, Rennesøy",,(×) (þ)(u)(r)(m)(u)(þ)[r : auk] (:) (þ)(u)(r)(k)(a)(r)þ(r) : (r)-is-u : s(t)ain : [þi(n)(a) a(f)tir k(a)u...],Tormod och Torgard reste denna sten efter Gaut,https://www.christerhamp.se/runor/gamla/n/n259.html,https://www.christerhamp.se/runor/gamla/n/n259s.jpg
N 262,"N 262 - Norge: Bru, Mosterøy",,adonai in : ici k-a^n krtto m a^b li i,Adonai ... ecce ... credo M[atthæus](?) ap[ostolus](?) L[ucas](?) J[ohannes](?),https://www.christerhamp.se/runor/gamla/n/n262.html,https://www.christerhamp.se/runor/gamla/n/n262s.jpg
N 263,"N 263 - Norge: Bru, Mosterøy",,i--^khitdiush ba^kmik kr{U} ... ... serbens a^ri(e)s leo ue^rmis a^reto^n {OLAUUS} {JHVH},"... ... crux(?) ... ... serpens, aries, leo, vermis arreton {Olaus} {Jehovah}",https://www.christerhamp.se/runor/gamla/n/n263.html,https://www.christerhamp.se/runor/gamla/n/n263s.jpg
N 264,"N 264 - Norge: Utstein kloster, Mosterøy",,[biþer : kiþi-] + biþir firir · sial · [ranuils ·+],Be ... Be för Ragnvalds själ,https://www.christerhamp.se/runor/gamla/n/n264.html,https://www.christerhamp.se/runor/gamla/n/n264s.jpg
N 265,"N 265 - Norge: Utstein kloster, Mosterøy",,fr · gregorius,Frater Gregorius,https://www.christerhamp.se/runor/gamla/n/n265.html,https://www.christerhamp.se/runor/gamla/n/n265s.jpg
N 268,N 268 - Norge: Sandeid kyrka,,suæin {P}res{T}r : {LET} br-- mik,Sven präst lät göra mig,https://www.christerhamp.se/runor/gamla/n/n268.html,https://www.christerhamp.se/runor/gamla/n/n268s.jpg
N 348,N 348 - Norge: Borgund kirke I,,"emanuel sabaoþ aþo nai usion agios oþan naþos ælæison alfa æþ o
messias soþer
filæhs artifæhas deus iesus saluat or agios oþonna þos ælæison aæl (g)aagelai ag(e=)la","Emanuel Sabaoth Adonai ... agios athanatos eleison Alfa et O[mega]
Messias Soter
Filex artifex Deus Jesus salvator agios athanatos eleison ... ... agla.",https://www.christerhamp.se/runor/gamla/n/n348.html,https://www.christerhamp.se/runor/gamla/n/n348-1s.jpg
N 384,N 384 - Norge: Stedje kyrka,,þe^nna (:) sta^(f) : (g)a^f : siþhriþ : a hu... ...irir so^lo a^r^ndo^rs o^k se^r til misku^na^r,Denna stav gav Sigrid på Hval för Antors själ och till nåd för sig själv,https://www.christerhamp.se/runor/gamla/n/n384.html,https://www.christerhamp.se/runor/gamla/n/n384-1s.jpg
N 449,"N 449 - Norge: Kuli, Edøy",,þurir : auk : hal(u)arþr : rai(s)(t)(u) · stain : þins(i) · aft u(l)f(l)iu(t) ... tualf · uintr · ha(f)(þ)i : (k)r(i)(s)(t)(i)(n)·(t)umr : (u)iri(t) · (i) n(u)riki ...,Tore och Hallvard reste denna sten efter Ulfljot Tolv vintrar hade kristendomen varit i NorgeS,https://www.christerhamp.se/runor/gamla/n/n449.html,https://www.christerhamp.se/runor/gamla/n/n449s.jpg
N 450,"N 450 - Norge: Strand, Åfjord",,siklis nA hli,Smycket skyddar mot de döda / Smycket skyddar den döda,https://www.christerhamp.se/runor/gamla/n/n450.html,https://www.christerhamp.se/runor/gamla/n/n450s.jpg
N 451,"N 451 - Norge: Rømmen, Jøssund",,kætil a,Ketil äger,https://www.christerhamp.se/runor/gamla/n/n451.html,https://www.christerhamp.se/runor/gamla/n/n451s.jpg
N 453,"N 453 - Norge: Hårberg, Rissa",,utar raisti stain aft(i)(r) (a)(u)rn fauþur sin,"Ottar reste stenen efter Örn, sin fader.",https://www.christerhamp.se/runor/gamla/n/n453.html,https://www.christerhamp.se/runor/gamla/n/n453s.jpg
N 458,"N 458 - Norge: Gravråk, Melhus",,u^al,val / väl,https://www.christerhamp.se/runor/gamla/n/n458.html,https://www.christerhamp.se/runor/gamla/n/n458.jpg
N 461,N 461 - Norge: Trondheim I,,unak mæy(i)u -----latre oælens fulku i fæsta ha(f)þe,Jag älskade den arroganta flickan ... skötte underhållet,https://www.christerhamp.se/runor/gamla/n/n461.html,https://www.christerhamp.se/runor/gamla/n/n461s.jpg
N 462,N 462 - Norge: Trondheim II,,liut--(r) : ouk : iohan : erusk : uinir,Ljotgeir och Johan är vänner,https://www.christerhamp.se/runor/gamla/n/n462.html,https://www.christerhamp.se/runor/gamla/n/n462s.jpg
N 466,N 466 - Norge: Trondheim VI,,fuþorkhniaslbm--,-,https://www.christerhamp.se/runor/gamla/n/n466.html,https://www.christerhamp.se/runor/gamla/n/n466s.jpg
N 470,"N 470 - Norge: Nidarosdomen II, Trondheim",,lafra^ns a,Lavrans äger,https://www.christerhamp.se/runor/gamla/n/n470.html,https://www.christerhamp.se/runor/gamla/n/n470s.jpg
N 473,"N 473 - Norge: Nidarosdomen V, Trondheim",,ion : (o)- · ---(a)(r) (÷) uatu (o)la(s)(u)--u-(o)- h(e)r : r sim--n ÷ ame(n) --,Jon och Ivar (?) vaktade Olavsvakan här. Simon läste. Amen ...,https://www.christerhamp.se/runor/gamla/n/n473.html,https://www.christerhamp.se/runor/gamla/n/n473s.jpg
N 474,"N 474 - Norge: Nidarosdomen VI, Trondheim",,ifiu,-,https://www.christerhamp.se/runor/gamla/n/n474.html,https://www.christerhamp.se/runor/gamla/n/n474s.jpg
N 475,"N 475 - Norge: Nidarosdomen VII, Trondheim",,guþ a mik,Gud äger mig,https://www.christerhamp.se/runor/gamla/n/n475.html,https://www.christerhamp.se/runor/gamla/n/n475s.jpg
N 478,"N 478 - Norge: Nidarosdomen X, Trondheim",,guþ · ok : hin : hiælgi : olafr : kongr (:) hialpe (:) þæim (:) mane (:) er : þesar : runar : ræist : meþr : sinu : hæilahu : arnaþar:orþe,Gud och helige kung Olav hjälpe den man som ristade dessa runor med sina heliga ingripanden,https://www.christerhamp.se/runor/gamla/n/n478.html,https://www.christerhamp.se/runor/gamla/n/n478s.jpg
N 481,"N 481 - Norge: Nidarosdomen XIII, Trondheim",,-uar -- (:) --l(l),Ivar ...,https://www.christerhamp.se/runor/gamla/n/n481.html,https://www.christerhamp.se/runor/gamla/n/n481s.jpg
N 482,"N 482 - Norge: Nidarosdomen XIV, Trondheim",,huriag,-,https://www.christerhamp.se/runor/gamla/n/n482.html,https://www.christerhamp.se/runor/gamla/n/n482s.jpg
N 483,"N 483 - Norge: Nidarosdomen XV, Trondheim",,(p)ila^l--,Pilgrim (?),https://www.christerhamp.se/runor/gamla/n/n483.html,https://www.christerhamp.se/runor/gamla/n/n483s.jpg
N 484,"N 484 - Norge: Nidarosdomen XVI, Trondheim",,maria,Maria,https://www.christerhamp.se/runor/gamla/n/n484.html,https://www.christerhamp.se/runor/gamla/n/n484s.jpg
N 489,"N 489 - Norge: Nidarosdomen XXI, Trondheim",,he^r ÷ huilir ÷,Här vilar,https://www.christerhamp.se/runor/gamla/n/n489.html,https://www.christerhamp.se/runor/gamla/n/n489s.jpg
N 491,"N 491 - Norge: Nidarosdomen XXIII, Trondheim",,heþen ranæih,"Hedin, Rannveig",https://www.christerhamp.se/runor/gamla/n/n491.html,https://www.christerhamp.se/runor/gamla/n/n491s.jpg
N 492,"N 492 - Norge: Nidarosdomen XXIV, Trondheim",,rerurirerærøry,-,https://www.christerhamp.se/runor/gamla/n/n492.html,https://www.christerhamp.se/runor/gamla/n/n492s.jpg
N 493,"N 493 - Norge: Nidarosdomen XXV, Trondheim",,(k)uþ ta^ki sa^l ketil^lss,Gud tage Ketils själ,https://www.christerhamp.se/runor/gamla/n/n493.html,https://www.christerhamp.se/runor/gamla/n/n493s.jpg
N 494,"N 494 - Norge: Nidarosdomen XXVI, Trondheim",,kuþ kæti þin ærlingr sikmuntarson nu o^k iafna^n,"Gud skydde dig, Erling Sigmundsson, nu och alltid",https://www.christerhamp.se/runor/gamla/n/n494.html,https://www.christerhamp.se/runor/gamla/n/n494s.jpg
N 495,"N 495 - Norge: Nidarosdomen XXVII, Trondheim",,amu(n)(t)(i),Amunde,https://www.christerhamp.se/runor/gamla/n/n495.html,https://www.christerhamp.se/runor/gamla/n/n495s.jpg
N 508,"N 508 - Nidarosdomen XL, Trondheim",,uilhialmr,Vilhelm,https://www.christerhamp.se/runor/gamla/n/n508.html,https://www.christerhamp.se/runor/gamla/n/n508s.jpg
N 534,N 534 - Norge: Mære kirke,,(k)iæte guþ þes er k o^(l)ma^þa,Gud skydde den som jag retade,https://www.christerhamp.se/runor/gamla/n/n534.html,https://www.christerhamp.se/runor/gamla/n/n534s.jpg
N 537,"N 537 - Norge: Engstad, Ranem",,a^krþos / k^arþos,-,https://www.christerhamp.se/runor/gamla/n/n537.html,https://www.christerhamp.se/runor/gamla/n/n537s.jpg
N 541,N 541 - Norge,,ranuaik a kistu þosa,Rannveig äger denna kista,https://www.christerhamp.se/runor/gamla/n/n541.html,https://www.christerhamp.se/runor/gamla/n/n541-1s.jpg
N 549,"N 549 - Norge: Hallvardskirken, Oslo",,+ olafr : let : læg... ... ... ... ... ...ur sins : have hu^æær e^r ræþr þæssa list himinrikis : uisst,Olaf lät lägga denna sten över ... sin fader/broder. Må var och en som löser denna gåta njuta himmelriket.,https://www.christerhamp.se/runor/gamla/n/n549.html,https://www.christerhamp.se/runor/gamla/n/n549s.jpg
N 548,"N 548 - Norge: Alshus, Kråkerøy",,-,-,https://www.christerhamp.se/runor/gamla/n/n548.html,https://www.christerhamp.se/runor/gamla/n/n548s.jpg
N 568,N 568 - Norge: Gol kyrka,,hlbiork,Hallbøjrg,https://www.christerhamp.se/runor/gamla/n/n568.html,https://www.christerhamp.se/runor/gamla/n/n568.jpg
N 569,N 569 - Norge: Gol kyrka,,÷ kekhnke ÷ ekng ÷ pddadrdtkkd ÷ ednnr ÷ ardd ÷ skpsdd :÷ kfididmsdefkeddatafisif :÷ ¶ : t(o)tas ¶ ÷ ego ÷ dini ÷,-,https://www.christerhamp.se/runor/gamla/n/n569.html,https://www.christerhamp.se/runor/gamla/n/n569s.jpg
N 570,N 570 - Norge: Gol kyrka,,pater noster k(i) (e)(s) in slis,"Fader vår, som är i himlen",https://www.christerhamp.se/runor/gamla/n/n570.html,https://www.christerhamp.se/runor/gamla/n/n570.jpg
N 571,N 571 - Norge: Gol kyrka,,non si₫,Var inte,https://www.christerhamp.se/runor/gamla/n/n571.html,https://www.christerhamp.se/runor/gamla/n/n571.jpg
N 572,N 572 - Norge: Gol kyrka,,kekhnke,-,https://www.christerhamp.se/runor/gamla/n/n572.html,https://www.christerhamp.se/runor/gamla/n/n572.jpg
N 573,N 573 - Norge: Gol kyrka,,æ t þ f f s s a n t æ t þ f f s s a n t,e[inn] t[veir] þ[rír] f[jórir] f[imm] s[ex] s[jau] á[tta] n[íu] t[íu] e[llifu] t[olf] þ[rettán] f[jórtán] f[imtán] s[extán] s[jautján] á[ttján] n[ítján] t[uttugu],https://www.christerhamp.se/runor/gamla/n/n573.html,https://www.christerhamp.se/runor/gamla/n/n573.jpg
N 574,N 574 - Norge: Gol kyrka,,kekhnke,-,https://www.christerhamp.se/runor/gamla/n/n574.html,https://www.christerhamp.se/runor/gamla/n/n574.jpg
N 575,N 575 - Norge: Gol kyrka,,ra=₫ rett ru(=n)a=r ₫esar,Läs dessa runor rätt!,https://www.christerhamp.se/runor/gamla/n/n575.html,https://www.christerhamp.se/runor/gamla/n/n575.jpg
N 582,"N 582 - Norge: Uppstad, Hylestad",,halha * a snalt ₫enan,Helga äger denna slända,https://www.christerhamp.se/runor/gamla/n/n582.html,https://www.christerhamp.se/runor/gamla/n/n582s.jpg
N 583,N 583 - Norge: Hesby kyrka,,÷ þæssa^r ÷ run^ne^r ÷ rest ÷ eiriker ÷ ba^r--r ÷ fe(i)(t) þa^n^n ÷ ueter ÷ (æ)r ÷ ho^n^n ÷ ua^r reist ÷ uallet^e ÷,Dessa runor ristade Erik präst. Han gjorde det den vinter kyrkan restes. Farväl.,https://www.christerhamp.se/runor/gamla/n/n583.html,https://www.christerhamp.se/runor/gamla/n/n583s.jpg
N 584,N 584 - Norge: Hesby kyrka,,þæssa^r : runa^r,Dessa runor,https://www.christerhamp.se/runor/gamla/n/n584.html,https://www.christerhamp.se/runor/gamla/n/n584.jpg
N 603,"N 603 - Norge: Nordre Gullskoen, Bryggen, Bergen",,... -g(r)(e):gie : igni:bus : ka^l(e)sko :  æius : koti:die : in amo^re : græs:ko ... ...--(s) : agam : teneri : uirgo : sik · agamus : ambos : (s)umus ... ...-n--a : lusis : agone : Yilum·ena : kuæruli : tæria (r)-... ...,,https://www.christerhamp.se/runor/gamla/n/n603.html,https://www.christerhamp.se/runor/gamla/n/n603s.jpg
N 605,"N 605 - Norge: Nordre Bugården, Bryggen, Bergen",,amor uin,Kärleken segrar,https://www.christerhamp.se/runor/gamla/n/n605.html,https://www.christerhamp.se/runor/gamla/n/n605s.jpg
N 610,"N 610 - Norge: Nordre Bugården, Bryggen, Bergen",,fæcumisi,Den som visade nåd,https://www.christerhamp.se/runor/gamla/n/n610.html,https://www.christerhamp.se/runor/gamla/n/n610s.jpg
N 617,"N 617 - Norge: Gullskoen, Bryggen, Bergen",,a(u)e (m)aria gracia (p)lena tominus tekom benetikta t^u in mulieribus æþ benetikt^us fruktus uentris tui amen,"Var hälsad, Maria, full av nåd, Herren är med dig. Välsignad är du bland kvinnor och välsignad är din livsfrukt Amen",https://www.christerhamp.se/runor/gamla/n/n617.html,https://www.christerhamp.se/runor/gamla/n/n617s.jpg
N 622,"N 622 - Norge: Nordre Bugården, Bryggen, Bergen",,÷ au^e ma^ria,Ave Maria,https://www.christerhamp.se/runor/gamla/n/n622.html,https://www.christerhamp.se/runor/gamla/n/n622s.jpg
N 628,"N 628 - Norge: Gullskoen, Bryggen, Bergen",,sisesisisesilsisiþaniralat dihsse dominos domios sede a dæhstris m(e)oe,- Herren sade till min herre: sitt på min högra sida,https://www.christerhamp.se/runor/gamla/n/n628.html,https://www.christerhamp.se/runor/gamla/n/n628s.jpg
N 631,"N 631 - Norge: Søre Engelgården, Bryggen, Bergen",,§A maria ÷ peperit ÷ cristum ÷ elisabet ÷ peperit ÷ iohan=nem ÷ baptistam ÷ in ÷ illarum §B u=(e)nerac(i)o-(e) ÷ sis ÷ absoluta ÷÷ æcsi ÷ inkalue ÷ dominus te ÷ uacat ÷ ad ÷ lu,"Maria födde Kristus, Elisabet födde Johannes Döparen. Dyrka dem och finn frälsning. Gå ut, hårlöse [ = barn]. Herren kallar dig till ljuset.",https://www.christerhamp.se/runor/gamla/n/n631.html,https://www.christerhamp.se/runor/gamla/n/n631s.jpg
N 633,"N 633 - Norge: Gullskoen, Bryggen, Bergen",,? uiþ auhum : to^bias : sannat : okulus : istas ominnis f(a)-?fau?fao?? sidra^k : missa^k : æ^þ og : benagog myl o^gum : eomos uiþb(l)o^þ,"För ögon - Tobias botar denne persons ögon Sadrak, Mesak, Abed-Nego ...",https://www.christerhamp.se/runor/gamla/n/n633.html,https://www.christerhamp.se/runor/gamla/n/n633s.jpg
N 637,"N 637 - Norge: Gullskoen, Bryggen, Bergen",,teo^nesius · ioha^nes · serafiho^n --us masifia^nesus : tenisius o sussbissusbirumæþano^le,"Dionysos, Johannes, Serapion, Malchus, Maximianus, Dionysios, ...",https://www.christerhamp.se/runor/gamla/n/n637.html,https://www.christerhamp.se/runor/gamla/n/n637s.jpg
N 640,"N 640 - Norge: Søre Søstergården, Bryggen, Bergen",,sator ÷ arebo ÷ teneþ ÷ obera ÷ rotas æekræ r÷kre ærman numænsiknumt æram r æekræ r:kre ærman numænsiknumt æram koncummatum æct ¶ klas a,"Sator Arepo tenet opera rotas Acre, acre ærnem ... ærnem Acre, acre ærnem ... ærnem Consummatum est. Klas á",https://www.christerhamp.se/runor/gamla/n/n640.html,https://www.christerhamp.se/runor/gamla/n/n640s.jpg
N 649,"N 649 - Norge: Nordre Gullskoen, Bryggen, Bergen",,÷ lun(a)næyu hu(i)spræyiu sinni sint-... ... guþs ok sinna ek uil at otu kapp-... ... skreiþar er þu fær nokkora mor...---... ---- eigi er oftyr,"Till Lunaney, sin husfru, sänder ... Guds och sina hälsningar. Jag vill att Otto Kappe får hundra torskar levererat, som du får brunrandigt vadmal för, om det inte är för dyrt.",https://www.christerhamp.se/runor/gamla/n/n649.html,https://www.christerhamp.se/runor/gamla/n/n649s.jpg
N 650,"N 650 - Norge: Gullskoen, Bryggen, Bergen",,÷ æin^nriþi ÷ þeta ÷ at| |tu mer at gia^l^lda ÷ tua mæla ok ÷ þriu sa^lld ÷ en ahngarstihi ÷ sihta^n mæla en þu ska^l^lt ÷ æin^ndriþi ÷ taka ÷ þat ko^nn ÷ sem ÷ berþor ÷ a mer at luka ÷ eihi min^na ÷ en sehsta^n mæla ska^l^lt| |tu ta^ka ÷ eþa ÷ el^lihar : tak þu ehi ÷ en ÷ fa^þur min^n ÷ biþ ek ÷ a(t) ha^n^n kil^lti ÷ mer ÷ þriu sa^l^ld ÷ i,"Endride! Detta ska du betala mig: två mæler och tre såld, och därutöver sexton mæler Och du ska, Endride, ta emot kornet som Bergtor är skyldig mig, inte mindre än sexton mæler ska du ta emot, annars ska du inte ta emot något. Och min far ber jag att han betalar mig tre såld",https://www.christerhamp.se/runor/gamla/n/n650.html,https://www.christerhamp.se/runor/gamla/n/n650s.jpg
N 651,"N 651 - Norge: Nordre Søstergården, Bryggen, Bergen",,þo^rkæll myntære senter þer pipar,Torkel myntslagare sänder dig peppar,https://www.christerhamp.se/runor/gamla/n/n651.html,https://www.christerhamp.se/runor/gamla/n/n651s.jpg
N 652,"N 652 - Norge: Nordre Gullskoen, Bryggen, Bergen",,: sikurþr ha^lfan ask : æirikr,Sigurd: en halv ask. Erik.,https://www.christerhamp.se/runor/gamla/n/n652.html,https://www.christerhamp.se/runor/gamla/n/n652s.jpg
N 653,"N 653 - Norge: Gullskoen, Bryggen, Bergen",,helga · aon...-(æ)(k)(e)-... (f)(o)(l)(t)(æ)^(l)... ÷ gu^nna^r : pa^rfæ- : pu^nd : ogmundr · -- · oæ--...,Helga ... ... Gunnar parvel pund. Ogmund ...,https://www.christerhamp.se/runor/gamla/n/n653.html,https://www.christerhamp.se/runor/gamla/n/n653s.jpg
N 654,"N 654 - Norge: Søndre Bugården, Bryggen, Bergen",,bet^r^ ^let| |t^uær mærkr · o^la^fr : þreta^n bu^(n) suærþo^lfr --- enku lo...,"Peter gav två marker, Olav tretton pund Sverdolv ... inget betalt",https://www.christerhamp.se/runor/gamla/n/n654.html,https://www.christerhamp.se/runor/gamla/n/n654s.jpg
N 657,"N 657 - Norge: Nordre Engelgården, Bryggen, Bergen",,... mankerþ : t^ueir : øurar ... ...n:kerþ : tueir : øura^r,... mantal två öre ... mantal två öre,https://www.christerhamp.se/runor/gamla/n/n657.html,https://www.christerhamp.se/runor/gamla/n/n657s.jpg
N 660,"N 660 - Norge: Gullskoen, Bryggen, Bergen",,arni-,Arne äger,https://www.christerhamp.se/runor/gamla/n/n660.html,https://www.christerhamp.se/runor/gamla/n/n660s.jpg
N 661,"N 661 - Norge: Gullskoen, Bryggen, Bergen",,arne a,Arne äger,https://www.christerhamp.se/runor/gamla/n/n661.html,https://www.christerhamp.se/runor/gamla/n/n661s.jpg
N 662,"N 662 - Norge: Nordre Bugården, Bryggen, Bergen",,a^rni a,Arne äger,https://www.christerhamp.se/runor/gamla/n/n662.html,https://www.christerhamp.se/runor/gamla/n/n662s.jpg
N 665,"N 665 - Norge: Nordre Engelgården, Bryggen, Bergen",,askær a,Asgeir äger,https://www.christerhamp.se/runor/gamla/n/n665.html,https://www.christerhamp.se/runor/gamla/n/n665s.jpg
N 669,"N 669 - Norge: Nordre Bugården, Bryggen, Bergen",,biani a,Bjarne äger,https://www.christerhamp.se/runor/gamla/n/n669.html,https://www.christerhamp.se/runor/gamla/n/n669s.jpg
N 670,"N 670 - Norge: Nordre Engelgården, Bryggen, Bergen",,botlæifr æ,Botleif äger,https://www.christerhamp.se/runor/gamla/n/n670.html,https://www.christerhamp.se/runor/gamla/n/n670s.jpg
N 697,"N 697 - Norge: Nordre Engelgården, Bryggen, Bergen",,kuþmutr a,Gudmund äger,https://www.christerhamp.se/runor/gamla/n/n697.html,https://www.christerhamp.se/runor/gamla/n/n697s.jpg
N 715,"N 715 - Norge: Søndre Søstergården, Bryggen, Bergen",,nigulas a mik,Nikolas äger mig,https://www.christerhamp.se/runor/gamla/n/n715.html,https://www.christerhamp.se/runor/gamla/n/n715s.jpg
N 730,"N 730 - Norge: Søndre Søstergården, Bryggen, Bergen",,sihurþær,Sigurd,https://www.christerhamp.se/runor/gamla/n/n730.html,https://www.christerhamp.se/runor/gamla/n/n730s.jpg
N 735,"N 735 - Norge: Gullskoen, Bryggen, Bergen",,couæk a þræþr þisa ho^f : fimta mo^rk,Solveig äger dessa trådar Fem och en halv mark,https://www.christerhamp.se/runor/gamla/n/n735.html,https://www.christerhamp.se/runor/gamla/n/n735s.jpg
N 761,"N 761 - Norge: Søndre Engelgården, Bryggen, Bergen",,aulrekr heinrekr,Ålrek (Ulrik?) Henrik,https://www.christerhamp.se/runor/gamla/n/n761.html,https://www.christerhamp.se/runor/gamla/n/n761.jpg
N A111,"N A111 - Norge: Søndre gate 10, Trondheim",,kambr : kuþr uasi a ifur a,Bra kam för trassel. Vasi äger. Ivar äger.,https://www.christerhamp.se/runor/gamla/n/na111.html,https://www.christerhamp.se/runor/gamla/n/na111s.jpg
N A271,"N A271 - Norge: Folkebibliotekstomta, Trondheim",,sikmuntr a sæk þena,Sigmund äger denna säck,https://www.christerhamp.se/runor/gamla/n/na271.html,https://www.christerhamp.se/runor/gamla/n/na271s.jpg
N A165,"N A165 - Norge: Folkebibliotekstomta, Trondheim",,fuþorkhniastbmly,fuþorkhniastbmly,https://www.christerhamp.se/runor/gamla/n/na165.html,https://www.christerhamp.se/runor/gamla/n/na165s.jpg
N A139,"N A139 - Norge: Folkebibliotekstomta, Trondheim",,iorn fuþor----astblmeø (e)hane fuþorkhniaslblmeø,-,https://www.christerhamp.se/runor/gamla/n/na139.html,https://www.christerhamp.se/runor/gamla/n/na139s.jpg
N A173,"N A173 - Norge: Folkebibliotekstomta, Trondheim",,bater · nuster · kui es in seli : santibisetur suæen : ouþunar : sunr : ræist : r`u´nar : þesar fuþorkh,"Pater noster, qui es in caelis, sanctificetur Sven Audunsson ristade dessa runor fuþorkh",https://www.christerhamp.se/runor/gamla/n/na173.html,https://www.christerhamp.se/runor/gamla/n/na173s.jpg
N A189,"N A189 - Norge: Folkebibliotekstomta, Trondheim",,fuþor iuar a suirþ,Ivar äger svärdet,https://www.christerhamp.se/runor/gamla/n/na189.html,https://www.christerhamp.se/runor/gamla/n/na189s.jpg
N A153,"N A153 - Norge: Folkebibliotekstomta, Trondheim",-,... ...po tnþt opera rotas,Sator Arepo tenet opera rotas,https://www.christerhamp.se/runor/gamla/n/na153.html,https://www.christerhamp.se/runor/gamla/n/na153s.jpg
N A154,"N A154 - Norge: Folkebibliotekstomta, Trondheim",,÷ a÷g÷a^l÷a ÷ a÷glal a^gla ÷,Agla Agla Agla,https://www.christerhamp.se/runor/gamla/n/na154.html,https://www.christerhamp.se/runor/gamla/n/na154s.jpg
N A188,"N A188 - Norge: Folkebibliotekstomta, Trondheim",,ia^urusalem nekoe kon(k)(r)idit^ur ino^riu^m a^m^e^n,"Jerusalem! Inte ens i ladan kommer det in, Amen.",https://www.christerhamp.se/runor/gamla/n/na188.html,https://www.christerhamp.se/runor/gamla/n/na188s.jpg
N A333,"N A333 - Norge: Kjøpmannsgaten, Trondheim",,kloba bræstotir bylar þer ...(æ)þ(s)...,Glibba / Kleppa - prästdottern serverar dig,https://www.christerhamp.se/runor/gamla/n/na333.html,https://www.christerhamp.se/runor/gamla/n/na333s.jpg
N A223,"N A223 - Norge: Erkebispegården, Trondheim",,-(r) · asck · ga -(t)bua · ui -a · læggia -- · man · ok --ota · glæþ ... ... ...,-,https://www.christerhamp.se/runor/gamla/n/na223.html,https://www.christerhamp.se/runor/gamla/n/na223s.jpg
N A338,"N A338 - Norge: Erkebispegården, Trondheim",,f-(b)o--,fuþork,https://www.christerhamp.se/runor/gamla/n/na338.html,https://www.christerhamp.se/runor/gamla/n/na338s.jpg
N A339,"N A339 - Norge: Erkebispegården, Trondheim",ᚴᚮ,ko,-,https://www.christerhamp.se/runor/gamla/n/na339.html,https://www.christerhamp.se/runor/gamla/n/na339s.jpg
N A340,"N A340 - Norge: Erkebispegården, Trondheim",,a^(þ)þþa,-,https://www.christerhamp.se/runor/gamla/n/na340.html,https://www.christerhamp.se/runor/gamla/n/na340.jpg
N A7,"N A7 - Norge: Kanslergata, Gamlebyen, Oslo",,nikulos a^n ko^no^ ^þeiri uæl er gyriþ hei(t)er stiufdoter ÷ pit(a)srahnu,"Nikolas älskar kvinnan som heter Gyriðr, styvdotter till Pitas-Ragna",https://www.christerhamp.se/runor/gamla/n/na7.html,https://www.christerhamp.se/runor/gamla/n/na7s.jpg
N A13,"N A13 - Norge: Sørbø kirke, Rennesøy",,× þurir × raisti × stain × þana × aftir × ikul × bruþur sin,"Tore reste denna sten efter Igul, sin broder",https://www.christerhamp.se/runor/gamla/n/na13.html,https://www.christerhamp.se/runor/gamla/n/na13s.jpg
N A53,"N A53 - Norge: Eik prestegård, Sokndal",,sak(s)i : kirþi kous ¶ þaka firir * sal(o) mouþor sinar ¶ þou(r)riþi * bru þisa +,"Saxe gjorde, tacka Gud, för sin moder Torrids själ, denna bro",https://www.christerhamp.se/runor/gamla/n/na53.html,https://www.christerhamp.se/runor/gamla/n/na53s.jpg
N A71,N A71 - Norge: Lom kirke,,markus maþios lukas rafelesen gafeles gabeles iohanes fao fai fau fau aonima suspes pisus kurus ifihs usam,"Markus, Matteus, Lukas, Rafael ... Johannes",https://www.christerhamp.se/runor/gamla/n/na71.html,https://www.christerhamp.se/runor/gamla/n/na71s.jpg
N A72,N A72 - Norge: Lom kirke,,÷ pate^r nostær gui es i clis maþeu ÷ markus lukas au maria gracia,"Fader vår som är i himmelen Matteus Markus Lukas Var hälsad Maria, full av nåd",https://www.christerhamp.se/runor/gamla/n/na72.html,https://www.christerhamp.se/runor/gamla/n/na72s.jpg
N A77,N A77 - Norge: Lom kirke,,kyr(e)r(o)ta ioha^n¶¶næs marcus lu¶¶cas matþias pax porta^ndis salus,... Johannes Markus Lukas Mattias fred till bäraren [och] hälsa,https://www.christerhamp.se/runor/gamla/n/na77.html,https://www.christerhamp.se/runor/gamla/n/na77s.jpg
N A118,"N A118 - Norge: Søndre felt, Gamlebyen, Oslo",,o^s^æ,Åsa,https://www.christerhamp.se/runor/gamla/n/na118.html,https://www.christerhamp.se/runor/gamla/n/na118s.jpg
N A215,"N A215 - Nordre felt II, Gamlebyen, Oslo",,maksnaksba{H},-,https://www.christerhamp.se/runor/gamla/n/na215.html,https://www.christerhamp.se/runor/gamla/n/na215.jpg
N A234,"N A234 - Norge: Storgaten 24/26, Tønsberg",,fuþor=k,fuþork,https://www.christerhamp.se/runor/gamla/n/na234.html,https://www.christerhamp.se/runor/gamla/n/na234s.jpg
N A244,"N A244 - Norge: Folkebibliotekstomta, Trondheim",,fuþorkhni(a)stmly,fuþorkhni(a)stmly,https://www.christerhamp.se/runor/gamla/n/na244.html,https://www.christerhamp.se/runor/gamla/n/na244s.jpg
N A270,"N A270 - Norge: Folkebibliotekstomta, Trondheim",,ruhta,Rotta,https://www.christerhamp.se/runor/gamla/n/na270.html,https://www.christerhamp.se/runor/gamla/n/na270s.jpg
N A285,N A285 - Norge: Vesle Hjerkinn,,-,-,https://www.christerhamp.se/runor/gamla/n/na285.html,https://www.christerhamp.se/runor/gamla/n/na285s.jpg
N A299,"N A299 - Norge: Holm, Solstad",,-,-,https://www.christerhamp.se/runor/gamla/n/na299.html,https://www.christerhamp.se/runor/gamla/n/na299s.jpg
N A318,"N A318 - Norge: Oslo gate 6, Gamlebyen, Oslo",,■ut,-,https://www.christerhamp.se/runor/gamla/n/na318.html,https://www.christerhamp.se/runor/gamla/n/na318.jpg
N A322,"N A322 - Norge: Oslogata 6, Gamlebyen, Oslo",,huæsso : for · ma^l · þet · er þu · reist : i kroskirkiu væl er þa o^le er oskôynt^r a^uk st^roþen i rasen þor : uæl : fo^r : þet,Vad var det för påstående du ristade i Korskyrkan? Ole är otorkad i baken och rövknullad. Det gick bra!,https://www.christerhamp.se/runor/gamla/n/na322.html,https://www.christerhamp.se/runor/gamla/n/na322s.jpg
N B8,"N B8 - Norge: Bryggen, Bergen",,-(n)ma^nþkalm^næruþka(t)-,-,https://www.christerhamp.se/runor/gamla/n/nb8.html,https://www.christerhamp.se/runor/gamla/n/nb8s.jpg
N B9,"N B9 - Norge: Bryggen, Bergen",,fuþor þbiss,-,https://www.christerhamp.se/runor/gamla/n/nb9.html,https://www.christerhamp.se/runor/gamla/n/nb9s.jpg
N B11,"N B11 - Norge: Bryggen, Bergen",,÷ felleg : er : fuþ : sin : bylli ÷ fuþorg lbasm,Hemsk är den som för dryck till fittan,https://www.christerhamp.se/runor/gamla/n/nb11.html,https://www.christerhamp.se/runor/gamla/n/nb11s.jpg
N B13,"N B13 - Norge: Bryggen, Bergen",,(m)-kæl · petr · ioanes · andres · lafranc · tomas · olafr · klemet · nikulas · aller hælger men giæte min · not ouk dah lfs mins ouk salo kuþ se mik ok s(i)hni <kuþ> <kifi> <o>s <byr> <ok> <kafo> <mar>i<a> h(i)-lbe mer <klim>et hialbe m(e)^r alle gc hlk(e)r h(i)(a),"Mikael, Peter, Johannes, Andreas, Lavrans, Tomas, Olav, Klemet, Niklas. Alla heliga män skydde mig natt och dag, mitt liv och min själ. Må Gud se mig och välsigna mig. Gud give oss god vind och Maria god tur. Hjälp mig Klemet, hjälp mig alla Guds heliga!",https://www.christerhamp.se/runor/gamla/n/nb13.html,https://www.christerhamp.se/runor/gamla/n/nb13s.jpg
N B22,"N B22 - Norge: Bryggen, Bergen",,ykmartm-lf--munm--- (f)----,-,https://www.christerhamp.se/runor/gamla/n/nb22.html,https://www.christerhamp.se/runor/gamla/n/nb22s.jpg
N B26,"N B26 - Norge: Bryggen, Bergen",,frþoræsamær fuþorkhn kuþorkhnisætbmly,-,https://www.christerhamp.se/runor/gamla/n/nb26.html,https://www.christerhamp.se/runor/gamla/n/nb26s.jpg
N B28,"N B28 - Norge: Bryggen, Bergen",,fuþorkhniostbmly,fuþorkhniostbmly,https://www.christerhamp.se/runor/gamla/n/nb28.html,https://www.christerhamp.se/runor/gamla/n/nb28s.jpg
N B29,"N B29 - Norge: Bryggen, Bergen",,foro^þlam(e)uþarunka^rat`s´yriaþun-- ÷ foro^þlameuþarunkratspyriiarunkr(u)(r)(o)--(r)-------(r)-(r)(u)----,- -,https://www.christerhamp.se/runor/gamla/n/nb29.html,https://www.christerhamp.se/runor/gamla/n/nb29s.jpg
N B39,"N B39 - Norge: Bryggen, Bergen",,smiþur ÷ saa^rþ ÷ uiktisi af ÷ snæltu÷benum,Smed låg med Vigdis från Sneldebeinene,https://www.christerhamp.se/runor/gamla/n/nb39.html,https://www.christerhamp.se/runor/gamla/n/nb39s.jpg
N B58,"N B58 - Norge: Bryggen, Bergen",,-- naþr ulata -,-,https://www.christerhamp.se/runor/gamla/n/nb58.html,https://www.christerhamp.se/runor/gamla/n/nb58s.jpg
N B66,"N B66 - Norge: Bryggen, Bergen",,fuþorkhniastbmly ÷ asa ÷ ion ÷ sigriþ ÷ þok,"fuþorkhniastbmly Åsa, Jon, Sigrid, -",https://www.christerhamp.se/runor/gamla/n/nb66.html,https://www.christerhamp.se/runor/gamla/n/nb66s.jpg
N B74,"N B74 - Norge: Bryggen, Bergen",,-(f)þuk · an : æ(i)(l)eira : af(m)-,-,https://www.christerhamp.se/runor/gamla/n/nb74.html,https://www.christerhamp.se/runor/gamla/n/nb74s.jpg
N B77,"N B77 - Norge: Bryggen, Bergen",,þorer,Tore,https://www.christerhamp.se/runor/gamla/n/nb77.html,https://www.christerhamp.se/runor/gamla/n/nb77s.jpg
N B94,"N B94 - Norge: Bryggen, Bergen",,fuþ(o)-,fuþ-,https://www.christerhamp.se/runor/gamla/n/nb94.html,https://www.christerhamp.se/runor/gamla/n/nb94s.jpg
N B111,"N B111 - Norge: Nordre Engelgården, Bryggen, Bergen",,snogat l(au)ss(an)latalingunirfyrirur [...]om æ[...]rho[.]mærfyrirmonom [.]æ[..]mbæ[...]bar[..],Den kloka kvinnan måste släppa på ... för sin man. Hon är ännu en jungfru för männen.,https://www.christerhamp.se/runor/gamla/n/nb111.html,https://www.christerhamp.se/runor/gamla/n/nb111s.jpg
N B118,"N B118 - Norge: Søndre Bugården, Bryggen, Bergen",,u^n þu · mær · a^n (e)^k · þær · gunnild^r · kys mik kan ek þik,"Om du älskar mig så älskar jag dig, Gunhild. Kyss mig, jag känner dig väl.",https://www.christerhamp.se/runor/gamla/n/nb118.html,https://www.christerhamp.se/runor/gamla/n/nb118s.jpg
N B122,"N B122 - Norge: Nordre Engelgården, Bryggen, Bergen",,ingiriþ ' i(e)ngo(o^m),Ingrid -,https://www.christerhamp.se/runor/gamla/n/nb122.html,https://www.christerhamp.se/runor/gamla/n/nb122s.jpg
N B127,"N B127 - Norge: Nordre Engelgården, Bryggen, Bergen",,æ---æ-n---(r)þ(a)^(n)þ · am^unda · ha^ra^ll ·,"... Amund, Harald",https://www.christerhamp.se/runor/gamla/n/nb127.html,https://www.christerhamp.se/runor/gamla/n/nb127s.jpg
N B128,"N B128 - Norge: Søndre Søstergården, Bryggen, Bergen",,ha^lua^rþr ÷ haua^r,"Hallvard, Havar",https://www.christerhamp.se/runor/gamla/n/nb128.html,https://www.christerhamp.se/runor/gamla/n/nb128s.jpg
N B136,"N B136 - Norge: Bryggen, Bergen",,-kkns(e) · tsim · h · anhola^u (æ)rþr ÷ æinha^uns(a)^ka^(n)ha--,-,https://www.christerhamp.se/runor/gamla/n/nb136.html,https://www.christerhamp.se/runor/gamla/n/nb136s.jpg
N B145,"N B145 - Norge: Søndre Engelgården, Bryggen, Bergen",,fe^ll · til · friþra^r · þ(e)^llu · fa^rl(e)^gh^ra^r · m(e)^r · a^rla · fiska^ll · festiba^la · fo^rn · byr hama^r¶¶no^r^na · þæim (u)ihdi · he^uir þunda^r · þo^rnluþrs · (e)o^lun·buþa^r · g^lo^uma^r · gyghia^rto^uma ka^lt^rs falkha · haldet ÷ omnia : uinsciþ · amo^r · æþ nos c^(c)itam(m)-- · amori · ga^ld^rs fasl(e)^gha · haldet ÷ omnia · uinciþ · amo^r · æþ · nos · c(e)damus · amori ·,"Kärleken vände sig för mig tidigt till den vackra, skadliga kvinnan ... har hållits fast ... Kärleken övervinner allt, så låt oss besegras av kärleken.",https://www.christerhamp.se/runor/gamla/n/nb145.html,https://www.christerhamp.se/runor/gamla/n/nb145s.jpg
N B149,"N B149 - Norge: Bryggen, Bergen",ᚵᛦᛆ ᛬ ᛌᛅᚼᛁᚱ ᛬ ᛆᛐᚦᚢ ᛬ ᚴᛆᚴᚼᛅᛁᛘ,gya : sæhir : at þu : kak hæim þa=nsak : a=b(a)kista=n : rþis,Gyda säger att du ska gå hem,https://www.christerhamp.se/runor/gamla/n/nb149.html,https://www.christerhamp.se/runor/gamla/n/nb149s.jpg
N B172,"N B172 - Norge: Bryggen, Bergen",,h(a)^(n)(s)(a)^rþþ b h-ua^rþrm þnb,-,https://www.christerhamp.se/runor/gamla/n/nb172.html,https://www.christerhamp.se/runor/gamla/n/nb172s.jpg
N B181,"N B181 - Norge: Nordre Engelgården, Bryggen, Bergen",,ma^þr : ska^l ho^nom^n : hæift : n(e)(n)- : --(a)t : uist - slit : uiha : lô^utomk : hio ek : g(e)rþ-(N)g : (r)-- n : fôurum : sNyra : knæfa : þøy(k)-- -- : k(r)aka (:) -- uak(e) : hyka^þ : fylk(i)a : manat : hirþum : -,-,https://www.christerhamp.se/runor/gamla/n/nb181.html,https://www.christerhamp.se/runor/gamla/n/nb181s.jpg
N B184,"N B184 - Norge: Søndre Engelgården, Bryggen, Bergen",,fanabælti iok biacku þina,Må bältet från Fana öka din skönhet,https://www.christerhamp.se/runor/gamla/n/nb184.html,https://www.christerhamp.se/runor/gamla/n/nb184s.jpg
N B189,"N B189 - Norge: Bryggen, Bergen",,-mraeþrmnþm- -knmertyoaokm-,-,https://www.christerhamp.se/runor/gamla/n/nb189.html,https://www.christerhamp.se/runor/gamla/n/nb189s.jpg
N B190,"N B190 - Norge: Søndre Engelgården, Bryggen, Bergen",,n^u er skøra mykyl kaLdhørþa^rþiri,Nu är det mycket bråk ...,https://www.christerhamp.se/runor/gamla/n/nb190.html,https://www.christerhamp.se/runor/gamla/n/nb190s.jpg
N B191,"N B191 - Norge: Bryggen, Bergen",,fuþorkh ss ----,fuþorkh ...,https://www.christerhamp.se/runor/gamla/n/nb191.html,https://www.christerhamp.se/runor/gamla/n/nb191s.jpg
N B192,"N B192 - Norge: Søndre Engelgården, Bryggen, Bergen",,slika^ ^uilda · ek · mina sem þu est,Som du är ville jag att min vore,https://www.christerhamp.se/runor/gamla/n/nb192.html,https://www.christerhamp.se/runor/gamla/n/nb192s.jpg
N B200,"N B200 - Norge: Bryggen, Bergen",,-g(un)nar pupa hænræikir[...] -Þorkæl anpiorh iohan -halstæin anpion gunar i -[.]bo[.]r[,"Gunnar, Bubba, Henrik Torkel, Arnbjörg, Johan Hallstein, Arnbjörn, Gunnar -",https://www.christerhamp.se/runor/gamla/n/nb200.html,https://www.christerhamp.se/runor/gamla/n/nb200s.jpg
N B215,"N B215 - Norge: Søndre Søstergården, Bryggen, Bergen",,heþen : ræit : runa : þorbiorh ÷ þorer : þoralte,"Heden ristade runorna. Torbjörn, Tore, Torald",https://www.christerhamp.se/runor/gamla/n/nb215.html,https://www.christerhamp.se/runor/gamla/n/nb215s.jpg
N B218,"N B218 - Norge: Bryggen, Bergen",,: þus : ris : (t)--ka--ro^(u)-þr-a s(a)^(b)-o^þ -o-,-,https://www.christerhamp.se/runor/gamla/n/nb218.html,https://www.christerhamp.se/runor/gamla/n/nb218s.jpg
N B249,"N B249 - Norge: Søndre Gullskoen, Bryggen, Bergen",,sæint er þat er suæin fan dynta silfrberh : i : mol d^uærga þat sæg^hir hær meþ harra hæiþmil^lc : i : giof ræiþa ÷ ÷ ha^u sa er la^uh at lôþe lohryranda dyrum þes uitis biþ ek þriote þægnlæiþum guc ræiþi sigurþr : amunda:son : a mik,"Det är lite sent att överlämna som gåva det silver som Sven Dynta hittade smutsigt i jorden - så säger den givmilde kungens följe också. Jag ber om straffet, Guds vrede, för den styvnackade, eftersom männen är trötta, för huvudet som ljög för den dyre förstöraren av lagbrytare. Sigurd Amundsson äger mig",https://www.christerhamp.se/runor/gamla/n/nb249.html,https://www.christerhamp.se/runor/gamla/n/nb249s.jpg
N B250,"N B250 - Norge: Bryggen, Bergen",,fuþ,-,https://www.christerhamp.se/runor/gamla/n/nb250.html,https://www.christerhamp.se/runor/gamla/n/nb250s.jpg
N B252,"N B252 - Norge: Søndre Gullskoen, Bryggen, Bergen",,imi stæin hæitti a^ldri røykr riuki : a^ldri sæyþir soþni : ut yl : in^n kyl imi stæin hæitti :,"Ime värmde stenen. Aldrig ska röken ryka. Aldrig ska maten bli kokt. Ut med värmen, in med kylan! Ime värmde stenen.",https://www.christerhamp.se/runor/gamla/n/nb252.html,https://www.christerhamp.se/runor/gamla/n/nb252s.jpg
N B333,"N B333 - Norge: Nordre Søstergården, Bryggen, Bergen",,sira : ion ¶ s(e)n^ndir : gun^nari : huit : ku(i)þiu guþrs o^k sina hakon^n ...,Herr Jon sänder Gunnar Vit Guds och sina hälsningar. Håkon ...,https://www.christerhamp.se/runor/gamla/n/nb333.html,https://www.christerhamp.se/runor/gamla/n/nb333s.jpg
N B351,"N B351 - Norge: Bryggen, Bergen",,f-,-,https://www.christerhamp.se/runor/gamla/n/nb351.html,https://www.christerhamp.se/runor/gamla/n/nb351s.jpg
N B361,"N B361 - Norge: Bryggen, Bergen",,<stan>a<r>,Steinar,https://www.christerhamp.se/runor/gamla/n/nb361.html,https://www.christerhamp.se/runor/gamla/n/nb361s.jpg
N B380,"N B380 - Norge: Søndre Søstergården, Bryggen, Bergen",,hæil ÷ se þu : ok : i huhum : goþom þor : þik : þig÷gi : oþen : þik ÷ æihi :,Var berest och vänlig till sinnet. Må Tor ta emot dig. Må Oden äga dig.,https://www.christerhamp.se/runor/gamla/n/nb380.html,https://www.christerhamp.se/runor/gamla/n/nb380.jpg
N B390,"N B390 - Norge: Søndre Søstergården, Bryggen, Bergen",,inkebiørk uni mer þa (e)r (e)k uar i sþafa^kri,Ingebjørg älskade mig när jag var i Stavanger,https://www.christerhamp.se/runor/gamla/n/nb390.html,https://www.christerhamp.se/runor/gamla/n/nb390s.jpg
N B416,"N B416 - Norge: Gullskoen, Bryggen, Bergen",,... -ø(g)na^n t^reng · a · bloþ(e) · (s)(p)(r)(e)ngir --ota · r^æyni · ga^utu- · ra^nar · lioma · (g)o^no^n-s · -o-- -þ · urab(e)t^r(e) · hlufu - · hia · o^rlæik · þin^num · æinskis · u^ærþr · um · kumna · færþir,-,https://www.christerhamp.se/runor/gamla/n/nb416.html,https://www.christerhamp.se/runor/gamla/n/nb416s.jpg
N B417,"N B417 - Norge: Bryggen, Bergen",,þetta ræist blinder ma^þer til þin h(y)-,Detta ristade en blind man till din ...,https://www.christerhamp.se/runor/gamla/n/nb417.html,https://www.christerhamp.se/runor/gamla/n/nb417s.jpg
N B420,"N B420 - Norge: Gullskoen, Bryggen, Bergen",,÷ þui ÷ a^tt ÷ af ÷ dirþa^r÷taf-e : -eka^r : ma^rk:sko^na- elender a^lam : sæt(i)at : bioþa,Ty av högt tärningsspel kommer många slags ...,https://www.christerhamp.se/runor/gamla/n/nb420.html,https://www.christerhamp.se/runor/gamla/n/nb420s.jpg
N B424,"N B424 - Norge: Bryggen, Bergen",,fuþorkhniaslbmty,fuþorkhniaslbmty,https://www.christerhamp.se/runor/gamla/n/nb424.html,https://www.christerhamp.se/runor/gamla/n/nb424s.jpg
N B434,"N B434 - Norge: Bryggen, Bergen",,ion silkifuþ a mek en guþormr fuþcllæikir ræist mik en : ion fuþkula ræþr m(e)k,"Jon silkesfitta äger mig, Guttorm fittslickare ristade mig och Jon fittkula läser mig",https://www.christerhamp.se/runor/gamla/n/nb434.html,https://www.christerhamp.se/runor/gamla/n/nb434s.jpg
N B441,"N B441 - Norge: Bryggen, Bergen",,- ÷ bbb ÷ bb ÷ b ÷ ll ÷ l ÷ <fu>-,-,https://www.christerhamp.se/runor/gamla/n/nb441.html,https://www.christerhamp.se/runor/gamla/n/nb441s.jpg
N B448,"N B448 - Norge: Gullskoen, Bryggen, Bergen",,÷ sigurþr : la^ua^r(þ)r · sændir : kuæþi(o) -- · guþs o^k sina : s(m)iþ : (þ)ina : uildi : k : ha^ua : um ua^pnabunaþ : dt : --- : spio(t) : (a) : a--an a^lnum : iarns : ær : ek : sændi : þir : mæþ : ioani : øra : nu : er : þa(t) : bøn : min : ai biþia : þik : at : þu : sir : mer : a^uþbøn : nu : um : þæta : mal : i in : æf : þu : girir : nu : min : uilia : þa : ska^lt : þu : sa^nna : uinga^n : ua^ra : ha^ua : i gægn : nu : o^k : iamnan,"Sigurd Lavard sänder hälsnngar, Guds och sina. Ditt smide för vapen vill kungen [eller jag] ha, spjut av 18 alnar järn, som jag sänder här med Johan Øra. Nu vill jag be dig att göra som jag ber i detta, och om du nu gör min vilja ska du få vår äkta vänskap nu och för alltid.",https://www.christerhamp.se/runor/gamla/n/nb448.html,https://www.christerhamp.se/runor/gamla/n/nb448s.jpg
N B453,"N B453 - Norge: Bryggen, Bergen",,k(u)?f(o)b : aþ(o),-,https://www.christerhamp.se/runor/gamla/n/nb453.html,https://www.christerhamp.se/runor/gamla/n/nb453s.jpg
N B493,"N B493 - Norge: Gullskoen, Bryggen, Bergen",,bylli min un mer an ek þer af astom a^u^k af <allum> <huha>,"Min älskade, älska mig! Jag älskar dig av hela mitt hjärta och med hela mitt sinne",https://www.christerhamp.se/runor/gamla/n/nb493.html,https://www.christerhamp.se/runor/gamla/n/nb493s.jpg
N B557,"N B557 - Norge: Bryggen, Bergen",,skeke,-,https://www.christerhamp.se/runor/gamla/n/nb557.html,https://www.christerhamp.se/runor/gamla/n/nb557s.jpg
N B582,"N B582 - Norge: Dreggsallmenningen, Bryggen, Bergen",,(-)c(d)efghiklmn(o)pk(r)stux(y)(-),-,https://www.christerhamp.se/runor/gamla/n/nb582.html,https://www.christerhamp.se/runor/gamla/n/nb582s.jpg
N B584,"N B584 - Norge: Dreggsallmenningen, Bryggen, Bergen",,sæst ÷ niþær ÷ o^k · rat ÷ runa^r ÷ ris ÷ up · o^k · fis : uit ÷,"Sitt ned och läs runorna, stå upp och fis!",https://www.christerhamp.se/runor/gamla/n/nb584.html,https://www.christerhamp.se/runor/gamla/n/nb584s.jpg
N B605,"N B605 - Norge: Bryggen, Bergen",,imulil amo^r u¶¶iciþ omnia oþ,... Kärleken övervinner allt ...,https://www.christerhamp.se/runor/gamla/n/nb605.html,https://www.christerhamp.se/runor/gamla/n/nb605s.jpg
N B606,"N B606 - Norge: Bryggen, Bergen",,mka^nþkkþlklki,-,https://www.christerhamp.se/runor/gamla/n/nb606.html,https://www.christerhamp.se/runor/gamla/n/nb606s.jpg
N B615,"N B615 - Norge: Finnegården, Bryggen, Bergen",,frþo(k)(b)hniaslbkmy,-,https://www.christerhamp.se/runor/gamla/n/nb615.html,https://www.christerhamp.se/runor/gamla/n/nb615s.jpg
N B644,"N B644 - Norge: Søndre Søstergården, Bryggen, Bergen",,a^n ek sua ÷ kono mans at mer ÷ þyki kaltr æltr ÷ en ek em uinr ÷ ui`f´s þæsu^a asa {PPS} ir,"Jag älskar en annan mans kvinna så, att elden tycks mig kall. Och jag är den kvinnans vän. Åsa",https://www.christerhamp.se/runor/gamla/n/nb644.html,https://www.christerhamp.se/runor/gamla/n/nb644s.jpg
N B654,"N B654 - Norge: Bryggen, Bergen",,r : (i)-imrsoræar : lit,-,https://www.christerhamp.se/runor/gamla/n/nb654.html,https://www.christerhamp.se/runor/gamla/n/nb654s.jpg
N B660,"N B660 - Dreggsallmenningen, Bryggen, Bergen",,aspiørg ÷ hit pæsta parn ÷ ¶ -urat^a(r)...ranæ,Åsbjörg det bästa barn ...,https://www.christerhamp.se/runor/gamla/n/nb660.html,https://www.christerhamp.se/runor/gamla/n/nb660s.jpg
N B663,"N B663 - Norge: Gullskoen, Bryggen, Bergen",,fuþork ænmb--...,-,https://www.christerhamp.se/runor/gamla/n/nb663.html,https://www.christerhamp.se/runor/gamla/n/nb663s.jpg
N C59886/027,"N C59886/027 - Norge: Bispegata, Gamlebyen, Oslo",ᚠᚢᚦ,fuþ,-,https://www.christerhamp.se/runor/gamla/n/nc59886-027.html,https://www.christerhamp.se/runor/gamla/n/nc59886-027s.jpg
N C60965/037,"N C60965/037 - Norge: Bispegata, Gamlebyen, Oslo",,[tetr]akramato[n] aoriliainna kunimi,tetragrammaton - -,https://www.christerhamp.se/runor/gamla/n/nc60965-037.html,https://www.christerhamp.se/runor/gamla/n/nc60965-037s.jpg
N C64430/51,"N C64430/51 - Norge: Middelalderparken, Oslo",,(i)manus(d)omini(s)(i)þsu-— ?at(e)rsat bryn:gærþr:er:þæt:fo^l--—,Guds hand ... Bryngerd är det ... det är sant,https://www.christerhamp.se/runor/gamla/n/nc64430-51.html,https://www.christerhamp.se/runor/gamla/n/nc64430-51s.jpg
N C64430/69,"N C64430/69 - Norge: Middelalderparken, Oslo",,(i)asbina^mik,Asbjörn äger mig,https://www.christerhamp.se/runor/gamla/n/nc64430-69.html,https://www.christerhamp.se/runor/gamla/n/nc64430-69s.jpg
N C64430/156,"N C64430/156 - Norge: Middelalderparken, Oslo",ᛒᛆᛌᛘᛆᚱᚦᛅᚱᛒᛅᛁᚿ,basmarþærbæin,-,https://www.christerhamp.se/runor/gamla/n/nc64430-156.html,https://www.christerhamp.se/runor/gamla/n/nc64430-156s.jpg
NIÆR 36,"NIÆR 36 - Norge: Bjørnerud, Sande",,alu,-,https://www.christerhamp.se/runor/gamla/n/niar36.html,https://www.christerhamp.se/runor/gamla/n/niar36s.jpg
NIÆR 2,NIÆR 2  - Norge: Fredrikstad,,-,-,https://www.christerhamp.se/runor/gamla/n/niar2.html,https://www.christerhamp.se/runor/gamla/n/niar2s.jpg
NIÆR 1,NIÆR 1 - Norge: Tune,,"ekwiwaRafter·woduri dewitad=ah=alaiban:worathto·...
...h:woduride:staina: ₫rijoRdohtriRd=alidun arbijasijosteRarbijano","Jag, Vi, efter Vodurid, brödherren, gjorde [ runorna ]
Jag överlämnade stenen till Vodurid. Tre döttrar stod för gravölet, de käraste av arvingarna.",https://www.christerhamp.se/runor/gamla/n/niar1.html,https://www.christerhamp.se/runor/gamla/n/niar1s.jpg
NIĆR 3,NIĆR 3 - Norge: Frřihov,,-ad-,-,https://www.christerhamp.se/runor/gamla/n/niar3.html,https://www.christerhamp.se/runor/gamla/n/niar3-1.jpg
NIÆR 9,NIÆR 9 - Norge: Stenstad,,igijon h=alaz,Igijos sten,https://www.christerhamp.se/runor/gamla/n/niar9.html,https://www.christerhamp.se/runor/gamla/n/niar9s.jpg
NIÆR 19,"NIÆR 19 - Norge: Kjølevik, Strand",,hadulaikaR ek hagustadaR h=laaiwido magu minino,Hadulaik. Jag Hagustad begravde min son.,https://www.christerhamp.se/runor/gamla/n/niar19.html,https://www.christerhamp.se/runor/gamla/n/niar19s.jpg
NIÆR 29,"NIÆR 29 - Norge: Vatn, Agdenes",,rhoAl(t)z f(a)(i)-- ...,Hroaldz målade,https://www.christerhamp.se/runor/gamla/n/niar29.html,https://www.christerhamp.se/runor/gamla/n/niar29s.jpg
NIÆR 39,"NIÆR 39 - Norge: Vetteland, Ogna",... ᚠᛚᚨᚷᛞᚨᚠᚨᛁᚲᛁᚾᚨᛉᛁᛊᛏ ... ᛗᚨᚷᛟᚱᛗᛁᚾᚨᛊᛊᛏᚨᛁᚾᚨ ... ᛞᚨᛉᚠᚨᛁᚺᛁᛞᛟ,... flagda faikinaR ist ... magoR minas staina ...daR faihido,[ Min son ] hemsöks av [ Jag satte ] min sons sten [ Jag ... ] -dar målade [ dessa runor ],https://www.christerhamp.se/runor/gamla/n/niar39.html,https://www.christerhamp.se/runor/gamla/n/niar39s.jpg
NIÆR 52,"NIÆR 52 - Norge: Strøm, Hitra",,wate h^ali hino horn^a h^ah^a skaþi h^aþu ligi,"Må hornet väta denna sten. Må den skada gräset, men ligga (fredligt) i strid.",https://www.christerhamp.se/runor/gamla/n/niar52.html,https://www.christerhamp.se/runor/gamla/n/niar52s.jpg
NIÆR 53,"NIÆR 53 - Norge: Møgedal, Helleland",,laiþigaz,-,https://www.christerhamp.se/runor/gamla/n/niar53.html,https://www.christerhamp.se/runor/gamla/n/niar53s.jpg
NIÆR 55,"NIÆR 55 - Norge: Eggja, Stedje",,(m)in wArb nAseu wilR mAde þAim kAibA i bormoþA huni huwAR ob kam hAr(i)(e) a hi(t) lat gotnA fiskR oR (f)(i)(r)(n)Auim su(w)(i)made fok(i) af -a----gA land(e) A-- is (u)(r)(k)(i) ni s solu sot ukni sAkse stAin skorin ni ---- maR nAkdan is n(A) wrinR ni wiltiR manR l(a)gi-,"Mannen sprutade blod över denna sten och med det gnuggade han årtullarna i skeppet. Som vem kom arméguden hit till krigarnas land? Fisk simmar ur den hemska strömmen, fågel ropar in i fiendens led.",https://www.christerhamp.se/runor/gamla/n/niar55.html,https://www.christerhamp.se/runor/gamla/n/niar55s.jpg
NIÆR 56,"NIÆR 56 - Norge: Utgård, For",,ea,-,https://www.christerhamp.se/runor/gamla/n/niar56.html,https://www.christerhamp.se/runor/gamla/n/niar56s.jpg
Ryssland: Staraja Ladoga 2,Ryssland: Staraja Ladoga 2,,þamuþrunaRis omuw[þ]alw[þ]mkfa unþRuþiow[þ]at haþaRnakifak,"Detta är sorgrunor, som en man kan ha i en sorgetid, tills demoner till krig ...
[Jag (eller han)] fick vreda runor, som i vreda tider [en man] ... Unn [d.v.s. Oden eller ett svärd] ... onda väsen.",https://www.christerhamp.se/runor/gamla/ru/ru-starajaladoga2.html,https://www.christerhamp.se/runor/gamla/ru/ru-starajaladoga2s.jpg
Tu FV 1970;247,"Tu FV 1970;247 - Turkiet: Hagia Sohpia, Istanbul",,alftan ...,Halvdan ...,https://www.christerhamp.se/runor/gamla/by/tufv1970-247.html,https://www.christerhamp.se/runor/gamla/by/tufv1970-247s.jpg
Tu FV 1989;12,"Tu FV 1989;12 - Turkiet: Hagia Sohpia, Istanbul",,ari : k,Are k ...,https://www.christerhamp.se/runor/gamla/by/tufv1989-12.html,https://www.christerhamp.se/runor/gamla/by/tufv1989-12.jpg
"Turkiet: Hagia Sohpia, Istanbul","Turkiet: Hagia Sohpia, Istanbul",,ikl,ikl,https://www.christerhamp.se/runor/gamla/by/tu-ikl.html,https://www.christerhamp.se/runor/gamla/by/tu-ikl.jpg
"Turkiet: Hagia Sophia, Istanbul","Turkiet: Hagia Sophia, Istanbul",,-,-,https://www.christerhamp.se/runor/gamla/by/tu-mojlig1.html,https://www.christerhamp.se/runor/gamla/by/tu-mojlig1.jpg
"Turkiet: Hagia Sophia, Istanbul","Turkiet: Hagia Sophia, Istanbul",,-,-,https://www.christerhamp.se/runor/gamla/by/tu-mojlig2.html,https://www.christerhamp.se/runor/gamla/by/tu-mojlig2.jpg
UA FV 1914;47,UA FV 1914;47 - Ukraina: Berezanj,ᚴᚱᛆᚿᛁ ᛬ ᚴᛂᚱᚦᛁ ᛬ ᚼᛆᛚᚠ ᛬ ᚦᛁᛋᛁ : ᛁᚠᛏᛁᚱ : ᚴᛆᛚ : ᚠᛁ : ᛚᛆᚴᛆ ᛬ ᛋᛁᚿ,krani : kerþi : (h)alf : þisi : iftir : kal : fi:laka : si(n),"Grane gjorde denna gravhög efter Karl, sin bolagsman",https://www.christerhamp.se/runor/gamla/ua/uafv1914-47.html,https://www.christerhamp.se/runor/gamla/ua/uafv1914-47s.jpg
Runristare,Runristare,,,,https://www.christerhamp.se/runor/gamla/ristare.html,https://www.christerhamp.se/runor/pil-s.gif
Sigurdsristningar,Sigurdsristningar,,,,https://www.christerhamp.se/runor/gamla/sigurd.html,https://www.christerhamp.se/runor/gamla/sigurd.jpg
Nya runsidor,Nya runsidor,,,,https://www.christerhamp.se/runor/nyheter.html,https://www.christerhamp.se/runor/pil-s.gif
