signum,transliteration,english
Öl 1 $ §A,+ s-a... --(s)- i(a)s · satr · aiftir · si(b)(a) · kuþa · sun · fultars · in hons ·· liþi · sati · at · u · -ausa-þ-... +: fulkin : likr : hins : fulkþu : flaistr (:)· uisi · þat · maistar · taiþir : tulka · þruþar : traukr : i : þaimsi · huki · munat : raiþ:uiþur : raþa : ruk:starkr · i · tanmarku : --ntils : iarmun··kruntar : urkrontari : lonti §B {÷ IN| |NONIN- ¶ + HE... ...},"This stone is set up in memory of Sibbi Góði/Goði, son of Foldarr, and his retinue set on ... Hidden lies the one whom followed (most know that) the greatest deeds, Þrud's warrior of battles, in this mound. Never will a more honest, hard-fighting 'wagon-Viðurr' upon Endill's expanses rule the land in Denmark. [This stone is placed in memory of Sibbi the good, Fuldarr's son, and his retinue placed on ... ... He lies concealed, he who was followed by the greatest deeds (most men knew that), a chieftain (battle-tree of [the Goddess] Þrúðr) in this howe; Never again shall such a battle-hardened sea-warrior (Viðurr-of-the-Carriage of [the Sea-king] Endill's mighty dominion ( = God of the vessels of the the sea) ), rule unsurpassed over land in Denmark.] §B {In the name of Jesus(?) ...}"
Öl 2,†$ [tot-- × þ-(a)- (k)--(k)aR · ---- · ...--- -tain · iftiR · sabiara · bruþur · sin · kuþ · hialbi salu hans ·],"†$ Dóttir(?), Þegn(?), ...-geirr(?) [had the] stone [erected] in memory of Sæbjôrn, their brother. May God help his soul."
Öl 3,†$ [...iR · bryþr · litu · r-isa ... ...ftiR ...-----s--unilu...],†$ These brothers had the [stones] raised in memory of their(?) ...
Öl 4 $,...-abi · þaiR --tu · raisa · stein- · eftiR · rantui · moþor sina,"<...-abi> they had the stones raised in memory of Randvé, their mother."
Öl 5 †,[alti × auk × keti... ... stein × eftiR × kata × faþur × sin],"Aldi and Ketill, (they had) the stone (raised) in memory of Káti, their father."
Öl 6 $,[...ofi : lit : kiarua : kuml :] þisa : eftiR : [lofu : kunu : sina :] ...,"Bófi(?)/Tófi(?) had these monuments made in memory of Tófa, his wife. ..."
Öl 7,†$ [------ li- : risa : sten : iftiR : þur... ... ...in : kuþ : hia-bi : sal : hans ·],†$ ... had the stone raised in memory of Þor-... his ... May God help his soul.
Öl 8,†M §P [u-ar stin unu enruk korþi^ ^m^ik] §Q [...(r)^ii^ ^m^iar stin unu enruk korþi^ ^m^ik],†M §P ... Un(n)u's stone(?). ... made me. §Q Three(?) maidens(?) produced the stone. Henrik(?) made me.
Öl 9 †,[askutr : raisti : stain : þina : iftR : suin : faþur : sina : kuþ : ialbi : ant : hans : a^uk : kus muþiR],"Ásgautr raised the stone in memory of Sveinn, his father. May God and God's mother help his spirit."
Öl 10,†$ [: eimunr : auk : kuna- ... þeiR · -uku · kirþu · þisn · eftiR : kinu : fatran],"†$ Eimundr and Gunnarr ..., they made the monuments in memory of Gína(?) the sage."
Öl 11 $,... ...ta · stiu(b) · (s)in · ha- ...,"... ..., his/her step(-son). He ..."
Öl 12,†$ [aynt--s · ... þina : eftiR · ketil · boþyr : sin · kuþ · h... ... ... ... kus · moþiR ·],"†$ Eysteinn(?) ... (had) this (stone raised) in memory of Ketill, his brother. May God and God's mother help his spirit."
Öl 13,†$ [...t... reisti : stein · (þ)ina × eftiR · styrkar · f(a)... ...],"†$ ... raised this stone in memory of Styrkárr, (his) father."
Öl 14,†$ [...(r) : sin : ste(i)... ...],"†$ ... his father/brother, Steinn ..."
Öl 15,†$ [iliuri : raisti : stina : þinsi : iftiR : ... faþur : sin ... uikar : bruþur : sin :],"†$ <iliuri> raised this stone in memory of ..., his father, ... Víkarr, his brother."
Öl 16 †,[... auk : treke : auk : sihstin : þiR bo^þuþr : ristu : sta(i)... ... : uifastr : kuþ : hialbi : au^nt : hans :],"... and Drengi and Sigsteinn, these brothers raised the stone (in memory of) Véfastr. May God help his spirit."
Öl 17 †,[× þurkuþr × raisti × stain × þenh × iftiR × inkialt × bruþur × sin ×],"Þorgunnr raised this stone in memory of Ingjaldr, her brother."
Öl 18 $,× inkialtr × auk × nifR × [au]k × su[i]n [× þa]iR × litu × risa ...- × iftiR × ruþmar × faþur × sin ×,"Ingjaldr and Nefr and Sveinn, they had the [stone] raised in memory of Hróðmarr, their father."
Öl 19 †,[estriþ × lit × raisa × stain × þina × iftiR × biurn × bounta × sin × kuþ × ialbi × has × sial ×],"Ástríðr had this stone raised in memory of Bjôrn, her husband. May God help his soul."
Öl 20 †,[... ...þi kuntu sina ...],... ... his(?) wife(?) ...
Öl 21 $,... ...fr ' lit ' reisa ' steina ' efti- seuar ' faþur ' s-n ' goþan ',"... ... had the stones raised in memory of Sævarr, his/her good father."
Öl 22 $,... ...na ' (þ)... [-]ftir + ...,... these stones in memory of ...
Öl 23,†$ [kuþmuntr · auk × oskutr × auk × sibiurn × auk × kaiRbiurn × litu × raisa · stain · eftiR · byrkeR · faþur · sin hialbi · kuþ hans ant],"†$ Guðmundr and Ásgautr and Sæbjôrn/Sigbjôrn and Geirbjôrn had the stone raised in memory of Borggeirr, their father. May God help his spirit."
Öl 24,†$ [...---- (i)--iR × otryk × br(u)... ... ...-þni × lit × raisa · aftiR · ...-n sin hi... ...],"†$ ... in memory of Ótryggr, (his) brother, ... Guðný(?) had (this stone) raised in memory of her son. May (God) help(?) ..."
Öl 25 $,[ioruik]r × riti × stain × efti × -r---... ...oþur × sin,"Jôrundr(?) erected the stone in memory of ..., his brother."
Öl 26,× kuþfastr × auk × helgun × auk × neniR × þaun myþkini × litu × reisa × stein × eftiR × suein × faþur,"Guðfastr and Helgunnr and Nennir, they mother and sons, had the stone raised in memory of Sveinn, the father."
Öl 27 $,× þeiR bryþr × reistu × kubl × þia × eftiR × sustur ×× sina × afriþi × auk × eftR × suein × faþur × sin × koþan ×,"These brothers raised these monuments in memory of their sister, Áfriðr, and in memory of Sveinn, their good father."
Öl 28 $ §P,harþruþr + raisti + stain + þinsa + aiftiR + sun + sin + s(m)iþ + trak + kuþan + halfburin + bruþiR ans + sitr + kar¶þum ¶ brantr + rit - × iak þu raþa + khn §Q harþruþr + raisti + stain + þinsa + aiftiR + sun + sin + s(m)iþ + trak + kuþan + halfburin + bruþiR ans + sitr + kar¶þum ¶ brantr + rit - × iak þu raþa + khn,"Herþrúðr raised this stone in memory of her son Smiðr, a good valiant man. Halfborinn, his brother, sits in Garðar (Russia). Brandr cut rightly, therefore (one) can interpret (the runes). §Q Herþrúðr raised this stone in memory of her son Smiðr, a good valiant man. His halfbrother Brandr sits in Garðir. Cut rightly into, therefore (one) can interpret (the runes)."
Öl 29 †,[... ...ina × suni × arnki... ...],"... his sons, Arnkell ..."
Öl 30,†$ [...----------... ¶ ...---------...],†$ ... ...
Öl 31 $,auþbiarn : lit : reisa : stein : ...----... hialbi sialu · has,Auðbjôrn had the stone raised ... May (God) help his soul.
Öl 32,†SENTIDA ¬,†SENTIDA ¬
Öl 33,†$ [ubobb-... ¶ -f---... ¶ -u--... ¶ ...----------...],†$ ... ... ... ...
Öl 34,†SENTIDA [huør : søm : thæt·tæ : læs ¶ ta^næ : kirkia : hæta^r : ru^nastæ^n : ta^l : bø^r : so^cna:¶ha^ræ^n : ku^nnæ : ru^næ^r : læsæ : oc : s^crifuæ : hæc ¶ io : ola : calmarn],"†SENTIDA Whosoever reads this: this church is called Rúnasteinn. This the parish rector ought to know, to read and write runes. Johannes Olai Calmarnensis (wrote) this."
Öl 35,†$SENTIDA [la^uþatæ × þ^omin^um × in cimpalis × ¶ at × co^ro × la^uþatæ × æum × in × corþis ¶ æt × orka^no ÷],"†$SENTIDA Praise the Lord with timbrel and dance, praise him with strings and pipe."
Öl 36 $,× (h)[e]rfri[þ- ...-] × uiþbiurn × litu × raisa × stain × þina × at × fastulf × faþur sin ×× siklaug × lit × raisa aftiR : bunta × sin × han × iaR × krafin × i × kirikiu ×,"Herfríðr/Herfreðr and Viðbjôrn had this stone raised in memory of Fastulfr, their father. Siglaug had (it) raised in memory of her husband. He is buried in the church."
Öl 37 $ §P,olafR × auk × kamal × auk × sagsi × raistu + stain × þina × aftiR × [un × faþur × sin × kai](R)ui lit × at × bonta × sin × hiarsu[k] kubl þsi fiaRun olafR hefnt[i at miomu ati un hiar hal](f)an by §Q olafR × auk × kamal × auk × sagsi × raistu + stain × þina × aftiR × [un × faþur × sin × kai](R)ui lit × at × bonta × sin × hiarsu[k] kubl þsi fiaRun olafR hefnt[i at miom| |mu ati un hiar hal](f)an by,"Ólafr and Gamall and Saxi raised this stone in memory of Unn, their father. Geirvé had these monuments (raised) here in memory of her husbandman. Ólafr avenged Féar-Unn (Rich-Unn) at Mon(?). Unn owned here half the village. §Q Ólafr and Gamall and Saxi raised this stone in memory of Unn, their father. Geirvé had these monuments (raised) here in memory of her husbandman. Ólafr avenged Féar-Unn (Rich-Unn) in the middle of the heath(?). Unn owned here half the village."
Öl 38 $,... ...[-(þ)u]r sin kuþan,... his/her good father/brother.
Öl 39 $,× sua(i)(n) kiarþi × iftiR × sin × faþur × uikar × sun × ainiki × sialfR × raisti × stain ×,"Sveinn made in memory of his father, Víkarr, the only son raised the stone himself."
Öl 40 $,· kuþbratr auk suain raistu staina þina aftiR bruþr sina kuþa asualt auk h...f...,Guðbrandr and Sveinn raised these stones in memory of their good brothers Ásvaldr and ...
Öl 41,†$ [austain · auk · sahuatr · auk · aþuatr · litu · raisa · stain · þina · auk · bru · þsa · aftR · ayi · faþur · sin ul----],"†$ Eysteinn and Sighvatr and Auðhvatr had this stone raised and this bridge (made) in memory of Ávir(?), their father ..."
Öl 42,†$ [... þinsi · stain · iftir · suini · iairi...],"†$ ... this stone in memory of Sveini/Sveinir, ..."
Öl 43 $,kunbiarn : auk : su-... ... uk : [i(o)(h)]... ... ...rgil : faþur : sin : ... : goþan : g... ...tuar ris(t)[(i)] : runaR ... stain ...,"Gunnbjôrn and Sveinn ... and Jóhan ... Þorkell(?), their very(?) good father, ... Oddvarr(?) carved the runes ... stone ..."
Öl 44,i... ...iþur : kuþ : hilbi : siflu hans lis : ... iki,... father. May God help his soul. Read ... Hail(?) (Mary)
Öl 45 †,[...---þ----... ¶ ...luin--...],... ...
Öl 46 $,þuriR : auk : þurstain auk : þurfastr · þaiR : bryþr : raistu : stain : at : kunfus : faþur : sin : kuþ : hialbi siul : hans,"Þórir and Þorsteinn and Þorfastr, these brothers raised the stone in memory of Gunnfúss, their father. May God help his soul."
Öl 47 $,askutr × auk × (þ)-... ... ...-R × ...r sin × (a)u...in,"Ásgautr and ... ... in memory of their father(?), Eysteinn."
Öl 48 $ §P,...u ist[in · -t · sun · sin] ... §Q ... uist[in · -t · sun · sin] ...,... the stone in memory of his/her son ... §Q ... Vésteinn in memory of his son ...
Öl 49,†$ [... -uk · (i)orkil · litu · rata · stin · aftR · asþrn · sustur · sina · auk · (a)-... ... · ----...],"†$ ... and Jórkell had the stone erected in memory of <asþrn>, their sister, and ... ... ..."
Öl 50,$UTGÅR,$UTGÅR
Öl 51 $,liti · kuþ · sau... ... -...ratis,May God relieve (his) soul ... paradise.
Öl 52 $,... × kumbl × aiftiR ... ...-str auk × s...-ta × ...,... the monument(s) in memory of ... Christ and Saint ...
Öl 53 M,+ þer ÷ liker ÷ æln ÷ siata · totiR +,"There lies Elín, Sétti's daughter."
Öl 54,†$M [hævðen : þe ÷ mera ÷ mik ÷ givit : þt ÷ u^æret ÷ bætar ÷ skivit],"†$M Had they given me more, then (this) would be better written."
Öl 55,†$ [... ...uk × biurn × risu × kik × at aþ-aui × ...stal × -a-...],"†$ ... and Bjôrn raised me(?) in memory of ...-vé(?), ... ..."
Öl 56 $,esbiarn × auk × roþbiarn × let[u × reta × ... × uef--a-- × fa... ... koþan × auk × e]ftiR × þorbiarn [× broþur · sin · k]oþan ¶ [auk × kuþlauk eftiR],"Ásbjôrn and Hróðbjôrn had (the stone) erected ... <uef--a-->, their good father, and in memory of Þorbjôrn, their good brother, and Guðlaug in memory of (him)."
Öl 57,†$ [...--- + rn--a],†$ ... ...
Öl 58 †,[...],...
Öl 59 †,[... auk × ...],... and ...
Öl 60,†M [anastasius · andre...],†M Anastasius. Andreas(?)
Öl AA29;33 M,fuþorkh,<fuþorkh>
Öl ACTARC37;211,$M §A nþu(t)^s- §B þ-...-ola^un,$M §A ... §B ...
Öl ATA430/37;16,... : hialbi : a(n)... ...,... may (God) help (his) spirit.
Öl ATA4684/43A $,...a ' eftir ' eystei- boda ' sin ' kor-... ...,"... in memory of Eysteinn, her husbandman. Korpr ..."
Öl ATA4684/43B $,gyþa ' lit ' re... ...,Gyða had (this stone) raised ...
Öl ATA4684/43C $,... ...tiR ' sa-... ...a... ... guþa guþ hi... ant -...,... in memory of ... ... ... May God help (his/her) spirit ...
Öl ATA4684/43D,...r...,...
Öl ATA4684/43E $,...- saR × ris(t)... ...,... he(?) raised/carved ...
Öl ATA4686/43 $,× blakari × auk · k... + faþur · sin kuþan,Blákári and ... their good father.
Öl ATA4700/43,... bryþr · r-... ...,... brothers ... ...
Öl ATA4701/43,...ur × -uk ak-u... ... nuk abtiR × auþ... ...,... ... ... ... and in memory of Auðbjôrn(?) ...
Öl ATA4703/43 $ §P,... --k kuþ---r · li-u · resa st-- þ--- r... §Q þurlak ¶ ...(u)k ¶ kuþmuþr litu risa st... ... (þ)(u)rbia...,... and Guð-... had this stone raised ... §Q Þorlakr and Guðmóðr had the stone raised in memory of Þorbjôrn.
Öl ATA4705/43,...a · þi...,... ...
Öl ATA4375/56 $,... ...ftiR ÷ systu ÷ kunu ÷ si... ...,"... in memory of Systa, his wife ..."
Öl ATA4376/56A $,... ...ynt · sun s...,"... Eyndr, his/her son."
Öl ATA4376/56B $,... ...-r + (k)(o)-l ' faþur + sin,"... in memory of <ko-l>, his/her father."
Öl ATA4377/56A,...---m-a u---kirkra ...- na-i...,... ... ... ...
Öl ATA4377/56B,...,...
Öl ATA4378/56 $,...na : auk : ...,... and ...
Öl ATA4063/60,... ...alt × faþur × sin × han + s...,"... ...-aldr, his/her father. He ..."
Öl ATA4064/60A $,þo-... ... ...(t)u × ulf × hakua × seina,Þor-... ... had Ulfr cut the stones.
Öl ATA4064/60B,... ...-rbiu... ...,... Þorbjôrn ...
Öl ATA4064/60C,... ...uml × ...,... monument(s) ...
Öl ATA4976/70 $,°,°
Öl ATA3960/71,... uk · þur-... ...,... and Þor-... ...
Öl ATA2056/75A,=Öl_Köping9,=Öl_Köping9
Öl ATA2056/75B,=Öl_Köping74,=Öl_Köping74
Öl ATA2056/75C,=Öl_Köping74,=Öl_Köping74
Öl ATA6371/83 §A,... §B ...,... §B ...
Öl ATA423-2541-1996 §A,... §B ...,... §B ...
Öl ATA411-4568-1998A,...---...,...
Öl ATA411-4568-1998B $,... ...it ÷ reisa ÷ stein ÷ þ... ...,... had the stone raised ...
Öl ATA411-4568-1998C,... × eftiR + kuna + faþ-... ...-al...,"... in memory of Gunni, (his/her/their) father ..."
Öl ATA411-4568-1998D,... ...uk ' eimundr ' þ...,... and Eimundr ...
Öl ATA322-4215-2004,× suein ...,Sveinn ...
Öl ATA326-1087-2007 §A,-iiumi-- §B um-l--/um-t--,... §B ...
Öl BN57 $,... ...rgils · faþur · s-... ...,"... Þorgísl, his/her father ..."
Öl BN83 $,--run,...
Öl BN84 §A,a---f--aþlufalu---þr §B ---,... §B ...
Öl Fv1911;274A,$M ...tin kuna hia...b... ...,$M ... ... ... ...
Öl Fv1911;274B $,... ...ina ' eftiR ' sueinu ' boanta ' sin ' tr...,"... the stones in memory of Sveina, her husband. ..."
Öl Fv1911;274C,°,°
Öl Fv1917(2);27 $,°,°
Öl Fv1918(2);15 $ §P,× ilu × hain × okrl × þisa §Q × ilu × hain × a(k)ru(k) × þisa §R × -(t)| |(t)u × hain × a (k)rum × þisa §S × -(t)| |(t)u × hain × a- ruk × þisa,"From evil(?) (protect) this bachelor(?) (who owns this). §Q ... ... ... ... §R Eat you, whetstone, to your misfortune. §S Devour this ridge of the whetstone (on which the runes stand)."
Öl Fv1972;266 M,iohanes : --...-ena,Jóhannes ...
Öl Fv1972;268 M,io^n -afr ÷ smið,Jón/Jónn has crafted.
Öl Fv1973;202 M §A,fuþ(o)rk(h)nias §B (i)þboet(æ)-...,<fuþorkhnias> §B ...
Öl Fv1973;203 $,-o rif(i),... rib(?)/rib-bone(?)
Öl Fv1974;214,M? ur,M? ...
Öl Fv1976;96A $ §A,iii?ihii???asnuh?iinnsiiikous??????o? ¶ ?i?na??iii uk ·· i · kristr auk santa maria biargi §B þiR oluf ¶ biarguma^baukaRaukiRumarkaR ¶ franþiRinarkiotunulufaukþrymiantiþursaltit,... ... ... ... May Christ and saint Mary save §B you Ólôf. ... ...
Öl Fv1976;96B $ §A,þursikfahinþrihufþahinmiramultikafran ¶ manskunuhanatsaiþi §B oiþki ¶ sinhausuirtihaniloaumliþin,... ... §B ... ...
Öl KALM1982;57,ioar : au- : sbia- : auk : elifr : auk : bofi : þaiR : letu : ...-sa : stain R--...- faþ-r sin saifok,"Jóarr and Sjall and Eilífr/Eileifr and Bófi, they had the stone raised in memory of their father, Sæfúss."
Öl KLM22910,...i(m)it...,...
Öl Köping1,... riti : st-... ...-... ...(b) (×) (s)...,... erected the stone ... ... ...
Öl Köping2,... ...þ hialbi × henaR × salu × auk ...,... May God help her soul and ...
Öl Köping3,... bui × lit × r... ... sin ku...,... Búi/...-búi had (the stone) raised/erected ... his good ...
Öl Köping5,× k-...,...
Öl Köping7,þirui ' (r)i-... ... -aistu · at bruþur · sin,Þyrvé raised ... raised (it) in memory of their brother.
Öl Köping8,... : la...,... ...
Öl Köping9,...k---... ¶ ...f...,... ...
Öl Köping10,... ...- · st... ...,... in memory of(?) ... ...
Öl Köping11,°,°
Öl Köping12,... · ra... ...,... ... ...
Öl Köping13,...-t(a)...,...
Öl Köping14,...(r) × mest × a × -...,... the most in(?) ...
Öl Köping15,°,°
Öl Köping16,... × þorki... ...,... Þor-... ...
Öl Köping17,... biur... ...,... Bjôrn/...-bjôrn ...
Öl Köping18,...rmu-... ... ...n × iuk,... ... ... cut.
Öl Köping19,°,°
Öl Köping20,...(u)(r)(k)... ... ...-k × muþur × sina ... ...-albi × sial,... ... ... his/her mother. May (God) help (her) soul.
Öl Köping21,...uar lit ... þorkai... ...,<...uar> had ... Þorgeirr ...
Öl Köping22,...a at sui... ...,... in memory of Sveinn(?) ...
Öl Köping23,... ...- × suein × þaiR × retu ...,"... and(?) Sveinn, they erected ..."
Öl Köping24,°,°
Öl Köping25,°,°
Öl Köping26,× asi × ...,Ási ...
Öl Köping27,... × roþkerþa × a... ...,... Hróðgerða and(?) ...
Öl Köping28,...-urn × ...,Bjôrn/...-bjôrn ...
Öl Köping29,... × faþur × si... ...,... his/her father ...
Öl Köping30,... ...uk × santa × mari × auk × san(t)... ...,... and Saint Mary and Saint ...
Öl Köping31,°,°
Öl Köping32,...an ' ...,... ...
Öl Köping33,... : rita ...,... erected ...
Öl Köping34 §A,-ota × auk + m... ... §B ko(þ)... ...,Dóta(?) and ... ... §B Good(?) ...
Öl Köping35,...s-...--n--...,...
Öl Köping36,... auk ...,... and ...
Öl Köping37,...ir × eftiR ...,... in memory of ...
Öl Köping38,...-in × auk × þiula... ... at × faþu... ...,... and Þjóð-... ... in memory of (their) father ...
Öl Köping39,... ...r si × koþan × kuþ × ...,... his/her good father/brother. God ...
Öl Köping40,...þulfR × kiarþi × kumb- ...,...-ulfr made the monument(s) ...
Öl Köping41,i(a)... ... -uain · sun s... ...,"... ... Sveinn, his/her son ..."
Öl Köping42,°,°
Öl Köping43,°,°
Öl Köping44,... ...in × koþan × kuþ ...,... his/her good ... God ...
Öl Köping45,... ...-rimar : litu : r... ... sin ×,... Grímarr(?) had (the stone) raised/erected ... their ...
Öl Köping46,... ...u sina k...,... his wife(?) / his/her/their sons(?) ...
Öl Köping47,... hialbi an- × ha(l)-... ... ha-...,... May (God) help <hal-...>'s spirit. ... ...
Öl Köping48,... ...R × suain × bont... ...,"... in memory of Sveinn, (her) husbandman ..."
Öl Köping49,... ...(t)ain × eftiR × biarn × sun × sin × kuþ ...,"... the stone in memory of Bjôrn, his/her son. God ..."
Öl Köping50,... ulfr -... ...i : stain : ...,... Ulfr ... raised/erected the stone ...
Öl Köping51,... ...ftiR × ku(n)... ...,... in memory of Gunn-.../wife ...
Öl Köping52,þoriR × a... ... ...a ¤ faþur × sin × h...,Þórir and ... ... his father. ...
Öl Köping54,... ...it × raisa × stai- ... ...oanta × sin × ku(þ) ...,... had the stone raised ... her husbandman. God ...
Öl Köping55,... ...ftiR × haralt × faþur × ...,"... in memory of Haraldr, (his) father."
Öl Köping56,... ...kstain : faþur : sin : k-... ...,"... Sigsteinn(?), his good father. / his father. God ..."
Öl Köping57,... ...a × stain × eftiR × sigstain × faþur × sin × auk × h...-k(a) ...,"... (had) the stone ... in memory of Sigsteinn, his father, and Helga(?)/Helgi(?) ..."
Öl Köping58,... ...(t)ain · þinsa · abtiR · b-...,... this stone in memory of ...
Öl Köping59,... ...aisa × ... ...-- ' (h)...-...,... raised ... ... ...
Öl Köping60,... ...n f-(þ)-... ...,... ... father ...
Öl Köping61,... at ...,... in memory of(?) ...
Öl Köping62,...-rtr ' kiar... ...,... made ...
Öl Köping64 †,[... ...karþi × mo(þ)(u)... ...],"... ...-gerðr, mother ..."
Öl Köping65 †,[... ...org · ...],... ...-bjôrg ...
Öl Köping66 †,[... rit- ...],... erected ...
Öl Köping68,fruþi × ...--------- × karl × auk ...-...-...-- faþur · sin kuþan,Fróði ... Karl and ... their good father.
Öl Köping69,... ...-uk : þaiR bruþr · litu · reisa · stain eftiR · skuka ...,... and his(?) brothers had the stone raised in memory of Skógi ...
Öl Köping70,... ...(a)isa × stain × ef--... ...,... (had) the stone raised in memory of ...
Öl Köping71,... ...rn × lit × raisa × -...,... Bjôrn(?)/...-bjôrn(?) had (the stone) raised ...
Öl Köping72,°,°
Öl Köping73,°,°
Öl Köping74,[...-R lit ' r...] ... ...- ÷ sina ÷ k...,... had (the stone) raised/erected ... ... their/his ...
Öl NOR1987;10,$M §A e^riku- --- §B gus hus gatt,$M §A Ericus ... §B Protect(?) God's house.
Öl NOR1997;31,$M a(b)cdefghiklmno(p)k(r)(s)----...,$M <abcdefghiklmnopqrs...>
Öl NOR2002;37,... (:) þ-na : eft... ... ¶ ... -uþ : au- -...,... (had) this (stone raised) in memory of ... ... God(?) and(?) ...
Öl NOR2003;26,U/V ' HAin ',U/V Whetstone.
Öl RäpplingeRaä278,=Öl_NOR2003;26,=Öl_NOR2003;26
Öl SAS1989;43 §A,× hir| |risti| |ik þiR birk ¶ bufi miR fultihu ¶ þis þe|R| |e|R uis in bra| |al¶ti| |ilu fran bufa þor keti h¶ans miR þem hamri sam huR §B hafi kam fly fran iluit ¶ feR eki af bufa kuþ iRu ¶ untiR hanum auk yfiR han¶um,"Here I carve(d) protection for you, Bófi, with/... ... ... to you is certain. And may the lightning hold all evil away from Bófi. May Þórr protect him with that hammer which came from out §B of the sea(?). Flee from evilness! You/it get/gets nothing from Bófi. The gods are under him and over him."
Öl SHM1304:1836:64,ns----a,...
Öl SK128;288,=Öl_SvK128;288,=Öl_SvK128;288
Öl SvK128;288 $ §A,...ni... §B ...s · ka--...,... §B ... ...
Öl UVÖst2006:42;204 M §A,...s ÷ elieeliu...þ ÷ uentus ¶ ... nunc ÷ kristus ÷ §B ...næs × -----,... ... uentus ... nunc Christus §B ... ...
Ög 1 $,°,°
Ög 2,-i(o)(l)ui : aok : þ--:... ...eiR : ...(r)uþr : le(t)u ... ... ... : uif(a)s(t) ... sin :,Kjôtvi(?) and Þor-... these brothers had ... ... ... Véfastr ... their
Ög 3 †,[... ...--þiR × stin × þisin × iftR × fasta sun isn × k...- : hibuR ...],"... ... this stone in memory of Fasti, his son. May God(?) help(?) ..."
Ög 4 †,[...-nar : a-- ... ... ...þur : sina],Gunnarr and ... ... their mother.
Ög 5 $,... þesi : eftiR : asu : : kun(u) : s(i)na :,"... this (stone) in memory of Ása, his wife."
Ög 6 $,... : þesa : ... ... : bru... ...,... this ... ... brother ...
Ög 7,°,°
Ög 8 $ §A,stikuR (') karþi kubl þ(a)^(u) aft auint sunu sin ' sa fial austr §B miR aiuisli ' uikikR faþi auk| |krimulfR,"Stigr/Styggr made these monuments in memory of Eyvindr, his son. He fell in the east §B with Eivísl. Víkingr coloured and Grímulfr."
Ög 9,... ...- (:) rista : s(i)tn : þisa : e(f)(t)ir : asu : muþur : sin...,"... ... (had) this stone carved in memory of Ása, his mother."
Ög 10 $,...--- : auk kair--- litu : kiara : brou : þasi ... ...-- litu risa stin : þisa : aifR s:kar/s:karf| |f-ita : sin kuþan,"... and Geir- had this bridge made ... ... had this stone raised in memory of Sker/Skarfr, their good kinsman."
Ög 11,· aystin · risþi · stin · þena · eftiR · þuri · faþur · sin ·,"Eysteinn raised this stone in memory of Þórir, his father."
Ög 12,°,°
Ög 13,× sikstin × risti × sti[n × þinsa × iftiR × i]-ui × faþur × sin ×,"Sigsteinn raised this stone in memory of <i-ui>, his father."
Ög 14,+ ruaR + rasti + stan + þasi + aftiR + iarna + sun × sin +,"Hróarr raised this stone in memory of Jarni, his son."
Ög 15 †,[...r risþi ... ... ... ...ut buta sin n...],... raised ... ... ... ... her/his capable(?) husbandman.
Ög 16 †,[sufur : ris... ... ... ... ... ...uþur : sin :],Syvurr raised ... ... ... ... his brother.
Ög 17 †,[:+: ufraþr : kuþulfR auk : i... ... ... eftiR : sig:biarn : faþur : sin : kuþ],"Ofráðr, Guðulfr and ... ... ... in memory of Sigbjôrn, their good father."
Ög 18 $,utar ...isþi stin þi-- --tiR iafra uk uik × bruþr · sina ·,"Óttarr(?) raised this stone in memory of Jafri and Vígr, his brothers."
Ög 19,... · [a](u)[k]...,... ...
Ög 20 $,× hulmkiR : auk · branti : þaiR · raisþu : stin · þ(i)na · iftiR · kiulik × faþur : sin ·,"Holmgeirr and Brandi, they raised this stone in memory of Kjallakr/Kjullakr, their father."
Ög 21 $,sin : riti : itin : þina : iftR : brun : sun : sin nu,"Sveinn/Steinn/Seinn erected this stone in memory of Brún, his capable(?) son."
Ög 22,× asbiurn × auk × þiR ali × auk × urykia × raistu × stain × eftiR × þurkut + faþur · sin ×,"Ásbjôrn and Áli/Alli and Órœkja, they raised the stone in memory of Þorgautr, their father."
Ög 23 †,[þurlakR : lit : raisa : stain : þina : eftiR : rouþa : faþur : sin : auk : eftiR : kuna :],"Þorlakr hadthis stone raised in memory of Rauði, his father, and in memory of Gunni."
Ög 24,... ...faiR raif,... in memory of Reifr.
Ög 25 †,[stuþikR × raisti × stain × þonsa × iftiR × iarli × buruþur × sin ×],"Styðingr/Stœðingr raised this stone in memory of Jarli, his brother."
Ög 26 $,× anuntr × raisti × stain × þa-... ...ftiR × utr × sun × sin ×,"Ônundr raised this stone in memory of Otr/Oddr, his son."
Ög 27 †,[þuriR · sati · stain · at · þialfar · faþur · sin · iaR · stranti · a · kautaun ·],"Þórir placed the stone in memory of Þjalfarr, his father, who landed in <kautaun>."
Ög 28 †,[... sun · iaR buki · a · kautaun ... truista · sina],"... son, who lived in <kautaun> ... his/her husbandman(?)."
Ög 29,· asa · lit kiarua · kuml · eftiR · þorkesl · bonta · sin · auk · þorkun · eftiR × faþu · sin,"Ása had the monument made in memory of Þorgísl, her husbandman, and Þorgunnr in memory of her father."
Ög 30,: siksten : let : rasti : stain : þe(n)... : eftiR : ikuar : sun : sin : han : uarþ : austr : tauþr :,"Sigsteinn had this stone raised in memory of Ingvarr, his son. He died in the east."
Ög 31 $,frustin : riti : stin : þina : iftR : sikmut : uk : ukitRi : an ua : burþ,"Freysteinn erected this stone in memory of Sigmundr, and less pleased (i.e. saddened) he bore the sorrow/he conveyed his brother."
Ög 32 $,sin · uk (:) þurburn : uk : satar : þR : ritu : stin : þina iftR · þurkl · brþr · sin · su(n) (·) s(i)--m,"Sveinn/Steinn/Seinn and Þorbjôrn and Sandarr, they erected this stone in memory of Þorkell, his (ie Torbjôrn's) brother, son of <si--m>."
Ög 33 $,... ... ...-a : iftiR : saibiurn ÷ faþur ÷ sin,"... ... ... in memory of Sæbjôrn, his father."
Ög 34 $,lhifuntr : raisþi : sten : þana : iftiR : un : bruþur : sin,"Hlífundr raised this stone in memory of Unnr, his brother."
Ög 35,$M [biþeom · uara · patær ...]ær · ha[ns · sial · til · ro · ok · til · naþa :+:] ok · raþborh[a^r ·] sia^l :+: guþ · gævi · þera · sial · himiriki,$M May we pray our paternoster for the peace and mercy of his soul and Raðborg's soul. May God give heaven their soul.
Ög 36 †,°,°
Ög 36B †,°,°
Ög 37 †,[...þ : þna : stn : aok : ...],... this stone and ...
Ög 38,ikuar sati stain,Ingvarr placed the stone.
Ög 39,†M [ehr ÷ ligr ÷ brutt^e ÷ a ih÷nastatum ÷ ok ÷ kiløh ÷ biþhum ÷ uara ÷ bat^r n÷oster ÷ þera s÷ha^l ÷ til ÷ ro ÷ ok ÷ til ÷ n^aþa o^k ÷ a^llum ÷ kristn-m ÷ sha^llum],†M Here lies Broddi in Hringstaðir(?) and Gillaug. May we pray our paternoster for the peace and mercy of their soul and of all Christian souls.
Ög 40,†$ [hulfi × iarþi × kuml × þusi × eftiR × ia... faþur·bruþur sin × uk × iftiR eskil × br-...],"†$ Holfi made these monuments in memory of Jarl(?), his father's brother, and in memory of Áskell, (his) brother."
Ög 41 †,[kitar : auk : beiR : bro... ... ... ...uþ : hialbi : sialu : hans],Gautarr(?) and his brothers(?) ... ... May God help his soul.
Ög 42 $,rulufR : resþi : stin : þana : eftiR : þu(r)stin/þu(þ)stin : sun : sin :,"Hrólfr raised this stone in memory of Þorsteinn/Þjóðsteinn, his son."
Ög 43,÷ salsi karþi sul ÷ D ÷ skut- - þ--a hiu ×,Sôlsi(?) made(?) the sun(?). Dagr(?) cut(?) this(?) on the cliff-face.
Ög 44 †,[karli : raisti : stin : þansi : aiftR : karal : faþur : sin :],"Karli raised this stone in memory of Karl, his father."
Ög 45,: harþi : auk : sikrif : litu : haukua : haili : þaisi : auk : kairþu : buru : þaisi : aiftiR : nan : buþur : sin :,"Harði and Sigreifr had this rock-slab cut and made this bridge in memory of Nannr, their brother."
Ög 46,+ uibarn + risti + sten + þisa × iftiR + sulfu + bruþur + sin +,"Vébjôrn raised this stone in memory of Sylfa/Sôlva, his brother."
Ög 47 $,· þurfi(r)iþa · risti : stin · þinsi : aftiR : isikl : faþur · sin · auk · asbun : buru · sin ·,"Þorfríða raised this stone in memory of Áskell/Ísjôkull, her father, and Ásbjôrn, her brother."
Ög 48,°,°
Ög 49,$M [+ ges : krist : þn ¶ alt ma :] siali : (æ)(s)(u) [sial] ¶ i þn nistiaa : i ste(n)n lik a ka,"$M Jesus Christ, who is capable of all, may bless Ása's soul. In <þn> <nistiaa>, into the stone the corpse have to go."
Ög 50 †,[...uiitiu...],...
Ög 51 $,[barkuiþR : karþi : stin : þena] ... (u)fiR : (u)...[hriþ : koþ : hialbi : sihol : hans :],Bergviðr/Barkviðr made this stone over ...-røðr. May God help his soul.
Ög 52 $,... (a)uk : þeiR · b(r)[uþr let]u : l(e)... ... : þa(n)[a yfiR · i]orilt- -os...(a)(n),... and these brothers had this ... laid over Jórhildr(?) ...
Ög 53,†$ §P [sueiniþ · nk nk... ... ... ... uiRtnr g(u)þ : hia(b)i : sia(l)(u) suein inl hk] §Q [suein inlhk skeiniþ · nk nk... ... uiRtnr g-þ : hia-i : si(e)nb],†$ §P Sveinheiðr(?) and Inga(?) ... ... ... Eyvindr(?) May God help (his) soul. Sveinn(?) cut(?) the rock-slab.(?) §Q Sveinn ... ... ... ... ... ... May God help ...
Ög 54,... auk : as-... ... ... ... sin,... and Ás-... ... ... ... his.
Ög 55,°,°
Ög 56,: ualtrikr : lahþi : stin : þi... ...,Valdríkr laid this stone ...
Ög 57 M,asmutær (:) gæþi : tRr þasar (:),Ásmundr made this door.
Ög 58,†$ °,†$ °
Ög 59 †,[...n : s-n ai--þ-i-i],... ... ...
Ög 60 †,[turi : sati : stin : þonsi : aftir : askut : bruþur : sin : iar : barþi : iattin : þikra : i : iatustun : auk : brunia : fik : harþa : kuþan ·],"Dýri(?) placed this stone in memory of Ásgautr, his brother, who lived(?) in Jôtunstaðir(?) and Brúni, a very good valiant man.(?)"
Ög 61,: sirun : raisþi : stain : eftiR : ausburn : faþur : sin :,"Sigrún raised the stone in memory of Ásbjôrn/Austbjôrn, her father."
Ög 62 $,[eystin : rais-i : sti-] ... ...tiR : iskil : bruþur : sin :,"Eysteinn raised the stone ... in memory of Áskell, his brother."
Ög 63,saþ(u) + þati + tiþtku + su(i)(t) × (a)(f)(h)l × Rtst × fa si,... ... ... ... ... ... ... ...
Ög 64 $,trikiaR + risþu + stin + þisi + aft + krib kilta + sin + lufi + rist + runaR + þisR + iuta + sunu,"Valiant men raised this stone in memory of Greipr, their guild-brother - Lófi carved these runes - Júti's son."
Ög 65 †,[... (l)·et ...a-ua -...ml : if-...- ...-il-ti -u-u s--·a -... ...],"... had the monument cut in memory of Ragnhildr, his wife ... ..."
Ög 66 $,: ikiualtr : ristþi : stin : þisi : eftiR : stufialt : bruþur : sin : suain : halkuþan : sun sbialbuþa : it : inik : ant,"Ingivaldr raised this stone in memory of Styfjaldr, his brother, an excellent lad, the son of Spjallboði. I proclaim the promise fulfilled."
Ög 67,sirkir × resþi × stin × þana × eftR × karna,Sverkir/Sørkvir raised this stone in memory of Geirni/Karni/Garni.
Ög 68 $,suina × karþi × bru × þesi × eftiR × ouint × bruþur × sin × han × uas × uesteR × tauþeR × i × uereks × (k)ai-i,"Sveina made this bridge in memory of Eyvindr, his brother. He died in the west on Væringr's ..."
Ög 69 $,[·] ki... ...þur,... ...
Ög 70 $,[b]uþ[i ·] ur[þ]... t[(u)(s)]ti + auk × tuki + þiR (b)... -- ... eftR þu(r)ku[(t) ...þu si],"Boði(?) ... Tosti and Tóki, these brothers ... ... in memory of Þorgautr, their father."
Ög 71,†$ [luki · risþi · stin · þansi · yftiR · auno sin · bruþur],"†$ Lokki/Illugi raised this stone in memory of Auni, his brother."
Ög 72 †,°,°
Ög 73 $,... ...ml : þe[s]a : ef[i]R : [su]ein : [þ]-[(n)i : f]... ...,... these monuments in memory of Sveinn ... ...
Ög 74 $,[k]u[n]sein : [iklen]... ... ...þ : halbi : siaol : hen[i]R :,Gunnsteinn(?) ... ... May God help her soul.
Ög 75 $,... -umbl : þata : (y)fiR : sikrun : moþu... -(i)n- : kuþ : hia-... ...,"... this monument over Sigrún, his mother. May God help ..."
Ög 76 †,[... : þeR : la-... ...],... they laid(?) ...
Ög 77,: tuna : sati : stin : þ-... --tR : sin : uar : þurfast : uas han : man : mist : uniþik ·,Tunna/Tonna placed this stone in memory of her husband Þorfastr. He was the most unvillainous of men.
Ög 78,†$ [... -oþan :],†$ ... good
Ög 79 †,[...iau... ...it... ¶ ...k...],... ... ...
Ög 80 †,°,°
Ög 81 $ §A,· þukir · resþi · stin · þansi · eftiR · asur · sen · muþur·bruþur · sin · iaR · eataþis · austr · i · krikum · §B · kuþr · karl · kuli · kat · fim · syni · feal · o · furi · frukn · treks · asmutr · aitaþis · asur · austr · i krikum · uarþ · o hulmi · halftan · tribin · kari · uarþ · at uti · §C auk · tauþr · bui · þurkil · rist · runaR ·,"Þorgerðr(?) raised this stone in memory of Ôzurr, her / Ôzurr Seinn, her mother's brother. He met his end in the east in Greece. §B The good man Gulli got five sons. The brave valiant man Ásmundr fell at Fœri; Ôzurr met his end in the east in Greece; Halfdan was killed at Holmr (Bornholm?); Kári was (killed) at Oddr(?); §C also dead (is) Búi. Þorkell carved the runes."
Ög 82,: þurkil (r)(i)-- ---- (þ)(a)s(i) (i)ftiR · uint · tusta · sun · iaR · ati · hug¶bu :,"Þorkell carved(?) ... this in memory of Eyvindr, Tosti's son, who owned Haugbýr."
Ög 83 $,· þura · sati · stin · þasi · aftiR · suin · sun · sin · Rs · uRstr · o · ualu,"Þóra placed this stone in memory of Sveinn, her son, who died in the west in <ualu>."
Ög 84 †,[þurkil · (u)(k) · ilka × þau × risþtu × sin],"Þorkell and Helga, they raised the stone."
Ög 85 †,[hilf · risþi s-... ...-i × iftiR × þuri],Helfr raised this stone in memory of Þórir.
Ög 86 †,[... ... ...tein : þensa : ef--... ...ktun : faþur : ...],"... ... this stone in memory of Halfdan(?), (his) father ..."
Ög 87,°,°
Ög 88,· austin · risþi · stin · ayftiR · kata · frita · sin ·,"Eysteinn raised the stone in memory of Káti/Gaddi, his kinsman."
Ög 89,urmar : risti kuml : iftR : eskil · bruþur · sin ·,"Ormarr raised the monument in memory of Áskell, his brother."
Ög 90,× ketil + -... ... ... ...-s + frita sin,Ketill ... ... ... ... his kinsman.
Ög 91 $,yuia · rit · stin · þa-- · yti · a-mu · sustr,"Órœkja(?)/Eyja(?) raised this stone in memory of Amma(?), (his) sister."
Ög 92 †,[kit^ulfR · uk · suin risþu · stin · þonsi · ifti bruna faþur sin],"Gautulfr(?) and Sveinn raised this stone in memory of Brúni, their father."
Ög 93,: þiuþreiþr : reisþi : stein : þisa : eftiR : biurn : buta : sin : aR : uarþ · hauin ·,"Þjóðheiðr raised this stone in memory of Bjôrn, her husbandman, who was cut down."
Ög 94 $,: askata : auk : kuþmutr : þau : risþu : kuml : þ[i](t)a : iftiR : u-auk : iaR : buki| |i : haþistaþum : an : uaR : bunti : kuþr : taþr : i : ki[(r)]k[(i)(u)(m)],"Ásgauta/Áskatla and Guðmundr, they raised this monument in memory of Oddlaugr(?), who lived in Haðistaðir. He was a good husbandman; (he) died in Greece(?)"
Ög 95 †,[...uk × þan × b...],... ...
Ög 96,þurstin × risþi [× s]tia × þaasi × eftiR × ymut × bruþu[r×]sua × sia,"Þorsteinn raised this stone in memory of Eymundr, his brother's son."
Ög 97,kuþmuntr × risþi × stin × þnsa × eftiR × uistin × faþur × sin × kuþ × hialbi × hans × saul ×,"Guðmundr raised this stone in memory of Vésteinn, his father. May God help his soul."
Ög 98 $ §A,... ris... · stin · þansi · iftiR · -uruk · sin · [f]aþ-... ... §B iri...-i,"... raise this stone in memory of Krókr(?), his father ... §B ..."
Ög 99 $,kiRmutr · auk : anutr · þiR ristu : st(i)n : þisa : iftR : suta : faur : sin : biarki : kuþ saul : has,"Geirmundr and Ônundr, they raised this stone in memory of Sóti, their father. May God save his soul."
Ög 100,suain nuk suainal[tr · ra]istu ... ... ... ...l faþur ...,Sveinn and Sveinaldr raised ... ... ... ... father ...
Ög 101 †,[... litu · kiar... ... · iskii ...],... had made ... Áskell ...
Ög 102 $,+ sinkR : let --... ... ... eftiR : friþelfi : kunu : sina : kuþ hialbi : sialu [h]inaR,"Sínkr had ... ... ... in memory of Friðelf, his wife. May God help her soul."
Ög 103,tufi : raisti : stain : þinsi · iftiR : liþbufa · faþur · sin ·,"Tófi raised this stone in memory of Lið-Bófi, his father."
Ög 104 $,: ruþr : risti : stin : þinsi : iftiR : tuk- : bruþur : sin : saR : uarþ : trbin : a : ilati : triR : arþa : kuþr :,"Rauðr raised this stone in memory of Tóki, his brother, a very good valiant man, who was killed in England."
Ög 105 $,þurstin : risti : stin : iftiR : uista : faþur sin : buta : nutan : aR : uaR : han : sun : kisa :,"Þorsteinn raised the stone in memory of Véseti, his father, a capable husbandman, who was Gísi's son."
Ög 106,: þu-... ...,... ...
Ög 107,... ...(t)i : baþa : istina : at : i... ...,... raised both stones in memory of ... ...
Ög 108,... ...isþi : a-... ...,... raised in memory of ...
Ög 109,· smiþr · risþi · stin · eftir · onut · sun · sin ·,"Smiðr raised the stone in memory of Ônundr, his son."
Ög 110,... ...-- · iftiR : suni × sina · (h)... ...,... ... in memory of his sons ... ...
Ög 111 $,· uirikR : resti : stan : eftiR : þialfa : bruþur : sin : trak : þan : aR · uaR · miR · knuti :,"Væringr raised the stone in memory of Þjalfi, his brother, the valiant man who was with Knútr."
Ög 112 †,[uluf × risþi × stin × þisi × iftiR × hufi × buta × sin × kuþan],"Ólôf raised this stone in memory of Hofir/Høfir/Hyfir, her good husbandman."
Ög 113,: uerun : let : resa : sten : þena : eftiR : bofa : sun : sin : aouk : eftiR : eskerþi : totur sina kuþ : hiulbi : seol : þeRa,"Vérún had this stone raised in memory of Bófi, her son, and in memory of Ásgerðr, her daughter. May God help their souls."
Ög 114,†$ [... : if-... ...],†$ ... in memory of ...
Ög 115,...s-- : f(R)-- : ...þa--- : ...,... ... ... ...
Ög 116,°,°
Ög 117 $,...uiR ÷ baþ [÷] t[io ÷ stin ÷] (þ)(i)(n)... ...---a ÷ --h(a)--- : --(u)-...,...-vér ordered this stone be fashioned ... ... ...
Ög 118,· kunar · auk · emikr · restu · sten · þana · eftiR · faþur · sin · bersen · auk · utar · bruþur · sin ·,"Gunnarr and Hemingr raised this stone in memory of their father Bergsveinn and Óttarr, their brother."
Ög 119 †,[sikton : riti stin · þoi · iftir · ufata · faþur · sin buta · kuþ],"Sigdan erected this stone in memory of Ofæti(?), his father, a good husbandman."
Ög 120 †,[krimuluf · resti · sten · iftR · þurburn · faþur : sin ·],"Grímulfr raised the stone in memory of Þorbjôrn, his father."
Ög 121,asm(u)(t)(r) · auk · þeR · bruþr · restu · sten · þani · eftiR · sarta · faþur · sia ·,"Ásmundr and his brothers raised this stone in memory of Svarti, their father."
Ög 122,†$ [anunR : risti : ifti : harþin(a) : bruþi sin · kuþan : trik · hala : uais],"†$ Ônundr raised in memory of Harðini(?)/Harðenni(?), his brother, a good valiant man, very(?) renowned(?)."
Ög 123 †,[þuri : rsti · stin · eftiR · tumi · sun · sin],"Þórir raised the stone in memory of Tumir/Tummi/Dómi, his son."
Ög 124,†$ [utaRa · sati · stin · þina · iftiR : kitil : faþur · sin],"†$ Óttarr/Ótama placed(?) this stone in memory of Ketill, his father."
Ög 125 †,°,°
Ög 126 †,°,°
Ög 127 †,[hua · lat · ri... ... ...ur · sin ·],<hua> had raised/carved ... ... his.
Ög 128,: santau × lit × risa × stain × þinasa × iftiR × fasta ¤¤ bunta ¤ sin × auk × bruþ × sina + tua + kuþmunt :: auk + sikbiurn,"Sandey had this stone raised in memory of Fasti, her husbandman, and her two brothers Guðmundr and Sigbjôrn."
Ög 129 †,[kuþurn : auk : sikstain : auk : kiRi : þaiR : ristu : stain : aftiR : ulaf bruþur sin],"Guððorn and Sigsteinn and Geiri, they raised the stone in memory of Ólafr, their brother."
Ög 130 †,[iuar : raisti : iftiR : anari : þutR : sin : trik : kuþan :],"Jóarr/Ívarr raised (the stone) in memory of Einarr, his brother(?), a good valiant man."
Ög 131 $,· þurkiR : resþi : kuml : þusi : eftiR : onut : konb : faþur : sin :,"Þorgeirr raised these monuments in memory of Ônundr Moustache, his father."
Ög 132,hulmstein : reisþi : stein : þena : auk : bru kiarþi : eftiR : miur : faþur : sin : iR : buki : i : iatunstaþum :,"Holmsteinn raised this stone and made the bridge in memory of Myrr(?) (The Ant ?), his father, who lived in Jatunstaðir."
Ög 133,: brutr : reisþi : stein : þesa : eftiR : sagsa : faþur : sin : auk eftiR : ut : bruþur : sin : kuþ : hialbi : þeim,"Broddr raised this stone in memory of Saxi, his father, and in memory of Oddr, his brother. May God help them."
Ög 134 $,finuiþrR · sati ... þansi · eft... ...,Finnviðr placed this ... in memory of ...
Ög 135 $,: skaukR × auk : asur : reisþu : stein : þisa : eftiR · kak · faþur · sin ·,"Skáungr(?) and Ôzurr raised this stone in memory of Kagr(?)/Gagr(?), their father."
Ög 136 $ §A,aft uamuþ stonta runaR þaR + ¶ (i)n uarin faþi faþiR aft faikion sunu ¶ sakum| |mukmini þat huariaR ualraubaR uaRin tuaR ¶ þaR suaþ tualf sinum uaRin| |numnaR t ualraubu ¶ baþaR somon o umisum| |monum ' þat sakum ona¶rt huaR fur niu altum on urþi fiaru ¶ miR hraiþkutum auk tu ¶ miR on ub sakaR ¶ raiþ| |þiaurikR hin þurmuþi stiliR ¶ flutna strontu hraiþmaraR sitiR nu karuR o §B kuta sinum skialti ub fatlaþR skati marika §C þat sakum tualfta huar histR si ku¶naR itu| |uituoki on kunukaR tuaiR tikiR sua¶þ o likia + þat sakum þritaunta huariR t¶uaiR tikiR kunukaR satin t siulunti fia¶kura uintur at fiakurum nabnum burn¶(i)R fiakurum bruþrum + ualkaR fim ra^þulfs| |su¶niR hraiþulfaR fim rukulfs| |suniR hoislaR fim haruþ¶s suniR kunmuntaR fim (b)irnaR suniR × nuk m--- (m)-- alu --(k)(i) ainhuaR -þ... ...þ ... ¶ ftiR fra ¶ saGwM| |MOGMEni (þ)aD HOaR iGOlD¶(i)Ga OaRi GOlDin D GOonaR HOsli ¶ airfb<sakum>| |<mukmini>bfrbnhn finb<uaim> an<si> tfbnh<burin>| |<niþ>hnu¶R troki uilin is þat + rhfþ<knuo> rhis<knat>¶i| |iatun uilin is + þat <(n)(i)(t)> §D <-akum| |mukmini þur> §E <si>bi <ui>a<ua>ri §C <ul niru>þR,"In memory of Vámóðr stand these runes. And Varinn coloured them, the father, in memory of his dead son. I say the folktale / to the young men, which the two war-booties were, which twelve times were taken as war-booty, both together from various men. I say this second, who nine generations ago lost his life with the Hreidgoths; and died with them for his guilt. Þjóðríkr the bold, chief of sea-warriors, ruled over the shores of the Hreiðsea. Now he sits armed on §B his Goth(ic horse), his shield strapped, the prince of the Mærings. §C I say this the twelfth, where the horse of Gunnr sees fodder on the battlefield, where twenty kings lie. This I say as thirteenth, which twenty kings sat on Sjólund for four winters, of four names, born of four brothers: five Valkis, sons of Ráðulfr, five Hreiðulfrs, sons of Rugulfr, five Háisl, sons of Hôrðr, five Gunnmundrs/Kynmundrs, sons of Bjôrn. Now I say the tales in full. Someone ... I say the folktale / to the young men, which of the line of Ingold was repaid by a wife's sacrifice. I say the folktale / to the young men, to whom is born a relative, to a valiant man. It is Vélinn. He could crush a giant. It is Vélinn ... §D I say the folktale / to the young men: Þórr. §E Sibbi of Vé, §C nonagenarian, begot (a son)."
Ög 137 M,...,...
Ög 138 †,°,°
Ög 139 †,[: rikulfR : lel kiaru : kumbl : þesi · eftnR kiarþar · faþur · sih kuþ : hialbi : aout ih...i :],"Ríkulfr had these monuments made in memory of Gerðarr, his father. May God help (his) spirit ..."
Ög 140 †,[... eftaR : suin : butn ...],"... in memory of Sveinn, husbandman(?) ..."
Ög 141 †,[...r : -uk : ku... ¶ ... : if-R : hi...],... and ... ... in memory of/over ...
Ög 142 †,[: uekil : risþi : stin : eftR : hrmuþ : foþur : sin],"Vékell raised the stone in memory of Hermóðr, his father."
Ög 143 †,[sueni · risþi : stin : þesi : eftiR : kut : bruþir : sin :],"Sveini raised this stone in memory of Gautr, his brother."
Ög 144,...l : reisþi (:) stein : þena : eftiR : helga : faþur : s...,"... raised this stone in memory of Helgi, his father."
Ög 145,... ...ur : sin : eR : furs : ... hilfnai : (a)(u)str,"... his father/ brother, who perished ... troop(?) in the east."
Ög 146 $,× ufraþ × siti skin ... (r)ulf (f)aur sin × rkil uk ... ...k stin þina +,"Ofráðr placed the stone ... Hrólfr/-ulfr, his father. Arnkell and ... cut this stone."
Ög 147,suin · auk · satar · þa[im ·] kirþu s(b)akaR · iftiR · fukla · br(u)þur·sun · sin,"Sveinn and Sandarr, they made foot-bridges in memory of Fugli, their brother's son."
Ög 148,: hlga : resti : stein : þasi : ftiR : asmut : sun : sin :,"Helga raised this stone in memory of Ásmundr, her son."
Ög 149,...kun : auk : sikstain : raisþu : eftiR : hrulf : faþur : sin : ...tain : þonsi,"Hákon(?) and Sigsteinn raised this stone in memory of Hrólfr, their father."
Ög 150,: kuina : auk : þurun : auk : þur... ... ... ... sin : auk : kuna : e... ...,Gunna/Gynna and Þórunnr and Þor-... ... ... their ... and Gunna in memory of ...
Ög 151,tur...rn rti · stun þansi · ufti × u(i)(s)(þ)i uis × broþu...,"Þorbjôrn(?)/Dýrbjôrn(?) raised/erected this stone in memory of <uisþi>, Sveinn's brother."
Ög 152,[: iluhi : l]it : raisa : stain : þina : aeftiR : sihstain : faþur:faþur : sin : leti : kuþ : saul :· hans :,"Illugi had this stone raised in memory of Sigsteinn, his father's father. May God relieve his soul."
Ög 153,hruRikR risþi stain þansa aftiR fruþa auk asbaun suau sina ×,"Hrœríkr raised this stone in memory of Fróði and Ásbjôrn, his sons."
Ög 154,aosa : lit : kiara : kumb[l þita : eftiR : auar : faþur :] (s)in : kuþan : kuþ : ialbi : selu : auars :,"Ása had this monument made in memory of Eyjarr, her good father. May God help Eyjarr's soul."
Ög 155 $,þurfriþ × risti × eftiR × askut × auk × kauta sunu × sina × stin × þasi × han × kuti × etaþis × i × ikuars × hilfniki ×,"Þorfríðr/Þorfreðr raised this stone in memory of Ásgautr and Gauti, her/his sons. Gauti met his end in Ingvarr's troop."
Ög 156,· tola · lit · reisa · stein · eftiR · þorlak · sun · sin ·,"Tóla had the stone raised in memory of Þorlakr, her son."
Ög 157 $,--ti- + karþi × br(u) + þasi + a-tiR + hemkil + auk · siba sunu × sina,"<--ti-> made this bridge in memory of Heimkell and Sibbi, her sons."
Ög 158 $,suartufþi × rasti × stain × þisa × iftiR + uiktiarf × faþur × s-- ×,"Svarthôfði raised this stone in memory of Vígdjarfr, his father."
Ög 159,=Ög_158,=Ög_158
Ög 160,× ...[e]þa : let : kiarua : kumbl : efti[R :] keiRulr :: b--a : sin : koþan : kuþ : halbi : sialu : has :,"Fríða(?) had the monument made in memory of Geirulfr, her good husbandman. May God help his soul."
Ög 161,× suen [×] auk × þeR × bryþr × r[istu × stein × iftR × kaþur × sin × iart × kuþ × h...]lbi × aut × has × auk × kus × muþ[-R × i × lius ×],Sveinn and his brothers raised the stone in memory of their father Jarl. May God and God's mother help his spirit into light.
Ög 162,+ hakun + karþi + bru + þasi + ian + su skal + haita + kunas + bru + iai saR + uaR × sua + hakunaR +,Hákon made this bridge and it will be called Gunnarr's bridge. And he was Hákon's son.
Ög 163,× ntisa × risti × sten × ebtiR × kufast × sun sin × kuþ × hiabi × aut × hans,"Ádísa(?) raised the stone in memory of Guðfastr, her son. May God help his spirit."
Ög 164,... at arn... ... -oa...,... in memory of(?) Arn-(?) ... ... Jóhan(?)
Ög 165 §A,(·) þurun · risti · auk × þiR × bruþr × suniR : §B × tusta × iftiR · sin · faþur §C × þurkil×k rist × stin : þansi : aufti : tusta :,"Þórunnr and his brothers, §B Tosti's sons, raised (the stone) in memory of their father. §C I, Þorkell, carved this stone in memory of Tosti."
Ög 166,bulti : auk : ulfR : ristu : stina : þisi [iftiR : þrunt auk :] farulf : bruþr sina,"Boldi and Ulfr raised these stones in memory of Þróndr and Farulfr, their brothers."
Ög 167 †,[...-...n(s)i... ...--m--l : is...anskrle : suin ----n guþ ...a...],... ... ... Sveinn ... God ...
Ög 168 †,[u : þluktl : --- × ---luinsi : eirþan : þiRn],... ... ... ... ... ...
Ög 169 †,[kai- raisti s-... ...fti... ...],Geirr raised the stone in memory of ...
Ög 170,halstun ¤ risti ¤ stun ¤ þansi ¤ RuiR ¤ faþu ¤ sin ¤ sini,Hallsteinn raised this stone over his father Sinir(?)
Ög 171 U,skiþaleubaz,Skinþa-Leubaz
Ög 172 $,kutr : uk : fastulfR : uk : burn : uk : rustin : þiR : ristu : stin (:) þina (:) i-tR : stibi : faþur : sin · kuþan,"Gautr and Fastulfr and Bjôrn and Hróðsteinn, they raised this stone in memory of Stybbir, their good father."
Ög 173 M §A,þætt^æ| |ær| |refen ¶ h? §B r ¶ ?,This is the ribs ... §B ...
Ög 174 $,... ...-blas ÷ h... ...(u)sut-...,... to be commemorated (with a monument) (?) ... ...
Ög 175 $,... ...raif ¤ su(n) ...,"... ...-reifr, son ..."
Ög 176,× skarþi × raiþi × stin × þonsi × iftiR kuþmrt × faþur × sin,"Skarði raised this stone in memory of Guðmundr, his father."
Ög 177 †,[asa · auk þorkaiR · auk · ali -- letu · reisa · iftiR · tofa hir · uarþ · hakuii ·],"Ása and Þorgeirr and Áli/Alli, they had (the stone) raised in memory of Tófi, who was cut down."
Ög 178,†$U [· tuwa tuwa · fuþarkgw : hnijïpzs : tbemlñod],"†$U Tow, tow. <fuþarkgw hnijïpzs tbemlñod>"
Ög 178B,=Nä_10,=Nä_10
Ög 179,... ...i : stin : þonsi : Rfti : Rskil faþur sin :,"... ... this stone in memory of Áskell, his father."
Ög 180,[haltan :] (r)ist · stin · þasi : hrulf : faþu [: sin :] (u)(a)(s) ku(þ),"Halfdan raised/carved this stone in memory of Hrólfr, his father; (he) was good."
Ög 181 $ §A,(b)isi · sati : st[(n)] : þisi : iftiR : þurkut : u----þi : faþur §B : sin : uk : þu : kuna : baþi : þmk:iii:sss:ttt:iii:l[(l)]l :,"Bisi placed this stone in memory of Þorgautr ... his father. §B And Gunna, both. Thistle, mistletoe, casket."
Ög 182,°,°
Ög 183 $ §P,· aki · uruni · risti · ifti · (b)ui · [bruþur] ... §Q · aki · u runi · rist(u) · ifti · (b)ui · [bruþur] ...,"Áki carved the runes in memory of Búi(?), his brother. §Q Áki and(?) Rúni(?) raised/carved in memory of Búi(?), (his) brother."
Ög 184,× saþur + risti + ifti + þura + buþur + sin + uar + tauþr +,"Sæþórr raised (the stone) in memory of Þóri, his brother, (who) died."
Ög 185,†$ °,†$ °
Ög 186,× kut × raisti × ifti × skara × sun sin × anun × hiu × siþu,"Gautr raised (the stone) in memory of Skeri/Skari, his son. Ônundr cut the side."
Ög 187,[yustin : ri]sti : stin : þana : eftR : [tiura : faþur : sin :],"Jósteinn raised this stone in memory of Dýri/Djúri, his father."
Ög 188 †,[þurstn × irs- (u)niR × ruiki si----- × uk × ai...],Þorsteinn carved the runes in memory of(?) ... and ...
Ög 189,+ tuki × rist · stin × aft · bruþ sin · iust ·,Tóki raised the stone in memory of his brother Jósteinn(?)
Ög 190,...s · risti + istin iftr · aguta · ku(þ)... ...,"... raised the stone in memory of Ágoti, a good/ God ..."
Ög 191 †,[...:hiR : risþi : sta^n : þasi : uftiR : krimu : faþur : si...],"...-geirr(?) raised this stone in memory of Gríma/Grímulfr, his father."
Ög 192 †,[þura · lit · risa · stin · þini · iftiR · ailki · bunta sin],"Þóra had this stone raised in memory of Helgi, her husbandman."
Ög 193 $ §A,· sistin · ris(þ)... ... §B ...ftiR · keRmut · mak si...,"Sigsteinn raised ... §B in memory of Geirmundr, his kinsman-by-marriage."
Ög 194 †,[t-n : au- -... : ris... : stin : þina : iftiR : kruk : faþur sin : bunta : þuru],"Danr and ... raised this stone in memory of Krókr, their father, Þóra's husbandman."
Ög 195 †,[... sunu sina ·],... his sons
Ög 196 †,[turno · risþi · sten · þasi : eftiR · ustn · sin · bruþur ·],"Þyrna(?) raised this stone in memory of Eysteinn, her brother."
Ög 197,¤ uikutr ¤ risþi ¤ stina ¤ þisi ¤ ift(i)(R) ¤ [þu]rkut × bruþur ¤ sin,"Végautr raised these stones in memory of Þorgautr, his brother."
Ög 198 $,uluf : auk : þa... ... ... ... (:) sin × iR buki × i × u-(a)uaþi,Ólôf and ... ... ... their ... He lived in Eyravað.
Ög 199,[ylmstn : risti : stii] ... uftiR · gisl · (f)[aþur : sin r...],"Holmsteinn raised the stone ... in memory of Gísl, his father ..."
Ög 200 $ §A,...R- --- ...umla ufti (k)iR(m)(i) · þ(k)(n) · ...u(t)(a)n b... ... §B kuþm... ...,"... ... to place a monument in memory of Geirmi, a capable thegn, husbandman(?) ... §B Guðmundr(?) ..."
Ög 201 $ §A,: karli : auk · þeR : kunaR ÷ restu : stein : þensi §B eftR × hamnta : bruþur : sin · trik ·· kuþan : kuþ · hialbi · salu · has,"Karli and Gunnarr, they raised this stone §B in memory of Hámundi, their brother, a good valiant man. May God help his soul."
Ög 202,· kiR... · risti · stina · þisi · iftim stinkl · þiR · uaRu : suniR : biarnaR,Geiri raised these stones in memory of Steinkell. They were the sons of Bjôrn.
Ög 203,...R · k-k- (r)(i)(s)(t)(i) stin · þensi · ... uiurn · sui ...,"... raised this stone ... Vébjôrn, son(?) ..."
Ög 204 $,-usti · risþi stin · eftiR aysti[(n) · mik · s]in [·],"Tosti raised the stone in memory of Eysteinn, his kinsman-by-marriage(?)."
Ög 205,=Ög_206,=Ög_206
Ög 206 $,· sigbiurg · resþi · st[en · þonsi · uft]iR · kunar · buta sin :,"Sigbjôrg raised this stone in memory of Gunnarr, her husbandman."
Ög 207 $,(:) uiþulf : auk : kiRi : ristu : stin : þensi : iftiR : ufag · muþurbruþur : sin : but(a) (:) ku(þ)(a)n,"Viðulfr and Geiri raised this stone in memory of Ófeigr, their mother's brother, a good husbandman."
Ög 208 $,: uigi : risþ : sten : þo(n)s- yftiR : ufag : faþur : sin :,"Vígi raised this stone in memory of Ófeigr, his father."
Ög 209 $,: tusti : risti : stin : eftiR · tuka · auk · u÷rusta : nefa : sina :,"Tosti raised the stone in memory of Tóki and Orrosti, his nephews."
Ög 210 $,: tusti : resþi : stn : þesi : eftiR : keslik : faþur : sin :,"Tosti raised this stone in memory of Gæslingr, his father."
Ög 211,· fulugi : raisþi : sten : þensi : eftiR : sagsa : faþur : sin :,"Fullugi raised this stone in memory of Saxi, his father."
Ög 212 †,[tula : risti : stina : iftiR · buka : auk · bru þa:si : ai : buna · þn],Tóla raised the stones in memory of Buggi and and (made) this bridge in memory of this husbandman.
Ög 213,: steinlauk : let : lekia : stein : þena : ufiR : (a)(l)ui : sun : sin : kuþ : hiabi : siol : hans : auk : kus : moþiR :,"Steinlaug had this stone laid over Ôlvir, her son. May God and God's mother help his soul."
Ög 214,ulf · risti · stin · [þisi · iftiR ·] ufak · f[aþu]r · sin · auk · bru · þisi · k[ari]þi,"Ulfr raised this stone and made this bridge in memory of Ófeigr, his father."
Ög 215 †,[: ramri : raisþi : stan : þansi : aftR : asur : sun : sin],"Rambi(?) raised this stone in memory of Ôzurr, his son."
Ög 216,: krim- ... ...- ·,Grímr(?) ... ...
Ög 217,oniþikR : biorn : reisiR : stein : eftiR : krein : faþur : sin : auk : steinu : sistur : sina :,"The unvillainous Bjôrn raises the stone in memory of Grein, his father and Steina, his sister."
Ög 218,†M? [suen nilss · gotus],"†M? Sveinn, Nikulás, Gotus"
Ög 219,a(u)(k)(a)utr : risþi : stin : þansi : RftiR : sikfus : mnk · sia ·,"Eygautr/Auðgautr(?) raised this stone in memory of Sigfúss, his kinsman-by-marriage."
Ög 220,: suen : auk : iki : letu : kiarua : kumbl : eftR :: uibiora : fnþur : sia : koþna : kuþ : hnlbi snlu : hnas : uel :,"Sveinn and Ingi had the monument made in memory of Vébjôrn, their good father. May God well help his soul."
Ög 221 $,aytr : rasti : stin : þasi : aftiR : t[an]sk[a] : faþur : sin : buta : kuþan,"Eyndr raised this stone in memory of Danski, his father, a good husbandman."
Ög 222 $,[...in : sati : sti]n : þana : e[ftiR : farþakn ...],Sveinn/Steinn placed this stone in memory of Farþegn ...
Ög 223 $,: [----]tin : raistþi : stain : þana : iftiR : þuri : mak : sin,"Þorsteinn(?) raised this stone in memory of Þórir, his kinsman-by-marriage."
Ög 224 §A,: estriþ : ausualti : aukmuntr : þau : litu : rais:a §B : stain : þansi : aftiR : halftan : faþur : sin : auk : astriþ : at : bunta : sin : §C : kuþan :,"Ástríðr, Ásvaldi, Augmundr, they had §B this stone raised in memory of Halfdan, their father; and Ástríðr in memory of her good husbandman."
Ög 225 $,þruntr × risti + tsin × þinsa + aftiR · þurtsin [faþ](u)r sin,"Þróndr raised this stone in memory of Þorsteinn, his father."
Ög 226 †,[þora : auk : uslakr : þiR : litu : reisa : tsin : þina : iftiR : inkmar : faþur sin :],"Þóra and Áslakr, they had this stone raised in memory of Ingimarr, their father."
Ög 227 †,[...fauþs o^r h broþiR litu ristu iasa e þ o haftr þ... ark... sin],... ... ... brothers had raised(?) ... ... ... ... ... ... ... their
Ög 228,hiþinkun × kiafluk : rastu × f^itiR · ufak : buanta · sin hilbi kuþ ant hans ·,"Heðingunnr (and) Gjaflaug raised (the stone) in memory of Ófeigr, their husbandman. May God help his spirit."
Ög 229 $,: austaen × auk × urykia : raistu + kumbl + þisa : at : haiRa : faþur sin × guþ hiul[b]i : onta has,"Eysteinn and Órœkja raised these monuments in memory of Geiri/Heri, their father. May God help his spirit."
Ög 230,: þulfR : resti : sten : þisa : aftiR : ketil : sun : sin,"Þólfr raised this stone in memory of Ketill, his son."
Ög 231 $,suin [: ak : t]sin : ak : iyan : ak rakn[i : þaiR r...u · kuml ·] (a)ftiR : tsinar : fa(þ)[ur sin ...uþ · hialbi ·] salu · tsinar · þ[ufr] ...,"Sveinn and Steinn and Jóhan and Ragni, they raised/erected the monument in memory of Steinarr, their father. May God help (his) soul. Steinarr Dawdling(?) ..."
Ög 232 $,akuti : auk : ulf : þiR : litu : rasa : tsin þinsa aftiR : biruiþ : faþur sin,"Ágoti and Ulfr, they had this stone raised in memory of Bergviðr, their father."
Ög 233 $,+ uibaurn + risti + stin + þasa + aftiR + þurkiR + bruþur + sin,"Vébjôrn raised this stone in memory of Þorgeirr, his brother."
Ög 234,karl · rist · stin · þisa · itR · osmut · buruþu sin,"Karl carved this stone in memory of Ásmundr, his brother."
Ög 235 $,karl uist (:) stin : þisa itR þurfrþa auþurn fr(a)ta si-,"Karl carved this stone in memory of Þorfrøðr(?), his generous(?) kinsman."
Ög 236 $,× ufagR · raisþi · stain · þansa · eftiR · aystain · sun sin ×,"Ófeigr raised this stone in memory of Eysteinn, his son."
Ög 237,þu(r)(t)sin uk · sunui(þ)rR : þaiR : raistu : stin : þina : f... ...(r)l · bruþur sin,"Þorsteinn and Sunnviðr(?), they raised this stone in memory of Karl(?), their brother."
Ög 238 $,þulkR · uas(u)(e)k · sin × þaosi × if(t)iR × (a)iRku (k)...,Tólir(?) raised(?) this(?) stone(?) in memory of(?) Geirvé(?) ...
Ög 239 $,-(u)na(r) (:) lakþi : stein : þena : eftiR : [k]u(þ)lug : kunu : si-a : goþa : [(a)]uk : eftiR : ahsu : totur : sina : mu ¶ : koþa (:) guþ : hielbi · saflu · þiRa · bekia ·,"Gunnarr laid this stone in memory of Guðlaug, his good wife, and in memory of Ása, his daughter, a good maid. May God help both of their souls."
Ög 240 $,× keitil : l(a)gþi : hualf : þ... ... ... si- : kuþ : hia(l)...- : [t]una : salu ×,Ketill laid this vault ... his ... May God help Tunni's/Tonni's soul.
Ög 241,=Ög_240,=Ög_240
Ög 242,°,°
Ög 243,°,°
Ög 244,°,°
Ög 245 M,-(u)þ (b)a- -i(k)o ufæ^r,God(?) prayed(?) ... over.
Ög 246,...-nk : s-- : -...,... ... ...
Ög 247 $,...þ : ...(i)l : u... ...e... ...-...,... ... ... ... ...
Ög 248,$M §A in montæ sei-on ÷ et in siuiuatæ ÷ afesio^r(u)m ÷ ibi ÷ (r)ekuiesku¶nt ÷ s(æ)ptem ÷ sankti ÷ do^rmientes ÷ ma^rlkus ' ma(x)eki¶mianus ÷ markianus ÷ dion(i)sius ÷ serapion ÷ konsana¶rius ÷ (i)hohannes ÷ sik ' rekuieskat hik famula §B do¶¶mini ÷ nosst^ri gesu ÷ kristi b(æ)diktæ (+)÷ a mo^rbo -ss¶so kum o^bæt in nomine ÷ patris et filii et spiritus ¶ sankti ÷ amin,"$M §A In monte Selion et in civitate Efesiorum ibi requiescunt septem sancti dormientes Malchus, Maximianus, Martinianus, Dionysius, Serapion, Constantinus, Johannes. Sic requiescat hic famula §B Domini nostri Iesu Christi Benedicta, a morbo ... ... ... In nomine patris et filii et spiritus sancti, amen."
Ög ANF1937;184 §A,... §B ... ...,... §B ... ...
Ög ANF1937;185,????,...
Ög ATA4666/43 $,... efti- ...- si(n),... in memory of ... his
Ög ATA1083/48,... : tufi : rst... ...,... Tófi raised/carved ...
Ög ATA3020/48,[...iRi × r...],... ...
Ög ATA4905/48,-...-----... : ki-a -ru : -f---...---...-,... made(?) the bridge(?) ...
Ög ATA5053/48,=Ög_ATA4666/43,=Ög_ATA4666/43
Ög ATA5060/54,þorby(r)- -- -------... aift- þor---(r) ------(r)--(n)iso-n...s,Þorbjôrn ... ... in memory of Þorgeirr(?) ...
Ög ATA4197/55 $,...-a(k)r : ris-(i) · s(t)(i)- ... ¶ ... hi-bi · s... ...,-lakr(?) raised/carved the stone ... ... help ... soul.
Ög ATA2047/56,°,°
Ög ATA4374/56A,°,°
Ög ATA4374/56B,°,°
Ög ATA5365/56,...ba · fa... ¶ -in-...-(r),... ... ...
Ög ATA5366/56 †,°,°
Ög ATA63/57,=Ög_ATA5365/56,=Ög_ATA5365/56
Ög ATA3421/58,...(a)(i)...,...
Ög ATA6266/59,=Ög_ATA6266/59A,=Ög_ATA6266/59A
Ög ATA6266/59A,...o : sustur : sina k(o)...,... his good sister
Ög ATA6266/59B,°,°
Ög ATA6550/59A,...tirn k-... ¶ ...hul...,... ... ...
Ög ATA6550/59B,...au-...,...
Ög ATA6550/59C,... (:) ku...,... ...
Ög ATA6550/59D,...- : kuþ-... ...-u · ...,... ... ... ...
Ög ATA6550/59E †,[...-a...],...
Ög ATA6550/59F,°,°
Ög ATA6488/60,... ...þi : stin : þa...- · -...,... raised this stone ...
Ög ATA2458/61 †,°,°
Ög ATA5503/61,: þurstin : -... ... ...R : frystin : faþur : sin :,"Þorsteinn ... ... in memory of Freysteinn, his father."
Ög ATA5586/61,°,°
Ög ATA5591/61,fuþor-,<fuþork>
Ög ATA4639/62,†$ [...k...],†$ ...
Ög ATA6576/62,=Ög_ATA6576/62A,=Ög_ATA6576/62A
Ög ATA6576/62A,...þiu-...,...
Ög ATA6576/62B,°,°
Ög ATA6577/62A,°,°
Ög ATA6577/62B,°,°
Ög ATA6577/62C,°,°
Ög ATA6577/62D,°,°
Ög ATA4399/63,=Ög_Fv2001;149,=Ög_Fv2001;149
Ög ATA4401/63,=Ög_62,=Ög_62
Ög ATA6225/65,hkun : þiR b(r)u- : suniR : kun(i)ta- --(t)u : ------ : --(k)--- --(þ)(u)- ---,"Hákon and his brothers, Gunn-...'s sons had ... ... ... ..."
Ög ATA????/68,=Ög_SHM22111:430,=Ög_SHM22111:430
Ög ATA4654/74,...-iulu...,...
Ög ATA580/75 $,...-a × ri(t)i × stin × þinsa × at ¶ þru × sun × ...,"... erected this stone in memory of Þrór, his(?) son."
Ög ATA4991/84,...--...,...
Ög ATA323-790-2004 M,bon^tR/bot^nR/bot^nR -o--a---,Bóndi/Botni/Bótný ...
Ög ATA322-3593-2005A,... ...R : ku-... ...,... in memory of / over <ku-...> ...
Ög ATA322-3593-2005B,°,°
Ög ATA322-3593-2005C,°,°
Ög ATA322-165-2006A,°,°
Ög ATA322-165-2006B,: þugiR : ilet : lega : kubl : þesh : yfiR ¶ : kuhu : moþur sina : kuþ : hialbin : sol : he¶na :,"Þorgeirr(?) had these monuments laid over Gunna(?), his mother. May God help her soul."
Ög ATA322-1229-2007,× ka-fsni-... ¶ × ns... ...(n)...hs--- ×,... ... ...
Ög ATA322-3519-2010,... ...ualf : þas... ...R : kuþlug (:) muþu(r) : -...,"... this vault over(?) Guðlaug, mother ..."
Ög ATA322-1298-2011,°,°
Ög ATA322-4035-2011:1,°,°
Ög ATA322-4035-2011:5,°,°
Ög ATA322-4035-2011:8,°,°
Ög ATA322-4035-2011:13,°,°
Ög ATA322-4035-2011:14,°,°
Ög ATA322-4035-2011:15,°,°
Ög ATA322-4035-2011:16,... ...skut... ...,... Ásgautr ...
Ög ATA322-4035-2011:17,°,°
Ög ATA322-4035-2011:19,a-r-(k)... ...,... ...
Ög ATA322-4035-2011:23,...n : si...,... ...
Ög ATA351-469-2013:1,°,°
Ög ATA351-469-2013:3,°,°
Ög ATA351-2875-2013AB,agu(t)i : (l)... ...,Ágoti had/laid ...
Ög ATA351-2875-2013C,...-þr...,...
Ög ATA351-2875-2013D,°,°
Ög Carlsson2007;9,°,°
Ög Carlsson2012;19,°,°
Ög Cnattingius1964;3 M,...,...
Ög F7;54,=Ög_MÖLM2003;174,=Ög_MÖLM2003;174
Ög FornåsaRaä48 M,:+: h--r · ligær · an... ... ... (u)ta^n · ænta,Here lies ... ... ... without(?) end(?).
Ög Fv1943;317A $,kufi + lagþi + stin + eftiR + ygila + sun + sin · kuþ ialbi has sal,"Gufi laid the stone in memory of Engli/Ôngli, his son. May God help his soul."
Ög Fv1943;317B $,harani : lakþi : ufiR : kufa : faþur : sint : kuþ : hialbi : sao(l),"Hrani laid over Gufi, his father. May God help (his) soul."
Ög Fv1943;317C $,: uikeR : lag(þ)... ... kus : moþiR,Végeirr laid ... God's mother.
Ög Fv1943;317D,... kus · (m)... ...,... God's mother ...
Ög Fv1950;341,...-iur- : auk : as-iurn : þiR : ristu : stin : þasi : eft-R : uikfast : faþur : sin : es uas : tuþr : o : eklati : sun : helgu,"...-bjôrn and Ásbjôrn, they raised this stone in memory of Vígfastr, their father, Helga's son. He died in England."
Ög Fv1950;343,...-- : þasi : aftiR · -...,... this in memory of ...
Ög Fv1958;252 §A,: kera : let : kerua : kubl : þsa : yfiR : þurþ : bunta : sin : auk : siriþr : mar : yfir : sin : faþur : §B : kuþ : hiulbi : sial : hanis,"Geira had these monuments made over Þórðr, her husbandman, and Sigríðr the maiden over her father. §B May God help his soul."
Ög Fv1958;255,: hegualtr : lakþi : s...(t)n : þena : ef(t)iR : uþa : (s)un : sin : kuþan :,"Hegvaldr laid this stone in memory of Auði, his good son."
Ög Fv1959;95,=Ög_158,=Ög_158
Ög Fv1959;97 §A,...uru : ... §B ...-k : ku-...,... ... §B ... ...
Ög Fv1959;241,... ---- × stain × þansi × ifti- × r(a)-...,... ... this stone in memory of ...
Ög Fv1959;243,°,°
Ög Fv1959;244,... ...ftiR · su-...,... in memory of ...
Ög Fv1959;245,...(k)r(u)... ...ans : -...,... ... ...
Ög Fv1959;246,...r : lit : ... ¶ ... yfiR : -...,... had ... over ...
Ög Fv1959;247,°,°
Ög Fv1959;248,...fi... ...(k)þu : yfiR : mu...,... laid over ...
Ög Fv1959;249,þor... ... ...(r) · þau (l)itu · reisa · s... ... ...(t)ein · sun · s...,"Þor-... ... ... they had the stone raised ... ...-steinn, their son."
Ög Fv1965;54,: haukR · risþi · ift · hifan · trik · kuml · ift · sun · sin · ukiþila · trik · alkuþan saR · hit · krimar,"Haukr raised the monument in memory of a competent valiant man, in memory of his son <ukiþila>, an excellent valiant man. He was called Grímarr."
Ög Fv1966;102,kunuatr : raisþi : stin : þansi : eftiR : þurstin : auk : þurlak : suni : sina,"Gunnhvatr raised this stone in memory of Þorsteinn and Þorlakr, his sons."
Ög Fv1969;306,°,°
Ög Fv1970;310,hakun + raiþi × kuml × þausi × eftiR × kunar + sun × sin × han × uarþ × taurþ × uastr +,"Hákon raised these monuments in memory of Gunnarr, his son. He died in the west."
Ög Fv1975;174,...-- · iarl × ristu ...n · þinsa · aftiR · bruþr · utruks,... (and) Jarl raised this stone in memory of Ótryggr's brother(s).
Ög Fv1983;240,+ tufi + karþi × uþ × þans- hftiR + tuli sua sa,"Tófi made this ford in memory of Tólir, his son."
Ög Fv1986;88A M,...,...
Ög Fv1986;88B M,olavr ÷ -miðr,Ólafr (the) Smith.
Ög Fv1986;222 M,agga^la laga ga^lla,"agla/gala laga galla ('agla'= Thou art strong in eternity, Lord)"
Ög Fv1992;174 M,fuþ,<fuþork>/cunt(?)
Ög Fv1999;177 M,{IES[US] NA¶ZAREN[US]} ¶ re{X} iude¶orum,"{Jesus of Nazareth,} king of the Jews."
Ög Fv2001;149,... sin : kuþan :¶: ku... ...,... his good ... ... ...
Ög HADS30;4V,†M [sun · talrkior],†M ... ...
Ög HADS30;10V †,[...],...
Ög HADS30;13R,†M [: giærmun · kiærþæ : mik :],†M Geirmundr made me.
Ög Hedvall2013;13,°,°
Ög HedvallMenander26,°,°
Ög HedvallMenander27,°,°
Ög HedvallMenander114,°,°
Ög HedvallMenander122,...---...,...
Ög HedvallMenander123,°,°
Ög HedvallMenander125,°,°
Ög HedvallMenander128,°,°
Ög HedvallMenander129,°,°
Ög HedvallMenander132,°,°
Ög HedvallMenander133,°,°
Ög HedvallMenander134,°,°
Ög HedvallMenander165,°,°
Ög HedvallMenander167,°,°
Ög HedvallMenander443,°,°
Ög HedvallMenander473,°,°
Ög HedvallMenander494,°,°
Ög HedvallMenander496,°,°
Ög HedvallMenander497,°,°
Ög Hov;7 $,...,...
Ög Hov1;14,°,°
Ög Hov4;18,... ...-in : þ...na : ...fiR : ...,... this stone over ...
Ög Hov5;18,°,°
Ög Hov7;19,°,°
Ög Hov8;19,... ...-n ' þasi · ifi... ...,... this stone over ...
Ög Hov10;20,°,°
Ög Hov11;21,...-k lun-a : -... ...(a)lbi · siao- ...,... may help the soul ...
Ög Hov12;21 $,... : lagþi : hual... ... uarþ : t... ...,... laid the vault ... died(?) ...
Ög Hov13;22,°,°
Ög Hov14;22,...(o)rstein : auk : þiuþstin : b...,Þorsteinn and Þjóðsteinn ...
Ög Hov15;22,: þors---n : au- : þiuþs-... ... ...bi : guþ : ...,Þorsteinn and Þjóðsteinn ... May God help ...
Ög Hov16;23,°,°
Ög Hov17;23 $,... ...iR × krima... ...,... over Grímarr(?) ...
Ög Hov18;24,°,°
Ög Hov19;24,... ...ur × si... ...,... his father/brother/mother/sister ...
Ög Hov20;24,°,°
Ög Hov21;24,°,°
Ög Hov22-23;25,°,°
Ög Hov24;25,°,°
Ög Hov25;25,°,°
Ög Hov26;25,: þors...,Þorsteinn
Ög Hov27;25,°,°
Ög Hov28;26,...k × tul...,... ...
Ög Hov29;26,...- ' aki...,... ...
Ög Hov30;26,°,°
Ög Hov31;27,...-n : lagþ... ...,... laid ...
Ög Hov32;27,=Ög_Hov12;21,=Ög_Hov12;21
Ög Hov33;27,°,°
Ög Hov34;28,... ...(u)mbl × þeta × ...,... this monument ...
Ög Hov35;28,°,°
Ög Hov36;28,°,°
Ög Hov37;28,... ...stin × ... ¶ × (k)...,... ...-steinn/stone ... ...
Ög Hov38;29,°,°
Ög Hov39;29,: helgi : auk : (s)(u)ein ... kuþ h... ...,Helgi and Sveinn ... May God help ...
Ög Hov41;30,°,°
Ög Hov42;30 †,[...ati : -...],... ...
Ög Hov43;30 †,[...u : s-...],... ...
Ög Hov44;30,...k : ...,... ...
Ög Hov45-69;31,°,°
Ög Hov70-87;31,°,°
Ög Hov88;32,...,...
Ög Hov89;32,...ul : -...,... ...
Ög Hov90;32,... × -a(g)þ... ...,... laid ...
Ög Hov91;33,...i ' eftR ' n...,... in memory of ...
Ög Hov92;33,... þes...,... ...
Ög Hov93;33,...þur : þaiR : bo-...,... they ...
Ög Hov94;34,... (k)uþ : hialb... ...,... May God help ...
Ög Hov95;34,...(n)yasi : lagi : stei(n) ... ...-(u)(r) : sina : ...,... laid the stone ... his mother/daughter ...
Ög Hov96;35,kistein × auk ...,Gíssteinn(?) and ...
Ög Hov97;35,... ...in × fahran × þi- × þ...,... the fair stone. They ...
Ög Hov98-99;36,°,°
Ög Hov100;36,...--- × lagþu × s... ...,... laid the stone ...
Ög HovRaä50,...-þ...,...
Ög KJ54,$U braido,$U Braido.
Ög KJ59 U §A,ekA sigimArAz Afs... §B ...kA rAisidokA ¶ stAinAz -... ¶ kk ' kiiii ' kkk...,I Sigimarz ... off §B ... raised the stone ... ... ... ...
Ög MÖLM1875;118,=Ög_ÖFT1875;118,=Ög_ÖFT1875;118
Ög MÖLM1960;230,...---a : oliR : ristu : stin : þins- : (i)f(t)iR · (t)rik · (a)ukis : sun : kilta : sin :,"... Ôlvir raised this stone in memory of Drengr, Eygeirr's(?) son, his guild-brother."
Ög MÖLM2003;174 $,akn,...
Ög N250,=Ög_KJ54,=Ög_KJ54
Ög N251 $,...---- : lahþi : ste : þn : yf... ...(a) : kuþ : hi(a)... ...n : auk : ...,... laid this stone over ... May God help ... and ...
Ög N252,...-þ-...,...
Ög N253,...-(f)(b)(i)(r) hu(k)-...-uli(n)...,... ...
Ög N254,°,°
Ög N255,°,°
Ög N256,...rkeiR : a... ...(l) × lagþ... ... kuþ × ...,...-geirr and ... laid ... God ...
Ög N257 †,[... ...albi : ...],... may help ...
Ög N258,°,°
Ög N259A,°,°
Ög N259B,°,°
Ög N260,=Ög_SvK43L1;174,=Ög_SvK43L1;174
Ög N261 $,...r...,...
Ög N262A,...(u)is.../...(r)is...,...
Ög N262B,: a...,...
Ög N262C,°,°
Ög N263,...n : mak : k...,... kinsman-by-marriage ...
Ög N264 †,[...],...
Ög N265A,$M · hik ÷ lo^kus ÷ illo^rum ÷ kui ÷ ka^nta^nt ÷ no^n · alio^rum :,$M This place (is) for those who sing. Not for others.
Ög N265B,$M ma^r--,$M Mary
Ög N266,=Ög_ATA3020/48,=Ög_ATA3020/48
Ög N267,... ...(r)(u)(a) : kumlu : þisi : iftiR · ...,... these monuments made in memory of ...
Ög N268 M,ulafr ritluþlitsku,Ólafr <ritluþlitsku>.
Ög N269,=Ög_KJ59,=Ög_KJ59
Ög N270,...gu...,...
Ög N271,°,°
Ög N272 $,...al · k...,... ...
Ög N273,=Ög_Fv1943;317A,=Ög_Fv1943;317A
Ög N274,=Ög_Fv1943;317B,=Ög_Fv1943;317B
Ög N275,=Ög_Fv1943;317C,=Ög_Fv1943;317C
Ög N276,...(i)sola... ¶ ...s : ia----(r)...,... ... ...
Ög N277,=Ög_Fv1943;317D,=Ög_Fv1943;317D
Ög N278,°,°
Ög N279,°,°
Ög N280,°,°
Ög N281A,°,°
Ög N281B,°,°
Ög N282,°,°
Ög N283,=Ög_62,=Ög_62
Ög N284,=Ög_ATA4654/74,=Ög_ATA4654/74
Ög N285,=Ög_Fv1959;246,=Ög_Fv1959;246
Ög N286,=Ög_Fv1959;248,=Ög_Fv1959;248
Ög N287,=Ög_Fv1959;247,=Ög_Fv1959;247
Ög N288 $ §P,kunar ÷ faþi runaR þisaR ÷ in sa flau sakiR ÷ suti ui þita ÷ in sa fl- (i)n ruþ þan ÷ in sa bat uifin ÷ þitta faþi ÷ §Q kunar ÷ faþi runaR þisaR ÷ in sa flau sakiR ÷ suti ui þita ÷ in sa fl- (i)n ruþ þan ÷ in sa bat uifin ÷ þit tafaþi ÷,"Gunnarr coloured these runes, and he guilty fled. Sought this sanctuary out. And he fled into this clearing. And he bound. Véfinnr coloured this. §Q Gunnarr coloured these runes, and he guilty fled. Sought this sanctuary out. And he fled into this clearing. And he bound Véfinnr, who prevented(?) it."
Ög N289,=Ög_ATA580/75,=Ög_ATA580/75
Ög N290,... þansi : yfir : rikua : ...,... this over Røkkvi(?) ...
Ög N291,°,°
Ög N292,°,°
Ög N293A $,°,°
Ög N293B $,°,°
Ög N294,=Ög_51,=Ög_51
Ög N295,=Ög_Hov4;18,=Ög_Hov4;18
Ög N296,=Ög_Hov42;30,=Ög_Hov42;30
Ög N297,=Ög_Hov12;21,=Ög_Hov12;21
Ög N298,=Ög_Hov18;24,=Ög_Hov18;24
Ög N299,=Ög_Hov16;23,=Ög_Hov16;23
Ög N300,=Ög_Hov45-69;31,=Ög_Hov45-69;31
Ög NOR1994;27,uistain rsti --a þ-s- : aftiR biurn : bruþur : sin,"Vésteinn raised ... ... in memory of Bjôrn, his brother."
Ög NOR1997;28,... × knut × faþ... ...,"... Knútr, (his) father ..."
Ög NOR1997;31,$M -iuolokikaþbiokiuf-Rk--,$M ...
Ög NOR2000;35,... ...arua : kumbl ¶ þeta : efti... ...,... this monument made in memory of ...
Ög NOR2001;29,°,°
Ög NOR2001;30A,... letu ... ...tein : þena (:) ...,... (and) ... had this stone ...
Ög NOR2001;30B,°,°
Ög NOR2001;30C,=Ög_NOR2001;30B,=Ög_NOR2001;30B
Ög NOR2001;31,...---...,...
Ög NOR2002;38,...-ea...,...
Ög NOR2002;39A $,...t...,...
Ög NOR2002;39B $,°,°
Ög NOR2003;24A,...ir...,...
Ög NOR2003;24B $,°,°
Ög RinnaRaä174,=Ög_ATA351-2875-2013AB,=Ög_ATA351-2875-2013AB
Ög SHM16810,°,°
Ög SHM20106:2695,°,°
Ög SHM21530:768 M,--kikmu-,...
Ög SHM22111:430,$M ... -alabæ fastn-,$M ... may help(?) Fastny(?)
Ög SHM25095:273,°,°
Ög SKL1;174,=Ög_SvK43L1;174,=Ög_SvK43L1;174
Ög SKL3;175,=Ög_SvK43L3;175,=Ög_SvK43L3;175
Ög SKL4;175,=Ög_SvK43L4;175,=Ög_SvK43L4;175
Ög SKL5;175,=Ög_SvK43L5;175,=Ög_SvK43L5;175
Ög SKL6;175,=Ög_SvK43L6;175,=Ög_SvK43L6;175
Ög StLars;30,...,...
Ög SvK43L1;174,... ...etu : kiar... ...umbl : eftR : oln : botn : sia : koþ...,"... had the monument made in memory of Óli, his/her good husbandman."
Ög SvK43L3;175,...ui- : -nu... ...a-...,... ... ...
Ög SvK43L4;175 $,...ftan : þ...,Halfdan(?) ...
Ög SvK43L5;175,...-a-...,...
Ög SvK43L6;175 †,[... ...lbi ...],... may help ...
Ög SvK200;87 M §A,pæ §B io^n §C ion §D ing §E ink §F rasi,Pétr(?) §B Jón §C Jón §D Ingi(?) §E Ingi(?) §F ...
Ög SvK200;109,$M s-n mikæ-,$M Saint(?) Michael(?)
Ög UVÖst2008:14;19,=Ög_ATA322-4035-2011:23,=Ög_ATA322-4035-2011:23
Ög UVÖst2009:5;45,$M §A iulfriþ sih¶ne þik guþ ges... ¶ maria skata mi-... §B aue maria gra... ¶ agla e--(g)...--m... ¶ siþ benedikt... ¶ domus æki---...,"$M §A Ígulfríðr. Bless you God. Jesus(?) Mary. Saint ... §B Ave Maria gratia(?) Agla ('agla'= Thou art strong in eternity, Lord). Blessed be (?) ... House ..."
Ög ÖFT1875;101 †,[... let × ri...s × stin × þan... × ...iR × siaol ... ...it...],... had this stone raised for(?) ... soul ... ...
Ög ÖFT1875;118,†$ [...u--t...],†$ ...
Ög ÖR1980;19,=Ög_N288,=Ög_N288
Sö 1 †,[sikaaar u... ... ...isa · at · st... ...],Sighvatr(?) and ... this in memory of ... ...
Sö 2,sloþi rahnfriþ þaun · litu · hakua · stain · iftiR · ihulbiarn · sun · sin · hialbi · kristr ant · has,"Slóði (and) Ragnfríðr, they had the stone cut in memory of Ígulbjôrn, their son. May Christ help his spirit."
Sö 3,kefluk · auk · kula · þau · lit[u · raisa ... ...isa · at · sty]fialt · sun · sin · broþur · iluka,"Gjaflaugr and Gylla, they had this stone raised in memory of Styfjaldr, their son, Illugi's brother."
Sö 4,†$ [... ...tain : þinsa : at : suain t...],†$ ... this stone in memory of Sveinn ...
Sö 5 †,[...t : þu...],... ...
Sö 6 †,[... ...ur : sin : bua... ...],"... his father/ brother, the husbandman ..."
Sö 7,· suainalti : auk : suainunkR : auk : asi : auk : gas : þau : litu : raisa : stain : at : biarn : faþur : sin : nytan : kuþ : hialbi : ant : hns auk : gus moþiR,"Sveinaldi and Sveinungr and Ási/Gási and Gás, they had the stone raised in memory of Bjôrn, their capable father. May God and God's mother help his spirit."
Sö 8,kyla : auk : raknþruþr þaR : raistu : stain : at : uraiþ : faþur : si[n] buna auluafaR : bruþur : biarnaR : kuþ · hialbi : selu · ans,"Gylla and Ragnþrúðr, they raised the stone in memory of Vreiðr, their father, Ólôf's husbandman, Bjôrn's brother. May God help his soul."
Sö 9,barkuiþr × auk × þu : helka × raistu × stain × þansi : at · ulf : sun · sin · han × entaþis + miþ : ikuari + kuþ + hialbi + salu ulfs ×,"Bergviðr/Barkviðr and Helga, they raised this stone in memory of Ulfr, their son. He met his end with Ingvarr. May God help Ulfr's soul."
Sö 10,inkimar · auk · inkimuntr · auk · suiunkR · þaiR · litu · raisa · stain · at · iarl · faþur : sin : kuþan : kuþ : halbi · ant hans ·,"Ingimarr and Ingimundr and Sveinungr, they had the stone raised in memory of Jarl, their good father. May God help his spirit."
Sö 11,fraybiarn : auk : kuþrun : þau : ritu : stain : at · romunt · sun · sin · snialan · haiR · at · marhu · roþkais · broþiR · kuþ · hialbi · antu · ybiR · hiok runaR [iRma : k],"Freybjôrn and Guðrún, they erected the stone here as a landmark in memory of Hróðmundr, their able son, Hróðgeirr's brother. May God help (his) spirit. Œpir cut the runes ... ..."
Sö 12 †,[... ...lfa : faþur · sin : auk ...],"... (in memory of) Þjalfi(?), his father and ..."
Sö 13 $,uik...-... ...- · muskia · þa- ... ... þina · at sikbia... ... sin,"Víkingr and Myskja, they ... this ... in memory of Sigbjôrn ... their"
Sö 14 $,rakna · raisti · stain · þansi · at · suin · buta · sit · auk · sifa · auk · r-knburk · at · sit · faþur · kuþ · hil[b]i · at · [hat]s · uit · iak · þet · uaR · sui- · uestr · miþ · kuti,"Ragna raised this stone in memory of Sveinn, her husbandman, and Sæfa and Ragnbjôrg in memory of their father. May God help his spirit. I know that Sveinn was in the west with Gautr/Knútr."
Sö 15,... · tauþ · mu...,"... died, mother(?)"
Sö 16 $ §A,· þ(i)... ...uþin · hhn · unR · tauþr · i [hailaby] halbi · kuþ · aat · §B aR,... Auðin/Loðin. He died in Hedeby. May God help (his) spirit. §B <aR>
Sö 17,... ...istu · stain : þan... ...,... raised this stone ...
Sö 18 †,[... litu bum rita eft... ... ...al sin akun iu marki Ri : ki... ... ...l stanta : stai... ...],... had the monument erected in memory of ... their ... Hákon cut the landmark. ... made. Here shall the stone stand ...
Sö 19 $,tar lit : raisa : stain : þensa : eftiR : ketilhaufþa : faþur : sen : boanta : koþan ' kuþ : helbi : has : ant,"Tárr(?)/Tár(?)/Tarr(?) had this stone raised in memory of Ketilhôfði, his father, a good husbandman. May God help his spirit."
Sö 20 $,...uþmunr ti : riti : stin : þensa · abtiR : þurfas : fu... ...,"Guðmundr ... erected this stone in memory of Þorfastr, his father / foster-father/brother/son"
Sö 21,†$ [uraiþr ... ...(k)a · litu · risa · staina · iarut · faþr · s... ...þ...],"†$ Vreiðr ... ... had the stones raised (in memory of) Jôrundr, their father ..."
Sö 22 $,· þr-skr : auk : f(r)usti : litu : k(a)r[a] (:) (b)[ro : a]uk · (l)itu : raisa : s(t)(i)[n] : at : orma : faþur : s[i]n : koþan,"Þrjózkr and Frosti had the bridge made and had the stone raised in memory of Ormi, their good father."
Sö 23 $,[inki...a · uk...lar na · k... an · tui ulai · at · re]nta [· ai...oþi · kuþa-t auk... o...],... ... ... ... ... ... ... ... ... ... ... ... ...
Sö 23B †,[...r · ...i...riþ... · at · si... ... marki · bi... ...ur sin],... ... in memory of ... ... landmark ... his father/brother.
Sö 24 U,fino ¶ saligastiz,"Finno, Saligastiz"
Sö 25 $,· ui·gautra : auk : igialtr : a[uk : usurR : þaiR : rais... ...tae]n : þinsa · a[t] · su[ain · ...aþur : sin],"Végautr and Ingjaldr and Ôzurr, they raised this stone in memory of Sveinn, their father."
Sö 26 $,fasti · auk · hsbakR · litu · raisa · stai[n · at · si]khuat · br[u]þur sin,"Fasti and Óspakr/Áspakr had the stone raised in memory of Sighvatr, their brother."
Sö 27,kuna uk · tufi · (u)... ... ... ... ... ... bruþur · sin · kuþ · hialbi,Gunna and Tófi and ... ... ... ... ... their brother. May God help.
Sö 28 †,[tiarfR · raisti · stain : þinsa : at : irim : faþur : sin : kuþan :],"Djarfr raised this stone in memory of Grímr, his good father."
Sö 29 †,[þurstin + raisti ... stin × þansa ... uiulf + bruþur],"Þorsteinn raised ... this stone in memory of Véulfr, (his) brother."
Sö 30,ikimar · auk · ar[ni · litu · raisa · stain · þina · auk · bro · kiarua| ·| at · st]ainkil · sun sin · kuþ · ialbi an[t h...],"Ingimarr and Arnvé(?) had this stone raised and the bridge made in memory of Steinkell, their son. May God help his spirit."
Sö 31 $,[hrualtr : auk : ulef] raistu [: stai]... ...a : at : þuri [: faþur kuþan : bunta : altr]ifaR [:],"Hróaldr and Óleif/Óleifr raised this stone in memory of Þórir, (their) good father, Aldríf's husbandman."
Sö 32,$U/V §A harija ÷ leugaz §B skanmals auk × olauf × þau × litu × kiara × merki × þausi × eftiR × suain × faþur × sin × kuþ × hialbi salu hans,"$U/V Harja, Leugaz. Skammhals and Ólôf, they had these landmarks made in memory of Sveinn, their father. May God help his soul."
Sö 33,+ gnubha ÷ liþ : raisa : stain : þinsa : hibtiR : kulaif : bruþur sin han : antaþis : austr : at þikum,"Gnúpa had this stone raised in memory of Gulleifr, his brother. He met his end in the east at the Assembly."
Sö 34 $,styrlaugR · auk · hulmbR · staina · raistu · at · bryþr · sina · brau(t)u · nesta · þaiR · entaþus · i · austruiki · þurkil · auk sturbiarn þiaknaR · kuþiR,"Styrlaugr and Holmr raised the stones next to the path in memory of their brothers. They met their end on the eastern route, Þorkell and Styrbjôrn, good Þegns."
Sö 35,lit · igikeR · anan · raisa · stain · at · suni · sina · su[n·]a · kiarþi · kuþ · hialbi · ant · þaira × þuriR · hiu ·,"Ingigeirr/Ingigerðr had another stone raised in memory of his/her sons, made them visible. May God help their spirits. Þórir cut."
Sö 36,þurkiR · auk · uri · þaiR · raistu · staina · at · ulaif · faþur · sin : auk : at · suain · bruþur sin ·,"Þorgeirr and Orri, they raised the stones in memory of Óleifr, their father and in memory of Sveinn, their brother."
Sö 37,hulmstain · auk · uikuþr · þaun · litu · raisa · stain · eftiR · sun · henaR · auk · uihialmr iftiR inkifast ·,"Holmsteinn and Végunnr, they had the stone raised in memory of her son, and Véhjalmr/Víghjalmr in memory of Ingifastr."
Sö 38 †,[...R : raisti : stain : þinsa : at : fraukiR : faþur : sin : kuþan : kuþ : hialbi : ant : ha(n)...],"... raised this stone in memory of Freygeirr, his good father. May God help his spirit."
Sö 39,: hermoþr : lit : hagua : at : barkuiþ : bruþur : sin : h[an] trukn-þi : [a] lf:lanti :,"Hermóðr had (the rock) cut in memory of Bergviðr/Barkviðr, his brother. He drowned in Lífland."
Sö 40 $,haunefR + raisti · at · kaiRmar · faþur · sin + haa · iR intaþr · o · þiusti · skamals · hiak · runaR þaRsi +,"Hónefr raised (the stone) in memory of Geirmarr, his father. He met his end in Þjústr. Skammhals cut these runes."
Sö 41 $,tati + iok + eftiR + faþur + sin × skaka × mirki| |it + mikla + man + (i)auRn,Tati/Tatti cut the great landmark in memory of his father Skakki/Skagi; may ...
Sö 42,sigualti : r[aisti ... ... ...kil · br]utia : sin,"Sigvaldi raised ... ... ...-kell, his steward."
Sö 43 $,... þina : af-... ...ua faþu(r) ... ... ¶ hialbi a[-... ...ans +] R...,"... this in memory of Salvi(?), his father. May God help his spirit ..."
Sö 44 †,[stinburk : kiar... ... ... : at : uibiurn sun sin],"Steinbjôrg made ... ... in memory of Vébjôrn, her son."
Sö 45 $,: kaiRf--tr : aistfari : raisþu : stain : þansi : eftiR : frayst... ...-[r :] sin : auk at ruakn : bruþur si:n (u)...þr : uinurniR :,"Geirfastr (and) Eistfari raised this stone in memory of Freysteinn, their father, and in memory of Rangr/Vagn/Rangi, their brother ..."
Sö 46 $,iskil : auk : knauþimanr : raistu : stain : þansi : at : bruþur : sin : suera : as : uarþ : tauþr · o · eklanti kuml · kiarþu : þatsi [: ki]til [s](b)[akR],"Áskell and Gnauðimaðr(?) raised this stone in memory of their brother Sverri(?), who died in England. Ketill and Spakr(?) made this monument."
Sö 47 $,...(R)-kR : kiarþi : kuml : þat:si : eftiR : osmunt : sun : sin + han : is : krafin : o · ku... <rauR> : <uart/fart> : at : ryR:iks : sun,"Hrœríkr made this monument in memory of Ásmundr, his son. He is buried in Gotland/ the monument(?) ... cairn(?) in memory of Hrœríkr's son."
Sö 48,× uiglaikR × auk × kiuli × auk × helgi × auk × iulfastr × þeiR × raistu × stain eftiR × þorbiarn,"Vígleikr and Kjúli/Gylli and Helgi and Ígulfastr, they raised the stone in memory of Þorbjôrn."
Sö 49,þurþr : auk : tuki + raistu + stain + þansi + aftiR + bysiu ++ faþur sin ¤ han + uarþ tauþr : o kniri :,"Þórðr and Tóki raised this stone in memory of Bysja, their father. He died on the cargo-ship."
Sö 50,þorbiarn × auk × fraylaug × litu × rita × stan × iftR × ayt sun sin,"Þorbjôrn and Freylaug had the stone erected in memory of Eyndr, their son."
Sö 51,: kuþfastr : saiulfr : raistu : at : hulmstain : [b]ruþur san : stain :,"Guðfastr (and) Sæulfr raised the stone in memory of Holmsteinn, their brother."
Sö 52,faraukiR : rais(t)[i : stain : þina]si : [a]t : ulaif : faþur sin han : at : kaiR[uni],"Freygeirr raised this stone in memory of Óleifr, his father. He owned (ie was married to) Geirunn."
Sö 53 †,[lafR · raisþi · stain · þansi : iftiR · sulfu · sun sin : han uarþ : uastr · tauþr],"Ólafr raised this stone in memory of Sylfa/Solfa, his son. He died in the west."
Sö 54 $ §A,þurstain : auk : aystain : auk : natfari : raistu : stain : at : finuiþ : auk : ulif : þurkil buruþr sin uaru · aliR · uikiks · suniR latburniR · man · litu · rita · stain §B stainkil · rist · runaR,"Þorsteinn and Eysteinn and Náttfari raised the stone in memory of Finnviðr and Óleifr (and) Þorkell, their brothers. (They) were all Víkingr's sons, men born to land(ed property), (who) had the stone erected. §B Steinkell carved the runes."
Sö 55,þorstain (l)(i)... ...sa : stain : þena : ... sik : sialfan : auk : sun : sin : hefni : uaR til : enklans : ukr : trenkr : farin : uarþ : þa · haima : at : harmi tauþr kuþ hialbi : sialu : þaima bruni : auk : sloþi : þaiR ...(u) stan þena,"Þorsteinn had this stone raised in memory of himself and his son Hefnir. The young valiant man travelled to England; then died grievously at home. May God help their souls. Brúni and Slóði, they carved this stone."
Sö 56 $,iak · uait : hastain : þa : hulmstain : bryþr · menr : rynasta : a : miþkarþi : setu : stain : auk : stafa : marga eftiR · fraystain · faþur · sin ·,"I know Hásteinn and Holmsteinn, the most rune-skilled brothers in Middle Earth, placed many a stone and staff in memory of Freysteinn, their father."
Sö 57 †,[bali : auk : ufaikR : raisþu : st^ain : at : suarthafþ(a) bruþur : sin],"Balli and Ófeigr raised the stone in memory of Svarthôfði, their brother."
Sö 58,lifstain · ... fraubiarn · au... ... ...uniR : suarthaufþa : eftiR : sin faþ...,Hlífsteinn and Freybjôrn and ... Svarthôfði's sons in memory of their father.
Sö 59,: saulfR : iunR : (f)-... ... ...k faþu:r ...n ...þaþ,Sæulfr ... ... ... his father ...
Sö 60 $,auþa : auk : ika · auk · erintis · þriþi · hafa · muþk-... -þ um · karua · stain ra--... itiR · suain · faþur : sin · auk · at kuþfast · bruþr · sin · han uaR : sun : auþuR,"Auða and Inga and Erindís as the third, the mother and daughters have (achieved) the feat of making and raising(?) the stone in memory of Sveinn, their father, and in memory of Guðfastr, their brother. He was Auða's son."
Sö 61,þorstain : lit · þina : rita : stain : e(f)ila : stetr : eftiR : þorbiarn : salui · auk : simiþr : at · sen boroþur,"Þorsteinn had this stone erected, (and) Salvi and Smiðr in memory of their brother: it competently(?) stands in memory of Þorbjôrn."
Sö 62,kuni : rasti stan : þansi : a ragna : sun san : kuþan : i uak : uaþ : taþR uastr,"Gunni raised this stone in memory of Ragni, his good son; (he) died on the western route."
Sö 63,†$ §P [: ualr raisti : stain : iftiR · mana -- --... auk saikiR · bruþur : sin : auk · bruþ × sin ·] §Q [...:ualr raisti : stain : iftiR · mana -- --... auk saikiR · bruþur : sin : auk · bruþ × sin ·],"†$ Valr/...-valdr raised the stone in memory of Manni/Máni ... ... and (in memory of) Sægeirr, his brother and his brother."
Sö 64 †,[: kufi : auk : þurkisl : auk : uikilR --- · inkualr : þeiR : bruþr : lakþu : stain · þinsa : eftr : atil : faþur · sin : han uaR · miþa · bestr],"Gufi and Þorgísl and Véketill(?) and Ingivaldr, these brothers laid this stone in memory of Etill, their father. He was the best of men."
Sö 65,[inka : raisti : stain : þansi : at : ulai](f) : sin : [a...k] : han : austarla : arþi : barþi : auk : o : lakbarþilanti : [anlaþis +],"Inga raised this stone in memory of Óleifr, her ... He ploughed his stern to the east, and met his end in the land of the Lombards."
Sö 66,+ hiar : ritiR : kulaifr : ok : ... ... : kuþ : biarhi : sial : hans ×,Here Gulleifr erects and ... ... May God save his soul.
Sö 67 †,[ouaifr : auk : kairmuntr : raistu : stain : þena : eftiR : faþur : sin kaiRmunt : kuþ : hialbi : ant : hans],Óleifr and Geirmundr raised this stone in memory of their father Geirmundr. May God help his spirit.
Sö 68,†$ [suirtikr · raisti · stain · at · harams...rka · faur sin ·],"†$ Svertingr raised the stone in memory of Harmsorgi(?)/Hrammstarki(?), his father."
Sö 69,¤ inkialr ¤ a-... ...-fR : raistu [sta]-- : þansi : at ¤ kana ¤ [sun kuna ¤],"Ingjaldr and ...-ulfr raised this stone in memory of Kani, Gunni's son."
Sö 70,[kitil]haufþi : auk : stinktil : þaiR : raistu stin [:] þansi : at : sikitl : bru[þur sin] sinalR : sunR : ulaufR ·,"Ketilhôfði and Steinketill, Ólôf's able sons, they raised this stone in memory of Sigketill, their brother."
Sö 71 $,...----k--(r)nur þasi (i)f(t)iR ----fau(r) + si(u)--... ...ariul-r,... this ... in memory of ... ... Herjulfr.
Sö 72 †,[ua^lfir · ur maþur : raistu : stain : þansi : ift:iR : friat · sin · stn^urman buha sin kuþ : n^lilb : sial^þi : krai],"Ulfr and <maþur> raised this stone in memory of their kinsman Styrmaðr, their husbandman. God, help their souls!"
Sö 73,: þurkunr : raisti : stain : þansi : abtiR : siriþ(i)R ×,Þorgunnr raised this stone in memory of Sigríðr(?).
Sö 74 $,¤ þuraaR : raisti : stain : þansi : at : sun : sin : kurR : auk : kiarþi : sbankaR : ufiR · sun :,Þórir(?)/Þorgeirr(?) raised this stone in memory of his son Gorm/Gyrðr(?) and made foot-bridges over (= in memory of) the son.
Sö 75 $,niniR : auk : tiþkum : raistu : stain : at : ulf : bruþur : sin,"Nennir and Tíðkumi raised the stone in memory of Ulfr, their brother."
Sö 76 †,[ofa · lit · kiara · m... ... ...iiulf · faþur · sin · kuþ · hialbi · selu · hans],"Tófa/Bófa(?) had the landmark made ... Véulfr(?), his father. May God help his soul."
Sö 77,°,°
Sö 78 M,betiir likuloa^us,Petrus. Nikolaus.
Sö 79 $,...rn auk · þi-..--... r...u at : f...-...(r) (s)in : stai-...-(o)(r)n : ...uk a- n-tir(f) (b)--u... ...-,"...-bjôrn and ... carved(?) in memory of their father Steinbjôrn(?), and in memory of(?) ...-djarfr(?), their(?) brother(?)."
Sö 80,†$ §P [þ---- þu ¤ ilrn × Rf... ...(i)(k)itu · hn tiiR ...-...--...þuk--...--] §Q [× ...-(k)itu · hn t--R ...-...-...þu(k)--...--... þ...---- þu ¤ ilrn × Rf(t)...],†$ §P ... ... ... ... ... ... ... ... §Q ... ... ... ... ... ... ... ...
Sö 81 †,[...-k + -----kt (a)i--u -...],... ... ... ...
Sö 82 $ §P,[+] ui--(a)n [× (b)a-]iR × (i)þrn + RftRh × fraitRn × bruþur × isRn × þuþR × kRkum (×) [þulR × iuk × uln ×] §Q [++] ui[--]n [× (r)a-](i)R × (i)þrn × RftRh ×× fraitRn × (b]uuþur × isRn × þuþR × kRkum × [þu](l)[R] × [i](u)k [× uln ×],"Vésteinn ... in memory of Freysteinn, his brother, (who) died in Greece. Þuli(?)/Þulr(?) cut ... §Q <ui--n> raises the stone in memory of Freysteinn, his brother, (who was) amiable towards followers. Þulir(?) cut the runes(?)."
Sö 83 †,[...an : truknaþi : i eklans : han...],He drowned in England's ...
Sö 84 $,× a...R ...et · raisa · stain · at · þorbiorn · boroþur · sin · sun · þorstainR · i skytiki · kuþ · hiolbi · ant · ¶ · þorbiornaR ·,"... had the stone raised in memory of Þorbjôrn, his brother, Þorsteinn of Skyttingi's son. May God help Þorbjôrn's spirit."
Sö 85 $,: ansuar : auk : ern... ... [: faþur sin : han : enta]þis : ut i : krikum (r)uþr : ---...unk------an-----,Andsvarr and Ern-... ... their father. He met his end abroad in Greece. ... ...
Sö 86,: asmuhtr : auk : fraybiurn · litu kera : meki · siRun · at · herbiurn · faþur : sin :,"Ásmundr and Freybjôrn had the rune-decorated landmark made in memory of Herbjôrn, their father."
Sö 87 †,°,°
Sö 88 $,stin : fastulfR : heriulfR : ristu stin : þansi : eftiR : kilf : faþur : sin : auk at ulfuiþ briuþur : kilfs : kauþu : kuml : snaliR : suniR : hulmlaukaR,"Steinn, Fastulfr (and) Herjulfr raised this stone in memory of Gelfr, their father, and in memory of Ulfviðr, Gelfr's brother. Holmlaug's able sons made the monument."
Sö 89,... ...(u)k y... ...o...,... and(?) ... ...
Sö 90 $,: atuitr : raisti : stein ... at : aisi : faþur : sin : þrutaR : þiakn :,"Andvéttr raised the stone ... in memory of Eist(?)/Æsir(?), his father, a Þegn of strength."
Sö 91,†$ [: ikulfR : auk : uasati : raistu : stain : þansi · aftiR : buka : ali : sikstin : þuþ hialbi · salu : þiRi :],†$ Ingulfr and Véseti raised this stone in memory of Buggi and Sigsteinn .May God help their souls.
Sö 92,... · lit · raisa · st... ... rysu · br(o)... · sin · ha... ... austr · bali · ...,"... had the stone raised ... Rysja(?), his brother. He ... east. Balli ..."
Sö 93,· naRrRiR : Rlefauin : isRnmik : a- ¶ -urþao : þyilR : auamnkti : ara : ¶ Rliku ¶ itf,... ... ... ... ... ... ... ... ... ...
Sö 94 †,[... iftiR biurn bunta sin kuþan kuþ hialbi ant has],"... in memory of Bjôrn, his/her good husbandman. May God help his spirit."
Sö 95,°,°
Sö 96,... ... -(t)ain : þansi : at : begli : faþur : sii :: buanta :: sifuR :: han : uaR : fa... ...,"... ... this stone in memory of Beglir, his father, Sæfa's husbandman. He travelled(?) ..."
Sö 97 §A,asgautr : raisti : stin : þena : ... ...(r)(l) : faþur : sin §B × fostra : arna,"Ásgautr raised this stone ... ... his father, §B Árni's foster-brother/father/son."
Sö 98 $ §P,... × risti × run×(i)R f(r)... ... §Q f(r)... × risti × run×(i)R,... carved the runes for ... §Q <fr...> carved the runes.
Sö 99,°,°
Sö 100,°,°
Sö 101,siriþr : kiarþi : bur : þosi : muþiR : alriks : tutiR : urms : fur · salu : hulmkirs : faþur : sukruþar buata · sis ·,"Sigríðr, Alríkr's mother, Ormr's daughter, made this bridge for the soul of Holmgeirr, father of Sigrøðr, her husbandman."
Sö 102 $,omuþa · lit · raisa · stain · þinsa · eftir · ku[na]... sun · sin · kuþ · ialbi ans · (s)alu,"Ámóða had this stone raised in memory of Gunni/Gunnarr, his son. May God help his soul."
Sö 103 $,: biurn · kirþi · kuml · þisa · at · hulfast · faþur · sin · auk ·· iarl · broþur · sin ·,"Bjôrn made these monuments in memory of Holmfastr, his father and Jarl, his brother."
Sö 104 $ §P,frkstin : riti : tsin : þina : at heþinfastþ : faþur sin : ulfr : o : (a)i(k)u a(l)ib : §Q frkstin : riti : tsin : þina : at heþinfastþ : faþur sin : ulfr : o : (h)(i)ku ali(r) : sii :,"Freysteinn(?) erected this stone in memory of Heðinfastr, his father. Ulfr of Eikey(?) ... §Q Freysteinn(?) erected this stone in memory of Heðinfastr, his father. Ulfr of ... ... ..."
Sö 105,: hulmuiþr : -þi-(s)... ...(R) ...ur--(r)- su[n] han : uaR : fa-in : m(i)- : ikuari ×+,"Holmviðr ... ... Þorbjôrn(?), his son. He travelled with Ingvarr."
Sö 106,alrikR ¤ raisti ¤ stain × sun × siriþaR × at × sin faþur × sbiut ×× saR × uisitaula × um × uaRit : hafþi × burg × um brutna : i : auk × um barþa +× firþ × han × kar(s)aR + kuni + alaR ×,"Alríkr, Sigríðr's son, raised the stone in memory of his father Spjót, who had been in the west, broken down and fought in townships. He knew all the journey's fortresses."
Sö 107,: rulifR : raisti : stein : þnsi : at : faþur : sin : skarf : ha[n] uaR : farin : miþ : ikuari :,Hróðleifr raised this stone in memory of his father Skarfr. He travelled with Ingvarr.
Sö 108,kunulfR : raisti : stein : þansi : at : ulf : faþur : sin : han : uaR i : faru : miþ : ikuari :,"Gunnulfr raised this stone in memory of Ulfr, his father. He was on a voyage with Ingvarr."
Sö 109,ormar auk × uifriþ ¤ auk × hulmriþ ¤ auk × kal ¤ auk ¤ þolfr auk ¤ (s)krim(i) ¤ þu ¤ hui ¤ --(s)keni ¤ litu (r)(s)(a) × stin × aftir þolf ×,"Ormarr and Véfríðr and Holmfríðr and Káll(?) and Þolfr and Skrimi(?), this married couple(?) and siblings(?), they had the stone raised in memory of Þólfr."
Sö 110 †,[sin faþur : raistii : stain : þansi : at : þurstain : fauRi : maisi :],His father(?) raised this stone in memory of Þorsteinn ...
Sö 111,· helki · auk · fraykaiR · auk · þorkautr · raistu · merki · siRun · at · þiuþmunt faþur · sin,"Helgi and Freygeirr and Þorgautr raised the rune-decorated landmark in memory of Þjóðmundr, their father."
Sö 112 $,: u(i)[k]tirfR : auk : tiarfR : raisþu : stain : þans[i :] at : þurkil : faþur : sin þrutaR <[þi]akn> ·,"Vígdjarfr and Djarfr raised this stone in memory of Þorkell, their father, a Þegn of strength."
Sö 113,: þaiR : situ : stin : suniR : þurkitils : auk : fulku hiar : faþur : auk : muþur : iftiR ' kiarþu ' trikila :,"They placed the stone here, the sons of Þorketill and Folka, in memory of father and mother. (They) made (it) valiantly."
Sö 114 †,°,°
Sö 115 $,[uiulfr :] auk : þu a[lfti-- : auk] þuoti : li[tu : rais... ... at : h]ultiu[i] foþur [: sin],"Véulfr and Alfdís(?) and Þrótti(?), they had ... raised in memory of Holmdjarfr(?), their father."
Sö 116,× hani : auk : siguiþr : letu : karua : kumbl : þisa : eftiR :: hulmuiþ : faþur : sen : auk : kuriþr : eftiR : hulmuiþ : buita : sin :,"Hani and Sigviðr had these monuments made in memory of Holmviðr, their father; and Gyríðr in memory of Holmviðr, her husbandman."
Sö 117,°,°
Sö 118,uitr : lit : raisi : merki : at : biorn : in : kuþ : hialbi : ant :,Eyvindr/Eyindr had the landmark raised in memory of Bjôrn; and may God help (his) spirit.
Sö 120,+ fastulfR + sun + uiulfs + lit + hagua + stain + at + hulmkaiR + broþur + sin + auk + þoruar + moþur + sina + guþ + healbi + ant + þaiRa +,"Fastulfr, Véulfr's son, had the stone cut in memory of Holmgeirr, his brother and Þorvôr, his mother. May God help their spirits."
Sö 121 †,[sumuR : hauka : stan : sum iR : tuþ : austR · i : tuna : as(u)],"<sumuR> cut the stone, who died in the east in <tuna> ..."
Sö 122 $,: stain : stanr : it : histain : raisþi stalfR : faþiR : at : sun tauþan oskutr : kiarþi : tre,The stone stands in memory of Hásteinn. The father raised (it) himself in memory of (his) dead son. Ásgautr made ...
Sö 123 $ §A,oskutr : rsþi stan §B þansi : at : hastin :,Ásgautr raised this stone §B in memory of Hásteinn.
Sö 124,hulmstain · auk · sihuiþr · þaiR [r]aistu · at · þokrim · faþur · sin · auk · at · hakstain ·,"Holmsteinn and Sigviðr, they raised (the stone) in memory of Þorgrímr, their father and in memory of Hagsteinn."
Sö 125,[ketilfas × let · reisa ×] tsein × eftiR × bryniulf × f[aþur × sin × guþan × hialmbi · i]n heilhi × kristr × h[ans| |sal],"Ketilfastr had the stone raised in memory of Brynjulfr, her good father. May the holy Christ help his soul."
Sö 126,hu(l)(m)(f)riþ · ilin--r · [þ]aR · litu · hakua · stain · eftiR eskil · faþur · sin · han · trauh · orustu · i · austru[i]hi aþaa · fulks·krimR · fala · orþi,"Holmfríðr (and) <ilin--r>, they had the stone cut in memory of Áskell, their father. He engaged in battle on the eastern route, before the people's commander wrought his fall."
Sö 127 †,[... (u)k × bro × þisi ... ... suen × b(r)... ... ...n ...----...],"... and this bridge ... ... Sveinn, brother ... ... ..."
Sö 128,þoruþr : auk : stainbog : þaR : rasa : stan : at : moþur : sina · stanfriþi ak : kar : a(t) : kunu sina :,"Þórunnr and Steinbjôrg, they raise the stone in memory of their mother Steinfríðr; and Kárr in memory of his wife."
Sö 129,biurn : rais^þi : stain : þansi : iftiR : hailka : bruþur +,"Bjôrn raised this stone in memory of Helgi, (his) brother."
Sö 130 $ §A,fiuriR : kirþu : at : faþur : kuþan : tyrþ : trikela : at : tumara : miltan : urþa uk : mataR kuþan : þat · (u)-(h)---(u)--(u)(k)(þ) §PB h^a l^f kirþu <o> §QB h^a <h> kirþu <o/þ>...,"Four (sons) made the magnificence in memory of (their) good father, valiantly in memory of Dómari/the judge, gentle in speech and free with food ... §PB He(?) fell(?) in(?) Garðar(?) (Russia) ... §QB ... ... ... ..."
Sö 131,: sbiuti : halftan : þaiR : raisþu : stain : þansi : eftiR : skarþa : bruþur sin : fur : austr : hiþan : miþ : ikuari : o sirklanti : likR : sunR iuintaR,"Spjóti (and) Halfdan, they raised this stone in memory of Skarði, their brother. From here (he) travelled to the east with Ingvarr; in Serkland lies Eyvindr's son."
Sö 132,þruþrun : iraati : staina at faþur sin · biarn · i snt-m,Þrúðrún raised(?) the stone in memory of her father Bjôrn of Sandarr.
Sö 133 $,× aiti × ris × isn : a^þis iR a^ta × hiu sbiku,"Etti carved this stone in memory of Atti, Spinka’s(?) thrall(?)."
Sö 134,auk : staina raisa : eftiR ofaih : sun sin hialbi : kristr : ant : hans : auk : selu : hans,"and raised the stones in memory of Ófeigr, his son. May Christ help his spirit and his soul."
Sö 135 †,[... ialbi · kuþ as ant],... may God help his spirit.
Sö 136 †,[: suain : iuk : sluia · þaiR : raisþu : ---... ... ...-nu · at : faþur : sin : hirsi · uksniauin ian uas : unt hifni bistr],"Sveinn and Slóði(?), they raised ... ... ... in memory of their father, an able-minded(?) chieftain(?) He was the best under heaven."
Sö 137 $ §A,þura : raisþi : stin : þ--si at : ubi : buanti : sin §BP : stain : saR:si : stanr : at : ybi : o þik·staþi : at ¶ : þuru : uar : han : uestarla : uakti : karla ¶ [sa þar] · sunr þaþ · traknasuatau(k)i(f)maR[sua] §BQ : stain : saR:si : stanr : at : ybi : o þik·staþi : at ¶ : þuru : uar : han : uestarla : uakti : karla ¶ · sunr þat raknasuatau-i(f) maR,"Þóra raised this stone in memory of Œpir, her husbandman. §BP This stone stands in memory of Œpir, on the Assembly-place in memory of Þóra's husband. He armed(?) (his) men in the west. The son saw this there ... §BQ This stone stands in memory of Œpir, on the Assembly-place in memory of Þóra's husband. He armed(?) (his) men in the west. ..."
Sö 138,: hiar : stainr : stin : at : kuþan : ybis : arfa : ak : þurunaR kylu : broþurs : kuþ hialbin : at :,"Here stands the stone in memory of Œpir's and Þórunnr's good heir, Gylla's brother. May God help (his) spirit."
Sö 139 $,stain : lit × raisa stain × þ... ... × esiþi × frinkunu × sina × kristr : liti : anta + ...(a)R : kunuR koþraR k-...-...-- · [a](u)k : fiþr [·] þiR + ristu × ru,"Steinn had this stone raised in memory of(?) Ásheiðr, his kinswoman. May Christ relieve her spirit, the good wife. ... and Finnr, they carved the runes."
Sö 140 $ §P,: santar : raisþi : stain : eftiR : iuar : franta sin : inki : fuþiR : sun · snialiRa ¶ siþi þur §Q : santar : raisþi : stain : eftiR : iuar : franta sin : inki : fuþiR : sun · snialiRa ¶ i siþiuþu,"Sandarr raised the stone in memory of Jóarr/Ívarr, his kinsman. No-one will bear a more able son. May Þórr(?) safeguard(?) §Q Sandarr raised the stone in memory of Jóarr/Ívarr, his kinsman. No-one will bear a more able son in Sweden."
Sö 141,sloþi auk · rahnfriþ · þau · litu · biþi · bro · k(i)ara · a... · (s)...in · ra-(s)n · eftiR ihulbiarn · sun sin ·,"Slóði and Ragnfríðr, they both had the bridge made and the stone raised in memory of Ígulbjôrn, their son."
Sö 142,--hbinrn · auk : suain · þiR · bru × kiaru · iftiR ---(l) bruþr sin ·,"Sigbjôrn and Sveinn, they made the bridge in memory of ... their brother."
Sö 143,· ayar : let : kiara : kumbl : baþi : eftiR : inkulf : sun : sin : hialbi : krist nat hans,"Eyjarr had both of the monuments made in memory of Ingulfr, his son. May Christ help his spirit."
Sö 144,otrukr · ahmuntr : sihraifr : þaiR : litu : hakua : stain : at : bofa : faþur : sin · snialan ·,"Ótryggr, Agmundr (and) Sigreifr, they had the stone cut in memory of Bófi, their able father."
Sö 145 † §A,[: tusti : austin : þiR : raistu : at : tuka : sniR : kiarþu · at : san :: faþur :: snialan :] §B [: tuki : ati : ru harfan : krimulfu :: ati : hafan : iu : ata i :: uþuli],"Tosti (and) Eysteinn, they raised (the stone) in memory of Tóki. The sons made in memory of their able father. §B Tóki owned half(?) of the estate(?), Grímulfr owned (the other) half(?) of the estate(?) as ancestral(?) allodial land(?)"
Sö 146 †,°,°
Sö 147,†$ [: þuruþr · skirlauh : raistu stain : at · faþur : san : ¶ : snialan almkaut],†$ Þórunnr (and) Skírlaug/Skerlaug raised the stone in memory of their able father Almgautr.
Sö 148,þiuþulfR : bui : þaiR : raisþu : stain þansi : at : farulf : faþur : sin : han uas antaþ austr i kaþ(u)(m),"Þjóðulfr (and) Búi, they raised this stone in memory of Farulfr, their father. He met his end in the east in Garðar (Russia)."
Sö 149 §A,anutr : auk · kyla · þau · letu · kia[ra ·· bro · efti]R · kunnr · sun · sin hialbi · kristr · has · ant §B ayintr ' kiarþi ' bor,"Ônundr and Gylla, they had the bridge made in memory of Gunnarr, their son. May Christ help his spirit. §B Eyvindr made the bridge."
Sö 150,... raistu : sain : at : þu(r)... ...,... raised the stone in memory of Þor-... ...
Sö 151 $ §A,nesbiurn : sun : sbars : raiþi : --ai- ...-R : suin : bruþur : sin : þrutaR : ¶ þikn §P <iunu> <unut> <nit> · <nb> <st> ai : §Q <uini> <nin> <nn> <nb> <s> ai : §B stan : iftiR : sui...,"Nesbjôrn, Sparr's/Spôrr's son, raised the stone in memory of Sveinn, his brother, a þegn of strength. ... §B the stone in memory of Sveinn."
Sö 152,ka[ti : raiþi : stain þansi if]itR [: -...(f) faþu sin],Káti raised this stone in memory of ... his father.
Sö 153 †,[... ... ...ialr : þaiR : raistu : sa... ...],"... ... Ingjaldr(?), they raised the stone ..."
Sö 154 §P,kunar : raisþi : stain : þansi : at lyþbiurn : sun : sin : iarþsalr ifna uk ubhimin §Q kunar : raisþi : stain : þansi : at lyþbiurn : sun : sin : iarþ sal rifna uk ubhimin,"Gunnarr raised this stone in memory of Lyðbjôrn, his son. The earthly hall of Heaven and High Heaven. §Q Gunnarr raised this stone in memory of Lyðbjôrn, his son. Earth shall be riven and High Heaven."
Sö 155 $,× (b)[r]yniulfr [skiu · auk] anuntr [· rai...](t)u · at · ulf · faþur · sin · auk : ans ...-- almgautr · -... ...ehs · sni[aliR : tr]ikiaR [:],"Brynjulfr, <skiu> and Ônundr raised (the stone) in memory of Ulfr, their father and his ... Almgautr ... ... able valiant men."
Sö 156 †,[kaiRua-... ...],Geirhvatr ...
Sö 157,†$ [uþun : lit : rasa : stain : at guþi... boanta : koþan : kara auk : stainbroþ at boanti sin],"†$ Auðun(?) had the stone raised in memory of Guð-... good husbandman, made(?), and Steinbjôrg/stone-bridge in memory of her husbandman."
Sö 158 $,: baki : fulk(s)tin þiR : raisþu : stin : þan:si : at : faþur : sin kitilhafþa þ^r^u^t^a^R^ ^þ^i^a^k^n uit,"Banki/Baggi (and) Folksteinn, they raised this stone in memory of their father Ketilhôfði, a Þegn of strength. ..."
Sö 159 $,: ikialtr : ak : aluiR : raisþu : stain : þansi : at : þurbiurn : faþur : sin : han uaistr hafR/(a)fR uf/(u)f uaRit leki ¶ rorikR · kumytr biu · kunlaifR hiuk ru-aR,"Ingjaldr and Ôlvir raised this stone in memory of Þorbjôrn, their father. He has been long in the west. Hrœríkr(?), Guðmundr(?), <biu>. Gunnleifr cut the runes."
Sö 160,: aybirn : raisþi : stain : þansi : at : karþi : han uarþ : tauþr : o| |oklati i liþi,Eybjôrn raised this stone in memory of Skerðir. He died in the retinue in England.
Sö 161,----- : risti : stin : at : þuri : buruþ(u)(r) sin : sturman · kuþan,"... raised the stone in memory of Þórir, his brother, a good captain."
Sö 162 $,kunlifR : sikmunt^r hiaku st- ¶ at : skar-...,Gunnleifr (and) Sigmundr cut the stone in memory of Skerðir.
Sö 163 $,þruRikr : stain : at : suni : sina : sniala : trakia : for : ulaifr : i : krikium : uli : sifti :,"Þryðríkr (raised) the stone in memory of his sons, able valiant men. Óleifr/Gulleifr travelled to Greece, divided (up) gold."
Sö 164 $ §P,kuþbirn : uti : þaiR r(a)isþu : stan þansi : at : kuþmar : f(a)þur : sin : stuþ : triki:l(a) : i · stafn skibi : likR uistarla uf huln sar tu : §Q kuþbirn : uti : þaiR r(a)isþu : stan þansi : at : kuþmar : f(a)þur : sin : stuþ : triki:l(a) : i · stafn skibi : likR uistarla <uf> <hul>n bar--,"Guðbjôrn (and) Oddi, they raised this stone in memory of Guðmarr, their father. He who died stood valiantly in the staff of the ship; (now) lies inhumed in the west. §Q Guðbjôrn (and) Oddi, they raised this stone in memory of Guðmarr, their father. Stood valiantly in the staff of the ship; lies inhumed in the west, ..."
Sö 165 $ §P,kuþrun : raisti : stain : at : hiþin : uaR : nafi suais : uaR : han :: i : krikum iuli skifti : kristr : hialb : ant : kristunia : §Q kuþrun : raisti : stain : at : hiþin : uaR : nafi suais : uaR : han :: i : krikum iuli skifti : kristr : hialb : ant : krist uni a :,"Guðrún raised the stone in memory of Heðinn; (he) was Sveinn's nephew. He was in Greece, divided (up) gold. May Christ help Christians' spirits. §Q Guðrún raised the stone in memory of Heðinn; (he) was Sveinn's nephew. He was in Greece, divided (up) gold. Christ help the spirit! Christ he loved ever!"
Sö 166,: kriutkarþr : ainriþi : suniR : kiarþu : at : faþur : snialan : kuþuiR : uaR uastr : a : aklati : kialti : skifti : burkiR : a : sahks:lanti : suti : kaula,"Grjótgarðr (and) Einriði, the sons made (the stone) in memory of (their) able father. Guðvér was in the west; divided (up) payment in England; manfully attacked townships in Saxony."
Sö 167,uiniutr : raisþi : stain : at : kuþmunt · sun · sin <t>ri<k> · k<uþ>an,"Vénjótr raised the stone in memory of Guðmundr, his son, a good valiant man."
Sö 168 $,...- raisþ- ... ...si at u-... ...þu sin,... raised this stone in memory of Vénjótr(?) ... his
Sö 169 †,[... ...--naR : þaiR:si : aR : lit : os-... ... ...nunt : raisa],"... these stones, he had Ás-... raised ... Ônundr."
Sö 170 $,: uistain : agmunr : kuþuiR : þaiR : r...(s)þu : stain : at : baulf : faþur sin ¶ þrutaR þiagn ¶ han <miþ> <kriki> ¶ <uarþ> <tu> <o> <þum> <þ(a)>,"Vésteinn, Agmundr (and) Guðvér, they raised the stone in memory of Báulfr, their father, a Þegn of strength. He was with the Greeks; then died with them."
Sö 171,(i)nk(i)f(a)[s]tr · l[i](t) (h)(a)ku... st(a)...n · eftiR · sihuiþ · faþ-r · si[n · han · fial · i h]ul(m)[karþi · skaiþaR · uisi mi]þ · ski...ra,"Ingifastr had the stone cut in memory of Sigviðr, his father. He fell in Holmgarðr, the ship's leader with the seamen."
Sö 172,· kuþla... ...et · r-... ... ...tiR sun sin · hialbi · kir... ...,Guð-... had ... ... in memory of his son. May Christ help ...
Sö 173 $ §A,mus:kia/mes:kia : a(u)[k :] (m)an(i) : litu : rasa : ku[(m)(l) : þausi : at : b]ruþur · (s)in : hr(u)þkaiR · auk : faþur sin hulm:stain · §B · han hafþi · ystarla u(m) : uaRit · lenki : tuu : a:ustarla : meþ : inkuari,Myskja and Manni/Máni had these monuments raised in memory of their brother Hróðgeirr and their father Holmsteinn. §B He had long been in the west; died in the east with Ingvarr.
Sö 174 $,[ub]lubR · lit · kira : kuml : likhus : auk : bru · at sun sin : biurn : uaR trebin : a : kut:lanti : þy : lit : fiur · sit : fluþu : kankiR : þaiR uiþ[ulkuR] : uiltu iki halta : guþ : hilbi : anta : hans,"Ólafr(?)/Óblauðr(?)/Upphlaupr(?) had the monument and sarcophagus/hospice and bridge made in memory of his son Bjôrn, (who) was killed on Gotland. Because his followers fled, he lost his life; they ... would not hold. May God help his spirit."
Sö 175,kislauk · lit · kiarua · merki · þisa · eftiR · þorþ · auk · sloþi · lit kiarua sant iaR · þet · sum sakat uaR · nuk · sum · huat · uaR · þet,"Gíslaug had these landmarks made in memory of Þórðr, also Slóði had (them) made. It is true that which was said and which was intended."
Sö 176 §A,... ...(n) · þina| |aft · mik · sialbR · in aft kaiRulf · bruþur min : uarb iak · hrauR §B hi(n)uslik(R) · hi(a)-- · an(a)-- · §C ...[u](l) · af-raiþu ÷ i[n h]uariaR · aiku (l)(o)kmuþrk(u) þriaR · bar(n) (s)(i)ak(s) · bas[t] ·,"... this stone in memory of myself. And in memory of Geirulfr, my brother, I threw up a cairn §B ... §C ... (first) ancestress(?), and each of the ancestresses has six children, the best."
Sö 177 $,ragna : let × raisa × stain × þin(a) ... ... × sun × kuþbirnaR × trenk × ufi(l)an,"Ragna had this stone raised ... ... Guðbjôrn's son, an undaunted valiant man."
Sö 178 $,hikkulfr × auk × aulfr × þaiR × letu × raiisa × staina × baþa × at + broþur × sin × kitilmut · auk × bro × iftiR × somu × moþur × sina × ia × iruni × (h)iuk × broþiR + hinaR ×,"Helgulfr(?)/Hegulfr(?) and Eyjulfr, they had both of the stones raised in memory of their brother Ketilmundr; and the bridge in memory of Sóma, their mother. And Brúni(?), her brother, cut."
Sö 179,× tula : lit : raisa : stain : þinsa| |at : sun : sin : haralt : bruþur : inkuars : þaiR furu : trikila : fiari : at : kuli : auk : a:ustarla| |ar:ni : kafu : tuu : sunar:la : a sirk:lan:ti,"Tóla had this stone raised in memory of her son Haraldr, Ingvarr's brother. They travelled valiantly far for gold, and in the east gave (food) to the eagle. (They) died in the south in Serkland."
Sö 180,...r · li- -ai... ... ...r · ilka · kuþ · hial(b)(i) ...,... had raised ... in memory of Helgi. May God help ...
Sö 181,... (k)uþ · hielbi · ...,... May God help ...
Sö 182,...- : sun : sin : uikik · h(a)... ...,... his son Víkingr. He ...
Sö 183 $,: sibi : auk : rusia : auk : krifi : þiR : raistu : stin : þansa : at : sluru : faþur : sin,"Sibbi and Rysja and <krifi>, they raised this stone in memory of Slóra(?)/Slyðra(?), their father."
Sö 184 $,hermuþr : lit : raisa × stain : þinsa × at × al + bruþur × sin : kuþan × kuþ hialbi anta + hans,"Hermóðr had this stone raised in memory of Hallr(?), his good brother. May God help his spirit."
Sö 185 †,[÷ ui... ... ...(l)bi ¤ þaim × ----],... ... may help them ...
Sö 186 †,[...lauk · ta...],... ...
Sö 187,× þaiR þurþr × auk × bruni × auk × tiþkumi × letu × raisa × stin × þensa × aftiR × syiþbalka × faþur × sin × kuþ × hialbi × isolu × hans ×,"Þórðr and Brúni and Tíðkumi, they had this stone raised in memory of Sviðbalki, their father. May God help his soul."
Sö 188 $,þurui : lit : kira : mirki : þitsa : at : morþa : auk : kuni : auk : halftan : a(u)(k) : hilguflr : at : boþur : sin,Þyrvé had this landmark made in memory of Morði; and Gunni and Halfdan and Helgulfr(?) in memory of their brother.
Sö 189 §A,-(o)nasi · resti · sta : at : ulef · skaka · faþur · si · aka(b)a(r) · biy^k §B (i)s · leni · nu · byki · uhas · uniþikR · a · uikir · uas · a · ---r(a)----- · ---- · ratami,"Óneisi(?) raised the stone in memory of Óleifr the Crooked(?), his father. (He) lived(?) §B was non-villainous ... was ... ..."
Sö 190 $,· anun-[r] · auk · suara--r · auk ' finuiþr ' litu · raisa · stain · þinsa ' iftiR · usl · faþur · --- · auk · biurn · at bruþur · sin · guþ hialbi · ant · ha[n]s · (þ)(u)-(b)iurn · risti · runaR,"Ônundr and Svaraldr and Finnviðr had this stone raised in memory of Ásl/Ôsl, their father; and Bjôrn in memory of his brother. May God help his spirit. Þorbjôrn carved the runes."
Sö 191 †,[...n-ts-ui...],...
Sö 192,inka lat · rasa · miarki · ibtiR · sti(r)---rn · buana · sin kuþa·n · ak · ibtim · fara · sun sin · kuþan · kuþ ulbi · aiþaR ha · arli,"Inga had the landmark raised in memory of Styrbjôrn, her good husbandman and in memory of Fari, her good son. May God help their ..."
Sö 193,°,°
Sö 194,ekimunr · auk · þalfi · þir · ristu · stin · þina · at · þurktil · faþur sin,"Ingimundr and Þjalfi, they raised this stone in memory of Þorketill, their father."
Sö 195 $,hulmstein · raisti : stin : eftiR : stainulf : faþurs×faþur : sen : bohnta [(k)(u)-an by-i| |i -ru-](a)iki :: kuþ : bergi : sel : hans betr : þen : han : af(R) : til : art : halburin : hiuk : a : runaR :,"Holmsteinn raised the stone in memory of Steinulfr, his father's father, a good husbandman. (He) lived in Brúsaeiki. May God save his soul better than he had deserved. Hallbjôrn/Halfburinn cut the runes."
Sö 196 $ §P,· hikifriþr · lit · r-isa · sain · þna · iftiR · ayulf · faþur · sin · auk · staf · ayulf- (k)iarþi ·· þat · ausþiki · hiuk · asur · ifnti · kina · uistr §Q · hikifriþr · lit · r-isa · sain · þna · iftiR · ayulf · faþur · sin · auk · staf · ayulf- ... (k)iarþi · þat · ¶ i · ausþiki · hiuk · asur · ifnti · kina · uistr,"Ingifríðr had this stone and staff raised in memory of Eyjulfr, her father. Eyjulfr made this Assembly-(place) in the east(?). Ôzurr cut (the runes). Gínna/Gína made(?) (the Assembly-place) in the west(?) §Q Ingifríðr had this stone and staff raised in memory of Eyjulfr, her father. Eyjulfr did this during autumn assembly, cut (killed) Ôzurr. He avenged the betrayals in the west."
Sö 197,' byrn ' auk · kerþar ' litu · hauka ' stin ' at · brþr · sena · uikik ' auk · sigfast · kuþ ' halbi · selu þira ' bet · þan ' til · kuni ' kerua ',Bjôrn and Gerðarr had the stone cut in memory of their brothers Víkingr and Sigfastr. May God help their souls better than they could deserve.
Sö 198,siriþ · lit · resa · stan · [þin](a) [·] (a)(t) · suen · sin · [b]unta · h[n] · uft · siklt · til · simk(a)(l)(a) · t(u)ru[m] · knari · um · tumisnis,"Sigríðr had this stone raised in memory of Sveinn, her husbandman. He often sailed a valued cargo-ship to Seimgalir, around Dómisnes."
Sö 199,--... ...stain ... ...str ' þair · litu · hakua ' stin ' þina ' (a)... ...,"... ...-steinn ... ...-fastr(?), they had this stone cut in memory of ..."
Sö 200,[þroti ·] (a)[u](k) · rulef · auk · ystin · auk · nasi · auk · glaki · (þ)iR · ristu · stin · þtina · at · ars(t)[in · faþur sin],"Þrótti and Hróðleifr and Eysteinn and Nasi/Nesi and Gleggi, they raised this stone in memory of Arnsteinn, their father."
Sö 201,°,°
Sö 202 $,: þurbyrna : resti : s(t)(a)i[n] --(n)a : yti : usbaka : faþur : sen ai ×× ati (k)(u)la:hui ×,"Þorbjôrn raised this stone in memory of Óspaki, his father. He owned Kolhaugr(?)"
Sö 203,' byorn ' auk · kerþar ' litu ' rasa ' stan ' þina ' at ' bryþr · sena · uikik ' auk · sigfast ' bali · risti ',Bjôrn and Gerðarr had this stone raised in memory of their brothers Víkingr and Sigfastr. Balli carved.
Sö 204 $ §P,: hier : skal : stenta : stei(n) ...kia(l)t : runi... ... (u)arfaitr : (i)(f)tiR : faþurs:broþur · sen · §Q : hier : skal : stenta : stei(n) ... ...kia(l)t : run(u)... ... ... (u)arfaitr : (i)(f)tiR : faþurs:broþur · sen ·,"Here shall the stone stand ... ... Várfeitr(?) in memory of his father's brother. §Q Here shall the stone stand [in memory of] Ingjaldr, [red of] runes, [raised it] Vôrrfeitr in memory of his father's brother."
Sö 205 $,[ikialr : auk : uisti · stainulfr · þaiR · raistu · s]tain · at · karl · faþ[ur · sin · auk · kilaum · at · boan]ta · sin · auk · ika · at · sun · si[n ·] (a)uk · irnkaiR · at · b[roþur · s(i)n · esbern · auk · tiþkumi · hiuku · runiR · arikaa : stkink ·],"Ingjaldr and Véseti and Steinulfr, they raised the stone in memory of Karl, their father; and Gillaug in memory of her husbandman; and Inga in memory of her son; and Erngeirr in memory of his brother. Ásbjôrn and Tíðkumi cut the runes. Órœkja(?) painted(?)."
Sö 206,: hir : skal : stenta : staena : þisiR : runum : ru-niR :·· raisti : k---auk : at syni : sina : auk : hielmlauk : at bryþr : sina ·,"Here shall these stones stand, reddened with runes: Guðlaug raised (them) in memory of her sons; and Hjalmlaug in memory of her brothers."
Sö 207,kuþr... ... (f)aþur sin · fur · hfila · hn · til · iklans · kuþ halbi · sil hns,Guð-... ... his father. He competently travelled to England. May God help his soul.
Sö 208,: kuþlauk · auk : hielmlaug : þaR : ----(u) · raistu : ... ...ern : auk : at : þorstain :: boanta : koþan : buki : i frayslutum : arfi : fu(l)... ... sum iR : sustursun inibrataR :,"Guðlaug and Hjalmlaug, they ... raised ... ...-bjôrn and in memory of Þorsteinn, a good husbandman. (He) lived in Freyslundir, Fullugi's heir ... who is Ennibrattr's sister's son."
Sö 209,· uikhiulmbR · auk · auþmuntr · þai(R) · litu · raisa · sten · at · serkiR · broþur · sen · koþna ·,"Víghjalmr and Auðmundr, they had the stone raised in memory of Sverkirr, their good brother."
Sö 210 $,' uarasi ' lit ' risa ' stan ' þina ' a(t) ' [ulmk]a[R ' brþur '] sen ' kuþ ' (h)----- --- [' ha]ns · betr · þan · han · kuni · til · kerua · bali · risti [(r)(u)](n)iR þisaR ×,"Varr-Ási(?)/Vôrr-Ási(?) had this stone raised in memory of Holmgeirr, his brother. May God help his soul better than he could deserve. Balli carved these runes."
Sö 211,stinulfR + auk × ha(k)- --- × þ[ur]RikR + auk × aubiarn × auk × uflati × þaiR : raistu × sta-- [þa]si : at × ulf × faþur + sin,"Steinulfr and Haki and Þryðríkr and Eybjôrn/Auðbjôrn and Ofláti, they raised this stone in memory of Ulfr, their father."
Sö 212,' suain ' let ' ra-- ' -t-n ' þina · at · fasta ' brouþur ' sen ' kuþ ' hielbi ' sal ' hans ' betr ' þan ' (h)an ' kuni ' til ' gerua,"Sveinn had this stone raised in memory of Fasti, his brother. May God help his soul better than he could deserve."
Sö 213,s^tain : hiuk : esbern : stintn : at : uitum : bat miþ : runum : raisti : kyla : at : gaiRbern : boanta : sin :· auk · kofriþ : at : faþur : sin : han uaR : boanti : bestr i : kili : raþi : saR : kuni :,"Ásbjôrn cut the stone, painted as a marker, bound with runes. Gylla raised (it) in memory of Geirbjôrn, her husbandman; and Guðfríðr in memory of her father. He was the best husbandman in Kíll. Interpret, he who can!"
Sö 214,· suin · let · ra[is]a · s(t)ain · þina · at · uikaiR · faþur · sen · koþan · b[yki| |i · a]rby · bali · risti ·,"Sveinn had this stone raised in memory of Végeirr, his good father, (who) lived in Árbýr. Balli carved."
Sö 215 †,[+ rolfr : auk suain : raistu : st(a)in : at : fraustain ... ... auk : at : kunulf : bruþur · sin : amuti : hiuk : runa(r)],"Hrólfr and Sveinn raised the stone in memory of Freysteinn ... ... and in memory of Gunnulfr, their brother. Ámundi cut the runes."
Sö 216,†$ [(u)tar : auk : -... ... ...þis : a^ustr × ...uk-ma],†$ Óttarr and ... ... met his end in the east ...
Sö 217,+ suertikr : nuk + kari : auk : kuþmutr : auk : skari : auk : knutr : raistu : stain : þena : aftiR : utruk · faþur : sin : is fel · i liþi : kuþuis +,"Svertingr and Kári and Guðmundr and Skári and Knútr raised this stone in memory of Ótryggr, their father, who fell in Guðvé's retinue."
Sö 218,× hulmkaiR × auk × s(t)ainbiar- -ai- ---u × h--ua × (i)(f)tiR × k(u)þ(l)(i)f × fa-u-,"Holmgeirr and Steinbjôrn, they had (this) cut in memory of Guðleifr, (their) father."
Sö 219 $,× ak(u)ti × lit × hkua (m)erki × þisa × iftiR × furusta + broþur × sin × hikuiþr + kiarþi s(t)ain,"Ágoti had these landmarks cut in memory of Frosti, his brother. Hegviðr made the stone."
Sö 220 $,× kuikR × a[u]k × ailaifR × þaiR × litu × [a]hkua × mirki + iftiR × roþkaiR × faþ-r × sin × ku,"Kvikr and Eileifr, they had the landmark cut in memory of Hróðgeirr, their good father."
Sö 221,× st-infastr × lit × hakua × mirki × þita × eftiR × saimut × faþur × sin -uþ hialbi,"Steinfastr had this landmark cut in memory of Sæmundr, his father. May God help."
Sö 222,·· k--kr lit : (h)akua : sta-n · þina : aftRr (h)(u)lmf(a)str : sun ...,"Kvikr had this stone cut in memory of Holmfastr, his son."
Sö 223,†$ [...al... · faþiR : at · sun : runa(R) ...],"†$ ... father in memory of son, runes ..."
Sö 224,: ragi : auk : sagsi : auk : tutr : r(a)(i)stu : stain : þinsa : at : fasta : faþur : sin,"Raggi and Saxi and Dyntr(?) raised this stone in memory of Fasti, their father."
Sö 225,M? ...,M? ...
Sö 226,+ biairn + auk + uibiarn × auk : hrafni + auk + ketilbiarn + r---(t)(u) × (s)[t]ain : at + kairbirn faþur -...,"Bjôrn and Vébjôrn and Hrafni and Ketilbjôrn raised the stone in memory of Geirbjôrn, their father."
Sö 227,× rota × lit × hakua × mirki × þisa × iftiR × kaiRfast × boroþur × sin × mag × aubiarnaR × krus,"Róta(?) had these landmarks cut in memory of Geirfastr, his brother, Eybjôrn's/Auðbjôrn's kinsman-by-marriage. Cross."
Sö 228 †,[fuluki × lit raisa + s(t)... ... ...burn + auk + ku--s · biai],Fullugi had the stone raised ... ...-bjôrn and ...
Sö 229,· katil:biarn : auk : þorbiarn : auk : þorkatil · auk : farmaþr : auk : suain · raistu stain : at · ikulbiaurn · faþur : sin +,"Ketilbjôrn and Þorbjôrn and Þorketill and Farmaðr and Sveinn raised the stone in memory of Ígulbjôrn, their father."
Sö 230,...,...
Sö 231,... ...u × ---- × -ftir --þiuka · ---ur sin · k-an,... raised the stone in memory of ... their good father.
Sö 232,+ frau:stain : auk : ikul [: raistu stin] : at : þ[urbio]rn : faþur · sih au[k · þoriR · at broþur sin],"Freysteinn and Ígull raised the stone in memory of Þorbjôrn, their father; and Þórir in memory of his brother."
Sö 233 $,kun[i × au]k × þorfastr × raistu × stain × at × þori × faþ-... ... [amut]i (h)iuk,"Gunni and Þorfastr raised the stone in memory of Þórir, their father. Ámundi cut."
Sö 234,× ormkaiR × auk × iuk(a)iR × a(u)k × if[r]s[t]a[in × þai]R -aist[u] at ·: kuna faþur : sin ·,"Ormgeirr and Jógeirr and Jôfursteinn(?), they raised (the stone) in memory of Gunni, their father."
Sö 235,: kuþbiurn : auk : o...[n : litu : ... sta]in :· þin · at : uitirf : faþur : sin ·,"Guðbjôrn and ... had this stone raised in memory of Védjarfr, their father."
Sö 236,a-s(k)(u)ltr × auk + stineltr × litu × resa × stin × eftiR + s(t)en(b)i(a)rna × kuþan,Hôskuldr(?) and Steinhildr had the stone raised in memory of good Steinbjôrn.
Sö 237,: þauriR : auk : þiahkn : litu : raiso : stain : þina : aftir :: fastbiaurn : faþur : þiahkn : auk : onut : sun : sin,"Þórir and Þegn had this stone raised in memory of Fastbjôrn, Þegn's father, and Ônundr, their son."
Sö 238 †,[(n)...i...iukaR : auk : biorn : auk : farulfi : þiR : litu : risa : stan : aftiR · aka : faþur : sin · hat : uaR : uskul · þik : þRa ·],"... and Bjôrn and Farulfr, they had the stone raised in memory of Áki, their father. He was ..."
Sö 239,biarn · li(t) ... ...- · ul- -(o)(r)oþur · sen ·,"Bjôrn had ... ... Ulfr, his brother."
Sö 240 $,· suin · lit · raisa · stain · at · roþisl · faþr · sia ·,"Sveinn had the stone raised in memory of Hróðgísl, his father."
Sö 241,uik-l(s) : a-- kiRhimR : litu : ri(s)- stin : iftiR : burþur sen : kuþbiarn : --biarn : hiuk : stin,Végísl and Geirhjalmr had the stone raised in memory of their brother Guðbjôrn ...-bjôrn cut the stone.
Sö 242,+ auþa + raisti + stain : at : haralt · buata · sin : auk · fastlauk · at + faþur sin,"Auða raised the stone in memory of Haraldr, her husbandman; and Fastlaug in memory of her father."
Sö 243,...-k... ... : sen :,... ... his
Sö 244 $,+ kuþbiarn : rest : nt ...þ...i...u ¶ fi-fþr---...is-na : uikskr : ru : rubr,Guðbjôrn raised/carved .../in memory of(?) ... ... ... ... ...
Sö 245,...ul : ma- : san : (b)-...,... ...
Sö 246,...riR : auk : auþsta... ... ...-... ...ntr · rnistu stai... ... ... sin,Þórir and Auðsteinn ... ... Ônundr raised the stone ... ... his.
Sö 247 †,[... anutr · ...istu : st... ... ...in...],... Ônundr raised the stone ... ...
Sö 248,: a[n]... ... ...fR · auk · þorstain · auk un : þaiR · lit[u] at · þius[tu]... ...[þ]ur sin,"Ônundr and Óleifr and Þorsteinn and Unn, they had (the rock-slab cut) in memory of Þjóstulfr, their father."
Sö 249,†$ [...],†$ ...
Sö 250 $,kyna ¤ raisti ¤ stain ¤ þina × aftiR : sagsa ÷ sun ¤ hlftahaR ¤,"Gynna/Gunna raised this stone in memory of Saxi, Halfdan's son."
Sö 251,÷ tisilfR × auk × ika × letu × raisa × st--n × þina × eftiR × sloþa × faþur × sin,"Díselfr and Inga had this stone raised in memory of Slóði, their father."
Sö 252 $,× u... ... ... ... ...(i)sa × au(k) [×] raisa × stain × iftiR × toka × broþur × sin · ku +,"... had this bridge made and the stone raised in memory of Tóki, his good brother."
Sö 253 †,[kitilfast- × auk × ranfastr × auk × sigfastr × litu × kiara × mirki × at × þork-... faþur sin],"Ketilfastr and Ragnfastr and Sigfastr had the landmark made in memory of Þork-.../Þorg-..., their father."
Sö 254 $,· suan : auk stain : raistu · stain : at · tos(t)a : faþur : sin : is uarþ : tauþr · i liþi : ikuars : au(k) at · þo(r)stain : auk kt : aystain : alhiltar · s--,"Sveinn/Svanr and Steinn raised the stone in memory of Tosti, their father, who died in Ingvarr's retinue, and in memory of Þorsteinn, and in memory of Eysteinn, Alfhildr's son."
Sö 255,× ubi × li- × hakua × merki : þisa : iftiR : aibiarn · broþur : sin : kuþ : hilbi ×,"Ubbi had these landmarks cut in memory of Eibjôrn, his brother. May God help!"
Sö 256 $,+ suarthaufþi + ak + uifari + auk + uibiaurn + auk + onutr + r(a)(i)stu + stain + þina + faruki + faþr + sina,"Svarthôfði and Víðfari and Vébjôrn and Ônundr raised this stone (in memory of) Freygeirr(?), their father."
Sö 257,†$ [kynuar · lit × r...t... ---s-a eftiR × alfkit × -oru-ur · sua ...],"†$ Gunnvôr had ... ... in memory of Alfketill, (her) brother's son ..."
Sö 258 $,× firþkari : rasi : stan : þinsi : iftR : k(u)(i)(b)an : suni : sinum ·,"Ferð-Kári raised this stone in memory of Guðbjôrn(?)/Kolbeinn(?), to his son."
Sö 259,...kar : (l)... ... bruþru : [...þa...],... ... ... brother ...
Sö 260,... ... ...a : stin : eftiR : ierunt : sun : sia : aR · uaR : uestþr : meþ ulfi : suni · hakunar ·,"... ... raise the stone in memory of Jôrundr, his son, who was in the west with Ulfr, Hákon's son."
Sö 261,...,...
Sö 262 $,× suain × lit × risa × stin ... ... faþur × sin × kuþan × auk × iftiR × kuþfar ·,Sveinn had the stone raised ... ... his good father and in memory of Guðvôr/Guðmarr/Guðvarr.
Sö 263,†$ [kulauk + auk koþlauk · raistu · stain · at · auit · faþur s-n +],"†$ Gullaug and Guðlaug raised the stone in memory of Eyvindr, their father."
Sö 264 $,f : ¶ rn : ¶ aþ : ¶ ii ÷,... ... ... ...
Sö 265,ka-i · raisti · stain : at : osur : sun : sin : auk : at : ulf,"Gási(?) raised the stone in memory of Ôzurr, his son, and in memory of Ulfr."
Sö 266,+ iaurun : lit : raisa : stain : at · ontuit : sun : sin : auk · at · onunt·ar + osbiarn,"Jórunnr had the stone raised in memory of Andvéttr, his son, and in memory of Ônundr's. Ásbjôrn."
Sö 267 †,[hulfa... ...],Holmfastr ...
Sö 268,+ hialmuiþr + raisti + stain + at · þorkut + sun sn + amuti + risti + runar +,"Hjalmviðr raised the stone in memory of Þorgautr, his son. Ámundi carved the runes."
Sö 269 $,+ out[r] ... ...[ut]r + raiistu + -[t](i)n + þina + at + uikika + faþur + s[in] sun stura +,"Ônundr(?)/Eyndr(?) ... ...-undr(?) raised this stone in memory of Víkingr, their father, Stóri's son."
Sö 270 $,far(e)biarn : lit : hagua : stain : et : haulf : sun · si- : hal(t)an : hiak : runa,"Farbjôrn/Freybjôrn had the stone cut in memory of Háulfr, his son. Halfdan cut the runes."
Sö 271 †,[× halstain + raisti + stain + at + þialfa + faþur + sin + amuti + hiok +],"Hallsteinn raised the stone in memory of Þjalfi, his father. Ámundi cut."
Sö 272 $,·· þurfa(s)tr · let · rai-- · s-aen · þena · aftiR · halftan · suna · s-n ··,"Þorfastr had this stone raised in memory of Halfdan, his son / Soni's son."
Sö 273,+ sikni(u)- + raisti + stai- -t + siR^uþr + faþur sin + siba --(o)þur,"Signjótr raised the stone in memory of Sigrøðr, his father, Sibbi's brother."
Sö 274,+ karl [+] au[k +] oþ[is]la + litu + rai(s)... ... ... + aurnisl + faþur + -...,"Karl and Áðísla had ... raised ... Arngísl, father ..."
Sö 275,... ...na · bist · mat-- (h)i · a[imi · uar] ...,He(?) was(?) of men(?) the most free(?) with food(?) in(?) (their) home.(?) ...
Sö 276 $,sihuiþr : auk : suain : auk : uihielbr : auk : kyla : þaun : litu : raisa : stain : eftiR · olaif,"Sigviðr and Sveinn and Véhjalmr/Víghjalmr and Gylla, they had the stone raised in memory of Óleifr/Óleif."
Sö 277,u--r : auk : inki:burk : (l)itu : ra... ... ...- : ...a at · uerþr · iki : inkuars : ma... ...,... and Ingibjôrg had raised ... ... ... in memory of ... will not be among Ingvarr's men ...
Sö 278,k(u)nbiurn lit raisa : st... ... ...þ[an a]imuntiR :,Gunnbjôrn had the stone raised ... ... Eimundr's(?).
Sö 279,ai... ... ...(u)a : --(a)- ... ...uni ÷ aimunt... ... sunarla : a : se(r)kl...,Ei-... ... the stone cut ... Eimundr's son ... in the south in Serkland.
Sö 280,...nbiur · auk þau · ut---uk · (m)uþkni · litu · aukua · sti(n) · þna · iftiR · ulfrik · auk · þa · þ--a · faþka auk · -au(a) · sun · utrlaukar,"...-bjôrn and Undrlaug, this mother and son had this stone cut in memory of Ulfríkr and they ... father and son, and ... Undrlaug's son."
Sö 281,...(a)lui : lit · kira : kubl : ifti... ... burþur : ulfs · þiR · a(u)... ... (m)iþ · ikuari : o : sirk·la(t)...,...-vé had the monument made in memory of ... Ulfr's brother. They in / to the east ... with Ingvarr in Serkland.
Sö 282 †,[uifastr × auk × hauk- × raist- stain × eftiR × naus × fa... ... ... ... ...(u)aka × broþur × þaiRa],"Véfastr and Haukr raised the stone in memory of <naus>, father ... ... ... ... their brother."
Sö 283,... ...k tufi : þaiR lit:u rais[a : stain : þinsa : ftiR : ka-...],"... and Tófi, they had this stone raised in memory of ..."
Sö 284,...(u)na + bruþu : ---...,... brother ...
Sö 285,× uikautrr · auk · --fun- · risþu · sten · i... ... ... ...ni · sina ·,Végautr and ... raised the stone in memory of ... ... their sons.
Sö 286 M §A,+ {QI · LEGET · ET · NESCIT · VIR · NOBILIS · HIC · REQIESCIT ·÷· SIT MVNDVS · SORDE · BIORN : DICTV XPE PRE[C]OR TE} ÷ §B [k]ar[l +] (k)[æ](r)(þ)(i) ÷ stin + i(f)[(t)]iR + biorn + fren[t]a + sæn + su[en]s + sun + -k + [be](n)k(f)ri[þa +] i ha[im]a[rbu] + §A ---(u)bu (+) hans + ha(r) + [lik](r) [+] han + yn(t)i + s[t]eni + þei[m]i + bank(f)riþi a[t] (+) [k]a(r)-h----[r + su]n sin +,"{Qui leget et nescit, vir nobilis hic requiescit. Sit mundus sorde Biorn, dictu Kristus, precor te.} §B Karl made the stone in memory of Bjôrn, his kinsman, Sveinn's son and Bænkfríð's in Hamarbýr, §A ... his. Here he lies under this stone. Bænkfríðr in memory of ... her son."
Sö 287 †,[× antuitR : reisti : stin : iftiR : huka : bruþur sin eR : uar : tauþe(r) : miþ : ink... ...k : iftir : þurkils bruþur : kuþan biarlaukr : irfi : lit : reisa : iftir : biaþr : sin],"Andvéttr raised the stone in memory of Hugi, his brother, who died with Ingvarr, and in memory of Þorgísl, (his) good brother. Bjarnlaugr, the heir(?), had (the stone) raised in memory of his father(?)"
Sö 288 $,sibi auk · iurun auk · þurkun · auk inkikirþr · þau : sustkyn ---(u) raisa · stain · þinsa · ibtiR · tia faþur sin auk| |kuþ(m)uþ · at bunta sin kuþ hialbi sial hans ·,"Sibbi and Jórunnr and Þorgunnr and Ingigerðr, these siblings had this stone raised in memory of Tjôrvi(?)/Diarfr(?) their father; and Guðmóð in memory of her husbandman. May God help his soul."
Sö 289,biurn · auk · hu... (r)i^s(þ)(u) s(t)(n) þ--a i(f)tiR kil(b)--... ...ur · -in kuþ h--l... ...u,"Bjôrn and Holm-... raised this stone in memory of Ketilbjôrn, their father. May God help (his) soul."
Sö 290,+ þuriR + auk + suaen + litu + raisa + stain + at + uinut + baurþur + sen + sun · hlku ·,"Þórir and Sveinn had the stone raised in memory of Vénjótr, their brother, Helga's son."
Sö 291 $,-a(r)-lfr/(þ)(o)(r)-lfr auk · ulfr : auk : sikstin : auk ...ar : þair : ristu : sain : þinsa : iftir : ualt faþur sin,"Farulfr(?)/Þórulfr(?) and Ulfr and Sigsteinn and Gunnarr(?), they raised this stone in memory of Hróaldr(?), their father."
Sö 292 $,+ uihmar + (l)et + ra(i)-- + saen + þina + at + iaruta + mah + auk + felha + sin + auk + buþur + ka...a +,"Vígmarr had this stone raised in memory of Jôrundi/Jôrundr, his kinsman-by-marriage and partner and the brother ..."
Sö 293,[auintr : auk : kerþar : auk : iki](a)ltr · auk · ti[þkumi : auk : sikraif · þaiR : raistu : stain : þin]sa : at · tu[li : faþur : sin],"Eyvindr and Gerðarr and Ingjaldr and Tíðkumi and Sigreifr, they raised this stone in memory of Tólir, their father."
Sö 294 †,[× uifastr × ... ...(i)huiþr × litu × raisa × at × ulf × faþur × sin ×],"Véfastr and Sigviðr had (the stone) raised in memory of Ulfr, their father."
Sö 295 †,[han ua iguars| |sun],He was Ingvarr's son.
Sö 296,× oskautrR : raisti : stain : þinsi : aftiR · airnfast : mu...[uþur sin : sun · kuþi(k)]s : uk · aftiR : ulafu kunu : sina : kairþi : oskutr : kuml : þausi +,"Ásgautr raised this stone in memory of Ernfastr, his mother's brother, Gyðingr's son, and in memory of Ólôf his wife. Ásgautr made these monuments."
Sö 297,+ omuþa + auk + muþa + litu : lakia + stain + þino + at ·+ sirif + bunta + sin + auk + bruþur + sikstains + auk hulmstains ·,"Ámóða and Móða had this stone laid in memory of Sigreifr/Særeifr, their husbandman and Sigsteinn's and Holmsteinn's brother."
Sö 298,× haur + nuk + karl + auk + sihia--r + auk + uihialmr + auk + kare + (l)--- -aisa + stain + þina + aftR + uihmar + faþr + sin +,"Haurr and Karl and Sighjalmr and Véhjalmr/Víghjalmr and Kári had this stone raised in memory of Vígmarr, their father."
Sö 299,onunr : uk þurfa... ... ... ...-r sino : þaiR kirþu bru,Ônundr and Þorfastr ... ... their mother. They made the bridge.
Sö 300 $,suerkiR : lit : boro : kiera : eftiR · erinkuni · moþur koþa,"Sverkir had the bridge made in memory of Eringunnr, (his) good mother."
Sö 301,·· þuri[R : auk] ...(u)i... ... [: s]taean ...f-- : o...-a : faþr ... ··,Þórir and Sveinn ... stone ... ... father ...
Sö 302,a:ustain · lit · raisa · stain · at · þurkirþi · sistur · sina · hilbiarn at · moþur · sina,"Eysteinn had the stone raised in memory of Þorgerðr, his sister; Hallbjôrn in memory of his mother."
Sö 303 $,kuþlauh : -et raisa ... ...(i)R : þurhaR : uk frusta : su(n)... (s)ino : uk ainiutr : at : stiub sin,"Guðlaug had the stone raised in memory of Þorgeirr and Frosti, her sons; and Einjótr in memory of his stepson."
Sö 304,× kuti ×× lit × raisa + [st]ain + þinsa × eftiR + urukiu + sun + sin +,"Goti had this stone raised in memory of Órœkja, his son."
Sö 305,× sibi auk × tiarui × litu × raisa stain × þinsa × iftiR × þorkil × faþur sin,"Sibbi and Tjôrvi had this stone raised in memory of Þorkell, their father."
Sö 306,...[rn :] auk · fasti : raist^u st[a]in ·· at · k(i)(l)beaurn : faþ(u)r : si(n) : [buata : þo]r[·kiai]rþ[i ··],"Bjôrn and Fasti raised the stone in memory of Ketilbjôrn(?), their father, Þorgerðr's husbandman."
Sö 307 $,ul(f)hiþin · auk : au... ... ...aiR : raistu : stai(n) : þinsa : at : þurstin : faþur : sin :,"Ulfheðinn and ... ... they raised this stone in memory of Þorsteinn, their father."
Sö 308 $,hulmfastr ' roþelfr ' ---u ' [ri]sta ' run[a] ' a- ... ... (i)kifast ' suni : sina ['] -iR ua(R)u · hua^str · i(n) · ybir risti,"Holmfastr (and) Hróðelfr had the runes carved in memory of ... ... Ingifastr, their sons. They were in the east(?)/west. And Œpir carved."
Sö 309,... ...(n) + þis^a + iftiR + bleik + ... ...- · a- · --...,... this stone in memory of Bleikr ... ... ... ...
Sö 310 †,[... hulfastr × l-... ... ...(R) × klefa × faþu... ...],"... Holmfastr had ... in memory of Klefi(?), (his) father ..."
Sö 311,hulfastr + lit + braut + ruþia + aftR + ik----(þ)i + mu(þ)-r + sina + ku-- + -r-a... + sina +,Holmfastr had the path cleared in memory of Ingi-... his good mother ... his.
Sö 312,hulfastr lit × braut × ryþia × auk × bro kiara iftiR gam-- × faþur × sin × sum × byki| |i : nesby × kuþ × hialbi ant hans aystain,"Holmfastr had the path cleared and the bridge made in memory of Gamall, his father, who lived in Nesbýr. May God help his spirit. Eysteinn."
Sö 313,°,°
Sö 314 $,... : raisa : ¶ : at : kakr : boana : nytan,"... raised in memory of Gagarr(?)/Kagr(?)/Gagr(?), a capable husbandman."
Sö 315,beiliR : au(k) ... ... ...þ : hialb... ... auk : gus : moþiR ·,Beilir(?) and ... ... May God help ... and God's mother.
Sö 316 †,[... auk · suain · au(k) · iak... ... sun · þurbiu... · kul...],... and Sveinn and ... ... Þorbjôrn's son ...
Sö 317 †,[: sikeuatr : ri... ...in : at : sun sin : olaf],Sighvatr raised the stone in memory of his son Ólafr.
Sö 318 $ §A,+ ku[fi]nkR [+ au]k + hulmkaiR + li[tu · raisa + sta]in + at [+ ur]aiþ + faþur + sin [+ a]uk + [at] + uiborg · sy(s)[tu](r) [+ sin](a) · han + §B turuk(n)[a]þi + i + bagi + harmtauþ + [mukin + guþ + hial](b)(i) [+] (a)(n)[t] + þaiRa + auk + gus + moþiR,"Kylfingr and Holmgeirr had the stone raised in memory of Vreiðr, their father and in memory of Vébjôrg, their sister. He §B drowned in Bágr, a death of great grief. May God and God's mother help their spirits."
Sö 319,: finiþr : kiarþi : kuml : þaisi : eftiR : kaiRbiurn : faþur sin :: han uarþ : tauþr uestr,"Finnviðr(?) made these monuments in memory of Geirbjôrn, his father. He died in the west."
Sö 320,: kaiRuatr : auk : anutr : auk : utamr : rita : stain : at : byrst(a)in · bruþur : sin : saR uaR : austr · miþ ikuari : trik : snialan : sun : lifayaR ×,"Geirhvatr and Ônundr and Ótamr had the stone erected in memory of Bjórsteinn, their brother. He was in the east with Ingvarr, an able valiant man, the son of Lífey."
Sö 321,(u)fik(R) : auk --...rn · l--u · ris- · ... ... ... --- · an · hafþi · til · kart,Ófeigr and ... had raised ... ... ... than he had deserved.
Sö 322,°,°
Sö 323 †,[...anti × auk (i)sk(u)tr × þ--R (r)aistu × stan × þinsa at × þuri ... ... + sknkals × raist × runaR ×],"...-anti and Ásgautr, they raised this stone in memory of Þórir ... ... Skammhals carved the runes."
Sö 324,: umal · auk : hlr(a)Rnla : rais(t)e : stain (þ)ans : at aur(m)R usa : fauþra : stuol : auk : kul : rbkas tin hs^bt : abka : sin :,... ... ... ... ... ... ... ... ... ... ... ... ... ... ... ... ... ...
Sö 325,: kaubi · resti : stin : eftiR :· su(i)ni : faþur : sin :,"Kaupi raised the stone in memory of Sveinir, his father."
Sö 326,... ...tu : stain : þinsa ...,... raised this stone ...
Sö 327,... (i)uraRi : kaum : isaio : raisti : stai : ain : þansi : at : : þuaR : fauþr : sloþn : kbrat : sin faþu... ul(i) · hano : msi +,... ... ... ... ... ... ... ... ... ... ... ... ... ... ... ... ... ...
Sö 328,þurulfR × auk × untrlauh : þau : raistu × stina × þasi auk × bru × kia(r)(þ)(u) -(t) (k)u(þ)ui × faþur : sin buanta × asu ×,"Þórulfr and Undrlaug, they raised these stones and made the bridge in memory of Guðvér, their father, Ása's husbandman."
Sö 329 †,[aimuntr : let ... ... (k)uþ salu · ha...],Eimundr had ... May God help his soul.
Sö 330 M,mudløg,wash-basin
Sö 331 $,biriR · auk · -(u)(l)ma · litu · kera · mari · þisa · at · hulma ·· sun · sin · koþan · hulmnui · tutr sia · kuþ · hialbi · s(i)(l)u · þaiRa,"Birgir(?) and Holma had these landmarks made in memory of Holmi, their good son, (and) Holmvé, their daughter. May God help their souls!"
Sö 332 $,...-þb-urn · lit · kira · mirki · þ-si ...-... ...u-mlaug sun -in,"Guðbjôrn(?) had these landmarks made in memory of Holmlaugr, his son."
Sö 333 $,: amuit · rsti · sina · þina · yti · suna · sina · rnulfu/unulfu · aku · hrenki bruþur · sena · uarþi · uti · terebina · i · kalmarna · sutuma · furu · afu · skani ×× eski · rsti · runa · þasi ×,"Ámundi(?) raised this stone in memory of his son Rúnulfr/Unnulfr, and Hringr(?), his brother. (He) was killed out in the Kalmarnir sound, (as they) travelled from Scania. Áskell/Ásgeirr carved these runes."
Sö 334,...- : boanta : --- (k)oþan,... his/her good husbandman.
Sö 335 $,uulf^ui : raisti : stain þana| |at bruþur sin : u:snikin saR furs : a:ust:arla : maþ : i:ikn:u:ari : ksibari hulmstains,Ulfr(?) raised this stone in memory of his brother Ósníkinn. He perished in the east with Ingvarr; (he was) Holmsteinn's seaman.
Sö 336,[þorkils lit · kera · merki · ef](t)iR + askaut × auk + þorkut × bry(þ)r · sina [· hi]a[l]bi [· k]u[þ] × [a]nt ×,"Þorgísl had the landmark made in memory of Ásgautr and Þorgautr, his brothers. May God help (their) spirits!"
Sö 337,$M + øþu(l)fær : (k)ærþe ki(r)(i)k(i)(u),$M Auðulfr made the church.
Sö 338 §A,· ketil : auk + biorn + þaiR + raistu + stain + þin[a] + at + þourstain : faþur + sin + anuntr + at + bruþur + sin + auk : hu[skar]laR + hifiR + iafna + ketilau at + buanta sin · ¶ bruþr uaRu þaR bistra mana : a : lanti auk : i liþi : uti : h(i)(l)(t)u sini huska(r)la : ui- + §B han + fial + i + urustu + austr + i + garþum + lis + furugi + lanmana + bestr,"Ketill and Bjôrn, they raised this stone in memory of Þorsteinn, their father; Ônundr in memory of his brother and the housecarls in memory of the just(?) (and) Ketiley in memory of her husbandman. These brothers were the best of men in the land and abroad in the retinue, held their housecarls well. §B He fell in battle in the east in Garðar (Russia), commander of the retinue, the best of landholders."
Sö 339 †,[kiula(i)... ... ... þinsa + at + sturbiurn + faþur sin],"Kjallakr/Kjullakr ... this ... in memory of Styrbjôrn, his father."
Sö 340,[: stin : saR:si sonr : at · frusta ik]irunaR : [sun : aik : kuþlifs : ulifR : raisti aftiR bruþur sin ¶ kus],"This stone stands in memory of Frosti, Ingirún and Guðleifr's son. Óleifr raised (this) in memory of his brother. Cross."
Sö 341 †,[þrniutr · rasti + s--- at · buruþu- + kaifuti + futr + un],Þornjótr(?) raised the stone in memory of (his) brother ...
Sö 342 †,[...rki(R) raistu : s-... ...],Þorgeirr raised the stone ...
Sö 343,inkialtr [: raisti : auk : þr]stin · stain · þina · at · arnfast : faþur : sin :,"Ingjaldr and Þorsteinn raised this stone in memory of Arnfastr, their father."
Sö 344 $,× auþbiarn × auk × sigbiarn × kuþbian × þaiR × byþr × litu × hakua × stain × þinsa × eftiR × biurn × fnþur × sin ...(y)stain,"Auðbjôrn and Sigbjôrn and Guðbjôrn, those brothers had this stone cut in memory of Bjôrn, their father. Eysteinn."
Sö 345 $,... ...in × þinsa × at × kai(R)... ... ...-n · eR · e[n-a]þr × ut - × kr...,... this stone in memory of Geir-... ... He had met his end abroad in Greece.
Sö 346 $,× slakui × auk · san + þiRsi · rs[tu × stahin × it boata × auk at + bruþ]ur sin,"Slagvi(?)/Slagvér(?) and Sveinn(?)/Seinn(?), they raised the stone in memory of the husbandman and in memory of their brother."
Sö 347,: ikiþora : auk : aystain : auk : hastain : hulmstain : þaun : litu : raisa : stain : eftiR : frokn : auk : at :· biurstain : sun : froknaR : auk : ikiþoruR : kuþ : hielbi : ant : þaiRa : feþrka : auk : kus : moþiR : esbirn · risti · auk · ulfr · stainti :,"Ingiþóra and Eysteinn and Hásteinn (and) Holmsteinn, they had the stone raised in memory of Frœkn and in memory of Bjórsteinn, Frœkn's and Ingiþóra's son. May God and God's mother help their spirits, of the father and son! Ásbjôrn carved and Ulfr painted."
Sö 348,[þaik]... ... ... sin han uarþ t[rib...] ...,Þegn ... his ... He was killed ...
Sö 349,i(n)ki · auk · kati... ... ... · stain · at · þtgn · -aþur · sin · koþan · kuþ · ialbi,"Ingi(?) and Ketill(?) ... ... the stone in memory of Þegn, their good father. May God help."
Sö 350,ulfR : auk : igul : raistu : stain : þensa : at ur[i : fa]þur sin : kuþan : kuþ : hialb[i ·] --- hn...,"Ulfr and Ígull raised this stone in memory of Orri(?), their good father. May God help his spirit."
Sö 351 $,...[u] + raisti + stain + þansi + at + uikaiR + faþur + sin + uinr ...abu + h-n ×,"... raised this stone in memory of Végeirr, his father. Wends killed him."
Sö 352 $ §A,: ailkufR : raisþi : stin : þansi : [at] : þurfast : mag : sin : tisa : at bruþur sin ... [<-rþ>u] §B [tuþr uu...] §C tisa : kiarþ... eft... ... sina,"Helgulfr(?) raised this stone in memory of Þorfastr, his kinsman-by-marriage; Dísa in memory of her brother. ... ... §B died(?) ... §C Dísa made in memory of ... her."
Sö 353,[sua]... ... ...kn · auk · slaguis · a... ... [uf]... ... sint ·,Sveinn ... Þegn and Slagvér(?) and ... ... ...
Sö 354,...rn : lit : raisa : stain : i... ...,Bjôrn(?) had the stone raised in memory of ...
Sö 355 $,... ... ...[uiþ](r) : letu : ... ... (þ)isa : ef... ...,... ... ... (and) ...-viðr had ... this/these ... in memory of ...
Sö 356 $ §A,+ ku... ... + ant + hans ... ku... ... ...uk + þ(a)... §B ... + sum + kiara + litu + tofi + risti + runaR + a + nesbiurn + hiok + sta...,May God and God's mother help his spirit and those §B men who had (this) made. Tófi carved the runes upon (this). Nesbjôrn cut the stones.
Sö 357,(a)(t) : (a)utisi : sustur ...,"In memory of Eydís, sister ..."
Sö 358,...--f :: br...,... ...
Sö 359,· arulfr · auk · kamal · auk · sbiuti · þair · litu · heli · hakua · eftir · rukuat · faþur · sin · kuþan,"Arnulfr and Gamall and Spjóti, they had the rock-slab cut in memory of Róghvatr, their good father."
Sö 360,: þurstin : reisti : stin : þisi : iffir : bruuR : sin þurbn ·: sun : ru-ts : farit : uas i : far-nki :,"Þorsteinn raised this stone in memory of his brother Þorbjôrn, Hrútr's(?) son. (He) had travelled ..."
Sö 361 $,...(a)þu × ... ... (u)arþ × i ... ... ...ki(b)ali... ...,... ... ... was in ... ... ship's retinue ...
Sö 362 $,+ kulben · auk · iuli · restu · stin · uftiR · ikuar · bruþur · sin ·,"Kolbeinn and Juli raised the stone in memory of Ingvarr, their brother."
Sö 363,· aystin · raisti · stin · at · þorstin · faþur sin · kuþ · hiolbi · ant ·: þorstinR ·,"Eysteinn raised the stone in memory of Þorsteinn, his father. May God help Þorsteinn's spirit."
Sö 364,...(u)k ·· (t)-...,... ...
Sö 365 M,????????,...
Sö 366,...sa i · at... ... ...rþr...,... ... ... ...
Sö 367,hamunr : ulfR raisþu : stain : þinsi : efti : hrulf : faþur : sin : ayburg : at : unir sin þaiR otu : by : slaiþa:bru + fraystain : hrulfR o^þru<toR> <þia>k<n>a,"Hámundr (and) Ulfr raised this stone in memory of Hrólfr, their father; Eybjôrg in memory of her husband. Freysteinn (and) Hrólfr, þegns of strength, they owned the estate of Sleðabrú."
Sö 368,... : fyrþ...,... ...
Sö 369,...R : l... koþ,... ...
Sö 370,es-... ... : stain ... ...kaR kia-... ... ...a,... ... the stone ... ... ... ... ...
Sö 371,°,°
Sö 372,†M [...],†M ...
Sö 373 †,[riiitrasþisi : aikititsifr],... ...
Sö 374 $,...--- l-t · r-isa · stain · -ftiR mana musku ruþur · tufialtr risti runaR ... fulkoþan fnþ...,"... had the stone raised in memory of Manni/Máni, Myskja's brother. Styfjaldr(?) carved the runes ... quite good father."
Sö 375,... at · a...,... in memory of ...
Sö 376 †,[...ft · stur...],in memory of Styr-...
Sö 377,... ...isa · sti- ... -t · su... ...,... raised the stone ... in memory of the son ...
Sö 378,...-ui : karfastr ...,... Geirfastr(?) ...
Sö 379 $,...n(i)astmlR,<...hniastbmlR>
Sö 380 †,[...fn-...],...
Sö 381,... ...(t) : igul : faþu... ...,"... in memory of Ígull, father ..."
Sö 382 †,[...-u · ristu : stin · þinsa × aftir × þurkisl × fauþur : sin × kuþ : hialbi : sol : hans],"... raised this stone in memory of Þorgísl, their father. May God help his soul."
Sö 383,†$ [...--- --ain : ...-... ... · runo · uas ×],†$ ... stone(?) ... ... Rúna(?) was.
Sö AA29;8 M §A,maria ma^þþie ma^rce filii bene ma^ria §B ma^ria ma^g ia+ko^b o^la^vr la^urencius ma^ria ba^rþo^lomei egidi maria ko^rs ma^þþei mikael,"Mary, Matthew, Mark(?), son's(?), Benedictus, Mary, §B Mary Magdalene, Jacob, Óláfr, Laurencius, Mary, Bartholomew, Egidii, Mary, cross, Matthew, Michael."
Sö ALLHSÖDERM;77,=Sö_Fv2011;307,=Sö_Fv2011;307
Sö ATA1918/43,ioisin/nisioi,...
Sö ATA5501/52,...al...,...
Sö ATA6058/54,...-tr · uilal : tum : k-...,... ...
Sö ATA5165/58,°,°
Sö ATA4153/59,=Sö_EMÅ1960;5,=Sö_EMÅ1960;5
Sö ATA6294/59,°,°
Sö ATA6491/60,...- × r(i)(t)(a) × stin × þina × at × runul- ...-...,... erected this stone in memory of Rúnulfr ...
Sö ATA6163/61 $,: ui... ...- : at : sin : faþu- ...----al : akut- ...-- · --...ti : uaRþis trab-... au- -... ...ia... ...an,... ... in memory of his father ... Ágoti ... ... ... killed ... ... ... ...
Sö ATA6447/61,... ...ulmstains × ...,... Holmsteinn's ...
Sö ATA4202/63,...-nu...,...
Sö ATA4207/71,... ...(t)ain : at ...,... the stone in memory of ...
Sö ATA7551/92 $,...-- · lit · -aisa · stain · þinsa · iftiR · tu-ta · s-- ...----...,... had this stone raised in memory of Tosti(?) (his) son ...
Sö ATA323-3863-1999,...--... ¶ ...u...,... ...
Sö ATA328-4407-2003,=Sö_NOR2003;21,=Sö_NOR2003;21
Sö ATA323-4044-2009 M §A,kruhs markus (s)u--io-(b) ¶ --(u)(h)(s) (m)aþ(e)(u)s -- §B (k)ruhs iohanæs ¶ (k)ruhs (l)(u)k-- --,"Crux, Marcus, ... crux, Matthæus, ... §B crux, Johannes, crux, Lucas ..."
Sö ATA322-1467-2011,hul-...-... ...(i)(t) × hak(u)a × (m)arki × þ(a)(s)(i) (e)(f)(t)(i)r × mk (×) sin m(a)n| |nutan × auk × hulmuiþr × fulki × iafn(i) × eftiR × br-þur × sin × (k)uþ × hial(b)i ... ... -stain × risti,"Holmfastr had these landmarks cut in memory of his kinsman-by-marriage, a capable man, and Holmviðr, Folki, Jafni(?) in memory of his brother. May God help ... ... Eysteinn carved."
Sö ATA322-4237-2011 $,: kunar : auk : ulfr : auk : sighialnmR : litu : risa : stin : atn : halftan : faþur : sin : kuþ : hial¶bi : ¶ : ant : hans,"Gunnarr and Ulfr and Sighjalmr had the stone raised in memory of Halfdan, their father. May God help his spirit."
Sö ATA322-4394-2011 M,a^b^rrbm^n^Rt^u^(l)^(t)-...,...
Sö ATA423-1431-2012:1 M §A,agla ¶ ga^la ... ¶ (l)(a)ga^ ^ga^la ¶ laga ¶ teus meus ¶ a^gla ga^la ¶ la^ga a^gla ¶ t^(e) (a)^mu -... §B ?þ?? ?^þ?^þyþ?bh ¶ a-n-... ¶ ????^þ þ?^þ?þ^??i ¶ (n)þ,"Agla ('agla'= Thou art strong in eternity, Lord) gala ... laga gala laga. My God. Agla gala laga agla. I love you(?) ... §B ... ... ... ... ... ..."
Sö ATA423-1431-2012:2 M,a?b ¶ ru,... ...
Sö ATA423-1431-2012:3 M,i(o)(n)l ' i?bi,... ...
Sö EMÅ1960;5,°,°
Sö Fv1948;282,: kuþmuntr : auk : kisla : þaun : litu : kiara : bro,"Guðmundr and Gísla, they had the bridge made."
Sö Fv1948;289,ostriþ : lit : -ira : ku(m)... ...usi ÷ at : anunt ÷ auk : raknualt : sun : sin ÷: urþu : ta...R : - (t)an...-...(k)u : ua-u : rikiR : o rauniki : ak : snialastiR : i : suiþiuþu,"Ástríðr had these monuments made in memory of Ônundr and Ragnvaldr, her son. (They) died in Denmark, were powerful in Rauningi and the ablest in Sweden."
Sö Fv1948;291,...- · kiarþu · skibuarþ · (a)-... · trbnfr,... made (= did) ship's watch (= duty) ... killed(?)
Sö Fv1948;293,...-n : r(a)... ... : sin : a...,... ... ... his ...
Sö Fv1948;295,: halftan ÷ rasþi : st(a)- ...si : at : raknualt : faþur : sin : ouk : tan · bruþur sin þrutaR <þia>k<(n)>a,"Halfdan raised this stone in memory of Ragnvaldr, his father, and Dan, his brother, Þegns of strength."
Sö Fv1948;298 $,: biarni : auk : -ai- : litu : -aisa : stin : at : nikbiurn : faþur sin : bu--a : --ui · bruþur kuþfins :,"Bjarni and Geirr had the stone raised in memory of Nesbjôrn(?)/Nefbjôrn(?), their father ... Guðfinnr's brother."
Sö Fv1948;301,°,°
Sö Fv1948;314,... : sun : s...,... his son.
Sö Fv1954;19 $,krist × biþia ... ...-...(a)(i) · (m)... ... ...i faþur sin ... ...--a × sin × hinha,Christ pray ... ... ... ... ... his father ... ... his holy(?).
Sö Fv1954;20,biurn : lit : risa : stin : i(f)... ... ... ...r : austr : i : kirikium : biurn hik,Bjôrn had the stone raised in memory of ... ... died in the east in Greece. Bjôrn cut.
Sö Fv1954;22,...i : risti : ---... ... ...in... ... sin : han : iR : entaþr : i : austruiki : ut : o : la-...,... raised ... ... ... ... his. He met his end on the eastern route abroad in Lombardy(?).
Sö Fv1958;242,· anunr · auk · bruni · raistu · at · kulbain · þina · stain ·,Ônundr and Brúni raised this stone in memory of Kolbeinn.
Sö Fv1958;247A,°,°
Sö Fv1958;247B,°,°
Sö Fv1958;247C,°,°
Sö Fv1958;247D,°,°
Sö Fv1958;247F,=Sö_Fv1958;247D,=Sö_Fv1958;247D
Sö Fv1959;262 $,· a-þkuþr · auk · arkir · li-u · raisa ...a ...ai... ...-... ...---t · b...þu- -in,Auðgunnr(?) and Arngerðr/Arngeirr had raised ... ... ... ... their brother.
Sö Fv1965;133 M,margareta a mik,Margréta/Margaréta owns me.
Sö Fv1965;136,†M §A [fuþ(o)r(k)hia(s)tbml(R)] §B [sial],†M §A <fuþorkhniastbmlR> §B Seal.
Sö Fv1969;298,... : þensa : iftir : eskil : (b)(r)-(þ)... ...,"... this in memory of Áskell, brother ..."
Sö Fv1969;299 M,(t)-(f)a · a mk,Tófa owns me.
Sö Fv1971;207,kunbiarn : lit : r-... ... ...(b)(i) : ant : btr · þan ...,Gunnbjôrn had raised ... may help (his) spirit better than ...
Sö Fv1971;208,× uihmar · raisti · sten · þinsa · eftiR · kara · faþur · sin · auk þora ×,"Vígmarr raised this stone in memory of Kári, his father. And Þóra (did?)."
Sö Fv1972;243,†U [...],†U ...
Sö Fv1973;187,... ...(u)l(f) : suni : sina : kuþ : ih... ...,"... Ulfr/...-ulfr, his sons. May God help ..."
Sö Fv1973;188A,...-rs... ...- × ma...,... ... ...
Sö Fv1973;188B,... × aft × f...,... in memory of ...
Sö Fv1973;189,: urmar : raisti : stin : þisa : aftiR : þurkil : (f)aþur : ¶ : sin :,"Ormarr raised this stone in memory of Þorkell, his father."
Sö Fv1973;190 M §A,...(r)khnialstbmR §B sihfiriþ ÷ mi a,<fuþorkhniastbmlR> §B Sigfriðr owns(?) me(?).
Sö Fv1974;210 M,auæ,Hail(?)
Sö Fv1979;239 §A,...r : au §B ...-gR : ... §C ...ur : sin : -... §D ...þan : k... §E ...þu-... §F ...ins... §G ...---... §H ...u : ... §I ...uai(n)... §J ...-n : -... §K ...-y... §L ...-(h)... §M ...---... §N ...h... §O ... : ...,... ... §B ... ... §C ... his ... §D good ... §E ... §F ... §G ... §H ... ... §I ... §J ... ... §K ... §L ... §M ... §N ... §O ... ...
Sö Fv1979;240 $ §AP,...na : ... §AQ ... : an... §B ...-n : k...,... ... §AQ ... ... §B ...
Sö Fv1981;197 §A,fuþorkhnias... §B fuþorkhniast... §C ...hn(i)(a)stbm(l)R,<fuþorkhniastbmlR> §B <fuþorkhniastbmlR> §C <fuþorkhniastbmlR>
Sö Fv1982;235,ayk...-(R) · auk · s--... ...---... ...-R · -e-u rais... stain iftiR ybi · faþur · sin,"Eygeirr(?) and ... ... they had the stone raised in memory of Œpir, their father."
Sö Fv1984;253,... ...in : þina : at : osuar : mu(þ)... ...,"... this stone in memory of Ásvôr, mother ..."
Sö Fv1984;254,°,°
Sö Fv1986;218 $,× kaR : reþi sin : eti : bui : uiburk uaR : muþR : snuR : fatriþ : ----,Geirr erected the stone in memory of Búi. Vébjôrg was (his) mother. [Was his] daughter-in-law Fastríð(?) ...
Sö Fv1986;220 $,: ... ...--R · eykr ¶ -m.../...R,... ... ... ...
Sö Fv1988;34 $ §A,... (:) -aR : u(a)... §B ... -alfta(n) ...,... ... ... §B ... Halfdan ...
Sö Fv1990;31,... ...r : au... ... ...-ra : h-...,... ... ... ... ... ...
Sö Fv1993;229,botuiþr · au- ...uri · rais^tu · merki ... ...---rn · broþur · sin ·,Bótviðr and ... raised the landmark ... ... their brother.
Sö Fv1993;230,... ...-ialan ...-k ...,... ... ... ...
Sö Fv2011;307 U,... ...rila^z · wodinz ·,... the eril Wodinz
Sö NOR1997;26 §A,... ...isþi : s-a... ...þ iftiR : fr... §B ...<un(u)u>rsb-...,... raised the stone ... in memory of ... §B ...
Sö NOR1998;23,... : eftiR : man : tau... ...,... in memory of the dead man(?) ...
Sö NOR2003;21,... ...u : br- ...,... had the bridge (?) ...
Sö NOR2003;22 $,... ...-þur ... ¶ ...ru(þ)...,... brother(?) ... ...
Sö Sb1963;149,°,°
Sö Sb1965;12 $,: ormr : auk : faskr : auk : þora :· litu : raisa : at : uifa : brour : sin :,"Ormr and Fastgeirr/Fastgerðr/Fauskr and Þóra had (the stone) raised in memory of Vífi, their brother."
Sö Sb1965;19,ku...---- ...--... kuna + l-...u + hakua + stain + þina + auk + buru + þ...-a + if... ...-... ...-- sinn,... [and] Gunna had this stone and this bridge made in memory of their ...
Sö Sb1965;20 $,-(u)--... -u(k) ... ...--t----(a)...- (f)(þ)(u) (k)(u)þ (i)halbi : on(t) · an- ...ui(h)n(t)u-o(s),"... and(?) ... ... father(?), may God help his spirit ..."
Sö Sb1965;22,...,...
Sm 1 $ §P,[uih]i[k]utr : resti : sten (:) ef(t)r : ru[mu]nt : faþ[ur : sin] : (k)uþ : hialbi : selu : bunta : uirskum : hiuk : askutr : [þuni] §Q [uih]i[k]utr : resti : sten (:) ef(t)r : ru[mu]nt : faþ[ur : sin] : (k)uþ : hialbi : selu : bunta : uirskum : hiuk : askutr : [þuni],"Vígnjótr(?) raised the stone in memory of Hróðmundr(?), his father. May God help (his) soul. Ásgautr cut the runes / Ásgautr Þunni(?) cut for the husbandman from Virðskr. §Q Vígnjótr raised the stone in memory of Hróðmundr, his father, for the Värendish husbandman (= from the district of the virðar). May God help his soul! Ásgautr cut the runes."
Sm 2 †,[abiori : lit · risa : stin ·· eftir : toki · uniþint],Ábjôrn had the stone raised in memory of Tóki Óníðingr.
Sm 3,M? ...,M? ...
Sm 4,$M ÷ finviþir hiog þæta kar : a : diura:biærh:e,$M Finnviðr cut this font on Dýraberg(?).
Sm 5 §A,: kotr : sati : sten : þana : eftR : ketil : §B : sun : sin : han : faR : §C : mana : mesr o:niþikR : eR a : eklati : ali : tunþi,"Gautr placed this stone in memory of Ketill §B his son. He was §C the most unvillainous of men, who forfeited his life in England."
Sm 6,$M bosi : tlhi ¶ kirki ¶ bosi : ta^lh`þ´i sten ¶ til skatma ¶ kirkiu,$M Bósi shaped the church. Bósi shaped the stone for the church of the inhabitants of Skatelöv.
Sm 7 $,þeriþr · ak · þunaki : satu · eftr · rumar · kuþ · ialbi · kuþ at · as,Geirrøðr/Geirríðr/Þorrøðr/Þóríðr and Þunn(Thin)-Áki/Þunn(Thin)-Hnakki placed (the stone) in memory of Hróðmarr. May God help ... his spirit.
Sm 8 $,[i-l]þki[R] · auk · roþ[ein · l... s]te[in] · e[ft]iR · heþin · sun · sin ·,"Þjóðgeirr(?)/Friðgeirr(?) and Hróðelfr ... the stone in memory of Heðinn, their son."
Sm 9,†$ [...--irl-...-...knut- eftir uekra : uei-si- : ...],†$ ... in memory of Vakri(?)/Vafri(?) ... ...
Sm 10 $,-u[(k)]i (:) reisti : stein (:) eftir : kunar : sun : kirims × ¶ kuþ healbi sel hans ¶ tyki × ¶ uikikr,"Tóki(?) raised the stone in memory of Gunnarr, Grímr's son. May God help his soul! Tóki the viking."
Sm 11,· klaka × suniR × letu × hakua · stein · eftiR : -aþur · sin : auk : eftiR : kala : auk : uikik : bryþr : sina,"Klakki's sons had the stone cut in memory of their father and in memory of Kali/Kalli/Galli and Víkingr, their brothers."
Sm 12 M,fuþoRkhmi,<fuþoRkhmi>
Sm 13 $,[: sbak]R (:) le[t] : kerua : kuml : eftiR : suni : sina : suen : auk : rymik,Spakr had the monument made in memory of his sons Sveinn and Hrœmingr.
Sm 14 M,fuþorkhf ¶ þorkhf,<fuþorkhf þorkhf>
Sm 15 $,...ti : lit : kerua : bru : eftiR · suar...,... had the bridge made in memory of Svart-...
Sm 16 $ §A,rostein · auk · eilifR · aki : auk · hakun : reisþu · þeiR · sueinaR · eftiR sin · ¶ faþur · kubl ¶ keni·likt · §B ftiR · kala · tauþan : þy : mun · ko... ... -m kitit · uerþa · meþ · sin · lifiR · auk · stafiR · run,"Hróðsteinn and Eilífr (and) Áki and Hákon, these lads raised the remarkable monument in memory of their father, §B in memory of Kali/Kalli the deceased. So the good man will be commemorated while the stone and the rune-staves live."
Sm 18,†M [irolios ÷ uari min smi ÷ lrfiriþ e miltanta ÷],†M Eiríkus(?) was my smith. Mary(?) the(?) mildest(?).
Sm 19 $,· þurluf · raisþi · stain · þana · eftiR · ala · auk · etu · hialbi · kuþ · aut · þaiRa,Þorlôf raised this stone in memory of Áli/Alli and Etta. May God help their spirits.
Sm 20,†$ §A [--r-uf--u þaiR iRu --þ--u-u--nb ¶ efr--ai uarin iR uku butr þ(i)u] §B [------------------],"†$ §A ... they were ... ... Varinn, who the husbandmen cut down(?) ... §B ..."
Sm 21 $,n...u-... : (s)-----(i) : ... : ... : ... : ... : ...(i) : -... : k... : -...(i) : ha...a... : (i)-- ¶ -- : -- : ¶ u-,... ... ... ... ... ... ... ... ... ... ... ... ... ... ...
Sm 22 M,afe maria : gracia broþir sbbi : gesus kristus,Ave Maria. Gratia. Brother Sibbi. Jesus Christ.
Sm 23 M,gabreæl :,Gabriel
Sm 23B M,h-- art(u)...--(s)----- ¶ (s)ihmunder : sk(þ)e ¶ f(u)s,Here(?) ... Sigmundr wrote us.
Sm 24 M,brubao,...
Sm 25,$M el kirk þusn ¶ i hakRuþ trn,$M Elgjaholt's church Þorsteinn(?) in Hagrjóðr ...
Sm 26 M,mahnus : þehe(u)(s) kiorþe mek guþ shni þen,Magnús Diakonus made me. God bless him.
Sm 27 $,--rþr · ris-- · kuml · þe... ... ...-aþis · o · eklanti,Þórðr raised this/these(?) monument(s) ... met his end in England.
Sm 28 $,... ...-n · (þ)ana : eftiR : oitr · -... ...- tþr :,... this stone in memory of Eyndr/Eyindr/Eyvindr/Vetr/Hvítr ... ... died(?).
Sm 29 $,...r · rsþi · stin · eftiR · þur(k)iR · faþur · sin · saR · (e)(t)aþis · o · -klanti ·,"... raised the stone in memory of Þorgeirr, his father. He met his end in England."
Sm 30 $,... [it] (u)tulf : sun : sin : mana ...,"... in memory of(?) Oddulfr(?), his son, of men ..."
Sm 31,...f · sati · stan · aftiR · bruþur · sin · faua · k(u)(þ) · habi · a(u)t ·,... placed the stone in memory of his brother Fávi/Fari(?). May God help (his) spirit.
Sm 32,... ...bl : þasi : eftiR : sui- faþur : sin,"... these monuments in memory of Sveinn, his father."
Sm 33 $,... ...--i : stina : þasi : iftiR : þurmar : bruþur sin : ha... ... uaR : man... ...,"... ... these stones in memory of Þormarr, his brother. He ... was of men ..."
Sm 34 †,[-k------ sati · stin : ef(t)iR ka--- ' ...ri sin t-...],... placed the stone in memory of Karli/Gauti(?) ... his ...
Sm 35 $,: kutraþr : karþi : kubl : þisi : iftiR : astraþ : faþur : sin : þan : frita : ak : þih:na : bistan : iR a : fin:iþi : forþum : uf| |faRi :,"Gautráðr made these monuments in memory of Ástráðr, his father, the best of kinsmen and Þegns, who formerly was in Finnheiðr."
Sm 36 $,: uintR : auk : -...[(i)]n : sat : kul : þusi : iftiR : osmr :,Eyndr/Vetr and Sveinn/Steinn placed these monuments in memory of Ôzurr/Ásmarr.
Sm 37 $,[:] a[sur] · karþi : kubl : þesi : eftiR : uit : faþur : sin · [h]an uaR : mana : mestr : uniþikR [:] uaR : i[n]tr : mataR : uk umun hats : kuþr · þi(k)[n] kus tru : kuþa : hafþi :,"Ôzurr made these monuments in memory of Eyndr/Hvítr, his father. He was the most unvillainous of men; was liberal with food and oblivious to hate. A good Þegn, (who) had good belief in God."
Sm 38 M,[a^u^æ : ma^ræi : kra^kia :] plæna : þominus : t^æ^kum : bænæþ[ikta : -^- : in muliæribus -... ... ...-ukt^-(s) : -^æn-^ris tui],"Ave Maria, gratia plena, Dominus tecum. Benedicta tu in mulieribus, et ... fructus ventris tui."
Sm 39 $ §A,: kuni : sati : stin : þana : iftiR §B : suna : faþr : sin : milan : u... ... mataR kuþa... :,"Gunni placed this stone in memory of §B Soni, his father, gentle in speech and free with food."
Sm 40 $,...[r + kiarþi + kuml + þasi ·] -ftiR + kum... ...-a...-...[n +] ¶ ...----------...,... made these monuments in memory of Gummi(?) ... ...
Sm 41,=Sm_40,=Sm_40
Sm 42,tumi × risti : stin : þansi : iftiR × asur : ¶ bruþur × sin × þan : aR : uaR : s^kibari : hrhls : ku¶nuks,"Tumi/Tummi/Dómi raised this stone in memory of Ôzurr, his brother, he who was King Haraldr's seaman."
Sm 43 $ §A,· anut · ... ...-n · sin · uk ifti(R) ... ...þa · §B ...r · s-...,Ônundr ... his son and in memory of ... ... §B ... ...
Sm 45 $,· uest-n · karþ- · (k)ub- · þesi · efteR · esburn · bruþur · sin · uitrik · þesi · a uiki·muti,"Vésteinn made these monuments, this memento at the cross-roads, in memory of Ásbjôrn, his brother."
Sm 46 †,[...nui krþi : kubl : þesi : iftiR suin : sun : sin : im ÷ itaþisk ou·tr i krikum],"...-vé made these monuments in memory of Sveinn, her son, who met his end in the east in Greece."
Sm 47,baiþ- ¶ k(r)ak ¶ -Rr-,...
Sm 48,ufakRs × s[a]ti × stin × þosi × eftiR × uta × sun sin × harþa [k]u...n × tr(i)(k) -u - [f]arþ,"Ófeigr placed this stone in memory of Oddi, his son, a very good valiant man (who) died on a journey.(?)"
Sm 49 M,+ annus · inkannacionis : domini : millesimus · ducentisimus : tris^cesimus : oktauus : erat : fakta · ak kampana : bero : s^crp·sit,Anno incarnationis Domini millesimo ducentesimo tricesimo octavo erat facta hæc campana. Bero scripsit.
Sm 50 M,: arinbiorn ÷ gørthe ÷ mi(k) ÷¶ uitku^nder ÷ prest^er ÷ skref : m(i)(k) :¶ ok ÷ hær ÷ skal : um ÷ st^u^nd ÷ stanta ÷,"Arinbjôrn made me, Víðkunnr the priest wrote me, and here shall I stand for a while."
Sm 51,tusti × (r)...(i) ...tin × efti(R) kuno × mak × sin × þ... ...---s × ... × uistar- × uar- ...,"Tosti raised the stone in memory of Gunni, his kinsman-by-marriage ... ... ... was westwards ..."
Sm 52,: rhulf : auk : oskihl : riþu : stin : þo[nsi] : etiR : lifstin : fuþur : sin : es : uarþ : tuþr :: o : skonu : (n) : karþ:stokum : auk : furþu : o :: finhiþi [:],"Hrólfr and Áskell raised this stone in memory of Hlífsteinn, their father, who died in Skáney in Garðstangir and (they) brought (him) to Finnheiðr."
Sm 53 $,ru[-]f[-] ...i + stin + þana + eftiR + s... auk [(i)s---] suni sina + tua ...- + silu þ...,Hrólfr(?) raised this stone in memory of ... and ... his two sons ... their souls.
Sm 54 M,guþ gøme · h : igibrRhtso(n) ¶ sial : a^n : knutær ¶ hiar likær,God may protect Herra Engibriktsson's soul. He Knútr lies here.
Sm 55 $,: hakR : kulkR : aukR · kuþkurR : riþ : itRn : þan : isunR : auti : Rtin f,"Haki(?), Kolki(?), Auki(?), mother and daughter(s)(?) raised this stone, the sons, in memory of Steinn(?), the father(?)."
Sm 56 M,...,...
Sm 57 M,asti ÷ guþ,... God
Sm 58 M,...,...
Sm 59,: sekmutr : kearþ... ... ...ulf : buruþur : sin,"Sigmundr made ... -ulfr/Ulfr, his brother."
Sm 61 $,kuþuar : let : resa : stein : þana : eftR · auþa : sun : sin auk · karl · eftiR : s(t)in : sun : sin : kuþ hialbi : sau ·,"Guðvarðr/Guðvarr/Guðvôr had this stone raised in memory of Auði, his/her son; and Karl in memory of Steinn, his son. May God help (their) souls."
Sm 62 $,tusti : karþi : kubl : þasi : efti : eta : sun s...,"Tosti made these monuments in memory of Etti, his son."
Sm 63 †,[...l : sati : s(t)... ...a : ift... ...],... placed this stone in memory of ...
Sm 64 $,þurun : sati : stin : eftiR : oskil : buta : sin : auk : eftiR · sunu : sina : suin : auk : tufa : kuþ : hialbi : selu : þiRa,"Þórunnr placed the stone in memory of Áskell, her husbandman and in memory of her sons Sveinn and Tófi. May God help their souls."
Sm 65,manurfik kubl · þim,... monument ...
Sm 66 M,ku inri,God. INRI.
Sm 67 M,kum her magnus,... Master Magnús.
Sm 68 M,mahno ¶ fuþorkhniastm(l)(R) ¶ k(i)(u)(r)kh---(l)m ¶ frof------,Magno <fuþorkhniastbmlR> ... ...
Sm 69 $,khiRbiarn : sati : stein : þana : eftiR : suil : bruþur : si(n) :,"Geirbjôrn placed this stone in memory of Sveinn(?)/Svellr(?), his brother."
Sm 70 M,...uþor--uþor(b)(h)fu...-rk...þorkh---...,...
Sm 71,× erinuorþr × let × reisa × stein × þena × eftiR × heka × faþur × sin × auk × heru × faþur : hans × auk × karl × hans × faþur ... × heru × hans × faþur × auk × þiagn × hans × faþur × auk × eftiR × þe × lagfaþrga × fem ×,"Erinvarðr had this stone raised in memory of Heggi, his father and Hæra, his (i.e. Heggi's) father, and Karl, his (i.e. Hæra's) father and Hæra, his father and Þegn, his father and in memory of these five forefathers."
Sm 72,... reisa × stein × auk × k--- ... hialbi × ont × hans ×,... raised the stone and made ... may help his spirit.
Sm 73,: hulmi : let : ka[ra : bro : ift]R : þurkut : fnþr : sia,"Holmi had the bridge made in memory of Þorgautr, his father."
Sm 74 M,iag maþr,I man(?).
Sm 75,s(i)[k]u(a)rþr · (l)e(t) reisa : stein : eftiR · --... --þur : (s)in : at·menr ---- · uek sin : (b)e-an : kuþ hialbi (o)nt : h(a)ns,Sigvarðr had the stone raised in memory of ... his father/brother. Family ... his road/honour ... May God help his spirit.
Sm 76,[tufa : risti : stin : þina : eftiR : ura : faþur : sin : stalar]a : hkunaR : [iarls],"Tófa raised this stone in memory of Vrái, his father, Earl Hákon's marshal."
Sm 77,: urai : sati : stin : þonsi : eftiR : kuna : bruþur : sin : han : uaR tauþr : o : iklati,"Vrái placed this stone in memory of Gunni, his brother. He died in England."
Sm 78,ulafR : sati : stin : þansi : eftiR : siba : sun : sin,"Ólafr placed this stone in memory of Sibbi, his son."
Sm 79 †,[: rakR : lakþi : stin : yfiR : þiuk : s...n : sin : s...],"Rekkr laid the stone over Þjokkr, his son ..."
Sm 80,÷ uesti : auk : iuar : auk : s(u)[lfa :] (b)ruþr : þriR : karþu : bru : þasi : (a)uk : satu : stein : þana : eftiR : þialfa : faþur : [sin],"Véseti and Ívarr/Jóarr and Sylfa, the three brothers made this bridge and placed this stone in memory of Þjalfi, their father."
Sm 81,†M [kuþs : srrs-er : eifin : þnita : skref : a keuk ·],†M God's priest(?) Alfvin(?) wrote this on <keuk>.
Sm 82,†M [tika^nt ÷ omaia^n a^ue maria ÷ grazia ÷ plina ÷ tominus ÷ tekum ÷ benetikta t^u ÷ i mulieribus ÷ æþ benetikt^us fruktus ÷ uænt^ris t^ui amæn ÷],"†M Dicant omnia: Ave Maria, gratia plena, Dominus tecum. Benedicta tu in mulieribus et benedictus fructus ventris tui. Amen."
Sm 83 M,faþiR · ok : moþi- : þrn þr · (n)u-sobr : -k---- sunar : dyþ : hn : ht : guþmundr · guþ : hialbi : sialu · an--,Father and mother ... son's death. He was called Guðmundr. May God help his soul.
Sm 84 †,[...la : bruþur : sina ...],... his brother ...
Sm 85 $,· ku-k-R auk þiR · bruþr · ristu : s... ...[nsi · ef]tiR · [ma]R(t)in : sin : faþur : sun hurstins,"<ku-k-R> and his brothers raised this stone in memory of Marteinn(?), their father, Þorsteinn's(?) son."
Sm 86 †,[su-n ... iftir bruþur : þiR -þkþu han ...],Sveinn ... in memory of Bróðir/brother. They laid(?) him ...
Sm 87 $,: haral[t(R)] ... ...ftii : ... [br](u)þur sin,Haraldr ... in memory of ... his brother.
Sm 88,=Sm_87,=Sm_87
Sm 89 $,: bui : sati : stin : þana : eftiR : þurkut : bruþur :,"Búi placed this stone in memory of Þorgautr, (his) brother."
Sm 90,...(k)arR · st... ...(u)-...,Kárr(?)/...-kárr(?) ... ...
Sm 91 $,: heli : risti : sin : þesi : eftiR · ausr : sun : sin :,"Helgi/Hæli raised this stone in memory of Ôzurr(?)/Austr(?), his son."
Sm 92 $,...ui : kuþfastr · seti · stia · ha... ...-il · faþu · s·in · suikui · kuþ : þn · iR ... ... : uk : at fiarui : astn :,... Guðfastr placed the stone ... ... his father. May God betray the one who betrayed him and to life ...
Sm 93 $,: rufRa : risti : stin : þansi : aftiR isuni : sina : sin : auk : þurstin :: auk : at : sam : tirika : kuþa : uubiR : at : sin : faþura :,"Hrólfr raised this stone in memory of his sons Sveinn/Steinn/Seinn and Þorsteinn and in memory of Sámr, a good valiant man; Œpir in memory of his father."
Sm 94,kinfast(r) ...et : lekia ... totu[r] · sina,Ginnfastr had ... laid ... his daughter.
Sm 95,u... (u)k ... þe^r · (l)(e)tu leka · ufi(R) ...--o-o · -ans ...þ(e) e-- · ...ok,... and ... they had laid over ... their ... ... ...
Sm 96 $ §AP,þurstin : rist · stin þnia : aftR : kuþa : sun · sini : §AQ þurstin : rist · stin þnia : aftR : kuþa : sun · sin §AR þurstin : rist · stin þnia : aftR : kuþa : sun · sin §BP þurstin : karþi : bu(u) [ef]tiR · kunuar : buþur : sila : ak hftR : asboþ : kunu : sila : §BQ þurstin : karþi : bu(u) [ef]tiR · kunuar : buþur : sila : ak hftR : asboþ : kunu : sila : §BR þurstin : karþi : bu(u) [ef]tiR · kunuar : buþur : sila : ak hftR : asboþ : kunu : sila :,"Þorsteinn raised this stone in memory of Guði, his son. §AQ Þorsteinn carved this stone in memory of Guði, his son. §AR Þorsteinn raised this stone in memory of Guði, his son. §BP Þorsteinn made the bridge in memory of Gunnvarr, his brother, and in memory of Ásboð, his wife. §BQ Þorsteinn made the bridge in memory of Gunnvôr, his mother, and in memory of Ásmóð, his wife. §BR Þorsteinn made the bridge in memory of Gunnvarr, Silli´s brother, and in memory of Ásbôð, Silli´s wife."
Sm 97,---n-r · sa(t)(i) · (s)(t)in þa... ... ...(a)þur · (s)(i)n,... placed this stone ... his father.
Sm 98 $,... seti : stin : þansi : eftiR : tuta : su : -... bruþur : kaus :,"... placed this stone in memory of Tóti/Dóti, son ... Gautr's/Gauss' brother."
Sm 99,: þurþR · auk · þurbiourn · karþu [b](r)(u) [þas]i [ef]tiR : uersku(l)f · faþur · sin,"Þórðr and Þorbjôrn made this bridge in memory of Verskulfr, their father."
Sm 100,× þormar × let × kiara × bro þesi × eftiR × sagsa × sun × sin × kuþ × hialbi × ont hans × uel ×,"Þormarr had this bridge made in memory of Saxi, his son. May God well help his spirit."
Sm 101,: kun(t)(k)el : sati : sten : þansi : eftiR : kunar : faþur : sin : sun : hruþa : halgi : lagþi : han : i : sten:þr : bruþur : sin : a : haklati : i : baþum,"Gunnkell placed this stone in memory of Gunnarr, his father, Hróði's son. Helgi laid him, his brother, in a stone coffin in Bath in England."
Sm 103 †,[utþaki s-ti : stin : þansi eftiR : sun f...],Útlagi(?) placed this stone in memory of Sveinn(?) ...
Sm 104,...(l)ika : uastr · a · i...-ti,... in the west in England(?).
Sm 105,he(l)ga : sati : stin : þana : at : eumunt : bur:uþur,"Helga placed this stone in memory of Eymundr, (her) brother."
Sm 106 $,: santar : sati : iftiR : iystin :: bruþur sin,"Sandarr placed (the stone) in memory of Eysteinn/Jósteinn, his brother."
Sm 107 †,[biur · risti · stn afti... ...starhasbkn kuþ kiuai sil as · a-mi],Bjórr raised the stone in memory of ... May God give joy(?) to his soul.
Sm 108 †,°,°
Sm 109,†$ §P [katil × risti × sten × efti sin broþur : nahhar stens su- +] §Q [katil × risti × sten × efti sin broþur : nah harstens su- +],"†$ §P Ketill raised the stone in memory of his brother <nahhar>, Steinn's son. §Q Ketill raised the stone in memory of his brother Nagr(?), Harðsteinn's son."
Sm 110 $,· arinmu(n) : sati s(t)in : þansi : eftiR : heru : fþur : s-- · a-- · bruþr : sina : þurbun : auk : nfa :,"Arinmundr placed this stone in memory of Hæra, his father and (in memory of) his brothers Þorbjôrn and Nefi."
Sm 111 $,: uikutr : risti · stin · þasi · e(f)tiR kiRfast · bruþur sin · aku- : hiu-,"Végautr raised this stone in memory of Geirfastr, his brother. Ágautr(?) cut(?)."
Sm 112,...ku-...,...
Sm 113,o(s)bakR · (l)e(t) ...sa : kubl : eftiR : faþur : stiubsun : sin :,"Óspakr had the monument raised in memory of Faðir, his stepson."
Sm 114 M §A,krist[us o-n ÷ kristus ÷ kon ÷ kristus ÷ (s)on] §B iokis srif mik a ÷ o^la^fs ÷ tah ÷ l¶ærækomræ-þium ÷ f[il] ÷ þisræ-þium(i) ¶ guþ mik signi ¶ [gu]ri §C [siæ-t^u^kbis m]illæs[æ^sæ^s]m[o] t^usska^nnti(s)(s)æ... ...,"Kristus Dominus(?), Christ the king(?), Christ the son §B <iokis> wrote me on Ólaf's day ... ... ... God may bless me ... §C ... millesimo ducentesimo ..."
Sm 115,$M {HIC ÷ IA[C]ET MAGNUS ET ÷ HELENA LEGE ÷ A} au(æ) [mauia krakia ÷ klænt ÷] (d)om(i)(u)s ÷ tekum ÷ bænætikta ÷ tu ÷ in ÷ muliæribus,$M {Hic iacet Magnus et Helena. Lege Ave}. Ave Maria gratia plena. Dominus tecum. Benedicta tu in mulieribus.
Sm 116,†M [...sus nasareius],†M Jesus of Nazareth
Sm 117,†M [...s kud : mariu ÷ son ÷ signæ ÷ hustru : mariu ¶ iæu : af : asl÷boþum],"†M ... God, Mary's son, may bless housewife Maria's of Áslabúð soul."
Sm 118 M,æstreþ,Ástríðr
Sm 119 M,ia^rnsto^rp,Jarnstorp
Sm 120 M,ioha^n,Jóhan
Sm 121 $,: ketil : resþi : kuml : [þ]usi : eftiR : le- · [muþ]ur[:]bruþur : sin :,"Ketill raised these monuments in memory of Leikr(?), his mother's brother."
Sm 122,: suin : risþi : stina : þesi : eftiR : oslak : auk : eftiR : kuta : sun : hons : en : oslaks : uas : bruþiR : suins :,"Sveinn raised these stones in memory of Áslakr and in memory of Goti, his son. And Áslakr was Sveinn's brother."
Sm 123 M,asmutær · kærþi · tRr þa^r · lafri ·,Ásmundr made this door <lafri>.
Sm 124,: iskil : auk : kuna : (l)agþu : setn : ...n : bunta sin : kuþ halb : se(l)u has :,Áskell and Gunna laid the stone ... their husbandman. May God help his soul.
Sm 125,...n × lit : kaura : stain : þinsi ×: aftir : fiul:muþ : ...,... had this stone made in memory of Fjôlmóðr ...
Sm 126 †,[-orþr · auk : askytr : þaiR : satu : k--bl : kuþfast : faþiR · sin : i- uas bofa - ¶ -bri-s-],"Þórðr and Ásgautr, they placed the monument (in memory of) Guðfastr, their father, who was Bófi's ... ..."
Sm 127 $,...a... ...aR : hakunaR : þ-t : ru-s : far-...,"... ... Hákon's, that ..."
Sm 128,... ...in × iftiR þ...rlak -...,... the stone in memory of Þorlakr ...
Sm 129 †,[þurþR risþi : stin : þansi : aftiR · kiRmun : faþur sin -...],"Þórðr raised this stone in memory of Geirmundr, his father ..."
Sm 130 $,: (i)arbR : let : resa ... ...-fti : siba : broþur : sin : auk : br- : kiara : hla-R--...--... sibi : ...r...,"Jarpr had ... raised in memory of Sibbi, his brother, and the bridge made ... Sibbi ..."
Sm 131,: tu-iR : resþi : sta... ... unþik : bru-ur : sin :,"Tólir/Dóttir raised the stone ... Óníðingr, his/her brother."
Sm 132,(h)ilhi : raisti [:] s(t)(e)[i]n [:] (þ)eni : eftiR : fin : faþur · sin,"Helgi raised this stone in memory of Finnr, his father."
Sm 134 $,: kuþfastr : raisti : sain : þina : eftiR · kunar faþur sin,"Guðfastr raised this stone in memory of Gunnarr, his father."
Sm 135 †,[hesrrrsiþam stain : if+... ...],... the stone in memory of ...
Sm 136,†$ [tuerketil : raista : stein : þini : eftir : u...],†$ Dverg-Ketill raised this stone in memory of ...
Sm 137,× s... × kiara × bro × þes- ...ftiR × klint × sun × sin × kuþ × hialbi × ont × hans,"... made this bridge in memory of Klettr, his son. May God help his spirit."
Sm 138 †,[· irfR · ka^rþi ·· kuml · ef-... ...-kutm kabur sia nufs],<irfR> made the monument in memory of ... his father(?) ...
Sm 139,[kunulfR · karþi : k-]... ... uk · s[iksin · broþur · sin],"Gunnulfr made the monument ... and Sigsteinn, his brother."
Sm 140,†$ [: eun:iutr : r... ... ...asa : eftiR suain : faþ... ...],"†$ Eynjótr raised these stones(?) in memory of Sveinn, (his) father ..."
Sm 141,· ---ki : rei... ...ka · broþur ·,... raised ... brother
Sm 142 $,· suin : garþi : kuml : efti... ...as(t)munt : faþur : sin ·,"Sveinn made the monument in memory of Fastmundr(?)/Vestmundr(?), his father."
Sm 143,keiRmu...(r) : (l)e(t) × k...ra × kuml af(t)(i)R : --(þ)(k)--R : (f)aþur × sin : kuþ : hialbi : ont : hans :,"Geirmundr had the monument made in memory of ...-geirr, his father. May God help his spirit."
Sm 145 M,{HIC : IACET : TURGILLUS} : hærræ : guNmuNdæ : sun : gas : gak : ei : fra : stat : o^k : sia : o^k : læsin : iðræR : bøniR : firi : þyrhilsær : siæl : a:ve : ma:ria : graccia : ple:na : do:mi:nus : te:kum : benedikta : tu in mulieribus : æð benediktus : fruktus væNtris : tui : amn : in manus tuas : d,"{Hic iacet Turgillus}, Master Gunnmundr's son Gás. Do not go from here, stay and look (at this) and read your prayers for Þorgisl's soul. Ave Maria, gratia plena, Dominus tecum. Benedicta tu in mulieribus, et benedictus fructus ventris tui. Amen. In manus tuas Domine."
Sm 146 †,[halft- : lit raisa stain : þina : eftiR : saba : faþur :],"Halfdan had this stone raised in memory of Sebbi, (his) father."
Sm 147,iar-eiR risti · stin þ... ...--r--- · stRalr · k(a)(r)- uniþik(r),Jargeirr raised this stone ... unvillainous.
Sm 148 †,[akoft : auk : kaira · auk : ketil : li... rita : st^ein : eftiR : sin : faþur : ekil : -rnfastr : rusti : auk : ...],<akoft> and Geira and Ketill had the stone erected in memory of their father Egill. Arnfastr carved and ...
Sm 149,... [+ faslaug :] þaun : [hion × litu : i]ftiR · þial[fa : sun s]...,"... (and) Fastlaug, the married couple, had (the stone raised) in memory of Þjalfi, their son."
Sm 150 †,[kusta × auk × þoraiþi- × þir × raisa × iftiR × ...],"<kusta> and <þoraiþi->, they raise in memory of ..."
Sm 151 †,[... ...itu × raisa × staina × þisa × iftiR × ...],... had these stones raised in memory of ...
Sm 152 $,...fi · karþ... ... [afti × hk]rulf × faþur sin [uk asr ×] uk · ikir,"... made(?) ... in memory of Herjulfr(?), his father, and (in memory of) Ôzurr/Ása and Ingigerðr."
Sm 153 †,[tosti : auk : k... ...ftiR : bofi faþur : s...],"Tosti and ... in memory of Bófi, their father."
Sm 154 $,(s)igtrykR × let × setia × stein × þena × ef(t)iR × haltan × faþur × sin × kuþ × hia(l)... -nt × hans ×,"Sigtryggr had this stone placed in memory of Halfdan, his father. May God help his spirit."
Sm 155,uti : lit : s... ... faþur sin : ku... ...,"Oddi had placed ... his father, a good / God ..."
Sm 156,†M [fuþorkhni... ...þor-...],†M <fuþorkhnias> ...
Sm 157 $,ilugi · ... [bro iftiR ka]... ...þur · sin| |nytan,Illugi ... bridge in memory of ... his capable father/brother.
Sm 158,†M [-- + suni ÷ risti runiR ¶ ti(u)u {VN}],†M ... Soni carved the runes ... {...}
Sm 159 †,[a(k)--...-... ...---s... ...-an-... sin],... ... ... his
Sm 160 M,fuþorkhniastblmR ...??,<fuþorkhniastblmR> ...
Sm 161,... ...astu × stain · ...,... raised the stone ...
Sm 162,$M kæRbiar : a mik,$M Geirbjôrn owns me.
Sm 163 $,...- × r--sa × kuml × iftiR × bofa × ...,... raised the monument in memory of Bófi ...
Sm 164 M,iak : biþ : þik : b...-- : at : þu : biþ : na^fnleka : fyrer : þæn : man : s^um : m...k : gio^rþe : ia^ko^b : het : h-...,"I beg you ... that you pray for that man, and mention his name, who made me. Jakob was his name."
Sm 165 M,...fuþokrhtamiskmtm... ...fuþokrhlamisam ÷ tifuofi...,... ... ...
Sm 166,... : þena : yfi... ... salu : k-...,... this over ... soul ...
Sm 167,...-ri · li... ...,... had ...
Sm 168,...s----u · --...,... ...
Sm 169 $,(f)iatr · ouk · rakn · þu · letu · risþa · stina · iutiR · uitlþa,"Feitr(?)/Fetr(?) and Ragna(?), they had the stones carved in memory of Vetrliði(?)."
Sm 170,· uefus · s(a)ti · stin · ef... ... ...biurk · þiRa · sustur ...--...,"Véfúss placed the stone in memory of ... ...-bjôrg, their sister ..."
Sm ATA/FOTO,=Sm_ATA344/37,=Sm_ATA344/37
Sm ATA4278/31,$M §A fnsutlR §B þia hor,$M §A ... §B ... ...
Sm ATA344/37,$M §A ...miko §B ...(n)us,$M §A ... §B ...
Sm ATA423-2541-1996,...,...
Sm ATA351-3596-2013,...au...,...
Sm Fridell2004;11 M,ma ÷ skref ÷ mik,Mey wrote me.
Sm Fv1959;104,°,°
Sm Fv1959;105A,°,°
Sm Fv1959;105B,°,°
Sm Fv1959;105C,°,°
Sm IK339 U,alweuiuiluuþ(þ)(a)uuuaewdaluuu,...
Sm IVOS1990;18,... : ufti- ...,... in memory of ...
Sm IVOS1990;19,M? §A nnt(i)na §B ...-þo--h--...-blmR,M? §A ... §B <fuþorkhniastblmR>
Sm IVOS1990;19A,=Sm_IVOS1990;19,=Sm_IVOS1990;19
Sm IVOS1990;19B,=Sm_Fridell2004;11,=Sm_Fridell2004;11
Sm KALM1986;119 M,fuor,<fuþork>
Sm NOR1994;25,$SENTIDA ¬,$SENTIDA ¬
Sm NOR1997;24 U §A,ffuu----þofiñw §B d,... §B ...
Sm NOR1997;25 M,kuþ : ...l-al^an,God/Guð- ...
Sm NOR2001;25 $ §A,hana uilik §B (i) sakum þat liki hal...,I betray/deceive her/Hani. §B It may suit the man in the legal disputes.
Sm NOR2002;25,... ...tin knut... ...,"... stone/...-steinn, Knútr ..."
Sm OMRUNSTJÖNK;208,=Sm_SmK2002;208,=Sm_SmK2002;208
Sm SHM6819:691,...bimfRkþ... ¶ ...-iaira + fm-...,... ... ...
Sm SmK2002;208,°,°
Sm SMus,=Sm_IVOS1990;18,=Sm_IVOS1990;18
Sm SvS1973;4,ke(r)munt(r) × let kiara × kiara × kum(l) : þeta : eftiR × auþelfi × auk × uarin × uiniutr × iftiR × trykulf × faþur sin × kuþ hialbi × ont × þeiRa ×,"Geirmundr had this monument made in memory of Auðelfr and Varinn; Vénjótr in memory of Tryggulfr, his father. May God help their spirits."
Vg 1,†M [... ...rka : steina · iuesi ...],†M ... mark this stone ...
Vg 2 §A,biurn : raisti : stain : þins- ...---n : (k)(a)(r)(þ)(i) · bru : þisa : aftir bi... §B ... sin : uuk : a-... (i)u(r)un(i) :,Bjôrn raised this stone ... made(?) this bridge in memory of ... §B ... his and in memory of Jórunnr(?)
Vg 3,: (t)umi : auk : þiR : broþR : risi : stin : þni : haftR : þurstin : fauþr,"Tumi/Tummi and his brothers raise(?) this stone in memory of Þorsteinn, (their) father."
Vg 4,utr : skalt : raisti : stain : þinsi : aftir : þurstain : sun : sin : auk : stain:bru : karþi : (f)(i)(r)(i)(r) : (i)(s) : (a)(t)(i) : (þ)ria : buia : i : homri · auk : þria : tiauku : marka : at : airiki,"Oddr Skald raised this stone and made the stone-bridge in memory of Þorsteinn, his son. He owned three estates in 'hamarr'-partition and thirty marks (deposit) with Eiríkr."
Vg 5,$U gaez na^z glata,"$U Heed the corpse, destroyer! / Heed the corpse! Destruction!"
Vg 6,þair : onuntr : auk : þorstin : raistu : s... ...,"Ônundr and Þorsteinn, they raised the stone ..."
Vg 7,krim · risti · stin · efti · hltan · freta · sin ·,"Grímr raised the stone in memory of Halfdan, his kinsman."
Vg 8,kitikr × risti × stin × þena × eftiR × kimut × bruþur × sin × þen × kuþaa × kuþ albi ×,"Geitingr(?) raised this stone in memory of Geirmundr, his brother, a good thegn. May God help."
Vg 9 $,× kunur : arsti : sltn : þina : iftiR × a-(i)b × naka × foþur ÷ þrkls ×,"Gunnvôr raised this stone in memory of Áleifr the Neck, Þorkell's father."
Vg 10 M,tho^rsten ÷ bri(a)s(t)(e)r,Þorsteinn the priest.
Vg 11,þorir × skurba × raisti × stin : þino : ift(i)(r) [:] (k)(i)til × sun : sin,"Þórir Rusk raised this stone in memory of Ketill, his son."
Vg 12 §A,ol(a)f(r) : hnaki : -... ...ra : famtan : (b)o : kan-þis... ...n(m)... ...(i)rþi : s---... §B × alir : kaut : siar(þ)... ...,Ólafr the Neck ... ... fifteen estates ... ... ... ... §B all may violate Gautr(?) ...
Vg 13 $,× þorir × skuba × risti stin : þikno : iftir ÷ kitil × sun : sin :× auk × (u)ftir : olaf × stro : sino ×,"Þórir Rusk/Tuft(-bearer) raised this stone in memory of Ketill, his son, and in memory of Ólôf, his foster-mother/daughter"
Vg 14,(þ)(a)(i)r hat(i)kr [:] (h)a(r)(u)arþr : raistu · stain : i(f)t[ir : kunar : fa]þ[ur : sin :],"Hettingr(?) (and) Hervarðr, they raised the stone in memory of Gunnarr, their father."
Vg 15,¤ hruar : raisti : stein : þino : iftir : þorir : sun : sin :,"Hróarr raised this stone in memory of Þórir, his son."
Vg 16 $,þir × osti × brtþr × raistu × stin : þi(s)i : iftir : þor : faþur : sin,"Ásti and his brothers raised this stone in memory of Þórir(?)/Þórr(?)/Þorn(?), their father."
Vg 17 † §A,[uikikr : lit : kirua ...---k : aiftir : iutur : sino ur--- : tit : karþa : aiftir : sin ...-non : aftir : biurn : bruþur : sin :] §B [auk : risti : stain : þ--... : iftir : þorstain bruþur : sina : aftir : sun : auk : bruþur : auk : mik],"Víkingr had ... made in memory of his daughter ... had made in memory of his ... in memory of Bjôrn, his brother, §B and raised this stone in memory of Þorsteinn, his brother; in memory of son and brother and kinsman-by-marriage."
Vg 18,· uifir · risþi · stin · þai · iftiR · uisiti · buta,"Véfríðr raised this stone in memory of Véseti, (her) husbandman."
Vg 19,tua : rRbur · fuen : þua : is(R) [· R...r] : þuaRnu : Rtbrhakr : taiR,... ... ... ... ... ... ... ... ...
Vg 20,... risti × stin × iftiR × kurmar × sun × sin + iaR × uaR + trpin × a × iklanti ×,"... raised the stone in memory of Guðmarr(?), his son, who was killed in England."
Vg 21 †,[hulfast × lafþi × stin × ifiR ×],Holmfastr laid the stone over
Vg 22,kala × faþuR × sin × kuþ × ...,"Kali/Kalli, his father. God ..."
Vg 23,þurþr × sati × stina × iftiR × nus(t)in × faþur sin,"Þórðr placed the stones in memory of Eysteinn, his father."
Vg 24,: þo[r]þr : la[gþi ×] stain ... : muþur · s...,Þórðr laid the stone ... his mother.
Vg 25 †,[... ...þi × stin × iftiR þorþ b... ...],"... laid the stone in memory of Þórðr, (his/her) husbandman(?)/brother(?) ..."
Vg 26,... ...bi × silu × hans ×,... may help his soul
Vg 27,... ...ti ...(i)na ifti(R) (s)u(i)... ...,... placed the stones in memory of Sveinn(?) ...
Vg 27B $,°,°
Vg 28 †,[... : friþ-... ...],... Frið-... ...
Vg 29 †,[...sia × uati...],... ...
Vg 30 $,× kabR × uk × uikmanr × satu × stin × þisi × uk × kaþu × bru × aftiR × þuru ×,Kanpr(?)/Gapr(?) and Vígmaðr(?) placed this stone and made the bridge in memory of Þóra.
Vg 31,†M [+ fuþori · k(h)ias + tblmR·],†M <fuþork hnias tbmlR>
Vg 32,þurþr × uk : þurun × þana × risþu × stin × efti × era × alkuþan : trik,"Þórðr and Þórunnr raised this stone in memory of Erri, an excellent valiant man."
Vg 33 $,kRrua : rþi : sti : fti : tusa : sun : s-n : þua : hiti : sti,"Geirvarr(?)/Geirvôr(?)/Gróa(?) raised the stone in memory of Tosti(?), his son. Þóra fetched(?) the stone."
Vg 34,× ahmutr × risþi × stin × e... ...,Agmundr raised the stone in memory of ...
Vg 35,: tuliR : risþi : stin : þonsi : aft : þurkil : mag : si-,"Tólir raised this stone in memory of Þorkell, his kinsman-by-marriage."
Vg 36 M,+ gunnur : øþ(g)er +,Gunnvôr. Auðgeirr.
Vg 37,uþakrimR : sati : sin : þonsi : ift : oskil : sun ...,"Auðgrímr(?) placed this stone in memory of Áskell, (his) son ..."
Vg 38 †,[...sna],...
Vg 39,[þr]asi : sati : stia : þasi : ut : haftan : sun : s(i)(n),"Þrasi placed this stone in memory of Halfdan, his son."
Vg 40,+ þurkil ÷ sati + stin + þasi + itiR + kuna + sun · sin + iR · uarþ + tuþr + i uristu + iR · bþiþus + kunukaR ×,"Þorkell placed this stone in memory of Gunni, his son, who died in battle when kings fought each other."
Vg 41,þura × let × kira × itir × t...,Þóra had (this) made in memory of ...
Vg 42 †,[...r... ...a... ...ur auk kur... ...s aftiR × karl × faþur ¤ s... ...],"... ... ... and ... ... in memory of Karl, his father ..."
Vg 43,$M °,$M °
Vg 44,...(r)iþr × risþi × stin + eftiR × sunu × sina × suin × ...,...-ríðr raised the stone in memory of her sons Svein ...
Vg 45,: hragli : auk : alkisl : satu : stin : þesi : eftR : serla : faþur : sin,"<hragli> and Algísl placed this stone in memory of Særli, their father."
Vg 46 M,+ m...--ræs--...æ : -...ris...,... ...
Vg 47,... ...-- [:] þansi : uft : h(k)(l)ak : mak : sin :,"... this stone in memory of Haklangr(?), his kinsman-by-marriage."
Vg 48,: kuti : sti : stin : þa(s)... ...,Goti placed this stone ...
Vg 49 †,[ub(i)(R) × auk × suin × risþu sti(n) --si × iftiR ...],Œpir(?) and Sveinn raised this stone in memory of ...
Vg 50,asur × aui × suin × auk × þorir × þir × lakþu [×] stin × þina × ufir × moþur × sina × oluf × (k)uþ hial(b)i × si(a)l × hinar × auk × kus moþir × auk × alir × kus iklar,"Ôzurr and Sveinn and Þórir, they laid this stone over their mother Ólôf. May God and God's mother and all of God's angels help her soul."
Vg 51,[ul]afR : sati : stin þansi : iftiR : hriþar : sun sin :,"Ólafr placed this stone in memory of Hreiðarr, his son."
Vg 52,kyreþr li... ...,Gyríðr had(?) ...
Vg 53,... ... þina : ufiR : (s)(t)urb(i)(u)(r)n :,... this stone over Styrbjôrn.
Vg 54 M,ik ¶ ik ¶ uhn(e),... ... ...
Vg 55,ulfR : auk : þiR : ra(k)nar : risþu : stin : þansi : iftiR : fara : faþur sin : ... ...ristin : man : saR : hafþi : kuþa : tru : til : kus :,"Ulfr and Ragnarr, they raised this stone in memory of Fari, their father ... Christian man. He had good belief in God."
Vg 56 $,stur-akR + sati + stin + þasi + (i)ftiR + kaur + faþur + sin,"Styrlakr/Styrlaugr placed this stone in memory of <kaur>, his father."
Vg 57 M,m-ai,...
Vg 58 †,[... ak : suin : ak ...],... and Sveinn and ...
Vg 59,rifnikR : auk : kiali : auk : brunulfR : auk : kifulfR : satu : stin : þonsi : iftiR : fut : faþur : sin : harþa : kuþon : þign : sua : hifiR : osa : as : igi : mun : sum : kuin : ift : uir : siþon : kaurua :: hialmR : auk : hiali : hiaku : runaR ·,"Hrefningr and Gjalli and Brynjulfr and Gjafulfr placed this stone in memory of Fótr, their father, a very good thegn. Thus has Ása made, as no other wife in memory of (her) husband will. Hjalmr and Hjalli cut the runes."
Vg 60 M,??????? ????? ????????,... ... ...
Vg 61,: tula : sati : sten : þ... ...[iR kR : sun] : sin : harþa × kuþon : trok : sa × uarþ : tuþr : o : uastr:uakm : i : uikiku :,"Tóla placed this stone in memory of Geirr, her son, a very good valiant man. He died on a viking raid on the western route."
Vg 62,utlaki : risþi : stin : þn- iftiR : uuit : harþa : kuþon : þikn :,"Útlagi raised this stone in memory of Eyvindr, a very good Þegn."
Vg 63,$U runo fahi raginakudo toj-a ¶ unaþou ÷ suhurah : susi(h)---tin ¶ hakuþo,$U I prepare the suitable divine rune ... for Hakoþuz.
Vg 64,†M [· hær : ligr aur mattiosa · sun : af · føtto-],"†M Here lies Ávarrr(?), Mattias' son, of <føtto->."
Vg 65 U,haukoþuz,Haukoþuz(?)/Habukoþuz(?)
Vg 66,osa × auk × þura × risþu × stin × þonsi × iftiR × oskut ×,Ása and Þóra raised this stone in memory of Ásgautr.
Vg 67,+ fraustin + karþi + kubl · þausi + aftiR + þuru + kunu + sino + su ... ...(s) + tutiR bast + miþ + altum + uarþi at + rata + au^k + at arkRi '+ kunu + saR + ias haukui + krus + -... + uf + briuti,"Freysteinn made these monuments in memory of Þóra, his wife. She was ...'s daughter, the best of her generation. May he who cuts to pieces ... breaks ... become a warlock and a maleficient woman ..."
Vg 68 M,hær (·) ---...,Here ...
Vg 69 M,hær ÷ ligær ÷ kallo -...i ÷ af suntr-... :,Here lies <kallo> ... of Sundral(?).
Vg 70 M,mik a : þolfær : hær : ligæ(r) ...(i)s--...,Me owns Þólfr. Here lies ...
Vg 71 M,+ mi(k) : a ...kbr : i(f)(a)rs --- ...-(k)...n--r : (r)...n +,Me owns ...-kanpr(?) Ívarr's son(?) ... ...
Vg 72,... ...su × ku... ...,... Ása(?) wife(?) ...
Vg 73,× karR × auk × kali × reistu × stin × þensi × eftiR × ueurþ : faþur × sin · muk · kuþan · þekn ·,"Kárr and Kali/Kalli raised this stone in memory of Véurðr, their father, a very good Þegn."
Vg 74,× ak-(t)i × risti × stin × þonsi × eftiR × oskut × þekn [× ha]rþa + ku... ...ur × sin +,"Ágoti(?) raised this stone in memory of Ásgautr, his father(?), a very good Þegn."
Vg 75 $,· ali : lakþi : stin : þasi : uftiR : uþu : kunu : s... ...u : harþa : kuþa,"Áli/Alli laid this stone in memory of Auða, his wife ... very good."
Vg 76 M,[s]uen : gislar:sun : let : gira : bro þæsa firir : sial : sina ok · [--þur sins :] þat ær : re(t) : h[-ær]ium : a^t^ ^biþia : bat[ær],Sveinn Gisl's son had this bridge made for his soul and his father's. That is right for everyone to pray paternoster.
Vg 77,+ auka : raisti : stain : þansi : aftiR : osbiurn : sun : sin ×,"Auga raised this stone in memory of Ásbjôrn, his son."
Vg 78 †,[ulfR : risþi : stin : þina : aftiR þuri : bruþur sin],"Ulfr raised this stone in memory of Þórir, his brother."
Vg 79,× katil : karþi · stan : þinsi aftR · katu kunu sina sustur þurils ×,"Ketill made this stone in memory of Káta, his wife, Þorgísl's sister."
Vg 80,†M [...-rn : kerþi : stin : gnumante ...(e)þer : sinum],†M Bjôrn made the stone <gnumante> his father(?).
Vg 81 M,ben(d)ikt · romfarari : let (g)era : hualf : þenna : ifir · ma(g)nus · (k)oþan dræ(g) · ------s... ¶ ok : d(o) : (h)(a)n om nat : firir · þeira : postla : messo(a)ftan : simonis : æð iute : in þat er · ret · hu... ...,"Bendikt Rome-traveller had this vault made over Magnus, a good valiant man ... And he died in the night before the eve of the mass of the apostles Simonis et Juda. And that is right for everyone ..."
Vg 82,... : risþi : ... ...a : kuþon :,... raised ... very(?) good
Vg 83 †,[... s(u)n : ...],... son(?) ...
Vg 84,†M [sihni · tik · ir],†M ... ... ...
Vg 85 $,... haralt(r) · -... ---iR · kik · -...,... Haraldr ... in memory of Kíkr ...
Vg 86 M,pætær · girþi mik,Pétr made me.
Vg 87,[au]liR · a[uk · þurk]ls · lakþ[u · stin : efr ·] tusta [· faþur] ...,Ôlvir(?) and Þorgísl laid the stone over Tosti (their) father ...
Vg 88 M,: haraldær : gæþ- -ualf (þ)(æ)nna : i(f)(i)(r) : s-...(u)a(r)- : {A} :+ ¶ + {AVE} {MARIA} : grati{A} ÷ plena : lat : f...ær :,"Haraldr made this vault over ... Amen. {Ave} {Maria}, gratia plena."
Vg 89 M,...-uþ... ...rk(i)-...,... ...
Vg 90,burþiR × sati × stin × þonsi × iftiR × h(i)--o × sun × sin × harþa × kuþan × trik ×,"Bróðir placed this stone in memory of <hi--o> his son, a very good valiant man."
Vg 91 M,-(e)idir : au : b(a)^rne : do : kona ¶ andræsa : præst :,Heiðr. Of childbirth died the wife of Andrés the priest.
Vg 92,: iarutr : auk : a[uþin : risþu : s... ... ... as]ur : faþur : sin : bunt^(a) : hrþa : kuþan :,"Jôrundr and Auðin raised this stone in memory of Ôzurr, their father, a very good husbandman."
Vg 93 M,+: rani · læt · gæra : sten : þænna : ¶ : a : pætar : faþur : sin :,"Rani had this stone made in memory of Petr, his father."
Vg 94 M,+ þrir : liggia : mænn : undir : þæmma :+ ¶ + stene : gunna^rr : sihvat^r : ha^llstenn +,"Three men lie under this stone, Gunnarr, Sighvatr, Hallsteinn."
Vg 95 M,rehinmoþ : læt · gæra : hualf : ifir · gunnar : æsbeorna^r · so^n : ¶ {HARALDVS : ME : FECIT : MAHISTER ¶ REGINMOT · LET · GERA · HVALF :¶ IFIR : GVNNAR : ESBEORNAR : SON},Reginmóð had the vault made over Gunnarr Ásbjôrn's son. {Haraldus me fecit magister. Reginmóð had the vault made over Gunnarr Ásbjôrn's son.}
Vg 96 M,...--Rr... ...-rþi · s-...,... made(?) this(?) stone(?)
Vg 97,†M [bæroþer : læt : gæra : sten : þænnæ : a^(l) : ¶ : þRrhils : nu : biþær : han : þæs : bat¶ærnostær : þRrhils : gerora : son : ok ¶ sRstur:son : bærroþors : {BENE ES}],†M Bróðir had this stone made in memory of Þorgísl. Now he prays that/read paternoster Þorgisl Geirvôr's(?) son and sisterson of Broðir. {Bene es.}
Vg 98 M,gerfor : læt : gæ... ... ulf : so^n : sin : ok : siht-... ...u :,"Geirvôr had ... made ... Ulfr(?), her son, and Sigtryggr ..."
Vg 99,†$M [hnr : ligr : þaranþ · min],†$M Here lies my Þróndr.
Vg 100,·:: aluiR : rsþi : kuml : þusi ÷ RftR : þori : brþur : sin :,"Ôlvir raised these monuments in memory of Þórir, his brother."
Vg 101,... ...-þi : kuml : þusi : RftiR : tak : faþur : sin : kuþ(a)n : þRkn : osbiu... ...,"... raised(?) these monuments in memory of Dagr, his father, a good Þegn. Ásbjôrn ..."
Vg 102,oskutr × risþi × stin × þonsi × iftiR × uþkitil × faþur × sin × harþa × kuþan þikn,"Ásgautr raised this stone in memory of Auðketill, his father, a very good Þegn."
Vg 103,: auþkil : uk : suin : karþu : kuml : þusi : RftiR : oskut : hlu : faþur :: sin : kuþan : þRkn :,"Auðkell and Sveinn made these monuments in memory of Ásgautr <hlu>, their father, a good Þegn."
Vg 104,: þurkarþr × sRti × stain × þRnsR : Rftir : tuka : mak : sin :,"Þorgarðr/Þorgerðr placed this stone in memory of Tóki, his/her kinsman-by-marriage."
Vg 105 $,-mekR : lakþi : stin : þ(a)nsi · RftiR : stinbiurn : s... ... ... : halbi : ut : hans : auk : su : hlka : sata · maria,Hemingr laid this stone in memory of Steinbjôrn (his) son ... May God and the holy Saint Mary help his spirit.
Vg 106,... ...a : kubl : iftiR :· þoru · moþur : s... ...,"... the monument made in memory of Þóra, his mother ..."
Vg 107,[rifata × risþi × stin ×] ... aiftiR + þu-s... [auk × aiftiR × þurlaf ×],<rifata> raised this stone in memory of Þorsteinn and in memory of Þorlafr/Þorlakr.
Vg 108,: stulnufþi : risþi : stin : þonsi : iftiR : ... : fuþur : sin : miu(k) : kuþan : þikn :,"...-hôfði raised this stone in memory of ... his father, a very good Þegn."
Vg 109,ku · s(e)ti · ...(k)...hl- faþu si... ...--... ...(s)kil i...,Gýi placed ... his father ... Áskell(?) cut(?)
Vg 110 $ §P,[kuþa × risiþ × sti]n × ifiti × h... uirþi × u[ti × hmini × sun × ... ...r × sin × kuþan × uas × m]uþ × kanat... ...--f[uufi × uk × ara... × silki × sim × ...ui × runa × uk ×] §Q [kuþa × risiþ × sti]n × ifiti × h... uirþi × u[ti × hmini × sun × ... ...r × sin × kuþan × uas × m]uþ × kanat... ...--f[uufi × uk × ara... × silki × sim × ...ui × runa × uk ×] ...,Gyða raised the stone in memory of ... son ... her good father / brother; (he) was ... ... ... ... cut the runes. §Q Gyða raised the stone in memory of ... son ... her good father / brother; (he) was ... ... ... ... Rúni/Rúna and ...
Vg 111 M,... (k)onuærsus ÷ s-...,... conversus ...
Vg 112,þuri : risþi : stn : þonsi : efti : karl · sin : fR:la(k)(a) : (h)rþa : kuþon (t)rRk ·,"Þórir raised this stone in memory of Karl, his partner, a very good valiant man."
Vg 113,takh : risþi : stn : þaisi : Rfti : burn : frita : harþa : kuþih : þikn :,"Dagr raised this stone in memory of Bjôrn, (his) kinsman, a very good Þegn."
Vg 114,· þuri : risþi : stin : þonsi : ift- : tuka : bruþur : sin : harþa : kuþan : trik :,"Þórir raised this stone in memory of Tóki, his brother, a very good valiant man."
Vg 115,· þura · karþi · kubl · þa(u)si · aftiR · kiRmut · uar · sin · harþa · kuþon þagn · bruþur · fri(l)ifs,"Þóra made these monuments in memory of Geirmundr, her husband, Friðleifr's brother, a very good Þegn."
Vg 116,: þurstin : risþi : stin : þosi : iftiR : -...,Þorsteinn raised this stone in memory of ...
Vg 117 $,× he(r)lfR × risþi × stin : eftiR × sunu × sina × uar × auk × þurgut × kuþ × halbi × selu × þiRa × uel þi... ...,Herulfr raised the stone in memory of his sons Varr(?)/Vôrr(?) and Þorgautr. May God well help their souls. They ...
Vg 118,ronuig : karþi : kubl · þasi · oftiR suinuk : buta sin,"Rannveig made these monuments in memory of Sveinungr, her husbandman."
Vg 119 $ §A,a¤iuls kaf ÷ airikis sunR kaf alrik- - §B ---t---la kaf rau- at kialt(i) · ...a sa- faþiR ubsal faþiR suaþ a-a-u--ba ...-omas notu auk takaR ÷ aslriku lu--R ukþ-t a(i)u(i)sl §C ...s---n(u)(R)-a-- þat sikmar aiti makuR airikis makin(i)aru þuno · aft aiuis uk raþ runoR þaR raki-ukutu iu þar suaþ aliriku lu(b)u faþi ' §D ui(u)-am ...--ukrþsar(s)k(s)nuibin- ---kunR(u)k(l)ius-- ...iu §E : kisli : karþi : iftiR : kunar : bruþur [:] kubl : þisi,"Eivísl, Eiríkr's son gave, Alríkr gave ... §B ... gave ... as payment. Then(?) the father sat(?) (in) Uppsala(?), the father that ... ... nights and days. Alríkr <lu--r> feared(?) not Eivísl. §C ... that Eiríkr's boy is called Sigmarr/celebrated-for-victories. Mighty battle(?) ... in memory of Eivísl. And interpret the runes of divine origin there ..., that Alríkr <lubu> coloured. §D ... ... ... §E Gísli made these monuments in memory of Gunnarr, (his) brother."
Vg 120 †,[...iþin · auk þiR u... ...u ris·u rutaR ...],Heðinn and his brothers(?) ... carved the runes ...
Vg 121,†M [...m...t...æsæiaæ... ¶ hans · sæl · haui · himinflæþi · æmæn ·],†M ... His soul may have delight in heaven. Amen.
Vg 122,: biurn : rsþi : stin : þinsi : ifti(r) : þiuþ : filuk:a : sia : kuþ : ialbi : ... : sunl : ok : su : kilka : sata marki,"Bjôrn raised this stone in memory of Þjóðr, his partner. May God and the holy Saint Mary help ... soul."
Vg 123,: riuiþr : risiþ : sti : þasi : auftiR : kirm : su : sin : miuk : kuþan : trik :,"<riuiþr> raised this stone in memory of Grímr, his son, a very good valiant man."
Vg 124 $,osmutr : risþi : stin : þansi : ifiR : tuk · faþur · sin,"Ásmundr raised this stone in memory of Tóki(?)/Tœkr(?), his father."
Vg 125,biurn · k-r(þ)i · kubl · þasi · aftiR · ul(f) · (b)(r)(u)(þ)ur · sin · saR ·· uaR · tr-(k)(r) ba(s)tr · i (b)il(e)i(k) · (i)(u)(t)(a),"Bjôrn made these monuments in memory of Ulfr, his brother; he was the best of valiant men in ..."
Vg 126 †,[--arukR · risþi · stin · þisa · aftiR · ---n : sun · sin · harþa · kuþon · trok itiþ],"<--arukR> raised this stone in memory of Sveinn(?), his son, a very good valiant man ..."
Vg 127,uliR : risþi : uk : askatla : stin : þensi : eftiR : kunar : sun : sygtry(g)s : trik : kuþan : kuþ : trutin : biargi : ut : hans,"Ôlvir(?) and Áskatla raised this stone in memory of Gunnarr, Sigtryggr's son, a good valiant man. May Lord God save his spirit."
Vg 128,hakun · ouk · þurkutr · risþu · stin · þina · iftiR · faþur · sin · r--- · bu(t)(a) · kuþan ·,Hákon and Þorgautr raised this stone in memory of their father ... good husbandman.
Vg 129 M,(æ)skil : læt st(i)n : þ(æ)--- -(p)ris---(i)su(i)þurs---rasi---(u)------m · i(o)^nipris(þ)fil--þ(i)(s)p--r(þ)us --tti þim : til r(o) :,Áskell had this stone ... ... may relieve them to peace.
Vg 130,: kuþmutr : rsþi : stin : þesi : eftiR : eskil : brþur : sin : trek : harþa : kuþan : h(k) : truki ·,"Guðmundr raised this stone in memory of Áskell, his brother, a very good valiant man. Tryggvi(?) cut(?)"
Vg 131,†M [þorþær ¶ {IC IAC(E)... THO(R)...} ¶ biærn : let gæræ · sten],†M Þórðr. {Hic iacet Þórðr}. Bjôrn had this stone made.
Vg 132 M,...s...,...
Vg 133,----þuriR : s(i)-u : su- raisþi · stin · þisi · -ftiR · suin · (b)(r)uþur · sin ·,"Steinþórir(?), Síða's(?) son raised this stone in memory of Sveinn, his brother."
Vg 134 U,...siz alu h,... <alu> ...
Vg 135 †,[brantr + risþi + stin + þinsi · eftiR nosmu × bruþur sin · saR uarþ þrebin × o tustitki],"Brandr raised this stone in memory of Ásmundr(?), his brother; he was killed on the eastern route(?)."
Vg 136,...(u)b- sati : stein : þen- ...-- : s(i)fa : bryþr -in- ... ...-þa,"... placed this stone ... Sæfi, his brothers ... good."
Vg 137,ali · auk · karli · risþu · stin · þansi · stin · þansi · iftiR · firist(i)n · faþur · sin · miuk · kuþan þikn,"Áli/Alli and Karli raised this stone [this stone] in memory of Freysteinn, their father, a very good Þegn."
Vg 138 M,+ hær ÷ liggia ÷ faþhar ÷ tuer ÷ ¶ hiþinn ÷ ok (÷) enarr ÷ hæto ÷ þer +,Here lie father and son twosome. They were called Heðinn and Einarr.
Vg 139,...-utr : risþi : stin : þ-... ...R : kuþmut : faþur : sin : ruku : su... ...rþa : kuþan,"...-gautr raised this stone in memory of Guðmundr, his father, Rugga's(?) son, very good."
Vg 140,... × let + risa × sten + þena + e(f)-iR esk(u)- -r...,... had this stone raised in memory of Ásgautr(?) ...
Vg 141 M,... firir : biþia ...,... pray for ...
Vg 142 M,+ ragnildr +,Ragnhildr
Vg 143 M,+ hær ÷ ligr ÷ þorkel ÷ Rnksti + ¶ + son ÷ dahlanks ÷ ok ÷ steno +,"Here lies Þorkell, the youngest son of Daglangr ok Steina."
Vg 144 M,+ bRrr ÷ ligr ÷ innan ÷ þæssi ÷ þro ÷ guþ ÷ ¶ givi ÷ sial : hans ÷ glæþi ÷ ok (÷) ro +,Byrr lies in this stone coffin. May God give his soul delight and peace.
Vg 145 M,f(æ) ¶ f(æ)b-...hiR ¶ -?l--f(h),... ... ...
Vg 146,†M [beorn : høsa : son : læt : kera : hualf : þænna : æftir ma^r¶kæræti : felah(a) : sin : {HARALDV : ME : FECIT ¶ BEORN : HVESA : SON : LET : GERA : HVALF ¶ DENNA : EFTIR : MARGARETI : FELAHA SIN}],"†M Bjôrn Hôsvi's son had this vault made in memory of Margaréta, his partner. {Haraldus me fecit. Bjôrn Hôsvi's son had this vault made in memory of Margaréta, his partner.}"
Vg 147,†M [... faþþr : sin : gan...],†M ... his father ...
Vg 148,†M [... ...ri : sten ... sun ...],†M ... the stone made ... son ...
Vg 149,: ruka : s(a)... ...r : faþur : sin : auk : -...,Rugga placed ... his father and ...
Vg 150,× þurui : risþi : stin : iftiR : ukmut : buta : sin : miuk : kuþan : þikn × þur : uiki ×,"Þyrvé raised the stone in memory of Ôgmundr, her husbandman, a very good Þegn. May Þórr hallow."
Vg 151,: uifast : risþi : st(i)... ... ...R : uifa : hrþa : kuþan : þegn :,"Véfastr raised this stone in memory of Vífi, a very good Þegn."
Vg 152,kunuar : resþi : stin : þani : eftiR : kana : bunta : sin : þegn harþa kuþan,"Gunnvôr raised this stone in memory of Kani, her husbandman, a very good Þegn."
Vg 153,: bun : risþi : sin : þo... ... : sun : sin : haþa : kuþan : tirik :,"Bjôrn raised this stone ... his son, a very good valiant man."
Vg 154,osfriþr : risþi : stin : þonsi : eftiR : osgiR : hrþa : kuþan : trek : buta · sin,"Ásfríðr raised this stone in memory of Ásgeirr, her husbandman, a very good valiant man."
Vg 155,... ...(s)(þ)i : stin : þna : iftiR : kuþmut : sun sin : þa-...,"... raised this stone in memory of Guðmund, his son ..."
Vg 156 §A,: þurbiurn : risþi : sti- ... ...R : þuri : bruþur:sun : sin : §B harþa : kuþan : suin :,"Þorbjôrn raised this stone in memory of Þórir, his brother's son, §B a very good lad."
Vg 157,þurþr · risþi · stin · þesi · eftR · futin · faþur · sin · þahn · hrþa · kuþan · uk · eftR · esburn · brþur · sin · trk · hrþa · kþan ·,"Þórðr raised this stone in memory of Fundinn, his father, a very good Þegn, and in memory of Ásbjôrn, his brother, a very good valiant man."
Vg 158,kafli : risþi · stin · þesi · etR · kiRa · þahn · hrþa · kuþan · bruþur·sun · bitu,"Kafli raised this stone in memory of Geiri, a very good Þegn, <bitu>'s brother's son."
Vg 159,...(k)i sat... ...,... placed ...
Vg 160,þuri × risþi stn × þansi iftR × þuriuþ × faþur si(n),"Þórir raised this stone in memory of Þorviðr(?), his father."
Vg 161,: buli : resþi : stin : þonsi : eftiR : bulu : mag : sin :,"Bolli/Bóli raised this stone in memory of Bolla/Bóla, his kinsman-by-marriage."
Vg 162 $ §P,· uebiurn · sa(t)(i) · (i)stin · (þ)ina · eftir · tuli · sunu · sin · tereke · haraþa kuþan §Q · uebiurn · sa(t)(i) · (i)stin · (þ)ina · eftir · tuli · sun| |nu · sin · terek e · haraþa kuþan,"Vébjôrn placed this stone in memory of Tólir, his son, a very good valiant man. §Q Vébjôrn placed this stone in memory of Tólir, his able son, always a very good young man."
Vg 163 M,+ hæra ÷ guþ : biþ : iak : signa + ... sigru- ...-þiær : uæra + ...,I beg God the Lord to bless ... Sigrøð/Sigþrúð ... to be ...
Vg 164,a^ue maria,Ave Maria
Vg 165 M,botildær : læt : gæra : hua(l)f : þænna : ifir : sue¶n : dRrmoson : haraldær : stenmæstari : gærþi : ¶ {BOTILDER : LET GERA (:) HVALF : DENNA : IF¶IR : SVEN : DEV...OSON : AVE MARIA · GRATIA},Bóthildr had this vault made over Sveinn Dýrmóðsson. Harald the stone master made (it). {Bóthildr had this vault made over Sveinn Dýrmóðsson. Ave Maria gratia.}
Vg 166 $,kafi : sati : s-... ...---... ...s :,Kafi(?) placed the stone ... ...
Vg 167 M,...? · ?? · ????,... ... ...
Vg 168,----- × kiarþi × ku(m)l × þus(i) × ef(t)iR × b-... sin × auþ...,... made these monuments in memory of ... his ... Auð-...
Vg 169,tuliR : auk : þurni : karþu : kuml : þus(i) : iftiR : þuri : auk : klaka : sunu : sina :,"Tólir and Þorny made these monuments in memory of Þórir and Klakki(?)/Glegga(?), their sons."
Vg 170,þerui : let : s... ...(a) : þesi : eftiR : þ-... ... ...(u)þulf : bunta : sin : auk : sun : sin,"Þyrvé had these stones placed in memory of ... and Þjóðulfr(?), her husbandman, and her son."
Vg 171,: þura : kiarþi : kuml : þesi : eftiR : tusta : bunta : sin : herluks : bruþur :,"Þóra made these monuments in memory of Tosti, her husbandman, Herlaugr's brother."
Vg 172,stari : risþ(i) ... ...(u)r : sin : in ...,Starri/Stari raised ... his father/ brother. And ...
Vg 173,kufi · sati · stein · þena · eftiR · þurþ · bruþur · sin · auk · bru · lagþi,"Gufi placed this stone and laid the bridge in memory of Þórðr, his brother."
Vg 174 $,· kalmi : risþi : stin : þena : eftiR : helka : sun : sin : iaR : turknaþi :,"Gamli(?)/Galmi(?) raised this stone in memory of Helgi, his son, who drowned."
Vg 175,rifr · (u)k · (u)(e)stin · risþu · stin þensi · aftiR · þurstin · fiþur · sin,"Refr and Vésteinn raised this stone in memory of Þorsteinn, their father."
Vg 176 $,... karþi : kuml : þusi : e(f)(t)iR : --[f](t)[a]n : bruþur : sin ...,"... made these monuments in memory of Halfdan, his brother ..."
Vg 177 $,× kati : risþi : s... ... ...(t)ur : knikis,Káti raised the stone ... Gneggir's(?)/Kneikir's(?) daughter / sister.
Vg 178,: agmuntr : risþi : stin : þonsi : iftiR : isbiurn : frinta : sin : auk : (a)(s)(a) : it : buta : sin : ian : saR : uaR : klbins : sun : saR : uarþ : tuþr : i : krikum,"Agmundr raised this stone in memory of Ásbjôrn, his kinsman; and Ása(?) in memory of her husbandman. And he was Kolbeinn's son; he died in Greece."
Vg 179,: styr : þuþulfs : sun : rsþi : stin : þesi : eftiR : euit : bruþur : s-- trk hrþa : kuþan :,"Styrr, Þjóðulfr's son, raised this stone in memory of Eyvindr, his brother, a very good valiant man."
Vg 180,: kartuki : sati : ste... ...an : eR : uarþ ... ...(u)n(t)(i)n ...uk :,Kártóki placed the stone ... he was ... Fundinn cut.
Vg 181,kufi : rsþi : stin : þesi : eftR : ulaf : sun : sin · trk · hrþa · kuþan · hn · uarþ · trbin · i · estlatum · hu(a)rþ(r) · iuk · s---,"Gufi raised this stone in memory of Ólafr, his son, a very good valiant man. He was killed in Estonia. Hávarðr(?) cut the stone."
Vg 182 $,: sluta : reisþi : s(t)ein : þena : eftiR : esbiurn : felaga : sin : auk : karþi : bru : þesi,"Slúta(?) raised this stone and made this bridge in memory of Ásbjôrn, his partner."
Vg 183 †,[hnuþa : reisti : stein : þena : eftiR : uefut : bruþur : sin : auk : karþi : bru : þisi :],"<hnuþa> raised this stone and made this bridge in memory of <uefut>, his brother."
Vg 184,: kuli : rsþi : stin : þesi : eftiR : rþr : kunu : sinaR : esburn : ok : iula : treka : hrþa : kuþa : ian : þiR : urþu : tuþiR : i : lþi : ustr :,"Gulli/Kolli raised this stone in memory of his wife's brothers Ásbjôrn and Juli, very good valiant men. And they died in the east in the retinue."
Vg 185,†M [mikus alik þ ikiær ka : rþei],†M ... ... ... ... ... ...
Vg 186 $,· seytr : sati · stein · eftiR · ystin · kuþ · hialbi · saul : hans : auk · kus · muþiR · hilakR · kristr · i : himin·riki ·,"Sæ-Eyndr placed the stone in memory of Eysteinn. May God and God's mother help his soul, (and) the Holy Christ in Heaven."
Vg 187,+ giRi · sati · stin · þana · eftiR · kuþa · bruþur · sin · eR · a ok·lanti · altri · tynþi ×,"Geiri placed this stone in memory of Guði, his brother, who forfeited his life in England."
Vg 188 †,[... ...unta · resþ... ...],... <...unta> raised(?) ...
Vg 189,stifatr : sati : stin : þani : efti(r) ...,Styfjaldr(?) placed this stone in memory of ...
Vg 190,ikialtr : sati : s--n : þani : eftiR : krimulf : sun : si :,"Ingjaldr placed this stone in memory of Grímulfr, his son."
Vg 191 M,+ i...uk · f(u)-...þ +,... ...
Vg 192 $,suin : risti : stin : þena : eftiR : f(r)ua : sun : sin,"Sveinn raised this stone in memory of Frói(?), his son."
Vg 193,... : stin : þani : e... ... bruþur : sifa,... this stone in memory of ... Sæfi's brother.
Vg 194,kuþmutr : karþi : kuml : þusi : eftiR : urmar : sun : si,"Guðmundr made these monuments in memory of Ormarr, his son."
Vg 195,asur · sati · stin · þani · iftiR · anuta · bruþur · si,"Ôzurr placed this stone in memory of Ônundi, his brother."
Vg 196 M,+ gunbiorn : li(t) : g(i)r(a) : (s)(t)(i)n : þin(a) : (i)uir : i-----(a)neg : broþir : si...,"Gunnbjôrn had this stone made over ..., his brother."
Vg 197,tuki · auk · þiR · bryþr · ristu · stin · þesi · eftiR : bryþr : sina · eR : uarþ · tu(þ)r uestr : en · anar : au(s)tr :,"Tóki and his brothers raised this stone in memory of their brothers. One died in the west, another in the east."
Vg 198,bruni ---(t)(i) · stin : þana · eftiR · eskil · (s)un · sin :,"Brúni raised this stone in memory of Áskell, his son."
Vg 199,...-uisk : h---n : s(u)(n)a : liki : kuisk : hialms : kuna : halt... ...-iþ : k--... k-- : urþ : bar : ...,"... ... ... ... ... Hjalmr's(?), Halfdan's(?) wife(?) ... ... ... ... ... ..."
Vg 200 M,taviþær kæi,Dáviðr .../made(?)
Vg 201,$M ylfa abraham,$M Ylfa(?) Abraham
Vg 202,†M [sær : ma(g)a^l trab ormin : suen ant^ræs],†M See: Mikjáll killed the snake. Sveinn. Andreas.
Vg 203 M,fruþokhniastbmR,<fruþokhniastbmR>
Vg 204 M,anudær : iunc:fru : ær : min : ro : un(c) :^ ^(a)t : uiþhær : mit : sotali : i anudær : mæstara:maþr ' uæra,Ônundr. The maiden is my peace. ... ... ... my(?) ... ... Ônundr master to be?
Vg 205,†M [fuþorkhniastRm],†M <fuþorkhniastRm>
Vg 206 M,frþor(k)hniastRm,<frþorkhniastRm>
Vg 207,$U fuþarkgw ········ hnijï(p)-- ···· tbeml(ñ)(o)d ······,$U <fuþarkgw hnijïpzs tbemlñod>
Vg 208 M,...,...
Vg 209 M,mar-,Mary
Vg 210 M,÷ þa : iak : uar : gør : þa : uar : þushundraþ : tu : hu^ndraþ : tiuhu : uintr : ok : atta : fra : bRrþ : gus :+ a+g+l+a+ ÷ ¶ ÷ aue ÷ maria ÷ gracia ÷ plena ÷ ¶ ÷ dionisius : siþ ÷ benediktus ÷,"When I was completed, then there were thousand two hundred twenty winters and eight from the birth of God. Agla ('agla'= Thou art strong in eternity, Lord). Ave Maria gratia plena. Dionysius sit benedictus."
Vg 211 M,ui + ki,<ui> <ki>
Vg 212 M,tumi,Tummi
Vg 213 M,magnus : a mik : ho,Magnús owns me <ho>.
Vg 214 M,-s-n---(c)(n)-s...,...
Vg 215 M,+ {S} · {GOBBE} · {STRET} · ¶ ku,{Sigillum} {Gubbi} {<stret>}. <ku>
Vg 216 M,kal anda uiþr kankla uiþr riþa(n)da uiþ ¶ uiþr rinanda uiþr s--ianda uiþ¶r sikn--a uiþr f-r(a)(n)da uiþr (f)liuh¶(a)^n(d)a s-- a(l)(t) fu--na uk um du-a,"(I) practice witchcraft against the spirit, against the walking (spirit), against the riding, against the running, against the sitting, against the sinking, against the travelling, against the flying. Everything shall loose its vitality and die."
Vg 217,†M [biriki ÷ birita ÷ batar ÷ ok ÷ akhi ÷ kyrþi kirkuh ÷ asur ÷ ok ÷ skuli ÷ ok ÷ þorþr ÷ ok ÷ ku^nar ÷ i siua---sta ÷],†M May Birita save (us). Pétr and Áki made the church. Ôzurr and Skúli and Þórðr and Gunnarr in Sigvaldstaðir.
Vg 218,†M [fþorkhniastbmR],†M <fþorkhniastbmR>
Vg 219 M,+ gesus guþ skialdolfor : han gøt mik : ok mahnnus : ok bion : skar mik : provasta^r han,"Jesus. God. Skjôldulfr, he cast me, and Magnus. And Bjôrn cut me, he is a dean."
Vg 220 M,asmutær : gærþi : tRr,Ásmundr made the door.
Vg 221 M,{AVE ÷ MARIA ÷ GACIA ÷ PLENA ÷ DOMINUS ÷ TECV ÷¶ BENEDICTA ÷ TV : IN ÷ MVLIERIBVS ÷ ET ÷ BENEDICTVS ÷ FRVCTS VENTIS TVI ¶ SANCTA : CATERINA} ¶ sun(o) ÷,{Ave Maria gratia plena Dominus tecum. Benedicta tu in mulieribus et benedictus fructus ventris tui. Sancta Catarina.} Soni.
Vg 222 M,a^u^æ maria ÷ iæssus + {HAQUINUS MASISTER},Ave Maria Jesus {Haquinus magister}.
Vg 223 M,... ...(k) olobr k(a)r¶-- ...irkiu,... and(?) Ólafr made the church.
Vg 224 M,- : - : c : or : m...R : ka : æ · ...u...i,... ... ... ... ... ... ... ...
Vg 225 M,+ {S ASE : KOPMAN} ¶ s,{Sigillum Ási Merchant} <s>
Vg 226 M,...,...
Vg 227 M,av(e) : maria grakia,Ave Maria gratia
Vg 228 U,tawo l¶¶a(þ)odu,I prepare the invitation (?)
Vg 229 M,...,...
Vg 230 M,uin(f)(r)(i)...,Vinfríðr
Vg 231 M,· a · a^·^u ·,... ...
Vg 232 M,(l)o^þa^f-/(l)o^þa^f-i,...
Vg 233 M,...,...
Vg 234 M,un marka,Una marca.
Vg 235 M,h(o)l----,...
Vg 236,=Ds_Vg236,=Ds_Vg236
Vg 237 M,...(b)(æ)(s)(t)æ ¶ ...þæris ¶ ...uþsiro,... ... ...
Vg 238 M,eka,...
Vg 239 M §A,hælhæ : a mik §B hælga,Helga owns me. §B Helga
Vg 240 M §A,erikus a mik §B (g)iho(r)(þ) §C ...--,Ericus owns me. §B girth §C ...
Vg 241 M,(p)nm(u)ninþ(p)hh,...
Vg 241B M,u,...
Vg 241C M,æ,...
Vg 242 M,þorbon : brason : brattr þo-,Þorbjôrn Brattssonr. Brattr Þor-...
Vg 243 M,þo^rgel : na^kt^æga^l : risti : ru^nir : þeser : i : o^la^us : kiriki,Þorkell Naktergal carved these runes in Ólaf's church.
Vg 244 M,a^la^r sia^la^r : hær d^o^pazs i ÷ þiuþ ÷ føri : mik ÷ skal,"Here all the souls are baptized into the congregation through me, the bowl."
Vg 245 M,a^u^æ : maria ÷ iæssus {MAGISTER HAQVINVS},Ave Maria Jesus {magister Haquinus}
Vg 246 M,+ þormoþr : giarþi bofi,Þormóðr made. Bófi.
Vg 247 M,a^u^æ ÷ maria ÷ iæssus + {ANNO : DOMINI : MO : CCCO : XLO : QUINTO : DECIMO : SEPTIMO : KLAS : AUGUSTI : CURATO : ECCLEIE : DOMINO : OLAUO : TUTORIBUS : ECCLEIE : GEDSTAUO : ET : NICHOLAO : HAQUINUS : FUDIT : HANC : CAMPANAM : MAGNO : REGE : SUECIE : DNO : SIGGONE : EPISCOPI : SCARENSI} : +,Ave Maria Jesus. {Anno domini millesimo trecentesimo sexagesimo quinto decimo septimo kalendas augusti curato ecclesiae domino Olauo tutoribus ecclesiae Gedstauo et Nicholao Haquinus fudit hanc campanam Magno rege Sueciae domino Siggone episcopo Scarensi.}
Vg 248 M,+ dat ÷ kterina ÷ sonum ÷ fideli ÷ populo ÷ bonum + + ik ÷ sonus ÷ auditur ÷ ik ÷ mens ÷ turbata ÷ blandidur,"Dat Katerina sonum fideli populo bonum. Hic sonus auditur, hic mens turbata blanditur."
Vg 249 M,þh?(o)þs,...
Vg 250 M,bræþa^rRuþ,Breiðarjóðr
Vg 251 M,atreos : -æe,Andreas made(?).
Vg 252 M,antreos : kærþe kaR,Andreas made font.
Vg 253 M,+ a^u^æ maria ÷ iæssus + {HAQUINUS} +,Ave Maria Jesus {Haquinus}
Vg 254 M,kaa,...
Vg 254B M,f,...
Vg 255 M,ki--þ,...
Vg 256 M §A,kuþ §B as(u)-...,God §B Ás-...
Vg 257,... ...esþi : sen : ...iR : tufa : ma... ...,"... raised the stone in memory of Tófi, (his) kinsman-by-marriage ..."
Vg 258 M,a^u^æ ma^ria g^rasia,Ave Maria gratia
Vg 259 M,fuþorkh,<fuþorkh>
Vg 260 M,ales : tales arfales,You shall nourish these farmers(?).
Vg 261,$M hkli,$M Helgi(?)
Vg 262,$M §A tibi sol(i) pækaui æþ m(a)lom koram ti fici uþ iustifi... ... §B (s)iribusm t^uis æþ finkas kom iutikaris,"$M §A Against Thee, Thee only, have I sinned, and done this evil in Thy sight; that Thou mightest be justified when Thou speakest, and be clear when Thou judgest."
Vg 263,$M mi-inau ¶ k-(t)-,$M ... ...
Vg 264 M §A,tomine gesu ... ¶ ibera te ingi-... ... §B liberasti tes ... ¶ te kamino ihnis · s-...,"Lord Jesus Christ, save (our souls) from the flames, §B as You saved the three boys from the burning oven ..."
Vg 265,$M §A late genito^r §B uæ,"$M §A Hide, father! §B Alas!(?)"
Vg 266,$M þorilte^r,$M Þorhildr.
Vg 267,$M ru(k)i,$M Ruggi.
Vg 268,$M kþ : i(æ),$M ... ...
Vg 269,$M §A b(æ)(t)a ÷ pa-iæ(a)-ia... §B ...-ibot------r--(a),$M §A ... ... §B ...
Vg 270 M §A,fuþorkhniastblmR ??? §B iiiiississsisiissiiisiissi §C sssssiisiiisissiisssissiis §D ffffRRRRRffRfffRfRRffR,<fuþorkhniastblmR> ... §B ... §C ... §D ...
Vg 271,$M fa mer,$M Get me/more!?
Vg 272,$M {P}rhl,$M Swingle.
Vg 273,$M ru(a)r,$M Hróarr.
Vg 274 M,...uuu^uuff...uffff-...,...
Vg 275 M,-æþu-,...
Vg 276 M,fuþ(o)r...hnias ¶ þþæþþþæææþþææþæ(æ),<fuþorkhnias> ...
Vg 277 M §A,... §B ...,... §B ...
Vg 278,$M ...------u- · kanþ : isuo^kamko...,$M ... ... ...
Vg 279,$M §A mun : þu · mik : man : þik : un : þu : m(e)r : an : þRr §B brmR mk,"$M §A Think of me, I think of you! Love me, I love you! §B Have mercy(?) on me(?)!"
Vg 280,$M §A (u)ær þu · uin min · arnfintir · læk- ... §B ...-lek þit · hua · kenke,"$M §A Be my friend, Arnfinnr! Lay(?) ... §B ... ... wherever(?)/whoever(?) would go(?)."
Vg 281,$M þno/þ^n^oþ^n^oþ^n^o nnn ooo,"$M Giant, need, god?"
Vg 282,$M --(u)(o)(n)(a) (:) r-...,$M ... ...
Vg 283,$M oootttaaarrr oootttaaarrr,$M Óttarr. Óttarr.
Vg ATA3940/64,°,°
Vg ATA6451/87 M,oaþsean,...
Vg ATA322-3593-2005 M §A,fuþorkhniastblmR §B boi : n,<fuþorkhniastblmR> §B Búi owns(?).
Vg ATA322-3652-2010,...r : sin ...,... his ...
Vg ATA322-4412-2011,... (s)ina,... their ...
Vg Fv1968;283,°,°
Vg Fv1972;265 M,gerþe aruiþr,Arnviðr made.
Vg Fv1973;201A M,rimus,...
Vg Fv1973;201B M,auæ maria,Hail Mary.
Vg Fv1979;249 M,... mar...,... Mary(?).
Vg Fv1980;238,...-- × risþu × s-... ...,... raised the stone(?) ...
Vg Fv1982;237 M §A,(k)atoi + (u^k)ana + ¶ + aia + ragara §B + aia + ra(k)ar,... ... ... ... §B ... ...
Vg Fv1983;236 M §A,(h)agormr hialgar-r (l)i-unski-l-... §B ... þunt bloþ or rin or æ-r : bloþ or : rin or æ--,"Hagormr(?), ... ... §B ... thin blood, run out, out of ... blood, run out, out of ..."
Vg Fv1986;223 M,...-tlns a mik,... owns me.
Vg Fv1988;247,$M? kaus,$M? Gautr's(?)/Gauss(?).
Vg Fv1992;170 M §A,...-nl kistil lai §B ...-n : lai : kistil : ma...,... casket ... §B ... ... casket ...
Vg Fv1992;171A M §A,fuþork(h)... §B a-a ast sin ot...,<fuþorkhnias>... §B ... his love ...
Vg Fv1992;171B M §A,...-----hbbh^mbhhhbbb-... §B sii,... §B ...
Vg Fv1992;172,$M §A ...--stu · niþir · ok · raþ · runur · si §B <raþ> <þat>,$M §A Sit down and interpret the runes ... §B Interpret that/this!
Vg Fv2007;37,$M §A a^u^e §B a^r-- §C yr §D kar §E guþ o^k ua^r (f)r- ... §F k(a)... §G (i)(p)? §H ka(r),$M §A Ave §B ... §C ... §D Kárr(?) §E God and Our Lady ... §F ... §G ... §H Kárr(?)
Vg GVMV;89,°,°
Vg IK639,$U · e (e)^krilaz · mariþeubaz haite · wrait alaþo,"$U I the eril am called Mariþeubaz (= the sea thief / the famous thief), I wrote a nourishing charm(?)."
Vg NOR1997;27,: ulfr : auk : asur : risþu : stin : þosi : eftiR : oslak : harþa : kuþan : þikn : faþur : sin : hrþa : frunan,"Ulfr and Ôzurr raised this stone in memory of Áslakr, a very good Þegn, their father, very brave and valiant."
Vg NOR1997;28 $,...ifi (:) r--sþi (:) stein (:) ... ...-- : e-...-...-...u...,...-fi raised the stone ... ... ...
Vg NOR2001;28 M,...-at- ¶ ...f--...,... ...
Vg NOR2002;34 M §A,r-ror(n)rr(o)r-r... ¶ -rra^(r)rsrarrn §B ...r-... ¶ ...rn-,... ... §B ... ...
Vg NOR2002;37,...------...,...
Vg SHM27600:74:NE3621,=Vg_ATA322-3593-2005,=Vg_ATA322-3593-2005
Vg SkalundaRaä50,=Vg_ATA322-3652-2010,=Vg_ATA322-3652-2010
Vg VGD1984;75 M,+ petar a mik iohannes risti mik,Pétr owns me. Johannes carved me.
Vg VGD1984;79 M §A,+ fþbuha... §B ?,... §B ...
Vg VGD1987;117,...Rfa,.../Efa(?)
Vg VGD1987;121 M,--------------------,...
Vg VGD1987;122 M §A,gortin : gortan §B æþ gortan §C ufau · ufai · ufao,"String, string §B and string? §C ... ... ..."
U 1,[as]kil : lit : rita : stin : þa[na · -f-]- : u[n]-- : faþur : [si]n [-u-]a : kuþ[an],"Áskell had this stone erected in memory of ... his father, a good husbandman."
U 2 †,[yfaigr · auk ...þ(b)orn þair litu · rai(s)a · staina · þisa at · ernbiorn · faþur · sen · kuþ · hielbi sil hans ·],"Ófeigr and ...-bjôrn, they had these stones raised in memory of Ernbjôrn, their father. May God help his soul."
U 3,asl(u)a-a... ...ulbi +,... ...
U 4,tutiR ' baþ karua kubl ÷÷ þita ' aft ' iuta ÷,Dóttir ordered this monument to be made in memory of Júti.
U 5,sni(r)iR ÷ (u)s----,"Snerrir(?), Óspakr(?)"
U 6 $,× þorst... ... ...stain × rais... ... -str-- ...-... ...uk × eftiR × ¶ ...tunba... × ... × a... ...R... ...ain × ...,Þorsteinn (and) ...-steinn raised ... (in memory of) Ástriðr(?) ... and in memory of ... ... ... ... Eysteinn(?) ...
U 7,=U_6,=U_6
U 8,=U_6,=U_6
U 9 $ §A,... (f)aþu^r ... ¶ ...------... §B ...uasa... ¶ ...--... §E ...-as-.../...-sa-... §F ...----... §G ° §H ...--...,... father ... §B ... §E ... §F ... §G ° §H ...
U 10 $,aft ybi sonti st(a)(i)n saR ak lki kaRþi f...,"May this stone stand in memory of Œpir, and Lokki(?) made ..."
U 11,raþ| |þu : runaR : ret : lit : rista : toliR : bry[t]i : i roþ : kunuki : toliR : a(u)k : gyla : litu : ris... ...- : þaun : hion : eftiR ...k : merki srni... haku(n) · (b)aþ : rista,Interpret the runes! Tólir the steward of Roðr had them rightly carved for the King. Tólir and Gylla had [the runes] carved ... this married couple as a landmark in memory of themselves(?) ... Hákon ordered (it) be carved.
U 12 †,[--uikriþ × lit × rista unaR · at × ...ti(R) instfau r],... had the runes carved in memory of ... ...
U 13,... ...[r]kutr þaiR ... ... atu ' ok| |ku[þ]... ...,"... Þorgautr, they ... ... spirit and God's ..."
U 14,: tuki : ok : þorker : þau · li... ... at : forkun : sun : sin :,"Tóki and Þorgerðr, they had ... in memory of Forkunnr, their son."
U 15 M,iggeborg ÷ filia : ermundi ÷ iacet : hic : ?,Ingeborg filia Ermundi iacet hic ...
U 16 †,[kuni · auk : kari : raisþu · stin · efiR ...r : han : uas : buta : bastr : i ruþi : hakunar],Gunni and Kári raised the stone in memory of ... He was the best husbandman in Hákon's dominion.
U 17,: þuruti · auk · asi · raisa · stin · aftR · auþkiR · (b)... ...- kuþ · hialbi · at · hns :,"Þrótti and Ási raise the stone in memory of Auðgeirr, (their) brother ... May God help his spirit."
U 18,-a-ur · [au]k : ul... · ristu : tin [:] (þ)ina · [efti(R) · -au-altar · mak ·] sin · k[uþa]n · [i · uiki :],... and ... raised this stone in memory of ... their good kinsman-by-marriage in Vík/Víkbýr.
U 19,: freystin : reisti : stein : þensa : eftiR : haþska : faþur sin :,"Freysteinn raised this stone in memory of Haðski, his father."
U 20 $,... ...k · bunta sin ... auk -... ...(u)þrik · faþur sin · gu... ...-b... ...n- ·,"... Eiríkr(?) his/her husbandman ... and ... Guðríkr, his/her father. May God help (his) spirit."
U 21,=U_20,=U_20
U 22 $,ulfr · uk uikil + uk syrkil · þa... ...- stain · þina i(f)(t)iR ayt--u faþur sin ku·þ (h)ia[lbi] a-t,"Ulfr and Vékell and Syrkell/Sørkell, they ... this stone in memory of ... their father. May God help (his) spirit."
U 23,suain ' [lit] ...ais- [·] st(a)ina ...f... ...ah ' faþur sin [·] ybiR [·] risti,"Sveinn had the stones raised in memory of ..., his father. Œpir carved."
U 24,... faþur sin + guþ hialbi · --- ' han... ...,... his father. May God help his spirit ...
U 25,· humfriþr ' lit × ris- · stn · þinsa · ifa-- · haur · bunta · sin · kuþ hialbi i ot hans,"Holmfríðr had this stone raised in memory of Haurr, her husbandman. May God help his spirit."
U 26,°,°
U 27,°,°
U 28,...smn... ...s...,... ...
U 29 $,raþ| |þu kaiRmuntr -ik · kaiR[l]a[uk ·] (m)aytumi| |i þa · finku · þau sun · aþ han · truknaþi · in sun to : siþan : þa + fi(k) (h)(u)- --þrik · ha- ... (þ)(i)nsa · þa · finku þa(u) [bar](n) ... (i)(n) maR ain lifþi · [hu]n hit ' ...g[a] ' h(a)... fik raknfastr · i · snutastaþum · þa uarþ han tauþr · auk · sun · siþan · in · moþir kuam + at sunar ' arfi ' þa ' fik hun ' airik ' þar ' uarþ hun tauþ ' þar kuam ' gaiRlauk at arfi ' inku tutur sinar þurbiur(n) ' skalt ' risti runar,"Interpret! Geirmundr got Geirlaug (to wife) in her maidenhood. Then they got a son, before he (= Geirmundr) drowned. And then the son died. Then she got Guðríkr. He ... this. Then they got children. And one maid lived; she was called Inga. Ragnfastr of Snotastaðir got her (to wife). Then he died, and thereafter the son. And the mother came to inherit from her son. Then she got Eiríkr. Then she died. Then Geirlaug came to inherit from Inga, her daughter. Þorbjôrn Skald carved the runes."
U 30,stainulfr lit raisa · stain þ(a)--a ebtiR · sikfast · faþur sin auk hulmkirþr at bunta sin kuþ ----b- sal hans,"Steinulfr had this stone raised in memory of Sigfastr, his father, and Holmgerðr in memory of her husbandman. May God help his soul."
U 31 §A,: sta[infas-r : li- ... ...in : at : b]iar[n] -u---[u]r ...i[n] §B ... at : bia-[n a-... ...rnfas]... ...,"Steinfastr had ... the stone in memory of Bjôrn, his brother. §B ... in memory of Bjôrn and Arnfastr ..."
U 32,+ unfaikr + auk + krukr + auk × stain + auk + halki × litu + raisa + stain × þana + aftir × suain + foþur sin × auk + at + butna + bruþur sin auk × ika + kuþ × hialbi + ont þaira,"Ófeigr and Krókr and Steinn and Helgi had this stone raised in memory of Sveinn, their father, and in memory of Botni, their brother, and Inga (also raised). May God help their spirits."
U 33 †,[...on : au-mfast...],... Holmfastr
U 34,suain × auk × halftan × auk × þora × litu × raisa × stain -ina × aftir × uikik × foþur sin × au(k) × at × þagn × bruþur × sin × kuþ × hialbi at þaira,"Sveinn and Halfdan and Þóra had this stone raised in memory of Víkingr, their father, and in memory of Þegn, their brother. May God help their spirits."
U 35 $,aþisl : auk : ays- : auk : ---fr : þaiR : litu : raisa : stain : þinsa : at : uikisl : faþur : sin : boanta : irfriþaR,"Aðísl and Ásl/Ôsl and Ólafr, they had this stone raised in memory of Végísl, their father, Ernfríðr's husbandman."
U 36,inkimoþ ' lit ' raisa ' staina ' uk ' bro ' eftiR ' karl boanta sin ybiR risti,"Ingimóð had the stones raised and (made the) bridge in memory of Karl, her husbandman. Œpir carved."
U 37,+ utrykr + auk + buanti + auk + alfrikr + raistu + stain + þinsa + eftiR + kara + faþur + sin + auk + guneþr + at + buanta + sin · guþ hialbi (a)-- -ans + þurbiurn + hiuk ' runaR,"Ótryggr and Bóndi and Alfríkr raised this stone in memory of Kári, their father; and Gunnheiðr in memory of her husbandman. May God help his spirit. Þorbjôrn cut the runes."
U 38,' likuiþr ' auk ' knu-... ... ...(t)u ' r--sa ' ...n · at · (u)... si- · (b)u--t(a) ' ...rlaugar · kuþ hie(b)li - sal · ha-s,"Líkviðr and Knútr ... had the stone raised in memory of ... their ..., Geirlaug's husbandman. May God help ... his soul."
U 39,†$ [halki : lit hakua : (s)-ain : þisa · at · salmut : sua · sin · kuþ : hialbi : ot : hans ×],"†$ Helgi had this stone cut in memory of Salmundr, his son. May God help his spirit."
U 40,: asbiarn ... þo[nnstr... ... ...- kuilfr : l]itu : at : asulf · faþur sen,"Ásbjôrn ... ... ... Gunnelfr(?) had (raised) in memory of Ásulfr, their father."
U 41,: forkuþr : auk : fuluki : litu : rista : runa : iftir · hiluka : faþur · isin : kristr hialbin · irinfastr risti ·,"Forkunnr and Fullugi had the runes carved in memory of Illugi, their father. May Christ help. Erinfastr carved."
U 42,kiulakr × lit × raisa istai[n] × iftir × kuih sua[un] sin × (k)u-an ×,"Kjallakr/Kjullakr had the stone raised in memory of Kvígr, his good son(?)."
U 43 §A,: ofaikr : ok : sikmar : ok : fraibiarn : þiR : raistu : at : iarut : faþr : sin : bota : gunum : §B : irnfastr : iuk : runaR : þasi :,"Ófeigr and Sigmarr and Freybjôrn, they raised (the stone) in memory of Jôrundr, their father, Gunna's husbandman. §B Ernfastr cut these runes."
U 45 $,sahsi · lit ' stain ' hakua ' ok · bro · kiara eft-- -...(r)þi ' moþor ' sina suain iak,Saxi had the stone cut and the bridge made in memory of ... his mother. Sveinn cut.
U 46,hulmk[a]iR · auk · u... ...[ist]u · st[a]in ... aftiR · muþu- ...-nuk-... ...[i]l... ...u · siua,Holmgeirr and ... raised the stone ... in memory of (their) mother ... ... ... ...
U 47,: þorkisl : auk : sikniutr : þiR : raistu : stain : at : uik : faþur : sin :,"Þorgísl and Signjótr, they raised the stone in memory of Vígr, their father."
U 48,· iluhi · li(t) (r)aisa · stain × eftiR × þikfast × sun × sin ... ...(u)lfastr ' at · broþur ' s...,"Illugi had the stone raised in memory of Þingfastr, his son ... ...-fastr in memory of his brother."
U 49 $,+ siR + hulmstain + ketilfastr + laþi a ',"Sigrøðr(?), Holmsteinn (and) Ketilfastr laid(?) in memory of(?)"
U 50,+ iuan · stretn + merki + ok + rahnuor + eftiri boanta +,Jóhan the pugnacious(?) landmark; and Ragnvôr in memory of (her) husbandman.
U 51 †,[ikulbiarn : ok · uibiarn : ok : hukbiarn : raistu : stain : at : guba : faþur : sin · onr +],"Ígulbjôrn and Vébjôrn and Hugbjôrn raised the stone in memory of Gubbi, their father ..."
U 52,afriþ : lit : at : suartau(a) : auk : at : iulfast : suni : sina : ok : at : askaut ·,"Áfríðr had (this cut) in memory of Svarthôfði and in memory of Ígulfastr, her sons, and in memory of Ásgautr."
U 53,þor--ain · auk · fraykun ' þau ...- · stain ' iftiR -... sun sin,"Þorsteinn and Freygunnr, they ... stone in memory of ... their son."
U 54 †,[...ir × auk × aystain × auk + soti + ...-n · raistu × stain þinsa efti... ...ur × si... ...uþ ialbi × an... ...],... and Eysteinn and Sóti ... raised this stone in memory of their father / brother. May God help (his) spirit ...
U 55 †,[... (s)un · sin ...],... his son ...
U 56 $,× k[a]mal ak × þialfi × þiR × litu × risa × s(t)ain × þi(n)sa × ... faþur × sin × man| |nu(t)an × ialbin kuþ × sial an,"Gamall and Þjalfi, they had this stone raised ... their father, a capable man. May God help his soul."
U 57,: si[nar :] auk [þork... : auk : uifast- ...]tu : r[isa : stin : eft]iR : biarn : faþur si[- -oti] koþr : by[ki| |i : ulsunti],"Sinarr and Þorkell and Véfastr had the stone raised in memory of Bjôrn, their father, a good husbandman (who) lived in Ulfsund."
U 58,× sihuiþr × auk × sihrai-r × li-u × ris(t)(a) × stain × þi-(s)a eftR × sinar × faþur × sin ×,"Sigviðr and Sigreifr had this stone carved in memory of Sinarr, their father."
U 59,neistr : lit : rista : runaR : þisa : ebti · faþur sein : fasta : olf : aik,Næstr(?) had these runes carved in memory of his father Fasti ...
U 60,kirRþu þRir utr × lRt + rnesn × s^tnea + iftRr + bira fnþur + RkRkriþnr × hna × ohr × irfRkR uRþa × h...-...þ,"... Oddr had the stone raised in memory of Bjôrn, Ingifríðr's father. He was Viði's/Víði's heir ..."
U 61,hialmuiþ(r) : auk : þurbiarn : kunbiarn : auk : halftan : þais : raistu : stin : þina : eftiR : bruþur : sin : ulf : auk : faþur : sen biarn : auk : bruþur : sen : blakari,"Hjalmviðr and Þorbjôrn (and) Gunnbjôrn and Halfdan, they raised this stone in memory of their brother Ulfr and their father Bjôrn and their brother Blákári(?)"
U 62,× anu[n]tr × lit × raisa · staina ' -... ...ra × faþur × sin × auk × katil×ui × a[fti](R) b[o]nta · sin ·,Ônundr had the stones raised ... ... his father; and Ketilvé in memory of her husbandman.
U 63 $,· ke... [... stain × if-... bia... ...],... ... the stone in memory of Bjôrn ...
U 64 M,...--u[iþatrik + o]k [gio]kuif[r] þøn litu kiar mirki i(f)(t)ir ar-- -tur[æiþ] : [oæ]...,... ... ... they had the landmark made in memory of ... ... ...
U 65 $,... betær/betar · l-- ...,... Pétr had ...
U 66 $,... ...-r + au... ...,... ... and ...
U 67,... · sihatr : litu · r(a)... ...,... (and) Sighvatr had raised ...
U 68,... reisa + ste... ...,... the stone raised ...
U 69,raknilfR × lit × kirua × bru × þasi × iftiR × anunt + sun + s[i](n) [× k]uþan × kuþ ---bi × ons × ant × uk × salu × bitr × þan × on krþi × til × munu × iki × mirki × miRi × uirþa × muþiR × karþi × i(f)tiR × sun × sin × ainika ×,"Ragnelfr had this bridge made in memory of Ônundr, her good son. May God help his spirit and soul better than he deserved. No landmark will be more (great). The mother made in memory of her only son."
U 70 †,[× tiarfr ... ...sa + iftir × aist × sun sin + þurbirn × hiuk],"Djarfr ... this in memory of Eistr, his son. Þorbjôrn cut."
U 71 †,[...- : rit(a) : -... ... : uasu : s...],... erected ... ... ...
U 72,· kiarþar + auk · ioruntr · lata ' reisa · þisa · steina · eftir · systur·suni · sina · irnmunt : auk ' ikiunt ·,Gerðarr and Jôrundr have raised these stones in memory of their sister's sons Ernmundr and Ingimundr.
U 73,' þisun ' merki ' iru ' gar ' eftR ' suni ' ikur ' hon kam ' þeira × at arfi ' in þeir × brþr · kamu hnaa : at ' arfi × kiaþar b'reþr ' þir to i kirikium,"These landmarks are made in memory of Inga's sons. She came to inherit from them, but these brothers -- Gerðarr and his brothers -- came to inherit from her. They died in Greece."
U 74,+ biorn + let + resa + stein + þisa + if[t]R + be[rþur sin +] ...(s)tein + koþ hialbi ' ant hans + auk + kos moþiR uisti × risti,Bjôrn had this stone raised in memory of his brother ...-steinn. May God and God's mother help his spirit. Véseti carved.
U 75,: sihuiþr : lit : reisa : þina stein : eftR : faþur · sin · ehuiþ auk · moþu : sna · hulmfriþi : auk : iyfur·firþ,"Sigviðr had this stone raised in memory of his father Egviðr/Hegviðr and his mother Holmfríðr, and Jôfurfríðr (also raised)?"
U 76,· ...(b)i(o)... ... ...R + broþur ... ...kiþni ' a-...,...-bjôrn ... in memory of (his) brother ... ... ...
U 77 $,hulmstin × auk × haosui × litu × raisa istain × iftir × iybiurn × faþur sin × auk × kiriþ × ifti,"Holmsteinn and Hôsvi had the stone raised in memory of Jóbjôrn, their father; and Gyríðr(?) in memory of (him)."
U 78,[hasui · uk · siriþ · uk · ketilu · litu ·] raisa ' stain ' þina ' aftiR ['] hulmstain ' b[roþur · sin],"Hôsvi and Sigríðr and Ketiley had this stone raised in memory of Holmsteinn, their brother."
U 79 §A,· ky : auk : suain : þaiR : raitu : stain : at : birsu : faþur : sin : koþan · §B : ernfastr : iuk : s(t)ain : at : bersu : bot^ba : uikerþaR : sun : þorkerþaR : goþ ·,"Gýi and Sveinn, they raised the stone in memory of Bersa/Birsa, their good father. §B Ernfastr cut the stone in memory of Bersa/Birsa, Végerðr's husbandman, the good son of Þorgerðr."
U 80,× antuetr × auk + kerþar + litu × rista × runar × þisa × iftiR × suain × faþur sin × auk × katilui × iftiR × buanta sin +,"Andvéttr and Gerðarr had these runes carved in memory of Sveinn, their father; and Ketilvé in memory of her husbandman."
U 81,+ ermuntr,Ernmundr
U 82 $,[...-...] -it [rais(a) s...ain : þina : eftiR × hau... sin ·],... had this stone raised in memory of ... his
U 83,†$ [...],†$ ...
U 84,× -(s)kautr × lit × rai[sa × stai- -]... buenta -...,Ásgautr had the stone raised ... husbandman ...
U 85,biorn : auk : fuluik : þaiR : litu : hakua : stain · ... sin,"Bjôrn and Fullugi(?), they had the stone cut ... their"
U 86,× suain × lit × rista × runaR × eftiR × þorbiarn × bruþur × sin ×,"Sveinn had the runes carved in memory of Þorbjôrn, his brother."
U 87 †,[... ...sa · stain · at · suarth... ...],... the stone raised in memory of Svarthôfði ...
U 88,s(b)ialbuþi : ok : uni : li(t)u : raistu : stain : at · (t)iþkuma : ikiþoru,Spjallboði and Uni/Unni had the stone raised in memory of Tíðkumi (and) Ingiþóra.
U 89,· helka · ok · ulmfris · l--u · raisa · st-- · þi... ...- · ulfast · faþur ·· sen,"Helga and Holmfríðr had this stone raised in memory of Holmfastr, their father."
U 90,× uifiriR × lit × hkua × ili × þisa × eftiR × brþur × sin × þerf × auk × munti × at × mah × sin ×,Véfríðr had this rock-slab cut in memory of his brother Þerfr; and Mundi in memory of his kinsman-by-marriage.
U 91,funun[r] ok : kit:itf[riþ] ---u : rnisn : stnia : hlmstain : auk hulmi : isnistu : [im]in : a- frustin : [km]uai n iubn[r]t,Gunnvôr and Ketilfríðr had the stone raised. Holmsteinn and Holmi raised the stone in memory of Freysteinn ...
U 92,knutr ' i uik'husum ' lit ' stain ' rita ' uk ' bro ' kira · iftiR ' faþur uk · moþor · uk · bryþr · sina · uk · sustur,Knútr of Víkhús had the stone erected and the bridge made in memory of (his) father and (his) mother and his brothers and (his) sister.
U 93,†$ [' sRkuastr × auk × tasR × a... a-utr + þair × ltu + if-R þouR+staih +],"†$ Sigfastr and Tassi(?)/Dási(?) and Ônundr(?), they had (the stone raised) in memory of Þorsteinn."
U 94,--(l)ugi + ok kunar + litu + risa : stin + þina + iftiR + kiru + faþur ... ... halbi : hans ant,"Fullugi(?) and Gunnarr had this stone raised in memory of Geirrøðr(?), (their) father. ... May God help his spirit."
U 95 §A,... ...in + þinsa + ifti(R) ... ant hans §B þartunki,... this stone in memory of ... his spirit §B ...
U 96,× hulms[tain × auk × forku-r × --... ...ast × faþur × sin ×] kuþ hialbi × ant × hans ×,"Holmsteinn and Forkunnr ... ...-fastr, their father. May God help his spirit."
U 97 †,[hulmfriþ · lit · kara · mirki · iftiR ... om · kuihulfr · iftR · faþur · sin katil · iak · runaR ·],Holmfríðr had the landmark made in memory of ... and Kvígulfr in memory of his father. Ketill cut the runes.
U 98 †,[igiþur- : lit : raisa : stain : þina : eftiR : faþur : sin : syktrykR : auk : ragnfastr : sun : henaR : ragnar : hit : bruþiR : henaR :],"Ingiþóra had this stone raised in memory of her father Sigtryggr, and (so did) Ragnfastr, her son. Her brother was called Ragnarr."
U 99,afari × auk × þurkisl × litu × rista × runa × iftir × aursa × faþur sin × auk × iftir × uifara × bruþur sin ×,"Atfari and Þorgísl had the runes carved in memory of Haursi, their father, and in memory of Víðfari, their brother."
U 100,× guriþ × lit × raisa × stain × at · ulfkel × sun × sin × auk · kui · (a)... ... broþur · sin × auk × at × hulmtisi · sustur · sina ×,"Gyríðr had the stone raised in memory of Ulfkell, her son, and Gýi (did?) ... ... their brother, and in memory of Holmdís, their sister."
U 101,× henmikr × auk × iarlabaki × þaiR × litu × braut + ryþia × auk × broaR × kiara × eftiR × faþur × sin × auk × estriþ × eftiR suni × sina × inkifast × auk × inkuar + kuþ × hialbi × ant × þaiRa ×,"Hemingr and Jarlabanki, they had the path cleared and the bridges made in memory of their father; and Ástríðr in memory of her sons Ingifastr and Ingvarr. May God help their spirits."
U 102 $,kal|/kal|i| |lit/|l|it hkua heli þisa iftiR · suni sina toa · auk þau ikiþora · bR- (a)ina kiarþu mukit mirki furiR arkum mani,"Kál/Kali had this rock-slab cut in memory of his two sons, and he and Ingiþóra made one bridge -- a great landmark for many(?) men."
U 103,· suin · uk · kiti[lm](u)[t]r · u[k] · (i)rin[m]utr · þi[R] · (l)[i]tu · r[i]sa · (s)tin · þina · e(f)tiR · ti(þ)(k)uma · faþur sin,"Sveinn and Ketilmundr and Erinmundr, they had this stone raised in memory of Tíðkumi, their father."
U 104,' þorstin ' lit × kera ' merki ' ftiR ' suin ' faþur ' sin ' uk ' ftiR ' þori ' (b)roþur ' sin ' þiR ' huaru ' hut ' til ' k--ika ' (u)(k) ' iftiR ' inkiþuru ' moþur ' sin ' ybiR risti ',"Þorsteinn had the landmark made in memory of Sveinn, his father, and in memory of Þórir, his brother. They were abroad in Greece. And in memory of Ingiþóra, his mother. Œpir carved."
U 105 †,[...ati · hu(n)i · i...],... ... ...
U 106 $,...(u)n[ar] × auk × suain × raistu × st^ain × at × ton(u) × moþur ...,"Gunnarr and Sveinn raised the stone in memory of Tunna/Tonna, (their) mother ..."
U 107 §A,ke-lak- ' l-t ... ...tiR -emik ' -un sin ' auk ' iri-muntr §B ifte × hulmf-iþi × kunu × sina + au(k) × ifte × unu × totur,"Geirlakr(?) had ... in memory of Hemingr, his son; and Erinmundr §B in memory of Holmfríðr, his wife, and in memory of Una/Unna, (his) daughter."
U 108 $,· -ki au- · ikik(e)r · u- -krþiR · þu · litu · r-a · st[ain · i](f)[ti](R) · iu---- faþur sin · ku[þ] el(b)[i] ons · ot uk salu,"Ingi and Ingigerðr/Ingigeirr and ..., they had the stone raised in memory of ..., their father. May God help his spirit and soul."
U 109 †,[biarn auk suin litu rasa ... ...st faþur sin auk afti · sihtirf broþur sin],"Bjôrn and Sveinn had raised ... ...-fastr, their father, and in memory of Sigdjarfr, their brother."
U 110,... ...-tan × ift... ...,... the stone in memory of ...
U 111 †,[inku... ...k... ...u rista · runaR · iftiR · suain · auk ba... moþur],Ingvarr (and) ... had the runes carved in memory of Sveinn and ... mother.
U 112 §A,· rahnualtr · lit · rista · runar · efR · fastui · moþur · sina · onems · totR · to i · aiþi · kuþ hialbi · ant · hena · §B runa · rista · lit · rahnualtr · huar a × griklanti · uas · lis · forunki ·,"Ragnvaldr had the runes carved in memory of Fastvé, his mother, Ónæmr's daughter, (who) died in Eið. May God help her spirit. §B Ragnvaldr had the runes carved; (he) was in Greece, was commander of the retinue."
U 113 †,[× ra... ... stain × eftir × halfti... ...],... ... the stone in memory of Halfdan ...
U 114 $ §A,ikriþ ' l[i]t · laþbo · kiara ' auk · stain · haku[a eftir] ikim[a]r (b)(o)[ta s]in · auk · eftar · tan · auk · eftir · baka · suni · sina §B ' þaiR byku ' i rynby ' auk ' bo atu ' [kr]istr · ialbi ' s(a)(l)(u) · þai[r- ·] (þ)it skal ' at minum · mana ' miþan · min li[fa],"Ingríðr had the causeway made and the stone cut in memory of Ingimarr, her husbandman, and in memory of Danr, and in memory of Banki/Baggi(?), her sons. §B They lived in Runbýr and owned the estate. May Christ help their souls. That will (stand) in memory of the men while man lives."
U 115 $ §A,... finuiþr · sun · rahnfriþ · lit ... §B ...r · sum · hati · inkikiar · uk · t-... §C ... ...ir kuiks · uk · finui-... ...,"... Finnviðr, Ragnfríðr's son, had ... §B ... who owned (i.e., was married to) Ingigerðr and ... §C ... ... Kvikr's and Finnviðr's ..."
U 116 $ §P,tirui · risti · runar · auk · þorkar · þair · litu hkua · stain eftiR bryþr · sina §Q tirui · risti · runar · auk · þorkar · þair · litu hkua · stain eftiR bryþr · sina,"Tjôrvi carved the runes and (with) Þorgeirr, they had the stone cut in memory of their brothers. §Q Tjôrvi carved. Rúnarr ok Þorgeirr, they had the stone cut in memory of their brothers."
U 117,þorfastr ' uk · ikiluk ' litu ' raisa ' stain ' iftiR ' keRbiarn sun sin,"Þorfastr and Ingilaug had the stone raised in memory of Geirbjôrn, their son."
U 118,ragnfastr ' lit ' (r)[ai](s)a ' [stain · uk · bro · kara ' iftiR] emink ' faþ(u)[r ·] sin · an uaR ' sun ' rag[niltaR · in ·] ybiR [risti run]a[R],"Ragnfastr had the stone raised and the bridge made in memory of Hemingr, his father. He was Ragnhildr's son. And Œpir carved the runes."
U 119,' skagi ' lit ' raisa ' þina ' stein ' at ' faþur ' sin ' stin,Skagi/Skeggi had this stone raised in memory of his father Steinn.
U 120 $,...uitr/uitr : li(t) ... ... ...-i hiu,Andvéttr/Eyndr had ... ... ... cut(?).
U 121 $,eubern + ok × saen + þaiR × raistu × stain × eftiR × þorfriþ × boata × ikiþoru ·,"Jóbjôrn/Eybjôrn and Sveinn/Steinn/Seinn, they raised the stone in memory of Þorfrøðr, Ingiþóra's husbandman."
U 122 †,[...k · sirhun litu · raisa stain ... ...--f---... ...ro-... ybiR risi ru...],... had the stone raised ... ... ... Œpir carved the runes.
U 123 †,[: sikfastr : ok : ernfastr : þaiR : iuku : at : sik :],"Sigfastr and Ernfastr, they cut (the runes) in memory of themselves."
U 124,+ anutr + auk × þorkiRsl × þaiR × lRtu × rasa × stain × ifR + askaut +,"Ônundr and Þorgísl, they had the stone raised in memory of Ásgautr."
U 125 §A,suein × ... ...R × s-... §B ...-(u)ri × hiþ(a)...,Sveinn ... ... ... §B ... ...
U 126 $,[× furkuþr :] lit : (r)[isa : ---(n) : ...(k) : bru : þasi : efti : þurkar : sun : sin : auk : efti : hskis : kuþ : h(i)l(b)(i) --t : þisa : auk kus · mas : kuþ],"Forkunnr had the stone raised and this bridge (made) in memory of Þorgeirr, his son, and in memory of Ásgísl/Ásgeir. May God and God's good maid help their spirits."
U 127,× iarla×baki × lit raisa [×] staina × þasa at sik × kuikuan × auk bru þisa karþi × fur ont sina × auk × ain ati tabu ala-,"Jarlabanki had these stones raised in memory of himself while alive, and made this bridge for his spirit, and (he) alone owned all of Tábýr."
U 128,friþi ' uk ' ka... ...(k) ' sihatr ' ... ...aþur ' sin -...(n) sniris,Friði and ... and Sighvatr ... their father ... Snerrir's
U 129 $,(') laks ' lit ' rita ' stain ' aftiR ' k-... ...--bi si(a)l,Lax had the stone erected in memory of ... may help (his) soul.
U 130,biurn ' finuiþaR sun lit ' haukua ' hili þisa ' aftiR ulaif bruþur sin ' hon uarþ suikuin o f(i)(n)aiþi ' kuþ hialbi on hons ' iR þisi biR ' þaiRa uþal uk at(r)fi ' finuþaR suno| |o ilhiastaþum,"Bjôrn, Finnviðr's son, had this rock-slab cut in memory of Óleifr, his brother. He was betrayed at Finnheiðr. May God help his spirit. This estate is the allodial land and family inheritance of Finnviðr's sons at Elgjastaðir."
U 131,× þiakn × auk × tan × [lit]u × raisa × stain × aftiR × þorstain × faþur × sin × auk × kunuar aftiR × bonta × sin ×,"Þegn and Danr had the stone raised in memory of Þorsteinn, their father; and Gunnvôr in memory of her husbandman."
U 132 †,[... at : inkifast arf... ... ...li : risti :],"... in memory of Ingifastr, the heir ... ... carved."
U 133,+ kuþluk · lit ... ... ... ...a × sun · sin · auk · at · sik · sialfa · han · to · a lank·barþa·l--ti ·,"Guðlaug had the stones raised in memory of Holmi, her son, and in memory of herself. He died in Lombardy."
U 134 $ §A,[× kunar × ...] §B ... ...aisa · --... §A [... ...sti r-...],Gunnarr ... §B ... raise ... §A ... carved the runes(?)
U 135,× ikifastr × auk × austain × auk × suain × litu · raisa + staina þasa · at · austain faþur × sin × auk × bru × þasa karþu × auk × hauk þana ×,"Ingifastr and Eysteinn and Sveinn had these stones raised in memory of Eysteinn, their father, and made this bridge and this mound."
U 136 $,× astriþr × la(t) + raisa × staina × þasa × [a]t austain × buta sin × is × suti × iursalir auk antaþis ub i × kirkum,"Ástríðr had these stones raised in memory of Eysteinn, her husbandman, who attacked Jerusalem and met his end up in Greece."
U 137 $,· aystin · auk · astriþr · raistu · stina · aftir · kak · sun · sin ·,"Eysteinn and Ástríðr raised the stones in memory of Kagr(?)/Gagr(?), their son."
U 138 †,[... ...sa · stain · ift... ... ...k · ika · iftiR ...],... the stone raised in memory of ... and Inga in memory of ...
U 139,... ...sti ' ru... ... · hia(l)... ... hans,... carved the runes ... may help ... his
U 140,× ...la×b(a)... ... han : entaþis · i kirikium,Jarlabanki ... He met his end in Greece.
U 141,†$ [kuþluk × lit · raisa · staina · at · hulma · sun · sin · han · to · a · lank·barþa·lanti ×],"†$ Guðlaug had the stones raised in memory of Holmi, her son. He died in Lombardy."
U 142,ikifastr ' lit ' raisa ' stain · uk ' bro ' kera ' eftiR ' iarlabaka ' faþur ' s[in ' uk ' sun ' io]runa ' uk ' ketilau lit ' at ' bonta ' sin ybir risti,"Ingifastr had the stone raised and the bridge made in memory of Jarlabanki, his father, Jórunnr's son. And Ketiley had (it raised/made) in memory of her husbandman. Œpir carved."
U 143,× iurun × lit × kiara ×× broaR × iftiR × boanta ×× sen ×× auk ×× henminkr × auk × iarlabanki × eftiR × ink[i]fast × estriþ × iftR × inkuar × alkoþan × trenk,"Jórunnr had the bridges made in memory of her husbandman; and Hemingr and Jarlabanki in memory of Ingifastr; Ástríðr in memory of Ingvarr, an excellent valiant man."
U 144,+ kamal × auk × þurstain + auk × þurhils × litu × rista × runa × iftiR × biarn × faþur isnn × auk + iftiR × isikat × bruþur is- auk × hulmfriR iftiR buanta sin,"Gamall and Þorsteinn and Þorgísl had the runes carved in memory of Bjôrn, their father and in memory of Sighvatr, their brother; and Holmfríðr in memory of her husbandman."
U 145,þurkel × auk × fuluhi × litu × ahkua × eli ' þisa × auk × bru kia · eftiR stain × faþur sen × ulayifr iak,"Þorkell and Fullugi had this rock-slab cut and the bridge made in memory of Steinn, their father. Óleifr cut."
U 146 $,inkiberh lit ' haka ' heli ' uk ' bro kara ' iftiR ' holmstain ' (b)uanta ' sin ' uk ' iftiR ' þorstai- ' son sin þustains ' sona ÷ sin,"Ingibjôrg had the rock-slab cut and the bridge made in memory of Holmsteinn, her husbandman and in memory of Þorsteinn, her son. Þorsteinn's, her son's."
U 147 $,-(u)(r)(u)(n) ...(t)(r)... þaR × litu × hakua × staina × --ti- × iakif... -uk + inkuar,Jórunnr ... they had the stones cut in memory of Ingifastr and Ingvarr.
U 148 $,× inkifastr × lit × rista × runaR þisaR × aftiR × rahnfriþi × kuinu × sina × auk × -[m-](n)kr × aftiR × muþur × sina,"Ingifastr had these runes carved in memory of Ragnfríðr, his wife; and Hemingr in memory of his mother."
U 149 †,[iarlabaki × lit × -... ...tain × at · sialfan · sik · auk · braut ruþia],Jarlabanki had ... the stone in memory of himself and cleared a path.
U 150,[· iarla·b]aki · auk · fastui · litu · raisa · stina · aftiR [· suain · sun · sin],"Jarlabanki and Fastvé had the stones raised in memory of Sveinn, their son."
U 151,× þurbiarn × uk × ikiþura × litu × raisa × ist[ai]n × þina × iftiR × ikul × faþur sin × uk × irinui × iftiR × buanta sin × uk afti(R) ---,"Þorbjôrn and Ingiþóra had this stone raised in memory of Ígull, their father; and Erinvé in memory of her husbandman and in memory of ..."
U 152,× hulmfriR × -it --isa × istain × þina × iftiR × biarn × buanta isin × auk × iftiR × isikat (s)un isin ×,"Holmfríðr had this stone raised in memory of Bjôrn, her husbandman and in memory of Sighvatr, her son."
U 153,...[(u)](a)i- × [(a)]uk × ulf- litu × raisa × stai-(a) × e(f)tiR × hlftan · auk · eftiR × kunar × bryþr × sina × þaiR · antaþus × aust... ...(u)m,"Sveinn and Ulfr had the stones raised in memory of Halfdan and in memory of Gunnarr, their brothers. They met their end in the east ..."
U 154,[þ(o)]...r × lit × rai... ... ...fast · auk × at × (k)aiRbiarn × bruþ- ... ...i(R) · (t)o a(u)s... ×,"... had raised ... ...-fastr and in memory of Geirbjôrn, (their) brothers ... They died in the east."
U 155 $,...n × auk × ulfr litu × rai(s)(a) sta... ... ... ...na × þaiR × uaru × suniR × arnar × auk × raknfriþar ×,Sveinn and Ulfr had the stones raised in memory of their brothers. They were the sons of Ôrn and Ragnfríðr.
U 156 $,× (h)-lmi × lit × ...,Holmi had ...
U 157 $,°,°
U 158,†$ [kalukR lit × risa × stn × þina × iftR × siba · boanta sin × koes...--... faþur · s¶in han fal · s... ¶ keþfrekr],"†$ <kalukR> had this stone raised in memory of Sibbi, her husbandman ... her father. He fell south(?) ..."
U 159,[× kismuntr · uk · himikr · litu ris]a · [stain] aftiR × faþur s[in × hlftan],Gísmundr and Hemingr had the stone raised in memory of their father Halfdan.
U 160,ulfkitil · uk · kui uk + uni + þiR × litu · rhisa × stin þina · iftiR · ulf · faþur · sin · kuþan on · buki · i skul(o)bri · kuþ · ilbi · ons · at · uk · salu · uk · kusþ muþiR · li anum lus · uk baratis,"Ulfketill and Gýi and Uni/Unni, they had this stone raised in memory of Ulfr, their good father. He lived in Skolhamarr. May God and God's mother help his spirit and soul; grant him light and paradise."
U 161,ulfR · iuk i barstam · iftiR · ulf · i skulobri · mak · sin · kuþan · ulfkil lit akua,"Ulfr of Báristaðir cut (the stone) in memory of Ulfr in Skolhamarr, his good kinsman-by-marriage. Ulfkell had (it) cut."
U 162 †,[krimbr · lit · ahka · stain uftiR · faþur · sin · uistain ulaifr · hok],Grímr had the stone cut in memory of his father Vésteinn. Óleifr cut.
U 163,k^lamal as^auk^a n^sa^u^kain^fa auk + farulfr + litu + rista × ili tfs^l'fR + þuri + R^ufa^kþ^au^mr^a s^lin × auk × kamal × iftiR × fusra sin f-str × iaRk,"Gamall and Sveinn and Farulfr had the rock-slab carved in memory of Þórir, their father; and Gamall in memory of his foster-father. ...-fastr cut."
U 164,× iarlabaki × lit × raisa × stain × þisa × at sik × kuikuan ×× auk bru × þisa × karþi × fur ont × sina × auk ain ati × alan × tabu × kuþ hialbi ont hans,"Jarlabanki had these stones raised in memory of himself while alive, and made this bridge for his spirit, and (he) alone owned all of Tábýr. May God help his spirit."
U 165,ia[r]labaki × li- ---sa × staina × þisa × at sik × kuikuan × auk bru þis(a) [× karþi fur ont ×] si-- --- × ati + (a)lan × tabu +,"Jarlabanki had these stones raised in memory of himself while alive, and made this bridge for his spirit ... owned all of Tábýr."
U 166,ku lit · rasa · kuþlauh · iftiR · sun · miuk · nutan · trik · mirki · þisa · an it · sihuastr ·,"Gýi and Guðlaug had these landmarks raised in memory of their son, a very capable valiant man. He was called Sigfastr."
U 167,× asur × lit × raisa × stain × a[t] × kuna × mak · sin × han × uas × broþiR × kuþlaukaR × fotr × risti × runaR × þasi ×,"Ôzurr had the stone raised in memory of Gunni, his kinsman-by-marriage. He was Guðlaug's brother. Fótr carved these runes."
U 168 †,[hu^lmstin ' ranfastr ' aystin · litu akua ' stain · at · fasta ' lusa · sin · -- þoru ybiR · iak],"Holmsteinn, Ragnfastr (and) Eysteinn had the stone cut in memory of Fasti, their and Þóra's freedman. Œpir cut."
U 169 $,ulmstin × i ruþi × urm-... ... ...(t)in × þina × iftiR × frustin × sun sin × uk + iftiR × uku + my sina ×,"Holmsteinn in Rjóðr (and) Orm-... ... this stone in memory of Freysteinn, their son and in memory of <uku>, their maid."
U 170 $,[: kuni · auk · as]a · litu · raisa · s[t-- þina · auk · hualf · iftiR · akn... ...un sin an] ... tauþr · i akru · an [-R · krafin · i · kirikiu·karþi · fastulfR · risti · ru]na(r) [· kuin · raisti · s]tainhal [þisa ·],"Gunni and Ása had this stone and the vault raised in memory of Agni(?), their son. He died in Eikra. He is buried in the churchyard. Fastulfr carved the runes. The wife(?)/Gunni(?) raised this stone-slab."
U 171,kuni · lit · akua · stain · þi-a · iftiR · aunt · sun · sin · kuþan · auk · if(t)(i)- · s(i)(k) · sialfan · fasti risti runaR,"Gunni had this stone cut in memory of Eyndr, his good son, and in memory of himself. Fasti carved the runes."
U 172,× kori × auk × inkaltr × au- ... ...[t]iR · biern : faþur × sin · kuþ i[a]... ...,"Kári(?) and Ingjaldr and ... in memory of Bjôrn, their father. May God help ..."
U 173,[s]kali ' auk ' sibi ' uk ' lifstain ' litu ' raisa ' stai[n ' ift]iR ' anuit ' faþur ' sin ' in ' kilauk ' at ' bonta ' sin,"Skalli and Sibbi and Hlífsteinn had the stone raised in memory of Andvéttr(?), their father; and Gillaug in memory of her husbandman."
U 174 †,[oka · uk · suin + auk × sifstain × litu × stain ...a... iftiR × kuik bruþur sin · an u-r · bruþru faþur kauki kauþuR],"<oka>... and Sveinn and Sigsteinn(?) had the stone ... in memory of Kvikr, their brother. He was ... ... ... ..."
U 175,[× a]su... ... stain × iftiR × uikink × faþur sin × auk × iftiR × toku m-þur sina ×,"Ás-... ... stone in memory of Víkingr, his father, and in memory of Tóka, his mother."
U 176,†$ [× kaiRtiarfr ' auk ' þorbiarn ' auk ' þurmuntr · raistu · stin · at · aebiarn · faþur sin],"†$ Geirdjarfr and Þorbjôrn and Þormundr raised the stone in memory of Eibjôrn, their father."
U 177,× inkiu × lit × raisa × stain × at × kerþar × f... ... sin × þaiR × tan × uaRu × suniR × kuls(u)--ns × fotr × risti × runaR ×,"Ingiey had the stone raised in memory of Gerðarr, her ... father. ... Danr, they were Kolsveinn's sons. Fótr carved the runes."
U 178,...R ' iun...,... ...
U 179,ioan ' uk lifstain ' litu ' raisa ' sta... ...a- ' h-... (f)aþur ' sin ybir ' rist,Jóhan and Hlífsteinn had the stone raised ... ... their father. Œpir carved.
U 180,+ sihatr · uk + þurbiorn + uk · þurkri(m) + uk · erinmontr '× litu × reisn + stein + aftiR + broþur + sin + sikstnin + hn to i uib(u)(r)kum,Sighvatr and Þorbjôrn and Þorgrímr and Erinmundr had the stone raised in memory of their brother Sigsteinn. He died in Véborg.
U 181 $,askutr ' uk ' suain ' ikifastr ' uk ' ikibiarn ' uk ' tutr ' ... ...ain ' iftiR ' est ' faþur ' sin ' in ' ubiR ' risti ' run,"Ásgautr and Sveinn (and) Ingifastr and Ingibjôrn and the daughters(?)/Dyntr(?) ... the stone in memory of Eistr, their father. And Œpir carved the runes."
U 182 $,[...-kuti · auk · ikifa...] ... [lit]u × raisa ' [stain · iftiR ...] ...ir... [...asntr...],...-goti and Ingifastr ... had the stone raised in memory of ... ... ...
U 183 $,... ...rki · eftiR · inkihualt · sun · si(n) ...-kun--...,"... landmark in memory of Ingivaldr, his son ..."
U 184,iaR ' likr ' huskarl,Here lies Húskarl.
U 185 $,... (u)k · run(f)(a)... ...har ' li... [...r ' as... ...-r ' h(a)...],... and Run-... ... ... ... ... ... ...
U 186,trani × uk × osbiarn þiR litu risa × stin × þina iftiR × iarkiR faþur sin kuþan,"Trani and Ásbjôrn, they had this stone raised in memory of Jargeirr, their good father."
U 187 †,°,°
U 188,sasi × is uk at × iarkiR,This is also in memory of Jargeirr.
U 189 †,[frustin × uk × kati × i × kuliki × þiR × litu × risa × stin × þana × uk × birsa × iftiR × kuikbiarn × faþur sin],"Freysteinn and Káti of Kœlingi and Bersa/Birsa, they had this stone raised in memory of Kvígbjôrn, their father."
U 190,× fastbiurn × lit rita × stain × iftiR mintil × faþurR sin,"Fastbjôrn had the stone erected in memory of Myndill, his father."
U 191 †,[× krukr × auk × tia... ... ...þurR sin k(u)...],Krókr and Djarfr ... their good father.
U 192,... uk × þurkrimr × -...,... and Þorgrímr ...
U 193,kuno auk inkialtr iluhi þoh litu ritu rita stin abtiR sihfasta buanta ku-u,"Gunna and Ingjaldr (and) Illugi, they had the stone erected in memory of Sigfasti, Gunna's husbandman."
U 194 $,al|/al|i| |li/|l|it raisa stain þino| |oftiR sik sialfan ' hon tuk| |knuts kialt a| |anklanti ' kuþ hialbi hons ant,Ál/Áli/Alli had this stone raised in memory of himself. He took Knútr's payment in England. May God help his spirit.
U 195,...- lit · raisa ' stain ' aftR ' ketilmunt ' uk ' aftR ' olaf ' sun -...,"... had the stone raised in memory of Ketilmundr and in memory of Ólafr(?), son ..."
U 196 †,[...unaR × sihmaraR],... Sigmarr's
U 197 †,°,°
U 198 §A,hulmf... §B ... ...(k) ' siriþ... ... §C ... · fi-... ... ----R ...n · sin ·,Holmf-... §B ... and Sigríðr ... §C ... ... ... in memory of their(?) son(?).
U 199,=U_235,=U_235
U 200,× finuiþr × risti stin þina × iftiR × bruþur sin × þurþr × þialfa × sun × kuþ halbi × at × hns × auk × kus × muþiR × hn × k×rþi bru × at bruþur sin auk osa muþiR þiRa,"Finnviðr raised this stone in memory of his brother Þórðr, Þjalfi's son. May God and God's mother help his spirit. He made the bridge in memory of his brother and (so did) Ása, their mother."
U 201 $,· þiagn · uk · kutirfR · uk · sunatr · uk · þurulf · þiR · litu · risa · stin · þina · iftiR · tuka · faþur · sin · on · furs · ut i · krikum · kuþ · ialbi ot ans · ot · uk · salu,"Þegn and Gautdjarfr(?) and Sunnhvatr(?) and Þórulfr, they had this stone raised in memory of Tóki, their father. He perished abroad in Greece. May God help his spirit, spirit and soul."
U 202,× orikia × auk × ikul × litu × raisa × stain × ... ...biurn × faþur sin ×,"Órœkja and Ígull had the stone raised ... ...-bjôrn, their father."
U 203,ali lit -... ...-(i)n þino ' aftiR ' ulf sun sin ' faþur ' fraikirþaR ' i uisbi ' rit is ristit,"Áli/Alli had this stone raised in memory of Ulfr, his son, Freygerðr in Vestbyr's father. (This) is carved rightly."
U 204,biurn × auk × uikuntr × litu raisa × stin × eftiR × suin × fostrsun × sin,"Bjôrn and Végunnr had the stone raised in memory of Sveinn, their foster-son."
U 205 †,[...ilfR · iak ...],...-elfr cut ...
U 206 †,[... ...itu · staia hkun f...],... had the stone cut ...
U 207,ulfr ' auk ' þurmontr ' auk ' kamal ' lata ' reis(a) þisa ' stina ' þar + eftR ' faþur ' sin ',Ulfr and Þormundr and Gamall have raised these stones here in memory of their father.
U 208,ristu ' merk(i) at ' man ' metan ' sunir ' alkoþir ' at ÷ sin ' faþur sterkar usiti ' rsti stina,"In memory of their father Styrkárr, excellent sons carved/raised the landmark in memory of a venerable man. Véseti carved the stones."
U 209 $,þurtsain × kiarþi| |if×tiR irinmunt × sun sin auk| |kaubti þinsa bu × auk × aflaþi × austr i karþum,"Þorsteinn made (the stone) in memory of Erinmundr, his son, and bought this estate and earned (wealth) in the east in Garðar (Russia)."
U 210,finuiþr ' auk ' hulmkaiR ' litu ' kera ' merki ÷ at ÷ hulmkut ' faþur ÷ sin ÷ iþinui ' at ' bonta sin ' ybiR ' iak,"Finnviðr and Holmgeirr had the landmark made in memory of Holmgautr, their father; Heðinvé in memory of her husbandman. Œpir cut."
U 211 $,iufriþ · let · stain · hkua · eftR · sbie... ...ta · sin ·,"Jófríðr had the stone cut in memory of Spjalli(?), her husbandman."
U 212 §A,× iarlibaki × lit × raisa × stan + þina × a... ... ...kuan + han × ati ain × tabu × alan × -... ... ont hans + §B × iarlabaki × lit raisa × stain × þin- at sik kuikuan × auk × þinkstaþ × þina × karþi + auk × ain ati + alt hu-(t)ari × þita +,"Jarlabanki had this stone raised in memory of himself while alive. He alone owned all of Tábýr. May God help his spirit. §B Jarlabanki had this stone raised in memory of himself while alive, and made this Assembly-place, and alone owned all of this Hundred."
U 213,...k × s... [...(n)... ...u...],... ... ... ...
U 214,uk × inkiber × eftiR × buanta × sin ' han ' troknaþi ÷ a ' holms ' hafi ' skreþ ' knar ' hans ' i ' kaf þriR ' eniR ' kamo ' af,And Ingibjôrg in memory of her husbandman. He drowned in Holmr's sea - his cargo-ship drifted to the sea-bottom - only three came out (alive).
U 215,[þaniltr · uk · olfil](r) · [li](t)(u) s[t]ain × e(f)[tiR faþor · uk broþor sin ·],Ragnhildr(?) and Ulfhildr had the stone (raised) in memory of their father and brother.
U 216,iuan ÷ lit ÷ raisa ' staina + ef... ' ay(s)-(a)in + faþur ' sin ÷ drosboi ÷ risti,"Jóhan had the stones raised in memory of Eysteinn, his father. Drósbúi carved."
U 217 $,[ikifastr lit bro kiarua i]ftR · s...,Ingifastr had the bridge made in memory of ...
U 218 †,°,°
U 219 M,an(d)ur ÷ (t)elht(i) þinna fakra sten : host ',Andorr/Arnþórr shaped this fair stone ...
U 220 M,[dafiþ] (t)ælhdi,Dávið shaped.
U 221 $,(i)(g)(u)nf... ... iftiR · sikf... ...,Gunnfastr(?) ... in memory of Sigfastr(?) ...
U 222 †,[... sten : þansa : u(k) : iþun...],... this stone and ...
U 223,=U_217,=U_217
U 224 †,[sikiR · in · aR · sa · slikum · mirki · uR · bru ... · karþi · at · sin · faþu... ... uaþ · an · s...],Siggeirr(?) ... landmark ... bridge ... made in memory of his father ...
U 225,... uk · arkil · uk · kui · þiR · kariþu · iar · þikstaþ ... ...unu · iki mirki · maiRi · uirþa · þan · ulfs · suniR · iftiR · kir... ...iR · suinaR · at · sin · faþur,"Ulfkell(?) and Arnkell and Gýi, they made the Assembly-place here ... No landmarks will be more (great), than (the ones) the sons of Ulfr made in (his) memory; able lads in memory of their father."
U 226,ristu · stina · uk · staf · uan · uk · in · mikla · at · iartiknum uk kuriþi · kas at · uiri · þu mon i krati · kiatit lata kunar ik stin,"(They) raised the stones and worked(?) the staff also, the mighty one, as marks of honour. Gyríðr also cherished her husband: he will therefore be commemorated in weeping. Gunnarr cut the stone."
U 227,× u(l)[k]il × lit × raisa × istain × iftiR × fraistain × bruþur isin × a[uk × k]u[ntru] × ifti sun sin ×,"Ulfkell had the stone raised in memory of Freysteinn, his brother; and <kuntru> in memory of his son."
U 228 †,[iiuk · si... ...aii... tit],... ... ... ...
U 229,halfntan ÷ auk ' tubi ÷ litu ' risa ' stin ' at ' huta ' faþur ' sin ' sun · þorbiarn ÷ ybir ÷ risti · ruan,"Halfdan and Tobbi/Tubbi had the stone raised in memory of Oddi, their father, Þorbjôrn's son. Œpir carved the runes."
U 230,°,°
U 231,iþinui ' uk ' austain ' uk ' ulfr ' uk · ol(a)[fr · litu · raisa · s]tain · iftiR hal(f)tan faþur sin,"Heðinvé and Eysteinn and Ulfr and Ólafr had the stone raised in memory of Halfdan, their father."
U 232,tosti ÷ uk ' sihus ' uk ' sihmar ' litu ' raisa ' sta-- · iftiR ÷ tuba ÷ faþur · sin,"Tosti and Sigfúss and Sigmarr had the stone raised in memory of Tobbi/Tubbi, their father."
U 233 $,ilafr ' uk ' osmuntr ' uk ' istain ' litu ' risa stain ' iftiR ÷ olaf ' faþur ÷ sin ÷ in ' k[uþluk ' at ' t]an ' sun si[n],"Eilafr and Ásmundr and Eysteinn had the stone raised in memory of Ólafr, their father; and Guðlaug in memory of Danr, her son."
U 234,=U_235,=U_235
U 235 $,+ ulef[R × auk × þ](u)riR × auk × (t)ufa × [rstu · stin × þi](n)a iftiR × kuþmut × ku[þan · bota],"Óleifr and Þórir and Tófa raised this stone in memory of Guðmundr, the good husbandman."
U 236,' ulfs arfar ' i linteu ' lata ' raisa ' þisa ' staina ' eftR ' faþur ' sin ' uk ' broþur ' uk ' bru ' karþu × uiseti hiuk,Ulfr's heirs í Lindey have raised these stones and made the bridge in memory of their father and brother. Véseti cut.
U 237,[karþar · auk · fuluhi · ... s...]ref ' [auk · sibi · auk · sihuat]r ' þe[i](r) [bereþr · lata · reisa · þina '' stein · at ·] (f)aþur ' sn ' uf · auk ' suein ' [b]roþu[r '] sin ' k(o)[þ ialb]... ... þi(u)...,"Gerðarr and Fullugi and Sigreifr(?) and Sibbi and Sighvatr, these brothers have raised this stone in memory of their father Ulfr and (in memory of) Sveinn their brother. May God help ... ..."
U 238,' astriþ ' lit reisa ' þina ' stein ' eftiR sun sin ' suein : auk × ulf × bonta ' sin ',Ástríðr had this stone raised in memory of her son Sveinn and Ulfr her husbandman.
U 239,i(k)a lit hkua · staina · ... ...a -o--a ... ----kru-...,Inga had the stones cut ... ... husbandman ... ...
U 240,tan auk hus(k)arl + auk suain + auk hulmfriþr × þaun (m)(i)(þ)kin litu rita stin þino × aftiR halftan + fa(þ)ur þaiRa tans ' auk hum(f)riþr at buanta sin,"Danr and Húskarl and Sveinn and Holmfríðr, the mother and (her) sons, had this stone erected in memory of Halfdan, the father of Danr and his brothers; and Holmfríðr in memory of her husbandman."
U 241,n tan auk huskarl ' auk sua(i)n ' l(i)tu rita stin aftiR ' ulfrik ' faþurfaþur sino ' hon hafþi o| |onklanti tuh kialt| |takit + kuþ hialbi þiRa kiþka salu| |uk| |kuþs muþ(i),"And Danr and Húskarl and Sveinn had the stone erected in memory of Ulfríkr, their father's father. He had taken two payments in England. May God and God's mother help the souls of the father and son."
U 242,...- × auk × st[u]... ... ...- × (r)(a)(i)(s)(a) × ...,... and ... ... ... raise ...
U 243 †,[holmlauk · uk · holmfrþ · lata · reisa · steina · eftR · fasta · uk · shfast · sunu · sina · þiR · to i hoitauaþum],"Holmlaugr and Holmfríðr have raised the stones in memory of Fasti and Sigfastr, their sons. They died in (their) christening robes."
U 244,fasti ' lit · hkua · stain · iftR · fastulf · sun ÷ sin,"Fasti had the stone cut in memory of Fastulfr, his son."
U 245 †,[· rauþr · auk · biarn · litu · raisa · stein · eftR · mak sin · sikat · koþ hialbi ont hns ·],Rauðr and Bjôrn had the stone raised in memory of their kinsman-by-marriage Sighvatr. May God help his spirit.
U 246,-ia · -n · eftiR · h(l)...,... ... in memory of ...
U 247,kasla[uk ·] lt [hkua ·] s[tai](n) [·] i[f]tiR · ketil · broþu(r) [s](i)n [su]ain (r)[sti],"Fastlaug(?) had the stone cut in memory of Ketill, her brother. Sveinn carved."
U 248,°,°
U 249 $,kunuiþr · lit · stain · hkua · auk · kase · eftiR · suartaþa faþur · sin ma(n) k--na,"Gunnviðr had the stone cut, and Kasi/Kassi/Gási (too) in memory of Svarthôfði, their father, a good(?) man."
U 250 $ §P,...-lr-... §Q ...-lr (×) ...,... §Q ... ...
U 251,fasti · lit · hkua · runar · þisar · iftR fastulf · sun sin,"Fasti had these runes cut in memory of Fastulfr, his son."
U 252,bryniulfr ' uk ' hulfr ' uk ' hu-... ... ...-ain ' aftiR ' kuþlah ' moþur ' sin,"Brynjulfr and Ulfr and ... ... the stone in memory of Guðlaug, their mother."
U 253 $ §A,· kuþrlaug · lit · hk-...- · stain · iftiR · su...-u · b(u)nta · sin §B ...--- · auk · fasti · þaiR · ...,"Guðlaug had the stone cut in memory of ... her husbandman. §B ... and Fasti, they ..."
U 254,...- ' rita ' s...,... the stone erected
U 255,× iluki × lit × rais(a) × ---(n)(a) × ----R × biarn × broþur × sin × auk × giluk × at × sun sin ×,"Illugi had the stones raised in memory of Bjôrn, his brother; and Gillaug in memory of her son."
U 256,× inkialtr × auk × heminkr × litu × raisa × staina × eftir · ulf × faþur × sin ×,"Ingjaldr and Hemingr had the stones raised in memory of Ulfr, their father."
U 257,...r · risti runaR þisaR,... carved these runes.
U 258 $,kunar × uk × sasur × þiR × litu × risa × stin × þina × iftiR × kiRbi(a)rn × faþur × sin × sun × ui(t)kars × i × (s)u--unisi × on × trabu × nurminr × o kniri × asbiarnaR,"Gunnarr and Sassurr, they had this stone raised in memory of Geirbjôrn, their father, Vittkarl/Hvítkarr of Svalunes's son. Norwegians killed him on Ásbjôrn's cargo-ship."
U 259,kari × m(u)[n]ulfs × arfi × [lit] ... [a]t × frusta × sun sin,"Kári, Munulfr's heir, had ... in memory of Frosti, his son."
U 260,× kismuntr × auk × uikinkr × litu ... ...(t)a... ...iR sikuast × faþur × sin ×,"Gísmundr and Víkingr had ... the stone in memory of Sigfastr, their father."
U 261 $,iarlaba... lit × raisa × s[taina × þasa × a]t sik × kuikuan × ¶ auk × bru × þisa × karþi × fur ont [×] s[in]a × auk × ain ati alan tabu,"Jarlabanki had these stones raised in memory of himself while alive and made this bridge for his spirit, and (he) alone owned all of Tábýr."
U 262 †,[...l · lit · r... ... broþur × sin ' en ybiR · risti ru],... had raised ... his brother. And Œpir carved the runes.
U 263 †,[... litu · raisa · stain at frustain sun sin · ka...],"... had the stone raised in memory of Freysteinn, their son ..."
U 264,=U_253,=U_253
U 265,erinui · lit · rista · heli · eftR · ailaif sun sin · koþan,"Erinvé had the rock-slab carved in memory of Eileifr, her good son."
U 266 $,sihstain · auk · uistain · litu · raisa · stain -i-a · e[f]tiR · [inku]ari faþur s[in],"Sigsteinn and Vésteinn had this stone raised in memory of Ingvarr(?), their father."
U 267,× kiluk × lit × rais[a × stina × a]uk × bro × kiara × eftiR biarn × sun × sin ×,"Gillaug had the stones raised and the bridge made in memory of Bjôrn, her son."
U 268,fotr × risti ×,Fótr carved.
U 269,× iluki + lit × raisa × stina × auk × hauk × (k)[iara ef](t)iR × biarn × broþur × sin ×,"Illugi had the stones raised and the mound made in memory of Bjôrn, his brother."
U 270 $,[ikiþur- isina...] ...oy [· stiu nuk · at · kiatilu... faþur · sin krikfarn · k...],"Ingiþóra ... ... and in memory of Ketill-... her father, (a) traveller to Greece(?) ..."
U 271,=U_270,=U_270
U 272,× iafurfost × l... ...- × istain × auk × bru × (k)(i)(a)(r)(u)(a) × ----(R) ...na × sun sin × kuþ ihialbin × sialu × ans ×,Jôfurfast had the stone raised and the bridge made in memory of ... his son. May God help his soul.
U 273,iluhi × lit × s(t)(a)in × rita -- ...- × faþur sin × asur × auk × fuluhi × at × bruþur sin ×,"Illugi had the stone erected in memory of Djarfr, his father; Ôzurr and Fullugi in memory of their brother."
U 274 †,[... lit + raisa + stain + þina + eftiR + inkialt + sun + sin +],"... had this stone raised in memory of Ingjaldr, his son."
U 275,þuri ÷ auk frystain ' litu raisa stain iftiR ' þurstain broþur sin,"Þórir and Freysteinn had the stone raised in memory of Þorsteinn, their brother."
U 276,tihrfR · uk ontsuar · uk fuluki · þiR · litu · risa · stin iftiR · kiR¶biarn · faþur · sin · kuþ · ialbi · ons · ot · uk · sal · uk · kus · muþiR,"Djarfr and Andsvarr and Fullugi, they had the stone raised in memory of Geirbjôrn, their father. May God and God's mother help his spirit and soul."
U 277,ketilkir · l[it] · stain · hkua · iftiR · asur · bota sin · auk · ulfR · lit · hkua · iftR · biarn,"Ketilgerðr had the stone cut in memory of Ôzurr, her husbandman; and Ulfr had (it) cut in memory of Bjôrn."
U 278,aus(t)... ... ...(n) · faþ... ...,Eysteinn(?) ... ... father(?)
U 279,biarn + uk ' ihulfastr uk × ion + litu kiara ' (b)ro ' at ' þorsti(n) ' broþur sin ybiR ' risti runa,"Bjôrn and Ígulfastr and Jón had the bridge made in memory of Þorsteinn, their brother. Œpir carved the runes."
U 280,uibiarn lit · hkua stain · iftiR · kuna totur · kunu sina,"Vébjôrn had the stone cut in memory of Gunni's daughter, his wife."
U 281,× [ui](b)iarn × auk × huskarl × litu [r]...[a ×] (s)tain × iftiR × siba × faþu(r) × (s)[i]n ×,"Vébjôrn and Húskarði had the stone raised in memory of Sibbi, their father."
U 281B $,°,°
U 282 †,[... lit raisa s... ...],... had the stone raised ...
U 283 †,[× sibi × auk × irmuntr × auk × þoriR × litu × raisa × stain × iftiR × s(u)... ... ...-- (h)(a)n · to × austr × sun × kismuntaR],"Sibbi and Ernmundr and Þórir had the stone raised in memory of ... ... ... He, Gísmundr's son, died in the east."
U 284,suain · risti · runar · þisar · ik^til · lit · hkua · auk · mani · þaiR · litu · hkua iftR · kuna · faþur · sin,"Sveinn carved these runes. Ketill had (the stone) cut and Manni/Máni, they had (it) cut in memory of Gunni, their father."
U 285,[h...luk × lit + raisa ×] (s)taina × eftiR × olaif × sun sin × auk × eftiR × ketil[munt × broþur] ...n ×,"Holmlaugr(?)/Holmlaug(?) had the stones raised in memory of Óleifr, his son and in memory of Ketilmundr, his brother."
U 286,× hu... uk × kiluk × litu × raisa × stain × eftiR × o(l)... ...,Holmlaugr(?)/Holmlaug(?) and Gillaug had the stone raised in memory of Óleifr(?) ...
U 287,giulakr lit raisa stain eftiR sun ' sin ' ingifast ' auk ' inguaR ' (u)(k) ' at ' broþur ' sin ' in ' ybiR [ri]sti ' runa,Kjallakr(?)/Kjullakr(?) had the stone raised in memory of his son Ingifastr; and Ingvarr also(?) in memory of his brother. And Œpir carved the runes.
U 288,olafr ' uk ' kunilr ' litu ' raisa ' stain ' eftR ÷ kuna ' sun ' sin ' uk ' ketil ' lit ÷ eftiR ÷ broþur ' sin ' ybir ' risti ' runa,"Ólafr and Gunnhildr had the stone raised in memory of Gunni, their son; and Ketill had (it raised) in memory of his brother. Œpir carved the runes."
U 289,...r × auk hulm[fastr × litu × risa stina × iftiR ×] (h)ulmkiR × faþur × sin trink hifan,"... and Holmfastr had the stones raised in memory of Holmgeirr, their father, a competent valiant man."
U 290 †,[... uk × k(i)... ... f...],... and ... ... ...
U 291,...ri---...,...
U 292,...kaþfari ' litu ' rai-... ... ...luha ' faþur ...,"...-fari had raised ... ...-lugi, father ..."
U 293,' forkuþr × auk ' þurir × lata ' reisa ' steina ' þisa ' eftR ' faþur sn ' ketil ' koþ hi-lbi + ant ' hns ',Forkunnr and Þórir have raised these stones in memory of their father Ketill. May God help his spirit.
U 294,kuþrlauk · lit · stain hkua iftiR · forkun bonta · sin auk kitelfR,"Guðlaug had the stone cut in memory of Forkunnr, her husbandman; and Ketilelfr (also had it cut)."
U 295 $,u(i)faiR · li[t] · stain · h[ku](a) -f... birsu sun sin fa--lauk lit stain hkua ift(R) b-o(þ)ur sin fuluka,Végeirr(?) had the stone cut in memory of Bersa/Birsa his son; Fastlaug had the stone cut in memory of her brother Fullugi.
U 296,inkiualtr ' ok ' kislauh ' litu ' hkua ' staina ' eftr ' inkimunt ' sun sin,"Ingivaldr and Gíslaug had the stones cut in memory of Ingimundr, their son."
U 297 $,× iubiarn × raisti × staina × eftiR × sybiarn · faþur sin ×,"Jóbjôrn raised the stones in memory of Sigbjôrn/Seybjôrn, his father."
U 298,...rihisastnfmrafRþmiourisnai...,...
U 299,°,°
U 300 †,[þyrui + lit + raisa + stain × eftiR + hlftain + merki + mukit + eftiR × man kuþan],Þyrvé had the stone raised in memory of Halfdan: a great landmark in memory of a good man.
U 301 $ §P,[· nsmar × li- (r)ita · stin þi]no a... [... ...þs muþiR · aosmuntr · kla markaþi] §Q [· nsmar × li- (r)ita · stin þi]no a... [... ...þs muþiR · a osmuntr · klaþi markaþi],Ásmarr(?) had this stone erected in memory of ... God's mother. Ásmundr ... marked. §P Ásmarr(?) had this stone erected in memory of ... God's mother. And(?) Ásmundr Glaði(?) marked.
U 302 $,-----ui · uk · ikriþr ... · ris·a · stin · þina · ift... ...(r) þiR · i · s--... ... ... ...a(l)u · uk · kuþs · mþiR,Ketilvé(?) and Ingríðr had this stone raised in memory of ... ... May God and God's mother help (his) soul.
U 303 †,[... kuþan ...],... good ...
U 304 $,fuluki · lit · hkua · stain · auk þaiR · hukR · baþiR bry[þr · e]fti(R) · mana · faþur sin,"Fullugi had the stone cut, and (also) Haukr/Húkr, both brothers in memory of Manni/Máni, their father."
U 305,askala lit hiua stain iftiR fuluka auk iluki auk sikni,"Áskatla(?) had the stone cut in memory of Fullugi, and Illugi and Signy (also had it cut)."
U 306,ikriþ · lit · hkua · stain · eftiR · iubiarn · auk · ikimar · aui · ikiuatr · auk · karl · auk ikriþr,"Ingríðr had the stone cut in memory of Jóbjôrn, and Ingimarr and Ingivaldr and Karl and Ingríðr (also had it cut)."
U 307 $,iaruntr uk iarl ' (þ)--- ...uniR · ikimar ÷ uk · ketilyaR · litu kiara mi[r]ki · [i]f(t)iR inkuar · broþur · sin in ' ybiR ' risti,"Jôrundr and Jarl, these sons(?) of Ingimarr and Ketiley had the landmark made in memory of Ingvarr, their brother. And Œpir carved."
U 308,kuni lit rista runaR þisar eftR sik · kuikhan þurhkutr · risti runa þisar fots arfi,"Gunni had these runes carved in memory of himself while alive. Þorgautr, Fótr's heir, carved these runes."
U 309,× sikuiþr × auk × in[kua]r × auk × iarlabanki × litu × rista × runaR × at inkuar × faþur × sin × auk × at raknualt × broþur sin +,"Sigviðr and Ingvarr and Jarlabanki had the runes carved in memory of Ingvarr, their father, and in memory of Ragnvaldr, their brother."
U 310,× estriþ × lit × bro × kiara × eftiR × ikuar × bonta × sin × auk × at raknualt × sun × hans ×,"Ástríðr had the bridge made in memory of Ingvarr, her husbandman, and in memory of Ragnvaldr, his son."
U 311,inkriþ ' lit ' kiara ' bro ' iftiR · inkikiari ' totur ' sin ¶ inkihualtr ' inkimar ' karl ' litu ' at ' systur s'i[n],"Ingríðr hadthe bridge made in memory of Ingigerðr, her daughter. Ingivaldr (and) Ingimarr (and) Karl had (it made) in memory of their sister."
U 312,kunar ' sun ' farulfs ' lit ' kiara ' mirki ' fr sial ' iufurfast ' stiubu ' sin ' totur hulmtis,"Gunnarr, Farulfr's son, had the landmark made for the soul of Jôfurfast, his stepdaughter, Holmdís' daughter."
U 313 §A,kunar lit hkua · stain · eftiR iafa^ur^k^ut^fast · a^s^bt^uiubu sina · auk hulmtis eftiR §B totur sina,"Gunnarr had the stone cut in memory of Jôfurfast, his stepdaughter; and Holmdís in memory of §B her daughter."
U 314 †,[hulmntis ' lit · kiara ' miarki ' at ' iufirfast ' totur · sin],"Holmdís had the landmark made in memory of Jôfurfast, her daughter."
U 315 †,[kunar · sun · farulfs litu uk ' hulmtis ' kerþu × mirki · eftir þorþ ' sun ' sin in ' ybiR ' risti],"Gunnarr, Farulfr's son, and Holmdís had the landmark made in memory of Þórðr, their son. And Œpir carved."
U 316,þorþr ' a bro,Þórðr owns the bridge.
U 317 †,[olaifR · lit · bro × kiarua × auk × suain ... ...arl · auk · imlauk · lit · hkua · stain × iftR × karl · bonta sin],"Óleifr and Sveinn had the bridge made in memory of Karl; and Heimlaug had the stone cut in memory of Karl, her husbandman."
U 318,burkuna · lit · stain · hku- · iftiR · kulaif · bonta · sin · auk · askir · ift-(R) fn-ur sin,"Borgunna had the stone cut in memory of Gulleifr, her husbandman; and Ásgerðr in memory of her father."
U 319,[kitilui · auk · kiau þau · risþi · stin] · þinsi · if[tiR] · iusti[n · -- ·] n[-]...hunt ihlbi · (k)[uþ · aon · hiti u]isa iftiR · iufur · i[arþn]n,"Ketilvé and Ketill(?), they raised this stone in memory of Jósteinn ... ... May God help ... raise(?) in memory of Jôfurr ..."
U 320 †,[kylfikR · lit · hkua · stain · auk · bia-... ...],Kylfingr and Bjôrn had the stone cut ...
U 321 §A,uitan ' lit · raisa · stain · þinsa · eftiR · sun sin -uk · karl · eftiR · broþur · sin §B siuta sirin · marnu · maþsi · eftiR · utulf,<uitan> had this stone raised in memory of his son; and Karl in memory of his brother. §B Sveinn carved these runes in memory of Oddulfr.
U 323 $,× iystin × auk × iuruntr × auk × biurn × þiR [× byryþr × risþu] ... ...stin × trums × f[aþur] × sin × kuþ × ihlbi × ons × ont × auk × selu + fur+kifi × onum × sakaR × auk × sutiR × × hi × mun × ligia × meþ + altr + lifiR × bru × hrþ×slagin × briþ × e[ft × k]uþ-- suenaR k[arþu ×] at × sin × faþur × mo × igi × brutaR×kuml × betra × uerþa +,"Eysteinn/Jósteinn and Jôrundr and Bjôrn, these brothers raised ... ...-steinn Clumsy(?) their father. May God help his spirit and soul, forgive him (his) guilt and sins. Ever will (it) lie, while mankind lives on, the firm-founded bridge, broad in memory of the good (one). The lads made in memory of their father. No pathside-monument will be better."
U 324,[uk]ulfR × ri[s-i × st--] × þina ----R × ...rf × bruþur × sin × huk × gyriR × iftiR × sun sin × kuþan × an × uarþ × tr... ...,...-ulfr raised this stone in memory of ... his brother; and Gyríðr in memory of her good son. He was killed ...
U 325,× þilinifr × auk × þu(r)... ... (s)tain × iftiR fraistain × faþur sin auk × u(i)f... at × mah sin,"Þellinefr/Þelli-Nefr/Þilinefr/Þili-Nefr and Þor-... ... stone in memory of Freysteinn, their father; and Vé-... in memory of his kinsman-by-marriage."
U 326 $,[hulm]kir × auk × sikruþr × þaiR × ristu × stina × þisi × eftiR × suin × sun × sin × siþ×bu[rin],"Holmgerðr/Holmgeirr and Sigrøðr/Sigþrúðr, they raised these stones in memory of Sveinn, their son, the late-born."
U 327,... ris... ... [i]ftiR --in × sun × sin × uk × kirþi × bru × furiR an(s) × salu × baþ stanta × hia... ...þi u--... ...alt × --...,"... raised ... in memory of Sveinn/Steinn, his son, and made the bridge for his soul. (He) ordered (it) to stand here ... ... ... ..."
U 328,kuriþ · uk · kuþluk · þaR · litu · risa · stin · þina iftiR unif · faþur · sin · uk · iftiR · onsur · bunta · sin · raþ| |þisi,"Gyríðr and Guðlaug, they had this stone raised this stone in memory of Ónæmr(?), their father and in memory of Andsvarr, their husbandman. Interpret these!"
U 329,× inka × lit × raisa × staina × þasi × eftiR × raknfast × bonta × sin × han × uaR × broþiR × kuriþaR × auk × estriþaR ×,"Inga had these stones raised in memory of Ragnfastr, her husbandman. He was Gyríðr's and Ástríðr's brother."
U 330,× inka × lit × raisa × staina × auk × bro × kiara × eftiR × raknfast × bont×a sin × asur × uaR × huskarl × hans ×,"Inga had the stones raised and the bridge made in memory of Ragnfastr, her husbandman. Ôzurr was his housecarl."
U 331,× inka × lit × rista × runaR × eftiR × raknfast × bonta × sin + han × at[i +] ain ×× by × þina × eftiR × sikfast × faþur × sin × kuþ × hialbi × ant þaiRa ×,"Inga had the runes carved in memory of Ragnfastr, her husbandman. He alone owned this estate after Sigfastr, his father. May God help their spirits."
U 332 †,[inka · raisti · staf · auk · staina · at · raknfast · bonta · sin · han · kuam · at · arfi barn · sins ·],"Inga raised the staff and stones in memory of Ragnfastr, her husbandman. She came to inherit from her children."
U 333,usnekin ' uk ' sikne(o)t ' uk ' sihuiþ(r) ' lata ' reis(a) s(t)iin ' eft[R '] b[r](u)s(a) ' faþur sin,"Ósníkinn and Signjótr and Sigviðr have raised the stone in memory of Brúsi, their father."
U 334,(k)u[þs]n[o]n--þ[a]... stiain ' iftiR ' fa[þu]- ...[n] (b)iaorn · u(k) moþur · siena ' ...(f)(t)(n)-... ...-bi sialu ... [kt]il · risti,... the stone in memory of his father Bjôrn and his mother ... may help the soul ... Ketill carved.
U 335,ulmi × lit × risa × stin × þina × uk × bru þisi × i(f)tiR × iru × faþur sin × uskarl × sifruþaR,"Holmi had this stone raised and this bridge (made) in memory of Hæra, his father, Sigrøðr's housecarl."
U 336,[ul]fR × lit × risa stin × þi[n]a × iftiR × unim × faþurs×bruþr sin þiR × buku × baþiR × i × baristam ',"Ulfr had this stone raised in memory of Ónæmr, his father's brother. They both lived in Báristaðir."
U 337 $,+ hemik + uk + sialfi + uk + iohan + þeiR + lata hakua + eftR + faþur sin + finuiþ + uk + uarkas × uk × rahnfriþ + uk moþur sina + uk + at + ikikerþi + uk + at + kalf + uk + kiarþar + u- ...-at + (h)an ati ' ein × alt fyrst × þat × uaru × freantr þeia + koþ : hialbi + ant þaira + uiseti + risti × runa þisa,"Hemingr and Sjalfi and Jóhan, they have cut (the stone) in memory of their father Finnviðr and Vargas(?)/Varghôss(?) and Ragnfríðr and their mother, and in memory of Ingigerðr and in memory of Kalfr and Gerðarr and ... He alone owned all at first. These were their kinsmen. May God help their spirits. Véseti carved these runes."
U 338 §A,þurstin × uk × ragnfriR × þu (r)(i)stu × stin × þina × iftiR × (b)iur[n] × i krnbu §B × bruþur × kalfs × anum × ua [at · uikmu--R × ku]þ ihlbi × [o]ns × ot × uk × salu × bitr × þan × on karþ[i] -il,"Þorsteinn and Ragnfríðr, they raised this stone in memory of Bjôrn in Granbýr, §B Kalfr's brother. Vígmundr slaughtered him. May God help his spirit and soul better than he deserved."
U 339 †,[... × tufa × auk ... ...albi × ant × ...],... Tófa/Tófi and ... may help (his) spirit ...
U 340,... × lit ... ...ain × auk ' ...,... had ... Sveinn/Steinn and ...
U 341 $,[ikiauoR li]t reis[a] × (s)(t)in × þens[a] × iftiR × kalf × fuþur × si[n × auk × aft]ir × i[ku-] + bru[þa] + sin × huk × iftiR × ragnui × mu sina × nu ilbi × kuþ × salu × þiRa × auk × kus × muþiR,"Ingjaldr(?) had this stone raised in memory of Kalfr, his father, and in memory of Ígull, his brother, and in memory of Ragnvé, his mother/maid. May God and God's mother now help their souls."
U 342 $,... ...-[i]n + þansi + iftiR + kalf × bur[u]... ...,"... this stone in memory of Kalfr, brother ..."
U 343 †,[· karsi ' uk ...-rn þaiR litu raisa stai- þino ' aftiR ' ulf ' faþur sin ' kuþ hialbi hons ... auk| |kuþs muþi],"Karsi and ... they had this stone raised in memory of Ulfr, their father. May God help his ... and God's mother."
U 344,in ulfr hafiR o| |onklati ' þru kialt| |takat þit uas fursta þis tusti ka-t ' þ(a) ---- (þ)urktil ' þa kalt knutr,And Ulfr has taken three payments in England. That was the first that Tosti paid. Then Þorketill paid. Then Knútr paid.
U 345 †,[...- risti · stin · þina · iftiR · urm · su(n) ... ifti(R) s-k · uk · lit · kira · bru · þ(a)-i · furiR · ot · uk · salu · þiRa · ... uitrik · þasi · þit uit uiti iftiR],"... raised this stone in memory of Ormr, son ... in memory of himself and had this bridge made for their spirit and soul ... this memento ... in memory of"
U 346 †,[rahnfriþr · lit rt stain þino ' aftiR biurno sun þaiRa kitilmuntaR ' hon ' fil a urlati ' kuþ hialbi hons ant auk| |kuþs muþiR ' osmunr mar'kaþi runaR ritar],"Ragnfríðr had this stone erected in memory of Bjôrn, her son and Ketilmundr's. He fell in Virland. May God and God's mother help his spirit. Ásmundr marked the right runes."
U 347,lefstein · lit kera · siR · til · sialu·botar · ok · sini kunu · ikirun · ok · sinum · sunum · iarntr · ok · nikulas · ok · luþin · broaR ·,Hlífsteinn had the bridges made for himself for the salvation of his soul and that of his wife Ingirún and of their sons Jôrundr and Nikulás and Loðinn.
U 348,an · ati bo · i þorsulmi · ok i rolstam · -kibliþ,He owned an estate in Þorsholmr and a ship's retinue in Hrólfsstaðir.
U 349 †,[uikitil × uk × usur -...u × risa × stin × þina · iftiR × ustin × faþ... ... ...þan × on furs × uti × miþ × ala × skibin × kuþ × ialbi × (a)t],"Véketill and Ôzurr had this stone raised in memory of Eysteinn, ... good father. He perished abroad with all the seamen. May God help (his) spirit."
U 350 $,+ biorn ' uk ' askeiR ' lata + reisa · stein · eftR · faþur ' sin ' uk ' lok ' aftR faþurs'faþur urikia,Bjôrn and Ásgeirr have raised the stone in memory of their father; and Lokkr(?) in memory of (her) father's father Órœkja.
U 351 $,' ke(t)il ' lit ' reisa ' stein ' aftR ' faþur ' sin ' uistein ' auk ' uikr ' koþ hialbi ' ant hans ' bona sin ',"Ketill had the stone raised in memory of his father Vésteinn; and Végerðr - may God help his spirit - in memory of her husbandman. / Ketill had the stone raised in memory of his father Vésteinn and Vígr - may God help his spirit -, [in memory of] his husbandman."
U 352,× sihlauh × lit × stain[a r](i)ta × iftiR sihuiþ sun sin,"Siglaug had the stones erected in memory of Sigviðr, her son."
U 353,suni · riti · stan · ok| |kiarþi · bro ·· eftiR · sihbiarn · ak · þiahn suni · risti ·,Soni erected the stone and made the bridge in memory of Sigbjôrn and Þegn. Soni carved.
U 354,kulauh · auk · hulma : litu : arisa : stain : þinsa : afti : suin : bruþur : sin : uafra : arfua kuþ : hialbi · ant h:ans : auk kus m...,"Gullaug and Holma had this stone raised in memory of Sveinn, their brother, Vafri's heir. May God and God's mother help his spirit."
U 355 †,[ulmfriþ + uk + ulmfastr ... + (b)(u)(n)(t)(a) + bruþur + sin sun + kuþriks + i myriby buki],"Holmfríðr and Holmfastr ... husbandman, their brother, Guðríkr's son, (who) lived in Mýribýr."
U 356,ra(h)nfriþr ' lit rasa stain þino ' aftiR biurn · sun þaiRa · kitilmun(t)aR ' kuþ mialbi hons (a)nt auk| |kuþs (m)uþiR hon fil a uirlanti · in osmuntr markaþi,"Ragnfríðr had this stone raised in memory of Bjôrn, her son and Ketilmundr's. May God and God's mother help his spirit. He fell in Virland. And Ásmundr marked."
U 357 $,÷ uarhas ' uk arn-il ' uk ontuitr ' uk hruþailfr ' muþur þiRa ' þaR þriR bruþr ' litu ' rita ' staino þisa aftiR hulma faþur sin,"Vargas(?)/Varghôss(?) and Arnkell and Andvéttr and Hróðelfr their mother/mother's, these three brothers had these stones erected in memory of Holmi, their father."
U 358,fulkmar × lit × risa × stin × þina × iftiR × fulkbiarn × sun × sin × saR × itaþis × uk miþ krkum × kuþ × ialbi × ans × ot uk salu,"Folkmarr had this stone raised in memory of Folkbjôrn, his son. He also met his end among the Greeks. May God help his spirit and soul."
U 359,kiftiR ' mina ' ik-ktiR nu ' ...i,my(?) gifts(?) ...
U 360,+ þurstain × hiak × a hili iftiR erinmunt × sun × sin × auk × iftiR kaiRbiarn × faþur × sin,"Þorsteinn cut on the rock-slab in memory of Erinmundr, his son, and in memory of Geirbjôrn, his father."
U 361,†$ [erefast ' atala + auk · stain þaiR · litu · rkta staniR · at · bihrn ' uk ' hulma ' rita],"†$ Ernfastr, Atla(?) and Steinn, they had the stone(?) erected in memory of Bjôrn. And Holma (also) erected."
U 362 †,[kitilfastr ' niks ufaihr --iutr × þaiR × litu ' stain × iftiR × inkialti × faþur sin ·],"Ketilfastr, Nefr(?), Ófeigr ... they had the stone (raised) in memory of Ingjaldr, their father."
U 363 †,[kislauk · lit · hakua · at sun sin · sbialtbuþi · ulfr · ikuar · hulfastr · kairi · þaiR · at broþur · sin · þiakn · fors · uti ok · at biarn faþur sin bro kirþu · ku^þ hialbi silu],"Gíslaug had (this) cut in memory of her son; Spjallboði, Ulfr, Ingvarr, Holmfastr, Geiri, they made the bridge in memory of their brother Þegn, (who) perished abroad, and in memory of Bjôrn, their father. May God help (their) souls."
U 364 $,[karsi · auk ' kar-... ... sin ' han ua]R tauþ[r i '] huitauaþ[um],Karsi and Kar-... their ... He died in christening robes.
U 365 †,[... s-ain · hakua · iftiR ...],... the stone cut in memory of ...
U 366 †,[... uaR · tauþr × i austr·uih- ...],... died on the eastern route ...
U 367,... ...ita ' istin þino ' aftiR ... ...-noR --...,... this stone erected in memory of ... ... ...
U 368,†$ [...- · ukautu- -aiR litu ... i... ...ntr · mark--... ...],†$ ... they had ... And(?) Ásmundr marked ...
U 369 †,[...-niuifara ' umn... ...iR... ...lm... ...hmi...],... ... ... ... ...
U 370,$M + obmnþi(s)a : kl(f)ai?i : is--lþ^RiR : iahþþ ¶ ÷ (o)þntiuilki(f) : ¶ ÷ iklRþ(f),$M ... ... ... ... ... ...
U 371 $,kitil × (u)(k) × brunkitil (þ)(i)(R) × [ris]tu × stin × þina × -...R × ulf × i lukobri × faþur × s[i]... ... ... ...[l]bi × ans × ot uk × sa[l]... ... ... ...[uþ]iR bitr × þan hn × kirþi til,"Ketill and Brúnketill, they raised this stone in memory of Ulfr of Laughamarr(?), their father ... May God and God's mother help his spirit and soul better than he deserved."
U 372,þurstain ' uk þihn ' uk sialfi ' þaim hit kila muþiR ' þaiR litu rita stain þino| |obtiR sihat ' faþur sin ' kuþ hialbi hons| |sal,"Þorsteinn and Þegn and Sjalfi - their mother was called Gilla - they had this stone erected in memory of Sighvatr, their father. May God help his soul."
U 373,iarbi · [l]it · stain · ht[t]R · s(u)-- sina · tua,Jarpi had the stone (raised) in memory of his two sons.
U 374 $,[... litu ' rita : stain þino · iftiR · o-hu... ...an hon fil o kriklontr kuþ hi-lbi sal...],... had this stone erected in memory of ... ... He fell in Greece. May God help (his) soul.
U 375 $,sikfastr ' auk| |kinla-h þauh litu rita stai(n) þino aftiR uinoman sun si- in hon uarþ tauþr i buhi,"Sigfastr and Ginnlaug, they had this stone erected in memory of Vinaman, their son. And he died in Bógi(?)."
U 376,ika × let × kiara × bro × ok × staina rita eftiR × rahna × s(u)(n) × sin × ok × rahniltr × eftir × boanta × sin × stain ' r[isti],"Inga had the bridge made and the stones erected in memory of Ragni, her son; and Ragnhildr in memory of her husbandman. Steinn carved."
U 377 †,[kunar × auk × ketilau × litu × stain × rita × ok ' bru × kiara × iftiR × oloh × tutur ' sina in suain risti ...nar],"Gunnarr and Ketiley had the stone erected and the bridge made in memory of Ólaug, their daughter. And Sveinn carved the runes."
U 378,× suain × ok × ihy[lfastr × þaiR × stain × ritu × ok × bro kiarþu × eft-r × ihul × faþur × sin · ok ·] aselfi ' muþur sina,"Sveinn and Ígulfastr, they erected the stone and made the bridge in memory of Ígull, their father and Áselfr, their mother."
U 379,+ frisa : kiltar · letu · reisa · s(t)ein : þensa : ef(t)iR · (þ)(u)(r)--- ----a · sin : kuþ : hialbi : ant · hans : þurbiurn : risti,"The Frisian guild-brothers had this stone raised in memory of Þorkell, their guild-brother. May God help his spirit. Þorbjôrn carved."
U 380 $,...s--arn ' auk · kus · li... ...,Ásbjôrn and Kúss(?)/Guss(?) had ...
U 381,...-n · ui-... ... : ... ...n : resa : ... ...ita...a...u · kuþ : hiabi at · ...,... ... ... ... ... raised ... ... May God help (his) spirit ...
U 382,...-r ' li- r-... ... ...--R ...u(r) ' sun kunars ' i ' risny suain risti,... had raised ... in memory of ... Gunnarr of Hrísney's son. Sveinn carved.
U 383 §P,...--... ...--(i)(n) §Q (n)(i)--... ...--...,... ... §Q ... ...
U 384 $ §A,katily · lit · raita ...im · hu-... ...-an §B ...(a)rl · uk · kerþer §C eftiR · sue(l)... ...,Ketiley had erected ... ... ... §B Karl and Gerðarr §C in memory of ... ...
U 385,... ...tein : þentsa : eftR : krimulf : matu:no- ...,"... this stone in memory of Grímulfr, (his) companion ..."
U 386,... ...rn × faþ(u)... ...,"... Bjôrn, his father."
U 387,†$ [... eftiR × tot(u)... ...],†$ ... in memory of (his) daughter/Dóttir ...
U 388 $,× [ul]fr [× a... ... -nk]imunt[r × au]k × [ai]... ... ...(n) × i... ...,Ulfr and ... Ingimundr and Ei-... ... the stone(?) in memory of(?) ...
U 389 $,kilauh · auk · usi · þau · litu · raisa ... · þina · e-tR ----(a) sun arna,"Gillaug and Ysi(?), they had this stone raised in memory of ... Árni's son."
U 390 $,× sua[i]... ... ...sa × s(t)ain --... ...------... ...- × faþur sin × auk × frau×tis + at × ulf × bona × sin × kuþ × h... ... ...ans +,"Sveinn [had] this stone raised in memory of ... his father and Freydís in memory of Ulfr, her/their husbandman. May God help his spirit."
U 391 $,× frisa : ki... ... : þesar : eftR : alboþ : felaha : sloþa : kristr : hia : helgi : hinlbi : ant : hans : þurbiun : risti ×,"The Frisian guild-brothers ... these in memory of Albóð, Slóði's partner. May the holy Christ help his spirit. Þorbjôrn carved."
U 392,suin : lit rista : runar : þas-... ... ...-þr : hit : a[na]r : a[s]ur : þriþi : kermunr : ---rþi [:] -[u]ki : (þ)... ...r : uar þera muþ--,"Sveinn had these runes carved ... the second was called ..., the third Ôzurr, the fourth Geirmundr ... ... was their mother."
U 393,ufihr × lit × raisa + þina + stin × aftR × sestr + sinar + tuar × tura × auk ruþui,Ófeigr had this stone raised in memory of his two sisters Tóra(?) and Hróðvé.
U 394,× þur[biurn] : [r]isþi : [s]tain : þansi : eftiR · (e)(s)(b)i(u)rn : bruþur : sin : þauR : iRu : suniR : tuR:uis · i -... ...[n]s +,"Þorbjôrn raised this stone in memory of Ásbjôrn, his brother. They are the sons of Dýrvé(?) of ... ..."
U 395 $,sui- -... ...---... ... ...ta st-... ... ...-- -(i)m hna firþi til sihtunum,Sveinn ... ... ... carved / erected the stone ... ... who brought her to Sigtúnir.
U 396,°,°
U 397 $,... ...arf · au(k) ...bur... [...- · si-... ...n · au]...,... Djarfr(?)/-diarfr(?) and ... ... ... ... ...
U 397B $,...aþ[u-] ...,... ...
U 397C †,[...au × ...],... ...
U 398,... ...r · tufa · fa... ... ...,"... in memory of Tófi, his father ..."
U 399,...a · lit · rai... ... ... ...fta... ...,... had raised ... ... Halfdan ...
U 400,...it... ... ...a ' s... ...ina,... ... ... ... ...
U 401,... ...ntsa · ...,... this ...
U 402,...r(i)-.../...r(u)-...,...
U 403,... ...sti : s--... ...- : eftiR : salsa : faþur · ...,"... raised the stone ... in memory of Salsi, father ..."
U 404 $ §P,...(u)(r)(k)in · (þ)... §Q ... ...ur(f)in (:) (b)...,... ... §Q ... Þorfinnr(?) ...
U 405 $,+ loþin + --(t) + raisa + st... ... + faþur + s-... ...--... ...n + guþ hialbi ant hans þurbiu(r)n hiuk +,Loðinn had the stone raised ... his father ... his(?) ... May God help his spirit. Þorbjôrn cut.
U 406,...r · (s)...,... ...
U 407,[frystin] (a)uk · sibi [auk kai... ...nfo...],Freysteinn and Sibbi and Geir-... ...
U 408,...in · auk · abiur... ... til ·,...-steinn and Ábjôrn ... to
U 409,furkuþr × auk komal + litu rasa ' stain þino abtiR + una + faþur sin + kuþ hialbi anta × una,"Forkunnr and Gamall had this stone raised in memory of Uni/Unni, their father. May God help Uni's/Unni's spirit."
U 410,× s(t)ur(b)iarn · (l)[it · rais]a ' stai... ...ftiR [·] (s)[ik]st[a]in · faþur --- broþur hulmst...[n]s,"Styrbjôrn had the stone raised in memory of Sigsteinn, his father, Holmsteinn's brother."
U 411 $,× ilturi × lit × raisa × stin × eftiR × sukiR × faþur × sin × kuþ × hialbi · ant · ahns ×,"<ilturi> had the stone raised in memory of Siggeirr/Seygeirr, his father. May God help his spirit."
U 412,× sibi × lit × rista · runaR · eftiR · orekiu · faþur · sin auk · þuri · at · bonta sin ·,"Sibbi had the runes carved in memory of Órœkja, his father; and Þyrvé in memory of her husbandman."
U 413,ulfr + lit kiara · merki · eftiR · iarut · sun · sin · en : biarn : ok · ruRikr · eftiR · broþur · sin ·,"Ulfr had the landmark made in memory of Jôrundr, his son; and Bjôrn and Hrœríkr in memory of their brother."
U 414 †,[f... ...ntr · þiR · fyrþu · stin · þina · af · kutlanti · uk · r... ...ftiR · si-...t · bruþur sin · on iti · þisa · h...],... ... they brought this stone from Gotland and ... in memory of ... their brother. He owned(?) this ...
U 415 $,... ...ur sin,... his father / brother
U 416 $,...-- raisa · stain ...,... the stone raised ...
U 417 †,[...i(k)ay/...i(þ)ay],...
U 418,(þ)(u)[rfas]tr · auk| |kitilui · þau · litu · stain [·] rito [·] ifti[R] · þurstain · faþur sin · kuþ hialbi hont · hons,"Þorfastr and Ketilvé, they had the stone erected in memory of Þorsteinn, their father. May God help his spirit."
U 419,þaun kulfinkr ' auk stinfriþr ' auk s[ikfast]r litu r[a]is(a) (s)tin þino| |ofti(R) austnin ' kun[a]rs| |su[n] s at iuria kuþ [h]ialbi hons| |s-lu,"Kylfingr and Steinfríðr and Sigfastr, they had this stone raised in memory of Eysteinn, Gunnarr's son ... May God help his soul."
U 420,...[- × raisa × stai]n × þin(a) × if[tiR ×] (b)iarn [× sun × sin ·],"... this stone raised in memory of Bjôrn, his son."
U 421,[kiti]lui [· l]it · ra[sa · stan · þina · e]ftR · ketil · faþur · sin · auk · kyriþ · eftR · bont(a) [· sin],"Ketilvé had this stone raised in memory of Ketill, her father; and Gyríðr in memory of her husbandman."
U 422 $ §PA,... ...si + aftiR mu-(a) ...(u)r × sin × auk + mu-a + (b)---... §PB (k)unar + risti + run-... ¶ ...isar + aftiR + mah sin si... §QA ... ...si + aftiR mu-(a) ...(u)r × sin × auk + mu-a + (b)---... §QB ... ...isar + aftiR + mah sin si... ¶ ... (k)unar + risti + run-...,"... this in memory of Múli(?), his father / brother, and Múli(?) ... §PB Gunnarr carved these runes in memory of his kinsman-by-marriage ... §QA ... this in memory of Múli(?), his father / brother, and Múli(?) ... §QB ... these in memory of his kinsman-by-marriage ... ... Gunnarr carved the runes."
U 423 $,kitil| |lit · rita · stin þino · afti[R · kui · faþu]r · sin · kuþ hialbi onl · auk| |kuþs muþiR,"Ketill had this stone erected in memory of Ingulfr/Ingvarr, his father. May God and God's mother help his spirit."
U 424 †,[kui · lit · risa · stin · þina · iftiR · iafsa · sun · sin · kuþ · hialbi · ant · hans ·],"Gýi had this stone raised in memory of Tafsi(?)/Lafsi(?), his son. May God help his spirit."
U 425 $,× iaru[ntr × auk × anuntr × litu × raisa × stain × iftiR × kuþmar × faþur × ... ...ta kuþan ×],"Jôrundr and Ônundr had the stone raised in memory of Guðmarr, (their) father ... good husbandman."
U 426,· þorstain · lit · raisa · st[ain · þina] · eftir · iaru(n)t · sun · sin ·,"Þorsteinn had this stone raised in memory of Jôrundr, his son."
U 427,×· þlia : f(u)þkhi · stiR · istbliR : fu[istihninsti]hn[f] lmR : i(s)tini · stihu · i...fiRn,... ... ... ... ... ... ... ... ...
U 428 $ §P,× kunar × auk × kulaug × litu × raisa × st[ain × ifti](R) × uiki (a)... × sun sin × §Q × kunar × auk × kulaug × litu × raisa × st[ain × ifti](R) × uiki(a)... × sun sin ×,"Gunnarr and Gullaug had the stone raised in memory of ... their son. §Q Gunnarr and Gullaug had the stone raised in memory of Víghjalmr, their son."
U 429,· þuriR · auk · hruþa · litu · raisa · stain · þinsa · iftiR · burkulf · faþur sin,"Þórir and Hróða had this stone raised in memory of Borgulfr, their father."
U 430,bur[kulfR] + u^k + kuþluk + þu ris[tu stain þ]ina × iftiR × þurbiarn s(u)[n · sin · kuþan],"Borgulfr and Guðlaug, they raised this stone in memory of Þorbjôrn, their good son."
U 431,tufa auk hominkr litu rita stin þino ' abtiR kunor sun sin ' in -- hon u(a)R ta(u)-(r) miR krikium ut ' kuþ hialbi hons| |salu| |uk| |kuþs m--(i)(R),"Tófa and Hemingr had this stone erected in memory of Gunnarr, their son, and he died abroad among the Greeks. May God and God's mother help his soul."
U 432 †,[uikinkr lit raisa stain at suni sina kruk auk asbiarn suain þisi uar ... suni ki-t kirþa],Víkingr had the stone raised in memory of his sons Krókr and Ásbjôrn. This lad was ...
U 433,×· biarn · finuiþaR · sun · lit · raisa · stain · eftiR · sik · sialfan ·,"Bjôrn, Finnviðr's son, had the stone raised in memory of himself."
U 434 $,... ...t · kiara · uf... [...- (k)itil · faþur ...],"... had ... made ... Ketill, father ..."
U 435,× þurkil × auk × s(i)afi × la(t)u × risa × stain[il] ... ...a × ka^uþan × auk × hiþinfast : kuna has : kuþ : hialbi : ant : hans × auk| |kus muþi ×,"Þorkell and Sjafi had the stone-slab(?) raised ... ... the good, and Heðinfast, his wife. May God and God's mother help his spirit."
U 436,fryrikr : l... ... ok : ift(R) ...,Freyríkr had ... and in memory of ...
U 437 $,kuna : a[uk su]tari : ristu : s(t)[... ... sikbiar- sati : iftiR : sin faþur : stin : almykin : i : s...],Gunna and Sútari raised the stone ... Sigbjôrn placed the very great stone in ... in memory of his father.
U 438 $,rontr auk riki ' auk| |kuþrun ' þaiR bruþr ' litu r-isa stain þino ' abtiR ' bruno ' faþur sin ' kuþ hialbi hons| |salu,"Þróndr/Randr and Ríki(?) and Guðrún, these brothers had this stone raised in memory of Brúni, their father. May God help his soul."
U 439,†$ [harlaif × auk × þurkarþr × litu × raisa × stain × þina at × sabi faþur sin × is| |sturþi × austr × skibi × maþ ikuari a/a| |askalat-/skalat-],"†$ Herleif and Þorgerðr/Þorgarðr had this stone raised in memory of Sæbjôrn, their father, who steered a ship east with Ingvarr to Estonia(?)/Serkland(?)."
U 440 $,[þo](r) · ok · siriþ · litu · kiara merki · eftiR · su^n sin · sihþor · kuþ · berhi · siulu · hans,Þórðr/Þórðr/Þorn and Sigríðr had the landmark made in memory of their son Sigþórr(?)/Sigþorn(?). May God save his soul.
U 441 †,[a-nili li-... ...iþ : kia... ok : finuiþr : ok : ir-mut... ...],... ... ... ... and Finnviðr and Ernmundr ...
U 442 $,b(r)usi ' u[k] (þ)(u)...(m)...n(t)(r) ...-tu rit... ... faþu... ...,Brúsi and Þormundr had the stone erected ... (their) father.
U 443,... eftiR a(y)... ... ...aþur sin : a...,... in memory of Ey-... ... his father ...
U 444,× ulfr × auk × hirbiarn × [a]uk × nesbi[a]rn × auk × himinkr × litu ' r[esa × s](t)ain × at × borkulf × faþur × sin ×,"Ulfr and Herbjôrn and Nesbjôrn and Hemingr had the stone raised in memory of Borgulf, their father."
U 445,× kylfinkr × lit × raisa stain at × nisbiarn × faþur si- -uk × kilauk at bonta sin,"Kylfingr had the stone raised in memory of Nesbjôrn, his father; and Gillaug in memory of her husbandman."
U 446,†$ [isifara · auk · k... ... ...-r · sin · hon tu i krikum],†$ <isifara> and ... ... their ... He died in Greece.
U 447 †,[hemik · auk hulmi : ristu : stn : ifti : fiauar broþr · s kuþ hialbi þem],"Hemingr and Holmi raised the stone in memory of <fiauar>, their brother. May God help them."
U 448,(i)kul × auk × biurn × litu × raisa × stain × eftiR × þurstain × faþur ...,"Ígull and Bjôrn had the stone raised in memory of Þorsteinn, their father."
U 449 $,... (a)uk + fstkir + a(u)- (u)imontR + litu + ris... ...,... and Fastgeirr/Fastgerðr and Vémundr had raised ...
U 450,sbun hiok (r),Ásbjôrn(?) cut(?) the runes(?)
U 451 †,[... ...iR stain bru... ...],"... in memory of Steinn, brother ..."
U 452 †,[... auk × kuikr × litu × raisa × stein × eft... ...],... and Kvikr had the stone raised in memory of ...
U 453 $,þurkl × auk + kisl + -itu + rais- ... þian + iftR + faþur sn + kans- ku- hialbi ant hans,Þorkell and Gísl had this stone raised in memory of their father Gansi(?)/Knasi(?). May God help his spirit.
U 454,þ--kl + auk + kisl + lata + risa ' þina + stin · eftR · bruþur · sin sty(r)biun × auk sefari uiseti hiuk,"Þorkell and Gísl have raised this stone in memory of their brother Styrbjôrn, and Sæfari (also raised). Véseti cut."
U 455,× inkifastr + lit × raisa × stain × þina at þorkil + faþur sin (a)uk at kunilti moþur sina þa(u) truknaþu × baþi,"Ingifastr had this stone raised in memory of Þorkell, his father, and in memory of Gunnhildr, his mother. They both drowned."
U 456,[iku-]... ... ...(r)(b)iarn · litu · kiara · bru (a)t · þia(k)n · (f)(a)[þur] ...,"Ing-... ... Þorbjôrn had the bridge made in memory of Þegn, their father."
U 457,× suarthofþi : let : reisa : stein : þentsa : eftiR : onut : sun : sin : kuþ : hialbi : at · hans : auk : alum · kristnum,"Svarthôfði had this stone raised in memory of Ônund, his son. May God help his and all Christians' spirits."
U 458 $,[× aist]r × lit × [ra... ... ... suart×haufþa × faþur] ...,"Eistr had ... raised in memory of Svarthôfði, his father."
U 459,· saksi · let · kera · merki · þesa · iftiR · aist · faþur · sin · auk · þorgun · sun · sin ·,"Saxi had these landmarks made in memory of Eistr, his father; and Þorgunnr in memory of her son."
U 460,× inkifastr × lit × raisa × stain × eftiR × olif × faþur sin × auk ayþr × eftiR × bonta × sin,"Ingifastr had the stone raised in memory of Óleifr, his father; and Eyðr in memory of her husbandman."
U 461,fastulfr · auk yrinkr auk| |ka-(r) -(u)- hulmlauk · þau litu raisa stain þina iftiR aist faþur sin auk fastlauk at bunta (s)in kuþ hial(b)i silu hans,"Fastulfr and Œringr(?) and Geirr(?) and Holmlaug, they had this stone raised in memory of Eistr, their father; and Fastlaug in memory of her husbandman. May God help his soul."
U 462 §A,[tierfr · uk kunar · a](u)k ' kulhu ['] litu ' risa ' stain · uk · bru ' eftiR ' alfntan × faþur sin §B [hu](l)mfriþ ' at ' bonta ' uk ' ybiR ' ris[ti run],"Djarfr and Gunnarr and Gulley had the stone raised and the bridge (made) in memory of Halfdan, their father; §B Holmfríðr in memory of her husbandman. And Œpir carved the runes."
U 463,× ueþralti × auk uiki × litu × raisa × stain × aftiR × hulmstin × faþur sin × auk hulmfriþ × at bonta sin,"Veðraldi and Vígi had the stone raised in memory of Holmsteinn, their father; and Holmfríðr in memory of her husbandman."
U 464,[tora · lit · raisa · sti]n [· þina · i]ftiR · rolif · sun · sin · kuþ · hialbi · ant [· hans fotr · risti ·],"Tóra had this stone raised in memory of Hróðleifr, her son. May God help his spirit. Fótr carved."
U 465 †,[þora · lit · raisa · stin · aftR · kuna · bunta · sin · kuþ · hialbi · ant · hans ·],"Þóra had the stone raised in memory of Gunni, her husbandman. May God help his spirit."
U 466 $,+ tsfirnstblk hniastbmlR a : rihaR : --- : riha--- : --(k)itiht · in(R)slbmui :+ ¶ ui(s)tRi : -isit--ti +,... <hniastbmlR> ... ... ... ... ... ... ... ...
U 467,× tafeist- ... ...-sa stei(n) · þen... ...in...a : kuþ : hi--bi : at : --(n)s : þurbiurn : risti,Tafeistr ... this stone raised ... May God help his spirit. Þorbjôrn carved.
U 468 $,+ t-ua · ----- : (r)-... ...uis-titi · ilRu : nuihli : ti-R,... ... ... ... ... ... ...
U 469 †,[...tfa-...],...
U 470,...ar : sa... þ---a : iftir : uibiurn : f... ... out hans,"... ... this in memory of Vébjôrn, father ... his spirit."
U 471,× fulyki × auk × ulfr × auk × akiR × litu × raisa × stain × eftiR × anut × faþur × sin × kuþ × hialbi × ant × hans ×,"Fullugi and Ulfr and Ágeirr(?) had the stone raised in memory of Ônundr, their father. May God help his spirit."
U 472 $,× kilauk × aiki×nefs × totiR × lit × raisa × stin × iftiR × trakmal × muþur×faþur × sin ×,"Gillaug, Eiki-nefr's daughter, had the stone raised in memory of Dragmáll, her mother's father."
U 473,faylkbiurn × lit × risa × stin × ift[R × nif × bruþur × sin] × (þ)[et ×] iRu × sunR × oskis ×,"Folkbjôrn had the stone raised in memory of Nefr, his brother. They are Ásgeirr's sons."
U 474,+ halftan : let : reisa : stein : þen(s)a : eftir : iukeir : broþur : sin : nuk : kufriþ : eftiR : sun : sin : (k)uþ : hialbi : at : hans,"Halfdan had this stone raised in memory of Jógeirr, his brother; and Guðfríðr in memory of her son. May God help his spirit."
U 475,finuiþr · lit · gera · stenmerki · ok · buro · eftiR · faslaugu muþur sena,"Finnviðr had the stone-landmark and the bridge made in memory of Fastlaug, his mother."
U 476 †,[× sulfa × auk × bui × karþu bru × þisa × eftiR × askair × uaR sun a... × -(þ)(u)(a)-],"Sylfa/Solfa and Búi made this bridge in memory of Ásgeirr, (who) was the son ... ..."
U 477 †,[... ...ftiR × ikialt × sun × sin × h... ...],"... in memory of Ingjaldr, his son. He ..."
U 478,× estriþ : let : reisa : s(t)ein : þensa : eftiR : iuar : bota : sin : auk : ikuar : auk : ikifastr : eftiR : faþur : sin : mihel : kati : at : hans,"Ástríðr had this stone raised in memory of Jóarr/Ívarr, her husbandman; and Ingvarr and Ingifastr in memory of their father. May Michael protect his spirit."
U 479,× ousmuntR : auk : e-(i)R : suniR : kuriþaR : situ : stin : iftR : sikulf : f-þu sin : suta : buruþur : ulfkil : iuk : ru lufa : -iþi,"Ásmundr and <e-iR>, Gyríðr's sons, placed the stone in memory of Sigulfr, their father, Sóti's brother. Ulfkell, of Lófi's retinue, cut the runes."
U 480 $,× hulmaiR × auk × kuni × litu × raisa × stain ×× þina × eftiR × sota × faþur × sin ×,"Holmgeirr and Gunni had this stone raised in memory of Sóti, their father."
U 481,× þorkis[l] -uk × þorstin auk × uibiarn × auk × olifr × --tu × raisa × stin × eftiR × þorbiarn × faþur × sin,"Þorgísl and Þorsteinn and Vébjôrn and Óleifr had the stone raised in memory of Þorbjôrn, their father."
U 482,× uistain auk × þurstin × auk × fasti × litu × raisa × stin × at uikrim × broþur sin ×,"Vésteinn and Þorsteinn and Fasti had the stone raised in memory of Végrímr, their brother."
U 483 $,+ fisnhlnstbmlstihnaist · irnastb[ml]R[usthtoinsbklRstio]hinastimR ++ þui × risii × þoris[t...]ai · stkistknstþihuoiist × iistbmkRis^tithit---t-- +,... ... ... ... ... ... ...
U 484,× yrinkr × lit × raisa × stain [× at ×] uifara × faþur sin ×,"Œringr(?) had the stone raised in memory of Víðfari, his father."
U 485 $,þroti ' uk ' ingulfr ' litu ' rita stain ' iftiR ' sihuiþ ' faþur ' sin ' uk ' inkifa^st ' at ' bonta ' sin ' in ' ofaigr ' ybiR ' risti,"Þrótti and Ingulfr had the stone erected in memory of Sigviðr, their father; and Ingifastr in memory of her husbandman. And Ófeigr / the not doomed Œpir carved."
U 486,...[ast] faþur × sin × auk ... sin ×,... his father and ... his.
U 487 †,[iþþiþiinstimli...ili · ininistitkm],... ...
U 488 $,...ra : kuþ hial... ...,... May God help ...
U 489,khulu ' lit ' kira ' bro fr ant ' kilaua ' totur ' sin ' uk sum ' ati ' ulfr ' ybiR risti,"Gullaug(?) had the bridge made for the spirit of Gillaug, her daughter, and whom Ulfr owned (i.e. was married to). Œpir carved."
U 490,kiRbiarn × uk × ihfurbiarn × uk × uifastr × þiR × ristu stin × þina × iftiR × kiRbiarn × bruþur sin × kuþ ialbi ans ot uk salu,"Geirbjôrn and Jôfurbjôrn and Véfastr, they raised this stone in memory of Geirbjôrn, their brother. May God help his spirit and soul."
U 491,...n · auk × kulauh × au... ... + þan + a-...,... and Gullaug and ... that ...
U 492,× asbion + auk + kisl + aurir + auk + auþbiorn + litu rita + stin aftR + biorn + foþur sin +,"Ásbjôrn and Gísl <aurir> and Auðbjôrn had the stone erected in memory of Bjôrn, their father."
U 493 †,[× ktl + srua-telsa : ritae...anisibuþin],... ... ...
U 494,brunkil ' li[t] ' [r]ita ' stain ' þina ' i[ftiR uiki(n)(m)(r) ...þu]R ' [sin · h]rfa ...[star],"Brúnkell had this stone erected in memory of Reginmundr(?), his father(?), the heir ..."
U 495,...-iR × auk × inki[f](a)(s)(t)(r) [× auk] × [inki]muntr × þaiR × uaRu × (b)(r)[uþr ×] suniR × s-... ×,"... and Ingifastr and Ingimundr, they were brothers, the sons ..."
U 496,[ranfastr ' lit ' kera '] merki · þ[i]sun · fir sia[l ikifatar ·] auk · kulifs,Ragnfastr had these landmarks made for Ingifastr's and Gulleifr's souls.
U 497,ranfast[r] · lit · agua · eli · auk · kera · bru · eftiR inkifast · faþur · sin × auk ik[i]friþi · muþur sina,"Ragnfastr had the rock-slab cut and the bridge made in memory of Ingifastr, his father, and Ingifríðr, his mother."
U 498 †,[uikikr ... auk anuntr ' ikifriþ-- suni ' rai... iftiR iarlR uk · ifteR · kal · faþur sin],"Víkingr ... and Ônundr, Ingifríðr's sons, raised in memory of <iarlR> and in memory of Káll, their father."
U 499 †,°,°
U 500,þ-...s...-...r · -uk · (a)iþ--...-- ...-(t)u · kiara · merki · eftiR kelau (f)aþu... s-- sirk,"... and ... had the landmark made in memory of Ketillaugr(?), their father ..."
U 501 $,sbialbuþi ' auk ' hulfr ' auk ' hulmfastr auk ' keir-.../keir- ... ...þur sin auk sun biarn,Spjallboði and Ulfr and Holmfastr and Geir-... ... their father(?)/brother(?) and Bjôrn's son.
U 502,ulfR × iu... (f)aþ(u)r sin × uk × bruþ-... ...- satu ...,Ulfr ... his father and brother ... placed ...
U 503 $,' ernfast ' uk + ernkautr ' lata ' sunR shunar ' reisa + stein × aftR + faþur + ... kitilfast ',"Ernfastr and Erngautr, Siggunnr's/Sigunnr's sons, have raised the stone in memory of their father Ketilfastr."
U 504,+ kitil×fastr × risti × stin + þina × iftiR × askut × faþur + sin × saR × uas × uistr × uk × ustr + kuþ ialbi × as × salu,"Ketilfastr raised this stone in memory of Ásgautr, his father. He was in the west and in the east. May God help his soul."
U 505,alrikr ' lit ' rita ' stai(n) ' -k ' bro ' kiara ' iftiR ' hilha ' sun sin ' hultrikr ' auk ' auþin iftiR broþur sin suain risti,"Alríkr had the stone erected and the bridge made in memory of Helgi, his son; Hultríkr and Auðin in memory of their brother. Sveinn carved."
U 506 †,[anuntr uk × tusti × þaiR × riti · -tain × iftiR × ala × faþur × sin × uk × kunar × bru... ...],"Ônundr and Tosti, they erected the stone in memory of Áli/Alli, their father, and Gunnarr, their brother."
U 507,...ia-t-mlR,<hniastbmlR>
U 508 $,ikiluk × uk × afriþ × þaR × litu × risa × stin × þina + iftiR × -a--bi-rn faþur × sin × kuþan × uk × ragni × þu × biku × i × l----,"Ingilaug and Áfríðr, they had this stone raised in memory of ...-bjôrn, their good father, and Ragni (also raised). They lived in ..."
U 509,alkautr × lit stain ' hakua iftiR þurk(a)rR faþurR sin × auk| |kitil × bruþurR sin,"Algautr had the stone cut in memory of Þorgeirr, his father, and Ketill, his brother."
U 510 $,× frystin × þorbiurn × fasti × uiniutr × ulfr × kuntiarfr × þaiR × bruþr × raistu × stin : at · þorstin : faþur × sin ·,"Freysteinn, Þorbjôrn, Fasti, Vénjótr, Ulfr, Gunndjarfr: these brothers raised the stone in memory of Þorsteinn, their father."
U 511,+ uitiarf + uk + tan ' uk · fastar · uk · halftan + lata + reisa ÷ stein ÷ aftR + faþur sn ' fasta ·,Védjarfr and Danr and Fastarr and Halfdan have raised the stone in memory of their father Fasti.
U 512 $ §A,fryb... ... ...i × huk f(r)... ...(f)-þr × þiR ristu × sti- -...(n)a × iftiR × kuþ-ar × ...(a)þur × sin kuþan × huk tuma + (b)...-þur × sin ×× kuþ ...i ot × þiRa × huk × salu × hu... ... ...uþiR × bitr × þan × þiR × -ar- × h... §B ...ir × skal × stan^ta × stin × uiþ- bryku × suniR × at × faþuR satu · kuþan · kaiR -... ... §C --(u)-aR × mirki × at × bua-... ...,"Freybjôrn ... ... and Frey-...(?) ...-finnr, they raised this stone in memory of Guðmarr/Guðvarðr(?), their good father and Tumi/Tummi, their brother. May God and God's mother help their spirits and souls better than they have done. §B Here the stone will stand by the bridge. Sons placed (it) in memory of (their) good father. Geir-.../Geirr ... ... §C ... landmark in memory of husbandman ..."
U 513,· anuntr · auk · airikr · auk · hakun · auk · inkuar · rais-- ... (þ)(i)(n)-(a) · (i)(f)(t)ir · raknar · bruþur sin · kuþ · hialbi ant · hans,"Ônundr and Eiríkr and Hákon and Ingvarr raised this stone in memory of Ragnarr, their brother. May God help his spirit."
U 514,+ anuntr · lit · auk · kera · bro · auk · stain riti · eftiR · ketilfast · faþur · sin · ok · farulfr ·,"Ônundr also had the bridge made and the stone erected in memory of Ketilfastr, his father, and Farulfr (also made)."
U 515,kuni lit + stain + rita + eftiR × alfkiR faþur + sen + kuþ hialbi ant hans,"Gunni had the stone erected in memory of Alfgeirr, his father. May God help his spirit."
U 516 †,[kauti auk s...],Gauti and ...
U 517 $,+ a-... ... ...- + ra---u + stain + eftir haruk + bruþur + sin + in + rakn-... ... ...anta + sin + auk + at suni + ... ... ... ...ar þisi,"... ... ... (they) raised the stone in memory of Hárukr, their brother; and Ragnhildr(?) ... her husbandman, and in memory of (their) sons ... ... ... these runes."
U 518 $,þurkir × uk × suin × þu litu × risa × stin × þina × iftiR × urmiR × uk × urmulf × uk × frikiR × on × etaþis × i silu × nur × ian þiR antriR × ut i × krikum × kuþ ihlbi --R(a) ot × uk salu,"Þorgerðr and Sveinn, they had this stone raised in memory of Ormgeirr and Ormulfr and Freygeirr. He met his end in the sound of Sila (Selaön), and the others abroad in Greece. May God help their spirits and souls."
U 519 $,· iubrn : uk × ini : riti × iþrn : iftiR + iRbrn : faþur : isin : þuliR · iuk · runar × þisi × isi kuþ +,"Jóbjôrn and Enni erected the stone in memory of Geirbjôrn(?)/Ernbjôrn/Eir-Bjôrn(?), their father - Þulir(?) cut these runes -, may God see (him)."
U 520 †,[... raistu · stai(n) ...],... raised the stone ...
U 521 †,[... ...uastr × þaiR × litu × rausa · stain ... ...rfa],"... Sigfastr(?), they had the stone raised ... ..."
U 522,fui-mrsrimuafifafiRauaiiRiafnaRfuioR---ank-n fuþ(o)rkhnias----- ...iu-o-,... <fuþorkhniastbmlR> ...
U 523,...,...
U 524,+ kuhli (a)uk + stuþkihl + ristu + stain + oftiR +× uiþbiarn × arfa × karumbus + kuþan × uiþbiarn × iak ×,"Gulli and Stóðkell raised the stone in memory of Viðbjôrn, the good heir of Krumr. Viðbjôrn cut."
U 525,... -ftiR suin × (f)oþur si(n) ...-----n-usuns × au--(s)--(þ)-- ×,"... in memory of Sveinn, his father ... ..."
U 526 §A,... ...iba · faþu(r) ... §B ... at · bonta ...,... Sibbi(?) father ... §B ... in memory of husbandman ...
U 527 $,· ayiti ... [...si] atir : faþu(r) ... ...(k) : sut : (o) : kutloti : hkni : o : syk[um : in : ur : basti] : buti : uhlmstan :,"Eyndr ... this in memory of ... father ... was taken ill on Gotland, Hagni(?)/Agni(?) of Sikum(?). He(?) was the best of husbandmen. Holmsteinn."
U 528 †,[hialb · anutR],Help. Ônundr.
U 529,...,...
U 530 †,[· urmi × auk × hulmuiþr × auk × hulmfastar × litu : raisa : stain : aftiR × burut : faþur : sin : kuþan ·],"Ormi and Holmviðr and Holmfastr had the stone raised in memory of Broddr, their good father."
U 531,... --- ...tar sun sin uk at kunuat faiur sin,"... ... ... his son and in memory of Gunnhvatr, his father."
U 532,× sigruþ + let + raisa + stain + eftiR + kara + buanta + sin + guþ + hialbi + ant + hans + þurbiur[n × sk]alt + hiuk + runaR,"Sigþrúðr had the stone raised in memory of Kári, her husbandman. May God help his spirit. Þorbjôrn Skald cut the runes."
U 533,· sigruþ · lit + raisa · stain · eftir + anunt · sun · sin · han uas ' tribin + a + uirlanti,"Sigþrúðr had the stone raised in memory of Ônundr, her son. He was killed in Virland."
U 534,...ki · afti · f-...,... in memory of ...
U 535,ha... ...,... ...
U 536,... ...- kun(b)(a)... ...,... ... Gunnbjôrn(?) ...
U 537,þurfastr · nuk · uRþbian · a-... ...,Þorfastr and Viðbjôrn and ...
U 538 $,... ...(R) ulb[i]ar... ... [suaota],... in memory of Holmbjôrn ...
U 539 §A,tiarfR × uki × urika × uk ' uiki × uk × iukiR × uk × kiRialmR × þiR bryþr × aliR × litu × risa × §B stin þina × iftiR × suin × bruþur × sin × saR × uarþ × tuþr a × iut(l)ati × on skulti §C fara × til × iklanþs × kuþ × ialbi × (o)ns × at uk salu × uk| × |kus muþiR × betr × þan an karþi til,"Djarfr and Órœkja and Vígi and Jógeirr and Geirhjalmr, all of these brothers had §B this stone raised in memory of Sveinn, their brother. He died in Jútland. He meant to §C travel to England. May God and God's mother help his spirit and soul better than he deserved."
U 540,airikr ' auk hokun ' auk inkuar aukk rahn[ilt]r ' þou/þouh h--.../--... ... ...-R ' -na hon uarþ [tau]þ(r) [a] kriklati ' kuþ hialbi hons| |salu| |uk| |kuþs muþi(R),"Eiríkr and Hákon and Ingvarr and Ragnhildr, they ... ... ... ... He died in Greece. May God and God's mother help his soul."
U 541 $,iar likr ' serifr ' broþir ' þ-... ... in ' ybir risti ru-iR,"Here lies Sigreifr/Særeifr, brother ... ... And Œpir carved the runes."
U 542 †,[...- · at · akun · r...],... in memory of Hákon(?) ...
U 543,[...--sin ...R iua sia...],... ... ... ...
U 544,hultur ' baþ ' ybiR rista runa þisa,Holmdórr(?) ordered Œpir to carve these runes.
U 545 $ §P,· kunilr · lit · rita · staina · ef... ...r- buana · s-n · ok · siri(þ) fa-ur · sin §Q · kunilr · lit · rita · staina · ef... ...r- buana · s-n · ok · siri(þ) fa-ur · sin,"Gunnhildr had the stones erected in memory of ... her husbandman and Sigrøðr, her father. §Q Gunnhildr had the stones erected in memory of ... her husbandman and Sigríðr in memory of her father."
U 546 $,ahni · ok · au(þ)ulfr · auk · suni · litu · rita · st(a)...(a) · e...-R ...(b)(i)arn · faþur · ...n,"Agni and Auðulfr and Soni had the stones erected in memory of ...-bjôrn, their father."
U 547,· ioan · li(t) ... ...(t) · þeira ·,Jóhan had ... their spirits.
U 548,°,°
U 549,...--uita + staina ' i-...,... the stones ...
U 550 $,... ...ina · e---R · siref · f(a)... ...,"... this in memory of Sigreifr/Særeifr, father ..."
U 551,...r lit · ...,... had ...
U 552,...snur ' -...,... ...
U 553,... · r...,... ...
U 554,...(r)þo...,...
U 555,...- · mer-... ... (b)ro(þ)-... ...,... landmark(s) ... brother ...
U 556 $,... ...(a) ÷ st... ...,... the stone raised ...
U 557 †,[... ...-tu stin þ... ...],... raised this stone ...
U 558 $,kuþ + hialbi + auk + mar-a + ant + sib- ... -uk + rakn-...s + auk + haruks + auk + gyriþaR,May God and Mary help Sibbi's(?) spirit ... and Ragn-... and Hárukr's and Gyríðr's.
U 559,ihar · likr · snaybiarn · s(u)(n) · ansuars ' kuþ hialbi ant,"Here lies Snæbjôrn, Andsvarr's son. May God help (his) spirit."
U 560,hulfr · uk · uþulfr ' li(t)... ...,Ulfr and Auðulfr had ...
U 561,...- (r)(u)anm,... runes.
U 562,... ...(r)semni ' fa-... ...,"... Karlsemni(?), the father ..."
U 563,...(r) ' litu ' ...,... had ...
U 564,°,°
U 565 †,[mani auk · afriþ · litu ' fira · bru iftiR · olif · sun : sin · in · ioan · at ' broþur ' sin ' ubiR ' risti],"Manni/Máni and Áfríðr had the bridge made in memory of Óleifr, their son; and Jóhan in memory of his brother. Œpir carved."
U 566,m(a)(n)(i) · lit · kera · merki · at · bryþr · sina · hulta · uk · at · þorkil · uk · at · sialfa · suniR · suin(s) in u(b)i · ris(t)(i) runa,"Manni/Máni had the landmark made in memory of his brothers Holti and in memory of Þorkell and in memory of Sjalfi, Sveinn's sons. And Œpir carved the runes."
U 567 $,(a)nutr · au(k) · sai(n) [· auk × irbiarn × a]uk · hahuRþr,Ônundr and Sveinn(?)/Seinn(?) and Ernbjôrn and Hegviðr(?)
U 568 $,... þin... iftiR : sikualta : sun (:) ... [aftir bonta sin] ...-iR ·,... this in memory of Sigvaldi ... son. ... in memory of his husbandman ...
U 569,=U_568,=U_568
U 570,× aki × (a)uk × su[ai]n [× þiR × litu raisa × stain × if](t)(i)R (u)(t)rik(a) × (f)[aþu](r) × sin ×,"Áki and Sveinn, they had the stone raised in memory of Ótryggvi, their father."
U 571,... faþurR si... ...,... his father ...
U 572,...(l)auh · lit bro ' kera ' stain ' rita · eftiR · ioan · buanda · sin · ok · kunar · ok · ali · (e)ftiR · boþor · sin,"...-laug had the bridge made (and) the stone erected in memory of Jóhan, her husbandman; and Gunnarr and Áli/Alli in memory of their brother."
U 573,alfkautr · (a)(u)(k) · uRhtafr · lRtu · rasa · stain · at · faþur · san · uRiha ·,Alfgautr and Vígdjarfr had the stone raised in memory of their father Vígi.
U 574,+ orikia × auk + (þ)(u)-- ---(u) + raisa × ... ...rkiþi × mart a stai... ...(a)-m,Órœkja and Þóra(?) had raised ... much marked on the stone(?) ...
U 575,... ...rauþur : sain : auk : ... ...noar · at · ... ...-(t)ar : uini(u)... ...y-...,... his(?) brother and ... ... in memory of ... ... Vénjótr ...
U 576,...þbiarn + (a)... ... at + (m)...,...-bjôrn and ... in memory of ...
U 577 †,[... uarþ × traþi × ...i...],... was killed ...
U 578 †,[ri-... ...kinr · rs-- · sn iftiR · ribut bru-er · sain · kuþ · ialbi · hnntn · hans · uk · kiþfriþ · at · sun · s...],"... ... raised(?) the stone(?) in memory of <ribut>, their brother. May God help his spirit. And Guðfríðr in memory of her son."
U 579,· uiþabiarn : arfi : kuþabiarnao : ri(t)- : --...- -(f)tiR : baruþ(a)r : si(n)(a) : u(r)-- : (a)(u)(k) : ----- (k)iari : kuþi : liufr : iftiR : bryþr : sina :,"Viðbjôrn, Guðbjôrn's heir, erected the stone in memory of his brothers Ormi(?) and ... ; Geiri(?), Guði(?) (and) Ljúfr(?) in memory of their brothers."
U 580,... raistu : stain : þina : aiftiR : suain : sun : s...,"... raised this stone in memory of Sveinn, his son."
U 581,...,...
U 582 †,[biarn huk · ikulfriþ : raistu : stain : aftR : utrik : sun : sain · han · uaR : tribin : o · fin·lonti],"Bjôrn and Ígulfríðr raised the stone in memory of Ótryggr, their son. He was killed in Finland."
U 583,... ...in × þi...a × eftiR × -...,... this stone in memory of ...
U 584,$U °,$U °
U 585 †,[: kitli:biarn : lit : kubta : þita : kiarþ : auk : abiarn · at · sun : sin : kuþan : sas : at : anutr : k- : u ×:× an : ta^uþa^r : kuþ : ialb... ...],"Ketilbjôrn had this monument made(?), and Ábjôrn in memory of their good son ... in memory of Ônundr ... May God help ..."
U 586 $,× kunbirn × uk × osbirn × uk × [sikuatr · þiR × lit](u) [×] (r)(i)sa × s[t](i)(n) × [þin]a × iftiR × t(u)ka × faþur sin × ku[þ](a)(n) × ku(þ) ial(b)[i × ans × -]t uk × salu bitr × þan × an × karþi × til × ulm×f(r)[i](R) lit × kra br(u),"Gunnbjôrn and Ásbjôrn and Sighvatr, they had this stone raised in memory of Tóki, their good father. May God help his spirit and soul better than he deserved. Holmfríðr had the bridge made."
U 587 †,[-l---r... ...--u-...],... ...
U 588 †,[ia · ttþt · aþsanRna · nnn],... ... ... ...
U 589 †,[...ik · ak-t · akini...],... ... ...
U 590,· ranbRarn · lRt · rasa · stan · aftR · saur · san · uRhRalm · nuk · fuilhR · frihas · arfR · ustain ·,"Ragnbjôrn had the stone raised in memory of his stepfather(?) Víghjalmr/Véhjalmr, and Fullugi(?) Freygeirr's(?) heir. Eysteinn."
U 591,...k · a^uk ...,... and ...
U 592,...semni · ok · o(t)[irikr · ok · shktirikr · ok · a]skaiR · r[a... ... iftiR ·] luþin [·] ... ...[s]kaiR · riti · e[ftiR · ...u](þ)in : fa^þur · [siRa]...,"...-efni and Ótryggr and Sigtryggr and Ásgeirr raised the stone(?) in memory of Loðinn ... Ásgeirr erected in memory of Loðinn, their father.(?)"
U 593 $,ihulbarn · auk · uþ---- (l)Rtu · m... ... (i)fti · bruþur · san · surban · o ulf·talum,Ígulbjôrn and Auð-... had the landmark made in memory of their brother Þorbjôrn/Styrbjôrn/Súrbeinn of Ulfdalir.
U 594,... ...(k) × kitilbiurn × litu × s... ...[is]... ...,... and Ketilbjôrn had the stone raised ...
U 595 M,kuþlef · uk · sihuiþr : altulfs^rf · s · a^rfæi- · litu · hakua · sten · æftir : faþur : sin : ok : sihbo^rh mo^þo^r : hans :,"Guðleifr and Sigviðr, Aldulf's ... heirs, had the stone cut in memory of their father and Sigborg, his mother."
U 596,...,...
U 597,aterfr · ... [· fuluki · lit(u)] · res... ... · eftiR · uiterf ' faþur [sin ...arm(i)lr · fals]...,"Ádjarfr ... Fullugi had raised ... in memory of Védjarfr, their father ... ..."
U 598,raskuiþr × lit ' akua sta(i)(n) -- kum[i] litu × risa ' stain ' aftiR ' broþur ' sin × inkibiarn [o](þ)munt ' risti ' runaR,Rôskviðr had the stone cut ... Gummi had the stone raised in memory of their brother Ingibjôrn. Auðmundr(?) carved the runes.
U 599,orniutr × ak × uihniutr × ak × s(i)ihniutr × þiR l(i)tu rasa stan þinsa aft-(R) ...(m) × faþur sin × þurfostr × hriti runoR,"Arnnjótr and Vígnjótr and Signjótr, they had this stone raised in memory of ... their father. Þorfastr carved the runes."
U 600,gaiRilt(r) · lit · mirki · at · sbaraka · sun · sin,"Geirhildr had the landmark (made) in memory of Spraki(?), her son."
U 601 †,°,°
U 602 M,...isu × si-(r)aþu- × ...k × -...r × --raki(m)(þ)... ...ima × sim-- × þia- × -...,... ... ... ... ... ... ... ... ...
U 603 †,[...-ik...],...
U 604,huli · lit · stain · hkua · auk · þaiR · -... ... iftiR · krok · broþur sin · a-...,"<huli> and ..., they had the stone cut ... ... in memory of Krókr, their brother ..."
U 605 †,[· iskirun · harþiR · totiR · lit · risti · runiR · ati · sik · sialfan · hn · uil · austr · fara · auk · ut · til · iursala · fair · risti · runiR ·],"Ingirún(?) Harðr's daughter, had the runes carved in memory of herself. She wants to travel to the east and abroad to Jerusalem. Fótr(?) carved the runes."
U 606,†$ [if... -uk : aistin : ufik... ... kuþfast : faþu... ... -uk : askiar ... bata : sin],"†$ ... and Eysteinn Ófeigr ... Guðfastr, father ... and Ásgerðr ... her husbandman."
U 607 † §P,[...iuiþ...] §Q [... siriþ ... gyriþ ... ...tu : ke... ...],... §Q ... Sigríðr ... Gyríðr ... had(?) made(?) ...
U 608,... ...[kulbi](u)rn ' kuihulfr ' þiR [b]ruþr al[iR lit]u [rita] stai(n)[o] (s)uniR siriþaR ...,"... Ígulbjôrn (and) Kvígulfr, all of these brothers, Sigríðr's sons, had the stones erected ..."
U 609 †,[... auk × h...],... and ...
U 610 $,[... ...(t)i : stin þa](n)a : eft : as[kut : sun sin : trik : h... ...],"... raised this stone in memory of Ásgautr, his son, a competent(?) valiant man ..."
U 611,biurn : auk : stnfriþ : litu : arisa s--n : afti : kisila : han : uti : fial : i liþi : frekis ·,Bjôrn and Steinfríðr had the stone raised in memory of Gísli. He fell abroad in Freygeirr's(?) retinue.
U 612,°,°
U 613 $,+ una + lit + reisa + þinsa + stein + aftR + sun sin + istin sum + to + i hoita+uaþum + kuþ hialbi + salu hans ÷,Una/Unna had this stone raised in memory of her son Eysteinn who died in christening robes. May God help his soul.
U 614 $,· skuli · auk · folki · lata · reisa · þinsa · stein · iftR · broþur · sin · husbiorn · hn us| |siok · uti · þa þiR · kialt · toku · a kutlanti ·,Skúli and Folki have raised this stone in memory of their brother Húsbjôrn/Ásbjôrn. He was sick abroad when they took payment on Gotland.
U 615 †,[sikuiþr · lit · risa staa þansa aft · brusa · faþur sin · kuþ hialbi · ant ans],"Sigviðr had this stone raised in memory of Brúsi, his father. May God help his spirit."
U 616 $,fir--(r)iui : lit rita · kuml : yfitiRr : fnþur : sih : baosa : auk : boruþur : kuru- · kuþ hi^a^l-... · ul kuru -ial uti · a| |akla--,<fir--riui> had the monument erected in memory of his father Bósi(?)/Bausi(?) and (his) brother <kuru->. May God help <ul> <kuru> fell abroad in England.
U 617 $,kinluk × hulmkis × tutiR × systiR × sukruþaR × auk × þaiRa × kaus × aun × lit × keara × bru × þesi × auk × raisa × stain × þina × eftiR × asur × bunta · sin × sun × hakunaR × iarls × saR × uaR × uikika × uaurþr × miþ × kaeti × kuþ × ialbi × ans × nu × aut × uk × salu,"Ginnlaug, Holmgeirr's daughter, Sigrøðr and Gautr's/Gauss' sister, she had this bridge made and this stone raised in memory of Ôzurr, her husbandman, earl Hákon's son. He was the viking watch with Geitir(?). May God now help his spirit and soul."
U 618,[in]riþr ' uk ' kyriþ ' lito ' rita ' st[a]in · af[t]iR ' [k](l)[em](i)t ' fa[þur · si]n ku ' inkik[h]r [· bo]an[ta sin],"Ingríðr and Gyríðr had the stone erected in memory of Klemet, their father, and Ingigerðr(?) in memory of her husbandman."
U 619 $,þisa · meki · eftiR · ky... ...i + rauþr h...[ak -...],These landmarks in memory of ... ... Rauðr cut ...
U 620 $,kunar : auk : ihul : l(t)(u) · -... ... ...-uþr : sn kml : kþ : hulbi : ant : h-s : auk : kus mþR frmn : slknasma : k...-n tuþan : uin ·,Gunnarr and Ígull had the monument(?) ... ... their brother. May God and God's mother help his spirit ... ... dead friend(?).
U 621 $,' abiun + auk + sibiun [auk · kunhiltr · litu risa · þina · stin · aftR · faþur · sin · auk · en · aftR bunta sin usur],Ábjôrn and Sigbjôrn/Sæbjôrn and Gunnhildr had this stone raised in memory of their father and she(?) / furthermore in memory of her husbandman Ôzurr.
U 622,' kunhi... ... eft[i]R ' sun sn · hursefn(i) · [auk ·] oithafþ[a] uþ --b uil,"Gunnhildr ... in memory of her son Horsefni(?), and Hvíthôfði. May God help(?) ..."
U 623,kuriþ · auk ' sikuiþr ' auk sikfast ' raistu ' stin ' aftiR ' uifast ' faþur ' sin ',"Gyríðr and Sigviðr and Sigfastr raised the stone in memory of Véfastr, their father."
U 624,+ suain + auk + biarn × auk × ikulfastr × litu × raisa × stin × eftiR × ikul × faþur × sin ×,"Sveinn and Bjôrn and Ígulfastr had the stone raised in memory of Ígull, their father."
U 625,-...--...r × auk × kulifr × au(k) (×) bi--- ... ...--(r) × litu × r(a)... ... -in ×,... and Gulleifr and Bjôrn ... ... had raised ... their ...
U 626,... [auk · kuriþr · litu · ra]isa · stain · þ[eno · -... ... bruþur : simi : ... ...r · sin þis]a · men · uaRu · f[eþrkaR],... and Gyríðr had this stone raised in memory of ... their brother(?) ... their father. These men were father and son.
U 627 †,[anutr : kautr · auk · niusi : ristu · stn · þesa × aftir · asbiurn × faþur · sin : kuþ : trutin · hialbi : otu hans :],"Ônundr, Gautr and Njósi(?) raised this stone in memory of Ásbjôrn, their father. May Lord God help his spirit."
U 628 †,[× þorbiurn × auk × ormr × auk × hialfast... ... -uk × knakr × auk × þorstin × raistu × stin × at × hulmstin × faþur · sin],"Þorbjôrn and Ormr and Hjalmfastr ... and Knakr(?) and Þorsteinn raised the stone in memory of Holmsteinn, their father."
U 629,+ iluhi ' nuk ' fuluhi ' þiR litu ' rasa ' s[tain :] þino + aftiR foþur sin + arnkisl ' k[uþ · h]ia[l]bi · onta hons × þurfastr hristi runoR,"Illugi and Fullugi, they had this stone raised in memory of their father Arngísl. May God help his spirit. Þorfastr carved the runes."
U 630,freybiurn · lit · raisa · sain · þeno · eftiR · kuntiarf · faþur · sin,"Freybjôrn had this stone raised in memory of Gunndjarfr, his father."
U 631 $,[nigulas + lit · rita · stena · eftiR · syhsa · fa]þur sen ·,"Nikulás had the stones erected in memory of Sœgsi, his father."
U 632 $,...i ' o- ...inbiorn ... ... ...-oþ-r ' sin ' syhsa,... and Steinbjôrn/Arinbjôrn ... ... his brother Sœgsi.
U 633,...kifa × lit × raisa × stain × eftiR × ulfkitil × bonta × sin han × u(a)R × faþiR ' sikr...,"<...kifa> had the stone raised in memory of Ulfketill, her husbandman. He was the father of Sig-..."
U 634 †,[· aust... ...t · kira · mirki · at · uikisl · faþur · sin · kuþn],"Eysteinn had the landmark made in memory of Végísl, his good father."
U 635,r[ol]u[fr × auk × arnfastr] × auk × arfastr × auk × arni × ra(i)[s](t)u × stin × [a]t × [kura-]a × [fa]þu... ...,Hrólfr(?) and Arnfastr(?) and Arfastr and Árni raised the stone in memory of <kura-a> (their) father ...
U 636,alui · lit · risa · stn · þtin · at · arfast · sun sin · hn · fur · ausR · i karþa,"Ôlvé had this stone raised in memory of Arnfastr, his son. He travelled to the east to Garðar (Russia)."
U 637,snari : auk : kitilbiurn : litu : aris[a s-... iftir : ulf : faþur : sina : ku-]iþ : bun[(t)a : sin],"Snari and Ketilbjôrn had the stone raised in memory of Ulfr, their father; and Gyríðr in memory of her husbandman."
U 638 † §P,[... ... gara · manseki · bro · breka · yk kiar · þa · auk er · kerþi · bro · biorn ruibhio... ...fulki... ...rki] §Q [... ... kara · manseki · bro breþa · uikusa · akarþir · karþi · bink · biorar · broin... ...ful-... ...uki],... had Mannsengi bridge made broad ... ... ... ... ... ... ... ... ... ... ... §Q ... had Mannsengi bridge made broad ... ... ... ... ... ... ... ...
U 639 †,[... ...tir : biarn : faþur : sin : uas su... ...],"... in memory of Bjôrn, his father; (who) was the son(?) ..."
U 640 $,× kus × auk × sikhialmr × litu + raisa + stin × iftiR · ant[ui]t · fa[þ]ur sin ·,"Kúss(?)/Guss(?) and Sighjalmr had the stone raised in memory of Andvéttr, their father."
U 641,hiþinkair × auk [×] biorn × raistu × eftir × ki(l)t[a ×] bonta × koþa[n],"Heðingeirr and Bjôrn raised (this) in memory of Gildi(?), the good husbandman."
U 642,hiþinka... auk × biorn × raistu × eftir × kil... ...þur sint,"Heðingeirr and Bjôrn raised (this) in memory of Gildi(?), their father."
U 643,× kulaifr × auk × ka(r) × litu × raisa × stain × eftir × antuit × rauþa × faþur · sin ×,"Gulleifr and Kárr had the stone raised in memory of Andvéttr the Red, their father."
U 644 $,an(u)(i)(t)r : auk · kiti : auk · kar : auk · blisi · auk · tiarfr · þir · raistu · stain þina · aftiR · kunlaif · foþur : sin han : fil · austr : miþ : ikuari kuþ heabi ontini,"Andvéttr and <kiti> and Kárr and Blesi and Djarfr, they raised this stone in memory of Gunnleifr, their father. He fell in the east with Ingvarr. May God help (his) spirit."
U 645,usnikin ' lit rita stin þino ' ata bruþr sino ' osua- ... ... hiilbi ont þiRa,Ósníkinn had this stone erected in memory of his brothers Ásvarðr(?)/Andsvarr(?) ... May God help their spirits.
U 646,stainbiurn · l[i]t raisa · stain · þino · eftiR · þurkaut · faþur · sin ·,"Steinbjôrn had this stone raised in memory of Þorgautr, his father."
U 647 $,· kilnuk · lit · r[i]sa · stn · at · sikterf · faþur · sin · (b)[oan]ta · h[u]lmfriþaR · bali ·· risti staina þis... · baþa ·,"Gillaug had the stone raised in memory of Sigdjarfr, her father, Holmfríðr's husbandman. Balli carved both of these stones."
U 648 $,sihialmr · lit · raisa · stain · þina eftR · kus · broþur sin,"Sighjalmr had this stone raised in memory of Kúss(?)/Guss(?), his brother."
U 649,· uikigr · auk · balsi · auk · emigr ...r · raistu · sain × þen[o] · ift[iR] · kuþrik · faþur · sin ·,"Víkingr and Balsi and Hemingr, they raised this stone in memory of Guðríkr, their father."
U 649B †,[þorilþ · lit · kiarua · kubl · þ... ... þR · buki| |i · osaoiar · kuþ hulbi · ...],Þórhildr had this monument made ... They lived in <osaoiar>. May God help ...
U 650,· ulfkair · auk · ha(l)ftan · þair letu · raisa · stn · at · sikraif · faþur · sin · kuþ · hielbi ... hans ·,"Ulfgeirr and Halfdan, they had this stone raised in memory of Sigreifr, their father. May God help his spirit."
U 651,· bel[e]ik[r · au]k [· hefton · auk · s]i-ig[r] · (r)aist(u) · [s](t)a[in · þina] · at · ulf · buruþur : s[in],"Bleikr(?) and Halfdan(?) and <si-igr> raised this stone in memory of Ulfr, their brother."
U 652,[k]u[ni]tr · let · (k)(e)ra · [m]erki · þesa · at ·· þial[f]- · su[n ·] sin · auk · [i]ftir · sik · sialfa ·· ar[b]iurn · iuk ·· stain · þinsa ·,"Gunnhildr had these landmarks made in memory of Þjalfi, her son, and in memory of herself. Arnbjôrn cut this stone."
U 653,× þurkil · huk + ufhikr × huk × þusthin + þaiR ' ker(þ)u ' merki + þesa + at · uifast ' fa[þur · si](n),"Þorkell and Ófeigr and Þorsteinn, they made these landmarks in memory of Véfastr, their father."
U 654 $,+ a--itr : auk · ka(r) auk : kiti : auk : -[l]isi : auk · tiarfr : ris[t]u : stain : þena : aftir : kunlaif : foþur sin ¶ is u[a]s nus(t)(r) · m[i](þ) ikuari : tribin kuþ : hialbi : o(t) þaira ¶ al-ikr| |raistik · runar ¶ is kuni + ual · knari stura,"Andvéttr and Kárr and <kiti> and Blesi and Djarfr raised this stone in memory of Gunnleifr, their father, who was killed in the east with Ingvarr. May God help their spirits. Alríkr(?), I carved the runes. He could steer a cargo-ship well."
U 655,...·gaiR · le(t) · ke[ra] · merki · þisa · auk · sigfus · at · ... buruþur · sin ·,"...-geirr had these landmarks made, and Sigfúss in memory of ... their brother."
U 656 $,[r]uþ[i]lfR · lit · kera · merki [· þisa · e]ftiR · agmunt · sun · sin [·],"Hróðelfr had these landmarks made in memory of Agmundr, her son."
U 657,h[outi]an [· auk · asur · þair · litu ·] (r)aisa · merki · þisa · at [·] (u)l[f] · faþur · sin ·,"<houtian> and Ôzurr, they had these landmarks raised in memory of Ulfr, their father."
U 658,... aystain · ra[is](t)u · st[ai]n [· þin · at · -]...ar · f(a)[þur · sin],... Eysteinn raised this stone in memory of ... their father.
U 659,· kaiRbiarn · auk · kyliR · auk · iukaiR · auk · o... raisa stain · aftiR · kaiRmunt · karl,"Geirbjôrn and Gyllir and Jógeirr and ... the stone raised in memory of Geirmundr, ... man."
U 660,× -ntuit- auk : aikiR · auk × uikhialmr × auk × kali × raistu × (s)tin × -ftiR × kaiRfast × faþur × sin,"Andvéttr and <aikiR> and Víghjalmr and Kali raised the stone in memory of Geirfastr, their father."
U 661,kairui × auk × kula × ristu × stain þina × aftir × onunt × foþur sia is uas × austr × tauþr × miþ × ikuari × kuþ × hialbi ot × onutar,"Geirvé and Gulla raised this stone in memory of Ônundr, their father, who died in the east with Ingvarr. May God help Ônundr's spirit."
U 662,s[ik] : hulfatr · li[t](u) · (r)-... stin : uftr · uikbian · au[k] : ulf [auk :] biurn ·,<sik> and Holmfastr had the stone raised in memory of Vígbjôrn and Ulfr and Bjôrn.
U 663,osgun ' lit ' rita ' stain ' eftiR ' sun ' sen ' þorgisl,Ásgunnr had the stone erected in memory of her son Þorgísl.
U 664 U,°,°
U 665,· ikul·fhstr · auk · faþi · auk · fast·ulfr · þair · letu · gera · merki · þesa · at · asur · faþur · sin ·,"Ígulfastr and Faði and Fastulfr, they had these landmarks made in memory of Ôzurr, their father."
U 666 †,[...rn ×],Bjôrn(?)
U 667,· ig(u)lbi(u)rn · auk · nesbi(u)rn · itu · raisa · st(a)... ... ...ftiR · uinþa · faþur · sin ·,"Ígulbjôrn and Nesbjôrn had the stone raised ... in memory of <uinþa>, their father."
U 668,' sterkar · auk ' hioruarþr ' letu · reisa · þensa · stein at ' faþur sin keir(a) ' sum ' uestr ' sat ' i þikaliþi · kuþ hialbi salu,"Styrkárr and Hjôrvarðr had this stone raised in memory of their father Geiri, who sat in the Assembly's retinue in the west. May God help (his) soul."
U 669 †,[sterkar auk · hioruarþr · litu · reisa · þinsa · stain eftR · kisl · broþur · sin · kuþ hialbi · antini uisti nuk · ufaih · þeiR hieku],"Styrkárr and Hjôrvarðr had this stone raised in memory of Gísl, their brother. May God help (his) spirit. Véseti and Ófeigr, they cut."
U 670,...--n : -...s... eftiR : aist : sun : sin : kus na-...,"... ... in memory of Eistr, his son ..."
U 671,[olb](u)si · let · raisa · stain · þeno · at · ufak · faþu(r) · sin ·,"<olbusi> had this stone raised in memory of Ófeigr, his father."
U 672,...u(t)... (l)etu · raisa · mer... ... ...f ...(þ)ur · sin ·,"... had the landmark raised ... ..., their father."
U 673 †,[... ...lfton · auk · ok...],... Halfdan and ...
U 674 $,+ fili × suarthaufþi × tiarfr × ofaikR × rai(s)[tu × st]in × eftiR × osurk × faþur sin +,"Fíli, Svarthôfði, Djarfr (and) Ófeigr raised the stone in memory of Ósyrg, their father."
U 675,†$ [...tbiurn × lit × -...ta × stin × a--... ...ast × sun × sin ×],"†$ ...-bjôrn had the stone erected / carved in memory of ...-fastr, his son."
U 676 $,· (b)artr · auk · bysiR · auk · kulua · þair · letu · raisa · stain · þeno · eftir · osur · buruþr · sin þaisi · (u)aRu · uikulfs · arfaR ·,"Bjartr(?) and Býsir(?)/Bœsir(?) and Kylfa(?)/Gloá(?), they had this stone raised in memory of Ôzurr, their brother. They were Vígulfr's/Víkulfr's heirs."
U 677 $ §P,...- ok -ualtar aok × nesbiorn ' aok ...a...su... §Q ...- ok ' ualtar aok × nesbiorn ' aok ...a...su...,... and ... and Nesbjôrn and ... §Q ... and Valdarr and Nesbjôrn and ...
U 678,antuitr × auk × kulaifr × auk × kunar × auk × haursi × auk × rulaifR × litu [×] rai(s)[a] × s(t)[ain × a](t) × þorþ × faþur × sin fotr × hiuk × runaR,"Andvéttr and Gulleifr and Gunnarr and Haursi and Hróðleifr had the stone raised in memory of Þórðr, their father. Fótr cut the runes."
U 679,...þ... (l)itu · raisa · stain · þino · eftiR · iþin · faþur · sin ·,"... had this stone raised in memory of Heðinn, their father."
U 680,...alf...[sat]...,...
U 681,: þialfi : risti : stin : þisa : aftiR : uik-- (b)(r)uþur:sun sin : kuþ : ihlbi : silu : uikiks :,"Þjalfi raised this stone in memory of Víkingr, his brother's son. May God help Víkingr's soul."
U 682 †,[+ þura · let · raisa · stain · þen · at · akmunt · auk · eftiR · siba · sun · sin + arliurn iuk · snin ·],"Þóra had this stone raised in memory of Agmundr and in memory of Sibbi, her son. Arnbjôrn cut the stone."
U 683,· kari · auk · ufaikr · (r)(a)--(t)u · --... ...(t) · kun[ar ·] faþur · sin ·,"Kári and Ófeigr raised the stone in memory of Gunnarr, their father."
U 684,sihuiþr · uk · suin ' litu ' rita stain ' at ' heuiþ · faþur sin ·,"Sigviðr and Sveinn had the stone erected in memory of Hegviðr, their father."
U 685,· u[lafR · a]uk · ar(m)untr · litu · raisa · stain · þi[na · aftiR · kaiRmunt · faþur sin],"Ólafr and Arnmundr had this stone raised in memory of Geirmundr, their father."
U 686,· þurbiurn · auk · kurþi · (a)uk · (u)ifari · þaiR · litu · (r)aisa · mirki · þisa · [at ·] uibiurn · faþur · sin ·,"Þorbjôrn and <kurþi> and Víðfari, they had these landmarks raised in memory of Vébjôrn, their father."
U 687,runa ' lit kiara ' mirki at ' sbialbuþa ' uk ' at ' suain ' uk ' at · antuit ' uk at ' raknaR ' suni ' sin ' uk ' ekla ' uk ' siri(þ) ' at ' sbialbuþa ' bonta sin an uaR ' tauþr ' i hulmkarþi ' i olafs · kriki ' ubiR · risti ' ru,"Rúna had the landmark made in memory of Spjallboði and in memory of Sveinn and in memory of Andvéttr and in memory of Ragnarr, sons of her and Helgi/Egli/Engli; and Sigríðr in memory of Spjallboði, her husbandman. He died in Holmgarðr in Ólafr's church. Œpir carved the runes."
U 688 $,· as[bi]arn · a[uk · m]ul[i] · au[k · a]uþbi[u]rn · ... ...[s]a · sta[in · þe]no · at [· s... ...aþur · si]n [ar]biurn · i[uk · sain] · þino,Ásbjôrn and Múli and Auðbjôrn ... this stone raised in memory of ... their father. Arnbjôrn cut this stone.
U 689 $,siab · auk · sibi · auk · tubi · litu · raisa · merki · þesa · eftiR · karl · buruþur · sin ·,"<siab> and Sibbi and Tobbi/Tubbi had these landmarks raised in memory of Karl, their brother."
U 690,· ika · lit · ... ... ...nsa · at · siksan · (s)un sin · kuþ · hielbi · sal hans · uel ·,"Inga had this stone raised in memory of Sigsteinn, her son. May God well help his soul."
U 691,birn : lit : risa : s--- ...- : iftiR : sterbirn sun sin : mrþan : kristr : hilbi : anta : hans,"Bjôrn had this stone raised in memory of Styrbjôrn, his murdered son. May Christ help his spirit."
U 692,hru:muntr : ak · kuþ:muntr : latu : risa : stin : þansa iftiR : slyru : faþur : sin : kuþan ÷ uþbirn : risti :,"Hróðmundr and Guðmundr had this stone raised in memory of Slóra(?)/Slyðru(?), their good father. Auðbjôrn carved."
U 693,°,°
U 694 †,°,°
U 695 $,...f[r · auk · siri(þ) · þaiR · litu · risa · stain · at] · yla[if ·] sun · s[i]...,"... and Sigríðr, they had the stone raised in memory of Óleifr/Eyleifr, their son."
U 696,...-- · (r)(a)--a · st-... -t · a-ui · (l)ausa · s-- · --...-- · ilbi · sial hans,"... the stone raised in memory of Ôlvir(?), his freedman(?) ... may help his soul."
U 697 †,[... ...tu : risn : stain : at · ailifR · faþ:ur ...oþn...],"... had the stone raised in memory of Eilífr, (their) father ..."
U 698,†$ §P [sufar lit : aristn · þin · afir · askir sun : sin : han · ut fai : a liflai|n|þ|i| |i| |i|n|þ|i · frai...] §Q [sufar lit : aristn · þin · afir · askir sun : sin : han · ut fai : a liflai|n|þ| i| |i|n|þ|i · frai...],"†$ <sufar> had the stone raised in memory of Ásgeirr, his son. He fell in Lífland, abroad in Freygeirr's(?) retinue."
U 699 $,[ikilaif · let · r]as[a · st-- at · bruna · boanta ·] s[in] · h(a)n : (u)arþ [·] tauþr · a t[an](m)(a)rku · ¶ · i huita·uaþum [· bal]i · ¶ · [-r]ist...,"Ingileif had the stone raised in memory of Brúni, her husbandman. He died in christening robes in Denmark. Balli carved."
U 700,kuti : lit : risa · st(a)...(n) : þinsa : ybtiR : ikialt : bruþur : sin : kuþ : hialub·i · ant hans ·,"Goti had this stone raised in memory of Ingjaldr, his brother. May God help his spirit."
U 701 †,[kuti : lit : risa st... þinsa : iftiR : i-ialt : bruþur : sin : kuþ × ialibi salu : hans ·],"Goti had this stone raised in memory of Ingjaldr, his brother. May God help his soul."
U 702,°,°
U 703,: -sui · let [·] rnisa · stain [·] þisa · at · anulf · sun · sen · koþan ·· han · byki · her ...- · mantr · matar · -o-r · auk · mls · ri(s)ia ·,"Ásvé had this stone raised in memory of Arnulfr, her good son. He lived here ... a man free with food and eloquent."
U 704,°,°
U 705 $,[· ulaifr · tuk hiulmfastr · au... ...u- auk] · (e)(n)[ibrantr] · þair · litu · [raisa · s](t)ain · [þ... ...ui-... bali · ri...],"Óleifr and Holmfastr/Hjalmfastr and ... and Ennibrattr, they had the stone raised ... ... Balli carved."
U 706 $,... auk · hiulmfas... ... ...air · litu · rais... ...na · at · uikaut · (f)... ...,"... and Holmfastr/Hjalmfastr ..., they had the stones raised in memory of Végautr, (their) father ..."
U 707 $,· ysurkR --... · stan · þina · nt · ka(u)bm...(n) · faþur · sen · koþan · (h)...(n) · byki| |i · h(u)... ¶ · bali · risti · r(u)--r · þis-(r) · hier · man · stanta · stan · ne(r) (b)(r)-...-u ·,"Ósyrgr ... this stone in memory of Kaupmaðr, his good father. He lived in Húsabýr(?) Balli carved these runes. Here will the stone stand near the path."
U 708,· kali · l-t (r)...--a · stn · (a)t · sigraif · brþur · --- ...un · sairR ·,"Kali had the stone raised in memory of Sigreifr, his brother, <sairR>'s son(?)."
U 709,°,°
U 710,=U_707,=U_707
U 711,°,°
U 712 $,[-laifr · lit raisa · stain · ... ...t · kribior- b·roþur sin] · kuþ[·a]... ... ...isti · s[ti]...,"Óleifr had the stone raised ... in memory of Geirbjôrn(?), his good brother ... carved the stone."
U 713 †,[...- ulaifr · þaiR · lity raisa · stain · at · trbiorn · b... ...],"... Óleifr, they had the stone raised in memory of Geirbjôrn(?), (their) brother ..."
U 714,†$ [... sin · koþan ·],†$ ... his good
U 715,... ...bti- ...,... in memory of(?) ...
U 716 $,· bruni : lit : resa : auk : ari stin : þina : yftiR : kuþ:fast : faþur : bruna : auk ari : yftiR · buanta sin,"Brúni and Arnvé(?) had this stone raised in memory of Guðfastr, Brúni's father; and Arnvé(?) in memory of her husbandman."
U 717,°,°
U 718,†$ [...asr : auk : olifR : auk : uar:asi : li-... ... ...-tan : þina ...þa...],†$ ... and Óleifr and Varr-Ási(?)/Vôrr-Ási(?) had ... this stone ...
U 719,+ akyti lit + rita + st-n + þino + yfti + tumo ... ...istr + lati kumo + ot + tumo + i lus yk baratisi + yk i þon em + besta + kristnum +,Ágoti had this stone erected in memory of Tumi/Tummi ... May Christ let Tumi's/Tummi's spirit come into light and paradise and into the best home for Christians.
U 720 $,myntil : auk : farbiurn : auk : arnkeR : auk : kigumantr : litu : resa sten : þensa : u:y(b)-iR : iab : faþur : -in,"Myndill and Farbjôrn and Arngeirr and <kigumantr> had this stone raised in memory of Japr(?)/Jarp(?), their father."
U 721,· ikikirþ · l... ... · boanta · hulmfiþaR · boþur · terfs · bali · risti :,"Ingigerðr had ... Holmfríðr's husbandman, Djarfr's brother. Balli carved."
U 722,· tafaistr · lit · raisa : stain · at · a... ...roþur · sin · kuþ · hielbi ' sial · hans :,Tafeistr had the stone raised in memory of ... his brother. May God help his soul.
U 723,· aykaiR · auk · fr---...R · [þaR · lit]u ·· raisa [sta]... ...- · kuta · faþur · sen · koþan ·,"Eygeirr and Freygeirr, they had the stone raised in memory of Goti, their good father."
U 724,· aykaiR · auk · fraikaiR · þir · letu · raisa · stan ·· at · kuta · faþur · sen · ku... ...--bi · sal · hans ·,"Eygeirr and Freygeirr, they had the stone raised in memory of Goti, their father. May God help his soul."
U 725 †,°,°
U 726,þuriR : lit : risa : stin : þina : yftiR : isbir : f... ...-- : -(u)(þ) ... ... ... ... ... ... ...- til : kart : bali : risti : runa-,"Þórir had this stone raised in memory of Ásbjôrn, his father.(?) May God help his soul better than he had deserved. Balli carved the runes."
U 727,...(r)iR ' auk ' iki-...-r ' auk ' sbiuti ' auk ' sbioulbuþi ' þaiR ' letu ' hakua stain ' (þ)...a ' at ' suain ' faþur ' sen ' kouþan ' kuþ ... ' ... -el... ...s ' ...n ' ha(n) ...ni ' ...,"Þórir(?) and Ingifastr(?) and Spjóti and Spjallboði, they had this stone cut in memory of Sveinn, their good father. God ... ... his soul ... he ... ..."
U 728,°,°
U 729 $,· uiþugsi · lit · raisa · stain · þiasn · iftiR · seref · faþur · sen · koþan · han · byki| |i · agurstam · hier mn · stanta · stan · miþli · bua · raþi · tekr · þaR · ryn si · runum · þim sum · bali · risti ·,"Víðhugsi had this stone raised in memory of Særeifr/Sigreifr, his good father. He lived in Ôgurstaðir. Here will the stone stand between the estates. May the valiant man / the adept who is rune-skilled interpret those runes which Balli carved."
U 730 †,[...--... ...-uk · hu-...],... ... ...
U 731 †,[... · born ' lit · raisa ...],... Bjôrn had ... raised ...
U 732,k[uihbia-... + r]aisti + stain + þina + a[ftr + þ(o)(r)s(t)(a)in + b...r + sin],"Kvígbjôrn raised this stone in memory of Þorsteinn, his brother."
U 733 †,[(þ)(i)(l)stan : lit : ris... ... ...n : sun : sin : kuþan : tiþkumi : hink],Þorsteinn(?) had ... raised ... his good son. Tíðkumi cut.
U 734,uifastr : resti : sten : yftir : selfan : sik : kuikan : li(s)u[al] : [r]isti :,Véfastr raised the stone in memory of himself while alive. Liðsvaldr(?) carved.
U 735,· ueþralti ' lit ' uR · lakarni · stan · almikin · uR · staþi · fyra · auk ·· arker ' þau ' litu ' kubl ' raisa · þisa · at ' siktryk ' sun · sen ',"Veðraldi had the very great stone brought from (its) place out of Langgarn and (with) Arngerðr, they had this monument raised in memory of Sigtryggr, their son."
U 736 †,[... ...ain · uR staþi ... rita ...Ruli ...-...],... stone from (its) place ... erected ... ...
U 737,...a-(a)...--- · --ltan · a(u)... ...(k)...,... Halfdan(?) and ...
U 738 $,...[-n · sin +] sun + hulmfas--/hulmfas--... ... kuþ + hialbi + ant hans +,"... his, Holmfastr's son ... May God help his spirit."
U 739,· hulbiorn · lit · raisa · stan · at ' sik · sialfan ·' hau|n| |u|naR · miltr · mataR · auk · mals·risin ·,Holmbjôrn had the stone raised in memory of himself. He was generous with food and eloquent.
U 740,· a(r)uatr ' let ' raisa ' stain · at ' arbion · [b]roþur '· sin · koþan · ba[li ' (r)]...-... runiR · þisam ·,"Arnhvatr had the stone raised in memory of Arnbjôrn, his good brother. Balli carved these runes."
U 741 †,[hulRstan : lit : kera : mer-... ...lf sun sin ·],Holmsteinn had the landmark made ... his son.
U 742,+ ari + lit × Rftia × usyrk · faþur + sin + ---kumi ' risti · runi,"Ari had (this made) in memory of Osyrg, his father. Tíðkumi carved the runes."
U 743 †,°,°
U 744,· kiþa · lit · raisa · stain · at · þorterf · boanta · sin · sun · kuþuaukaR · auk byki| |i · haruistam · bali · risti · stn ÷,"Gyða had the stone raised in memory of Þordjarfr, her husbandman, Guðlaug's son, and (he) lived in Harvistaðir. Balli carved the stone."
U 745 †,[biarn · auk · runa · þau · litu · risa · st... ... bruþur ...ns],"Bjôrn and Rúna, they had the stone raised ... brother ..."
U 746,· uikisl · lit · rasa ' stain · eftR · sun sin · sihraif × þurkutr · risti · stain · þina,Végísl had the stone raised in memory of his son Sigreifr. Þorgautr carved this stone.
U 747,· --k-(r)-(u) ·,...
U 748,°,°
U 749,· halftan · auk · sikniutr · þair · litu · rasa · stan · at · auþkair · auk · tan ÷· feþr · sina · auk · at · almkar · auk · uibiorn · bryþr · halfanar ·,"Halfdan and Signjótr, they had the stone raised in memory of Auðgeirr and Danr, their fathers, and in memory of Almgeirr and Vébjôrn, Halfdan's brothers."
U 750 $,· saibiorn · auk · fraikaiR · þaiR · litu ·· raisa · sthin · þinsa · at · hiulmfast · broþur · (s)in ·· bali · risti ·,"Sæbjôrn and Freygeirr, they had this stone raised in memory of Holmfastr/Hjalmfastr, their brother. Balli carved."
U 751 $,hulm(k)iR · auk · labus · auk · lafsi · þaiR · litu · raisa stain · at aib-rn · faþur sin koþan · ...t...,"Holmgeirr and <labus> and Lafsi, they had the stone raised in memory of Eibjôrn, their good father ..."
U 752 $ §P,...---... ...-uku hin uk| |kumi -... §Q ...---... ...þ-ukuhinukumi-...,... cut this (stone) and Gummi ... §Q ... ...
U 753,· ikiker · lit · raisa · stain · at · þorlaik · boanta ·· sin · koþan · auk · at · iorunt · auk · at · abiorn · bali · risti ·,"Ingigerðr had the stone raised in memory of Þorleikr, her good husbandman and in memory of Jôrundr and in memory of Ábjôrn. Balli carved."
U 754,fuþork hnis ...,<fuþork hnias> ...
U 755 $,+ lis(m)[a]--... auk + tuki + rastu × stain + (þ)i(n)a + aftir + akaut + bu(k)i + i + k[a](l)[staþ](u)m,Liðsmaðr(?) and Tóki raised this stone in memory of Ágautr (who) lived in Kelsstaðir.
U 756,þolfr · auk · fastulfr · auk · erlaifr · þair · litu · hakua ' stain · at ' rok · faþur · sin · bali · risti · stn ·,"Þólfr and Fastulfr and Ernleifr, they had the stone cut in memory of Hrókr, their father. Balli carved the stone."
U 757,bal[i · auk · iki-i]orn · auk · uikbi[or]n · þi[R] litu ' risn ' sten ' at ' ui(b)(i)orn ·,"Balli and Ingibjôrn(?) and Vígbjôrn, they had the stone raised in memory of Vébjôrn."
U 758,ikib(i)rn : ak : þiR : bryþr : litu : risa : stin : þina : a(t) : ikhul : faþur : sin : (k)uþ : hilbi : anta : hns bt(r) : þin : (h)-(n) : (h)--... ...- : -(a)(r)- : --...---- : (r)isti : runaR · þasi,"Ingibjôrn and his brothers had this stone raised in memory of Ígull, their father. May God help his spirit better than he has deserved. Tíðkumi carved these runes."
U 759,birynhiifR : ak : hrifnkR : ak : sik:ualti : utu : risa : stin : þini : at : askiR : faþur : sin : kuþ trutin : hilbi : anta : hans : bitr : þan : han : hifiR : til : kart : tiþkumi : risti : runaR : þasi,"Brynjulfr(?) and Hrefningr(?) and Sigvaldi had this stone raised in memory of Ásgeirr, their father. May Lord God help his spirit better than he has deserved. Tíðkumi carved these runes."
U 760,=U_796,=U_796
U 761 †,[... ...ir · atln · faþur · sin ...],"... in memory of Atli(?), his father ..."
U 762,[iaruntr + raisti] × stain × þina + aiftir + iarl × sun [si]n,"Jôrundr raised this stone in memory of Jarl, his son."
U 763,bruni : ak : hulm:stin : litu : risa : istin : þinsa : uftiR : kun:birn : faþu(r) : sin : kuþan,"Brúni and Holmsteinn had this stone raised in memory of Gunnbjôrn, their good father."
U 764,brunk : ak : hulm:stin : litu : risa : istin : þin:sn uftR : kun:brn : faþur : sin : kuþa^ni :,"Brúni and Holmsteinn had this stone raised in memory of Gunnbjôrn, their good father."
U 765,-...k...-...-n : h...sl-...- : a-s : -...,... ... ... ...
U 766,+ kuþastr + [l](i)t + akua + steno + (t)uo + yf(t)(i) + est + sun sen + ayk + selfon sik +,"Guðfastr had the two stones cut in memory of Eistr, his son, and for himself."
U 767,+ lifsten + risti + runi + yfti + feþrka + tuo + kuþa + treka,"Hlífsteinn carved the runes in memory of the two, father and son, good valiant men."
U 768,akuti + auk + osur + auk × biaurn × rastu × stain × (þ)[ina × afti](r) × nuka × trihk + kuþan ×,"Ágoti and Ôzurr and Bjôrn raised this stone in memory of Nokki, a good valiant man."
U 769,sk(a)rþi + raisti + stain + þina × aftir + utryk + sun × sin + kuþ × hialbi + ant × hans × auk + harals,"Skarði raised this stone in memory of Ótryggr, his son. May God help his spirit and Haraldr's."
U 770,· hiþintis · auk · erntis · þaR · letu · rasa · stan · at ·· yfaik · faþur · sin · koþan · bali · risti · stan ÷,"Heðindís and Erndís, they had the stone raised in memory of Ófeigr, their good father. Balli carved the stone."
U 771 $,: alsten : lt : hkua : sten : Rfti : esmon : faþu... ... : sakse : tyþr þuir : syni sinum : tiþkumi : iyk : sten þino,"Hallsteinn had the stone cut in memory of Eistmaðr (his) father. Saxi dead(?) (in memory of) Þjórr(?), his son. Tíðkumi cut this stone."
U 772,°,°
U 773 $,styf-altr · auk · slaka · þaiR · litu · hkua merki · merilit auk · a-lauk · eftiR · hunef · eftiR · --aiþ,"Styfjaldr(?) and <slaka>, they had the monumental/praiseworthy landmark cut, and Arnlaug in memory of Ónæmr(?)/Hónefr(?) in memory of <--aiþ>"
U 774,aybiarn × auk × þurkisl + raistu + stain × þina × aftir × oslaik + siuhr × sin kuþ × hialbi + ont × hans,"Eybjôrn and Þorgísl raised this stone in memory of Ásleikr, their father/brother-in-law(?) May God help his spirit."
U 775,u[i]tarfR · lit · rsa · stin · linsa · ifi[R · asaaiR · a]uk · e[ft] suain auk · uiker · þau liti · litu · (k)... ...(r)ki · t[iþk]umi · risti · ru[naR] þis,"Védjarfr had this stone raised in memory of Ásgeirr(?) and in memory of Sveinn; and (with) Végerðr, they had the landmark made. Tíðkumi carved these runes."
U 776 $,sin : lit : risa : stin : þtina : au[ftr : uiþburn : faþur ...],Steinn/Sveinn/Seinn had this stone raised in memory of Viðbjôrn (his) father ...
U 777 †,[...--nyk : sikmunt ...],... Sigmundr ...
U 778,þialfi × auk × hulmnlauk × litu × raisa × staina þisa × ala × at baka × sun sin × is ati × ain × sir × skib × auk × austr × stu[rþi ×] i × ikuars × liþ × kuþ hialbi × ot × baka × ask(i)l × raist,"Þjalfi and Holmlaug had all of these stones raised in memory of Banki/Baggi, their son, who alone owned a ship and steered to the east in Ingvarr's retinue. May God help Banki's/Baggi's spirit. Áskell carved."
U 779,iaruntr × raisti × staina + (þ)... ...r + iarl + sun × sin × kuþ hialbi + ant hans,"Jôrundr raised these stones in memory of Jarl, his son. May God help his spirit."
U 780,+ ry-... yk + umsten + yk + stenbyrn + litu akua + sten + at + est + bruþur sin,"... and Holmsteinn and Steinbjôrn had the stone cut in memory of Eistr, their brother."
U 781 $,...ui · -ar-... ...(o)þan · kuþ · (h)... ...kia... ...an · til... ...-ti... ...(k)art,... ... good. May God help ... ... ... ... ...
U 782,=U_781,=U_781
U 783 $,°,°
U 784 $,...l · i... -uk ... þa[iR ...ia-...],... ... ... ... they ...
U 785,uifas-- ... : risa : s(t)in : þ(t)ino : ub : at : k-þmunt : bruþur : sin : han : uarþ : tuþr : a : srklant- kuþ halbi : ant : ans,"Véfastr had this stone raised up in memory of Guðmundr, his brother. He died in Serkland. May God help his spirit."
U 786,× aslikR : lit : resa : isten : þina : at : þurkiis : bruþur : sin : kuþ : birki ant ÷ hans,"Ásleikr(?) had this stone raised in memory of Þorgísl, his brother. May God save his spirit."
U 787,°,°
U 788,...st... ...-- + sun se(a) + s-...,... ... his son ...
U 789 $,(þ)(o)rkuþr + lit + akua + sten + Rfti + ruah + bunt- ...,"Þorgunnr had the stone cut in memory of Rúni(?)/Hróarr(?), (her) husbandman ..."
U 790 †,[runi · risti · ruar · atiR · sunu · sini · suira · auk · ...],Rúni carved the runes in memory of his sons Sverri(?) and ...
U 791,frysten + lit + a^rka + sten + Rfti + estulfr + sun sin + yk + bru kera,"Freysteinn had the stone cut and the bridge made in memory of Eistulfr, his son."
U 792 $,kar lit · risa · stin · þtina · at · mursa · faþur · sin · auk · kabi · at · mah sin · fu- hfila · far · aflaþi ut i · kri[k]um · arfa · sinum,"Kárr had this stone raised in memory of Haursi(?), his father; and Kabbi(?)/Kampi(?)/Kappi(?)/Gapi(?) in memory of his kinsman-by-marriage. (He) travelled competently; earned wealth abroad in Greece for his heir."
U 793,halha × raisti × stin × þina × aftir × (h)rulf × buonta × sin × kuþ hialbi + at hans,"Helga raised this stone in memory of Hrolfr, her husbandman. May God help his spirit."
U 794,+ ik-...þu-... ...(r) + faþur + sen +,... ... his father.
U 795,+ þikbyrn + lit akua + st(e)n + yfti + suni + sino +,Þingbjôrn had the stone cut in memory of his sons.
U 796 $,+ se-rimr + lit + aku... ...-t + sun sin + afast ++ lifsten + iuk runi + þsa + at + kuþon trek +,Sægrímr had (this) cut in memory of his son Áfastr. Hlífsteinn cut these runes in memory of the good valiant man.
U 797 $ §P,+ yar + yk + kari + litu + akua ... ...s... ...(u)(s)-(e)(k)-(l) + faþur sen §Q + yar + yk + kari + litu + akua ... ...s... ... (u)(s)-(e)(k)-(l) + faþur sen,"Eyjarr(?) and Kári had ... cut ... ... their father. §Q Varr(?) and Kári had ... cut ... ... Ósníkinn(?), their father."
U 798 †,[uibiarn × raisti × stain × iftir × katil + kuþ hialbi + ant hans],Vébjôrn raised the stone in memory of Ketill. May God help his spirit.
U 799 M,: tomas : ligær : unt:ir : þæma : steni :+ han uarþar : ulueþin ioan : i : brunnum : han risti : runir : þøsa^r :,"Thomás lies under this stone. Ulfheðinn wards him (ie made the gravestone). Jóhan of Brunnar, he carved these runes."
U 800 $,oaskut:ar : lit : raesa : istaen : at : mintil : sun : s...,"Ásgautr had the stone raised in memory of Myndill, his son."
U 801,°,°
U 802,× uikikr × lit × raisa × stain × þan(s)(i) × aftiR × sm-... (s)un sin + is yas + trakia + batstr +,"Víkingr had this stone raised in memory of Smiðr(?), his son. He was the best of valiant men."
U 803,ulfr : lit : raesa : istaen siulfr : han : yiftiR : sik,"Ulfr had the stone raised, he himself in memory of himself."
U 804,kuþ ialbi ant anunta,May God help Ônundi's/Ônundr's spirit.
U 805,†$ §P [fulkir : lit : risa : st... --r : iel : bruþur : sin : auk : kunimar : eftir : menk : faþur : sin bunta : kuþan : matar : buki| |i uikby] §Q [fulkir · lit : risa : st... --- : mer : bruþur : sin : auk : kuni:mar : eftir : m·enk : faþur : sin bunta : kuþan : matar : brike -ukni ·] §R [fulkir : lit : risa : st... ...(r)ir : mei- : bruþur : sih auk : kuni:mar : eftir : mink : faþur : sin bunta : kuþan : matar : buki| |i : uiki],"†$ §P Folkgeirr(?)/Folkgerðr(?)/Fylkir(?) had the stone raised in memory of ... his/her brother; and Gunnmarr in memory of <menk>, his father, a husbandman free with food. (He) lived in Víkbýr(?). §Q Folkgeirr(?)/Folkgerðr(?)/Fylkir(?) had the stone raised in memory of ... his/her brother; and Gunnmarr in memory of <menk>, his father, a husbandman free with food. (He) lived in Víkbýr(?) §R Folkgeirr(?)/Folkgerðr(?)/Fylkir(?) had the stone raised in memory of <mei->, his/her brother; and Gunnmarr in memory of <mink>, his father, a husbandman free with food. (He) lived in Víkbýr(?)"
U 806 †,[...istirf...],...
U 807,... ...l · hans · -...,... his soul(?) ...
U 808,· kisl · auk · nkimuntr · koþiR ' trekaR ' kerua · litu · merki · at · halftan '· faþur ' sin ' auk ' at ' aytisi · moþur ' sina · kuþ ' hielbi · sal · henaR ' uel nu ',"Gísl and Ingimundr, good valiant men, had the landmark made in memory of Halfdan, their father and in memory of Eydís, their mother. May God now help her soul well."
U 809,burn : auk : kisl : ristu : stin : (þ)(i)(n)(s)i : eftir : antuit : faþur : sin : buki| |i : herfistam : frenta : karþars,"Bjôrn and Gísl raised this stone in memory of Andvéttr, their father, Gerðarr's kinsman (who) lived in Hervistaðir."
U 810,... auk · ernuiþr · þair ×× li(t)u · raisa · stan · þisa ...,"... and Ernviðr, they had this stone raised ..."
U 811,fas(t)...(R) + þuliak × oaRtþiol × atiurai × fasatiR + þaloi + oaRfsai,... ... ... ... ... ... ...
U 812,× faþur × sin × saR × uarþ × tauþr × o eg×loti ×,his father. He died in England.
U 813 $,[uiki...r · le- ...-isa · stain ...t · r... ...]n · sun [· r--nuktr · ku]þ · hielb[i · sal · oais],Víkingr(?) had the stone raised in memory of ... ... son ... May God help his soul.
U 814 $,· sloR · auk · tan · litu · raisa · stain · at · hulmkaiR · faþur · sin ×,"Sljór(?)/Sleyr(?) and Danr had the stone raised in memory of Holmgeirr, their father."
U 815,[i-rkiorþ · lit · raisa · stain] · at ' anut ' faþur · sin [auk at ...tau-...] moþur sina · kuþ · hiebi · sal · þair-,"<i-rkiorþ> had the stone raised in memory of Ônundr, his father, and in memory of ... his mother. May God help their souls."
U 816 †,[kula lit rita sta... ...],Gulla had the stone erected ...
U 817 †,[auþker · auk · aker · litu · raisa · stain · þino eftiR · kula · faþur sin],"Auðgeirr/Auðgerðr and Ágeirr/Ágerðr had this stone raised in memory of Gulli, their father."
U 818,[knutr : auk : arnburk : auk : kusu]ir : auk : ku[n]ar : auk : halftan : auk : ikifastr [: ristu : stain : þinsi ... ---- i : k]rutum : auk : likhus : auk : bru : k[uþ : hiabi : ot has : nu],Knútr and Arnbjôrg and Guðvér(?) and Gunnarr and Halfdan and Ingifastr raised this stone ... ... in Grjót and sarcophagus/hospice and bridge. May God now help his spirit.
U 819 $,· sin · lit · raisa · staia · þena · at · faþ(u)(r) --...[t]a · -þah ·· sirþaR · boanta · kuþ · hielbi · sal [· hans · bali · r]isti ·,Sveinn/Steinn/Seinn had this stone raised in memory of (his) father ... Sigríðr's husbandman. May God help his soul. Balli carved.
U 820 $,°,°
U 821 $,+ istryr ÷ lit ÷ raisa ' stain ' þina ' iftiR ' hiþinfast ' fa-(u)r sin ' auk ' auþa ' iftiR ÷ buanta ' sin ' ak ' iftiR + auþkerþi ' tutur sina ×,"Ástríðr/Ásrøðr had this stone raised in memory of Heðinfastr, her/his father; and Auða in memory of her husbandman and in memory of Auðgerðr, her daughter."
U 822,°,°
U 823 †,[... -at · raisa × st... ... ... ...lbi + ot × ...],... had the stone raised ... May God help (his) spirit ...
U 824,iukiR auk · ifriþr · litu^ ^rita stian þina| |abtiR bruþur · rhuþilfaR · i u-(r)bhrki osmuntr| |ritsi runaR,Jógeirr and Áfríðr(?) had this stone erected in memory of Hróðelfr of ... -bergi's brother. Ásmundr carved the runes.
U 825 $,kuln... let · raþa -...k--k-- ytR · -un ...(i)n · hulmkR suathafþi --...,... had arrange(?) ... in memory of(?) his son Holmgeirr(?). Svarthôfði ...
U 826 †,[kuþriuin · lat · rita · stin · at inkimuntr faþur · sin],"Guðbjôrn had the stone erected in memory of Ingimundr, his father."
U 827,... inkifastr · litu raisa stain at ikibiarn uk kuniltr · uk at sun sin ...,... Ingifastr had the stone raised in memory of Ingibjôrn; and also Gunnhildr in memory of her son ...
U 828 $,kakr × uk × a[k]un × litu × akua × sten × uk × br[u × kira × u]ftir × ernisl [× faþur + sin × kuþan × ku]þ × ialbi salo ans × t(i)[þk]umi [×] uk × sten × þino,"Kagr(?)/Gagr(?) and Hákon had the stone cut and the bridge made in memory of Erngísl, their good father. May God help his soul. Tíðkumi cut this stone."
U 829,' furkuntr · auk · kuanr · þnir · litu · hakua : stain : þinsa · at · anut '' faþur · sin · boanta · auþfriþaR · bali : risti · stan · þisa ·,"Forkunnr and Gunnarr, they had this stone cut in memory of Ônundr, their father, Auðfríðr's husbandman. Balli carved this stone."
U 830,†$ [...-u(l)--n... sinar · a... ...r · s...],†$ ... ... ... ... ...
U 831 $ §P,...- × ihu-... ... ...aisa + ste(n)a + iftir × luþin × sun × sin × §Q × ihu- ... ...aisa + ste(n)a + ifti(r) × luþin × sun × sin ×,"... ... had the stones raised in memory of Loðinn, his son. §Q Ígull had the stones raised in memory of Loðinn, his son."
U 832 †,[...anes--...k + ista...],... ...
U 833 †,°,°
U 834,... uk ... at · f... ...,... and ... in memory of (his) father(?) ...
U 835 M,...,...
U 836,kisl hulfastr kuþfast styrfastr þorkisl raistu stain eftR salua faþur sin,"Gísl, Holmfastr, Guðfastr, Styrfastr (and) Þorgísl raised the stone in memory of Salvi, their father."
U 837,... ...k × hulmk... ... ...(r)s + liþ × kuþ × hialb(i) ...,... and Holmgeirr(?) ... Ingvarr's(?) retinue. May God help ...
U 838 $,þufr · auk · þorfatr · þair · litu ' raisa ' stan · at · þorborn · faþur · sen · koþan ·· hir maa ' stanta ' stain ' ner ' brautu ' auk ' (k)ilauk ' riþ · kirua ' merki ' [at] (b)(o)a--- · sen :,"Þólfr(?)/Þœfr(?) and Þorfastr, they had the stone raised in memory of Þorbjôrn, their good father. Here will the stone stand near the path. And Gillaug arranged the making of the landmark in memory of her husbandman."
U 839,· hamunti · auk · auþker · litu · raisa · stin · þina · eftR · anunt · sun sin · auk · bru · giara,"Ámundi and Auðgerðr had this stone raised and the bridge made in memory of Ônundr, their son."
U 840,hulfriþ · auk · fulkui · litu · risa · s[t]ain · þina · eftR · þorstain · faþur sin,"Holmfríðr and Folkvé had this stone raised in memory of Þorsteinn, their father."
U 841 $,[... ...t · raisa × s]-ain × ef-... ... [...-r sin],... had the stone raised in memory of ... his father /brother.
U 842 $,infri[þ] ' lit ' rita ' stain ' ftiR ' þorþ ' [broþur si]... hulm[kiR · lit × kira merki at hulms]...,"Ingifríðr/Ingríðr had the stone erected in memory of Þórðr, her brother. Holmgeirr had the landmark made in memory of Holmsteinn."
U 843 †,[arþkaiR auk × þurstain × munkaiR × auk × ketilmutr litu × raisa × stain × nftiR × ulf × faþur sin],"Harðgeirr and Þorsteinn (and) Mungeirr and Ketilmundr had the stone raised in memory of Ulfr, their father."
U 844,[kisl × a]uk × biarn × auk × askiR × litu × raisa × stai[n × at × þorstin fa]þur sin ×,"Gísl and Bjôrn and Ásgeirr had the stone raised in memory of Þorsteinn, their father."
U 845 $,[kisl × auk × oskaiR raistu stain × þina| |aftiR biarn buruþur ×] sin · onon · eftiR · faþ[ur sin],"Gísl and Ásgeirr raised this stone in memory of Bjôrn, their brother, the other in memory of their father."
U 846,iafurfast ' ...-nfast ' uikuþ... ... þaR litu r... ...- -isaR -ftiR faþur sin ' asi ' kitilbiurn ' (k)(a)(i)r ' iftiR ' suir ' s-... ... ...fti... bua... ...,"Jôfurfast, ...-fast, Végunnr ... they had ... ... these in memory of their father; Ási, Ketilbjôrn (and) Geirr in memory of their brother-in-law ... in memory of husbandman ..."
U 847 $ §P,' o[ski... -- -]islauh × litu ritu rita stin þino| |ot| |to suni sino ' atiarf ' (u)k s[l]uþa ' osmun[tr '] h[iu] ru[n]a(r)| |(r)itaR þim ' raþa skal ¶ ia ' osmuntr ---aþi risti §Q ' o[ski... -- -]islauh × litu ritu rita stin þino| |oto suni sino ' atiarf ' (u)k s[l]uþa ' osmun[tr '] h[iu] ru[n]a(r)| |(r)itaR þim ' raþa skal ¶ ia ' osmuntr ---aþi risti §R ' o[ski... -- -]islauh × litu ritu rita stin þino| |oto suni sino ' atiarf ' (u)k s[l]uþa ' osmun[tr '] h[iu] ru[n]a(r)| |(r)itaR þim ' raþa skal ¶ ia ' osmuntr- --aþi risti,"Ásgeirr(?) and Gíslaug had this stone ... erected in memory of their two(?) sons Ádjarfr and Slóði. Ásmundr cut the right runes, for him who will interpret. And Ásmundr ... carved. §Q Ásgeirr(?) and Gíslaug had this stone ... erected in memory of their sons Ádjarfr and Slóði. Ásmundr cut the right runes, for him who will interpret. And Ásmundr ... carved. §R Ásgeirr(?) and Gíslaug had this stone ... erected in memory of their sons Ádjarfr and Slóði. Ásmundr cut the right runes, for him who will interpret. And Ásmundr Glaði(?) carved."
U 848,rikuiþr · auk biurn · litu raisa stain þina eftR þostain,Ríkviðr and Bjôrn had this stone raised in memory of Þorsteinn.
U 849 †,[...kul auk hauk| |karþu staf en nasi auk aonutr| |raistu s... ... raisti stuþiþ...is han...],Ígull(?) and Haukr made the staff. And Nasi/Nesi and Ônundr raised the stone ... raised ... ...
U 850 †,°,°
U 851,uani · auk · siriþ ... ...a · yftR · ernfriþi · auk · fryg...,Vani(?) and Sigríðr ... this in memory of Ernfríðr and Frey-...
U 852 $,[...s : ok ...],[... and ...]
U 853 $,...-friþ : lit : re... ...,...-fríðr had raised ...
U 854 $ §P,· h(u)lmfriþ ' lit ' [k]-(a)ra ' baþi · bro · ak · rita · stain : eftiR · bota ' sin ' iorl ' ak ' suni ' sina ' sehkurþ · ak · sihu-... ... ...har · merkis'kiarþ ' uani : ak ' harþtstain : ak · þorbiorn ' ak| ' |kunuiþr §Q · h(u)lmfriþ ' lit ' [k]-(a)ra ' baþi · bro · ak · rita · stain : eftiR · bota ' sin ' iorl ' ak ' suni ' sina ' sehkurþ · ak · sihu-... ... ...har · merkis'kiarþ ' uani : ak ' harþtstain : ak · þorbiorn ' ak ' unuiþr,Holmfríðr had both the bridge made and the stone erected in memory of her husbandman Jarl and her sons Sigurðr and Sig-... ... ... making of the landmark Vani(?) and Harðsteinn and Þorbjôrn and Gunnviðr. §Q Holmfríðr had both the bridge made and the stone erected in memory of her husbandman Jarl and her sons Sigurðr and Sig-... ... ... making of the landmark Vani(?) and Harðsteinn and Þorbjôrn and Unnviðr(?).
U 855,· inki-... [a]uk : iuker [:] þau : litu : raisa · stain : þina : a[t] · ais[t ·] sun · sin : ernfastr · auk · þaiR · (b)ryþr · raist[u] · at · bru... ...,"Ingi-... and Jógerðr, they had this stone raised in memory of Eistr, their son; Ernfastr and his brothers raised in memory of their brother."
U 856 $,huka(l)-(r) ' ---r- ...[in þin- at] ...u- [a]uk b(r)(u) k-rua,Hugaldr ... this stone in memory of ... and the bridge made.
U 857,ihulbiarn + auk + fastlau(h) ... × stain + þina + aftir + anut + kuþ hibi × ant hans,Ígulbjôrn and Fastlaug ... this stone in memory of Ônundr. May God help his spirit.
U 858,°,°
U 859 $,fastbiurn ' uk þurun ' litu rita ... bru kirua| |abtiR ' inkifa-... ...(u)anta sin ' kuþ hialbi hont ' osmunrt risti runoR,"Fastbjôrn and Þórunnr had ... erected ... the bridge made in memory of Ingifastr, their husbandman. May God help his spirit. Ásmundr carved the runes."
U 860 $,fa[s]tbiurn ' uk þuruþr ' litu rita stin þino ' [abtiR inkifast buanta sin] ' [k](u)[i](þ) hia[l]bi hons ant uk| |ku(þ)s (m)uþiR,"Fastbjôrn and Þórunnr had this stone erected in memory of Ingifastr, their husbandman. May God and God's mother help his spirit."
U 861 $,sihikþurn ' ... [risa · stin] ' uk ' bru ' kera : at : aterf : sun : uk ' a(t) ' mai : tutor : sin : eþorn : uk : suen : uk ' (u)ikþu-... ... ' sikb--... ...(R) ' isi,"Sigþorn ... the stone raised and the bridge made in memory of Ádjarfr, (his) son, and in memory of Mey, his daughter; Eiþorn and Sveinn and Vígþorn ... Sig-... ..."
U 862,askeiR + auk + kiarþar × lata ' reis- ' þinsa ' (s)-(e)-(n) ' -(f)-iR ' bo(r)(o)þur ' sin · forsihl ' han uas ' arfi ' kuþbiona- ...sti ' risi,Ásgeirr and Gerðarr have raised this stone in memory of their brother Forsjáll. He was Guðbjôrn's heir. Véseti carved.
U 863 †,[... ...a + sten + eftR + uigul(f) + --...],... ... the stone in memory of VÍgulfr ...
U 864 †,[: olauf · lit · raisa · stain þino · ef(t)iR · suartaufþa · faþur · sin · unuk · eftiR · þorþ · buruþur · sin],"ólôf had this stone raised in memory of Svarthôfði, her father, and in memory of Þórðr, her brother."
U 865 $,...(u)lfas/(u)lfas · au[k ue]þralti · rai... ... þin · iftiR · sbialbuþa · faþur · sin ·,"Ígulfastr(?)/Ulfhôss(?) and Veðraldi raised this ... in memory of Spjallboði, their father."
U 866,krukr ' lit [ri]t[a] stin þino ' aftiR ' kara f(a)... ... ... [hi]albi hons| |salu| |uk| |kuþs muþiR,"Krókr had this stone erected in memory of Kári, his father. May God and God's mother help his soul."
U 867 $,+ þialfi + kiarþi + bro + at bulu + totuR sina + ali + ok + ola[ifr + l]itu hakua + at + þialfa + faþur sin + ika + at + uer sin + kuþ + liti + sal þaira,"Þjalfi made the bridge in memory of Bolla(?), his daughter. Áli/Alli and Óleifr had (this) cut in memory of Þjalfi, their father; Inga in memory of her husband. May God relieve their souls."
U 868,ofahr · auk · biarn · litu · -... ... ...ori,Ófeigr and Bjôrn had ... ... ...
U 869,°,°
U 870 $,... ...k : onek[R :] (þ)ai[R] (l)itu : marka : stain : þ[insa : at rok br]oþu[r :] (s)[en] ... ...(þ)biarn : hiu,"... and Óhneigr(?), they had this stone marked in memory of Hrókr, their brother ... Auðbjôrn(?)/Viðbiorn(?) cut."
U 871,binrn ' auþulfr ' (k)unor ' hulmtis ' ---u ri-o stin þino ' iftiR ' ulf ' kinlauhaR buanta ' in osmuntr hiu,"Bjôrn, Auðulfr, Gunnarr (and) Holmdís had this stone erected in memory of Ulfr, Ginnlaug's husbandman. And Ásmundr cut."
U 872,... ...a · st... ...,... the stone raised ...
U 873,· þikfastr · lit · raisa · stain · þinsa · at · hulmkair · faþur · sin · koþan ·· kuþ · hielbi · sal hans · boanta · ikuR · bali · risi · stan · þinsa ·,"Þingfastr had this stone raised in memory of Holmgeirr, his good father, Inga's husbandman. May God help his soul. Balli carved this stone."
U 874 †,[× iarl × auk × ti... ... stain × at × kaiRfast × faþur sin ×],"Jarl and ... ... the stone in memory of Geirfastr, their father."
U 875,' þurui ' auk ' inkikirþ ' auk ' þialfi ' þaun litu rita stin þino ' aftiR kalf ' buanta þuruiaR ' kuþ hialbi hons at uk| |kuþs muþiR,"Þyrvé and Ingigerðr and Þjalfi, they had this stone erected in memory of Kalfr, Þyrvé's husbandman. May God and God's mother help his spirit."
U 876,ulfr ' auk hulmnfastr × auk × ulfkair × auk × kunrir × raistu × staina × þisa × at sutlak × faþur sin ',"Ulfr and Holmfastr and Ulfgeirr and Gunnríðr(?) raised these stones in memory of <sutlak>, their father."
U 877 U,frawaradaz anahaha is| |slaginaz,Frawaradaz <anahaha> is killed.
U 878,[ioþkirþ × l]it × raisa × st[ain × iftr × olaf × bunta × sin × auk × fastlauk × auk × þorun × iftiR × faþur × sin ×],"Þorgerðr(?) had the stone raised in memory of Ólafr, her husbandman; and Fastlaug and Þórunnr in memory of their father."
U 879,inkiualtr uk suin litu rista stin þina · eftR hakun faþur sin,"Ingivaldr and Sveinn had this stone carved in memory of Hákon, their father."
U 880 §A,...bl... ... ...a · sin · §B ...sl... ... ifti- ...-----... ...aþ · ybir rista · runa,... his/her husbandman(?) §B ... in memory of ... ordered Œpir to carve the runes.
U 881,...r × kerþi × mirki × eftiR × osbak × s... ...,"... made the landmark in memory of Óspakr, son ..."
U 882,°,°
U 883,...suar...,...
U 884 $ §A,hulmkaiR ' auk sikriþr ----fatsr ' þah l... ... ...o ' aftiR uih ' faur hulmkiRs §B osmuntr ' s--- ... ...R markaþu þisaR runo §C ... þaR u... ...,"Holmgeirr and Sigríðr ...-fastr, they had this ... in memory of Vígr, Holmgeirr's father. §B Ásmundr ... ... ... marked these runes. §C ... They were ..."
U 885,uikR ' auk sihstain ' auk| |karl ' þaiR l[itu '] stain ' rita ' at sihat ' faþur sin ' iu,"Vígr and Sigsteinn and Karl, they had the stone erected in memory of Sighvatr, their father ..."
U 886 §A,... ...ina × fitiR ... §B ...ur × ...a × k...,... this in memory of ... §B ... ... ...
U 887,× iokeR × auk × fastkeR × auk × au(r)(i)(k)r × litu · rita · sten × yftiR × borkeR × faþur sin frehn selfr · hiok × aurikr × yfti : sin · faþur · runi · þisa · roþi ' sa ' kuni,"Jógeirr and Fastgeirr and Auðríkr/Eyríkr had the stone erected in memory of Borggeirr, their acclaimed father. Auðríkr/Eyríkr cut these runes himself in memory of his father. Interpret, he who can."
U 888,...,...
U 889 $ §P,aosu[l]f(R) ' uk| |kair × arfaR × fa(s)[t---fs ' stin ritu þiR saotr ' nau---]u furiR ' aot ' -anþursuki...noaR §Q aosu[l]f(R) ' uk| |kair × arfaR × fa(s)[t---fs ' stin ritu þiR saotr ' nau---]u furiR ' aot ' anþurs uk| |ki[R]...noaR,"Ásulfr and Geirr, Fast-...'s heirs, they erected the stone. They ... for the spirit ... §Q Ásulfr and Geirr, Fastulfr's heirs, they erected the stone. Stands ... for the spirit of Arnþórr and Geirbjôrn(?)."
U 890,---i ' auk fas(t)aþr ' auk þuru(l)... ... (f)aþur sin : auk| |kuþui (a)t lu--- su--an --fu(r)u i ukrikis,... and Fastaðr and Þórulfr ... their father; and Guðvé(?) in memory of(?) ...
U 891,þi... ...-tu · raisa · merki · þe... ... · faþur sin ·,... had these landmarks raised ... their father.
U 892 †,[...f × faþur × ...],... father.
U 893,' uitr ' uk × anuntr · uk ' ikikiarþ ' litu raisa ' stin ' at ' uik-iarn ' faþur ' sin ' ubiR ' risti,"Eyndr and Ônundr and Ingigerðr had the stone raised in memory of Vígbjôrn, their father. Œpir carved."
U 894,abiarn ' uk ' u(l)biarn ' uk ' sak(s)(i) (l)i-u ' kera ' merki ' iftiR ' anunt ' --þur sin,"Ábjôrn and Holmbjôrn(?) and Saxi had the landmark made in memory of Ônundr, their father."
U 895 §A,tan ' u[k] ' skali ['] uk ' biar[n ' l]i(t)u risa stain (þ)(i)[nsa ·] §B (a)t ' borfast ' faþu-,"Danr and Skalli and Bjôrn had this stone raised §B in memory of Borgfastr, (their) father."
U 896,... [l]itu raisa stain + fir ' ont · iy--m + sun + sain + tauþr + fita+faþum ' i tai'ma... ... riþ runaR ubiR,"... had the stone raised for the spirit of Eyndr(?), their son, (who) died in christening robes in Denmark(?) ... Œpir arranged the runes."
U 897,sihuiþr sun · kilauhaR ' raisti ' runaR ' iftiR ' rahnilfi ' sueru sina,"Sigviðr, Gillaug's son, raised the runes in memory of Ragnelfr, his mother-in-law."
U 898,ali ' uk ' iufurfast · litu ' gera ' merki ' iftiR iarl faþur sin ' uk ' at ' kisl ' uk ' at ' ikimunt han ' uaR ' trebin ' hustr ' sun ' iarls ybiR risti,"Áli/Alli and Jôfurfast had the landmark made in memory of Jarl, their father, and in memory of Gísl and in memory of Ingimundr. He, Jarl's son, was killed in the east. Œpir carved."
U 899,þorkisl × auk × kisl × litu × raisa × stain × iftiR × suain fa-... × sin,"Þorgísl and Gísl had the stone raised in memory of Sveinn, their father."
U 900 †,[...--hu...l...s...k- · hultr--...],... ...
U 901,... ...arl ' uk ihulbiurn ' litu rita stono þisa ' uk| |kirua bru þisa ' at iafur faþur si... ... (h)ialbi ont hos,"... Karl and Ígulbjôrn had these stones erected and this bridge made in memory of Jôfurr, their father ... may help his spirit."
U 902,iþnousi--uR--okiaRisi------si ' ----f-þiikso,... ...
U 903 $,sibiurn ' auk sihtarf ' ritu stin þino ' abtiR ' aisti[n] ' auk abtiR ' sitiarf ' bruþr sina suniR hukals ritu sti þino ',"Sigbjôrn/Sæbjôrn and Sigdjarfr erected this stone in memory of Eysteinn and in memory of Sigdjarfr/Sædjarfr, their brothers. Hugall's/Hugaldr's sons erected this stone."
U 904,+ iarl + uk| |karl + uk ihulbiurn litu rita stino þisa + uk| |kirua bru þisa + abtiR + iufur + faþur sin,"Jarl and Karl and Ígulbjôrn had these stones erected and this bridge made in memory of Jôfurr, their father."
U 905 $,· þorker · halfr... (t)o(t)(i)R (l)(i)(t) ri(t)a sten yftiR ala · ok · ermutr ok f(t)iR · brynulfr ·,"Þorgerðr, Hallfríðr's(?)/Hallfreðr's(?) daughter, had the stone erected in memory of Áli/Alli and Ernmundr and in memory of Brynjulfr."
U 906 $,[tiþfr]iþ · l[it · rita · stain · iftiR · hulmkiR · s... ...n · u(k)| |k-rl · uk · munkir · at · broþur · sin ·],"Tíðfríðr had the stone erected in memory of Holmgeirr, her son; and Karl and Mungerðr(?)/Mungeirr(?) in memory of their brother."
U 907 $,fastbiarn ' uk ' iarl litu ' rita stain ' at ' þorstin ' faþur sin ' rinkia,"Fastbjôrn and Jarl had the stone erected in memory of Þorsteinn, their father. Hringja."
U 908 $,þoriR × lit hakua stain at · binu fiþur sin × ketilu[i × at × b]onta sin ×,"Þórir had the stone cut in memory of Bína(?), his father; Ketilvé in memory of her husbandman."
U 909 $,[ikulfastr : lit iRasa sta]in : aft hulbi(o)r[:n ouk þaiR a · libi · kuþ kiRi miskun],Ígulfastr had the stone raised in memory of Holmbjôrn and they ... May God have mercy.
U 910,... ...un ' li[t]u ' raisa · sten eftiR · f[aþ]u[r sin ·] uk · [osi eft]iR [· inki]fast [irþbir ...ir... niþiRib ...uk],... ... had the stone raised in memory of their father; and <osi> in memory of Ingifastr ...
U 911,ukuþi × auk · hulfriþ · litu · risa stin ' þina · at iu(k)aiR · bruþu- si...,"<ukuþi> and Holmfríðr had this stone raised in memory of Jógeirr, their brother."
U 912,si[kfiR]uþr : lit : hi : Risa : at : burkaiR : foþur sin,"Sigfrøðr had (this) raised here(?) in memory of Borggeirr, his father."
U 913 $,(o)utr ' ok ' þ--otr ' litu ' rita stain etiR ' faþur ' sin ' halton ' suin ' riþ þt,Eyndr(?) and Þróndr(?) had the stone erected in memory of their father Halfdan. Sveinn arranged it.
U 914 $,inkikar lit ' raisa ' stain ' eftiR ' styþik ' faþur ' sin ' uk ' þorkel ' lit ' kiara ' merki ' at ' inkikuni ' suiru ' sin ',"Ingigerðr/Ingikárr had the stone raised in memory of Styðingr/Stœðingr, her father; and Þorkell had the landmark made in memory of Ingigunn, his mother-in-law."
U 915,†$ §P [suain iauk k-sluk li... ...(s)a stin · at · sikstin faþur sin] §Q [suaini auk k-sluk li... ...(s)a stin · at · sikstin faþur sin],"†$ §P Sveinn and Gíslaug had the stone raised in memory of Sigsteinn, their father. §Q Sveini and Gíslaug had the stone raised in memory of Sigsteinn, their father."
U 916 $ §P,[kial]i · -...[u : s]kalt : [h]...- · uk [·] (b)aþa- : §Q [kial]i · -...[u : s]kalt : [h]...(u) · uk [·] (b)aþa- :,Gjalli(?) ... Skald ... and(?) both(?). §Q Gjalli(?) ... Skald cut and(?)/also(?) ...
U 917,ernf(a)(s)tr ' uk ' stinbiarn ' þorstin litu · at iurunt · faþur sin ¶ tiselfr,"Ernfastr and Steinbjôrn and Þorsteinn had (this made) in memory of Jôrundr, their father. Díselfr."
U 917B,°,°
U 918,+ kuþfastr + hiok × sten + hefiR [ket]ilmunt + sun + sen +,"Guðfastr cut the stone in memory of Ketilmundr, his son."
U 919,kuþfastr aok ' þorontr ' litu rita sten ' eftiR ' faþur sin ' hals ' ok frykuþr ' yftiR ' bonta sin ' þorþr : hiak · runar · þisar ' ual,Guðfastr and Þróndr had the stone erected in memory of their father Hals; and Freygunnr in memory of her husbandman. Þórðr cut these runes well.
U 920 $,iki-...- · auk o...untr : þeR : litu risa : sti[(n)] : þinsa iftiR hiþinbiurn : uk : fastbiurn : uk ...(l)k... faþur sin kuþ hialbi sialu þi-...,"Ingi-... and Ônundr, they had this stone raised in memory of Heðinbjôrn and Fastbjôrn and ... their father. May God help their souls."
U 921,saikair ' lit hakua ' s[t(a)in at una × s]un sin ',"Sægeirr had the stone cut in memory of Uni/Unni, his son."
U 922 $ §P,ikimuntr ' uk þorþr · ¶ [iarl ' uk uikibiarn · litu ' risa · stain ' at] ikifast · faþur [· sin sturn·maþr '] ¶ sum ' for ' til · girkha ' hut ' sun ' ionha · uk · at · igulbiarn · in ybiR [· risti ·] §Q [iarl ' uk uikibiarn · litu ' risa · stain ' at] ikifast · faþur [· sin sturn·maþr '] ¶ ikimuntr ' uk þorþr · sum ' for ' til · girkha ' hut ' sun ' ionha · uk · at · igulbiarn · in ybiR [· risti ·],"Ingimundr and Þórðr (and) Jarl and Vígbjôrn(?) had the stone raised in memory of Ingifastr, their father, a captain who travelled abroad to Greece, Ióni's(?) son; and in memory of Ígulbjôrn. And Œpir carved. §Q Jarl and Vígbjôrn(?) had the stone raised in memory of Ingifastr, their father, the captain. Ingimundr and Þórðr - who travelled abroad to Greece, Ióni's(?) son - also in memory of Ígulbjôrn. And Œpir carved."
U 923 $,ikifast[r · lit · rita · sten ef]ti[R · s]ys[t]ur · netilkiarþi · uk · totur sena · k[asu · uk · fasluh · raþku... ...],"Ingifastr had the stone erected in memory of (his) sister ...-gerði and her daughter <kasu> and Fastlaug, (his) housekeeper(?) ..."
U 924 $,... aistin + fnþur · sia auk stia + b(r)uþur si(n) + k...,"... Eysteinn(?), his father and Steinn, his brother ..."
U 925 $,' ihulbiarn ' uk ' alfnthan ' uk ' þelfi ' litu ' risa ' stin ' at ' kak ' sun ' sin ' uk ' faþur ' sin ' uaR ' tauþr ' i suþr ' kakr ',"Ígulbjôrn and Halfdan and Þjalfi had the stone raised in memory of Kagr(?)/Gagr(?), their son, and their father. (He) died in the south Kagr(?)/Gagr(?)."
U 926,†$ §P [tub... ...k · kuni... ... ...itR · sira · sun · sin · kuþan · ubiR · risti · runa] §Q [tub- uk · kune-... ... ...tain · eftR · siba · sun · sin · kuþan · ybiR · risti · runaR],"†$ §P Tobbi(?)/Tubbi(?) and Gunn-... ... in memory of Sibbi(?), his good son. Œpir carved the runes. §Q Tobbi(?)/Tubbi(?) and Gunn-... ... the stone in memory of Sibbi, his good son. Œpir carved the runes."
U 927 †,[kui +],...
U 928 †,[...stiubiu-...],...
U 929 $,...ihraR [· lit ·] rita · sten eftiR uiha · faþu si·n ikulf·r riisti · runR,"<...ihraR> had the stone erected in memory of Vígi, his father. Ingulfr carved the runes."
U 930 †,[... · uks...],... ...
U 931,[...is · haou]... ...-fr · ka(s)l ' ok · iufrfast ' lit ' rsa s[tn iftu · faiau sein] ...-l,... ... ... -kasl and Jôfurfast had the stones raised in memory of their father(?) ...
U 932 §A,muli ' u... ...--------... -ita stin þino ' aftiR ' suarthþa brur sin osmuntr ' inkialt §B muli ' auk| |kun(i)... (a)-- ih...-astr ' au- ----... ...- ' þ--h litu rita ' stin þino ' aftiR suarthaf-... ...k-| |- suþrbi,"Múli ... ... this stone erected in memory of Svarthôfði, their brother. Ásmundr, Ingjald/Ingjaldr, §B Múli and Gunn-...(?) and Ígulfastr(?) and ... ... they had this stone erected in memory of Svarthôfði. (He) lived in Suðrbýr."
U 933,borha lit ' raisa ' stain ' iftiR ' stynbiar... ... ...orkil lit ' iftiR ' broþur ' sin,Borga had the stone raised in memory of Stynbjôrn ... Þorkell had (it raised) in memory of his brother.
U 934,þoriR ' auk × ryþikr × auk × karl · þaiR + br... ...,"Þórir and Hrœríkr(?)/Hrœðingr(?)/Ryðingr(?) and Karl, these brothers ..."
U 935,þ[i]agn : fasteþr : lit... ...[-]l ' (b)onta si...,Þegn (and) Fastheiðr had ... their husbandman.
U 936 †,°,°
U 937,× þiak(n) × auk × kunar × raistu × stana × aftiR × uaþr × bruþur sin ×,"Þegn and Gunnarr raised the stones in memory of Veðr, their brother."
U 938,hulfastr ' lit ' risa ' stin ' at ' ihulkai ' faþur ' si(n) ' uk ' þorbiorn,"Holmfastr had the stone raised in memory of Ígulgeirr, his father, and Þorbjôrn."
U 939,forkuþr uk ' bruni ' litu ' kera merki ' at ' ikulfast faþur si-,"Forkunnr and Brúni had the landmark made in memory of Ígulfastr, their father."
U 940 $ §P,· ihul · a(u)(k) · þurkiR · litu · rita · stain · iftiR · kitilfastr · faþur · sin · hialbi · sal kilauh hont riþ · runaR · ubiR §Q kilauh hont · ihul · a(u)(k) · þurkiR · litu · rita · stain · iftiR · kitilfastr · faþur · sin · hialbi · sal riþ · runaR · ubiR,"Ígull and Þorgeirr had the stone erected in memory of Ketilfastr, their father. May (God) help (his) soul. Gillaug spirit(?)/Hônd(?). Œpir arranged the runes. §Q Gillaug, Hônd(?), Ígull and Þorgeirr had the stone erected in memory of Ketilfastr, their father. May (God) help (his) soul. Œpir arranged the runes."
U 941 $,ali u... ...ih...alti auk inkifast + þa(u)- -(i)tu rita stin þin- ... ...nta i--...fastaR ...,"Áli/Alli and Sigvaldi and Ingifast they had this stone erected [in memory of] ..., Ingifast's husbandman ..."
U 942,+ iurunt... ...t : risa : stin : eftiR : (k)-rþaR : sun ¤ ... ...- -uþ : sikni : ys : kumna · ualtiR hailakR : turuin,"Jôrundr had the stone raised in memory of Gerðarr, his son ... May God bless us, the ruler of men, holy Lord."
U 943,biaurn × auk × ... ...ain × atir × -[ka]... ant +,Bjôrn and ... the stone in memory of ... spirit.
U 944,trusboi ' u... ...- stin ' eftR ' kiula ' faþur ' s... ...,"Drósbúi and ... the stone in memory of Kjúla(?), their father ..."
U 945,× sikniutr × auk × auiþr × litu × raisa × stain × at × ofaik × faþur × si(n) [×] kuþ × hialbi × ant hans × auk × kus moþiR × fotr × risti × runaR ×,"Signjótr and Áviðr had the stone raised in memory of Ófeigr, their father. May God and God's mother help his spirit. Fótr carved the runes."
U 946 $,kusi × lit iRaisa at aka aouk at katil arnukin,Gusi/Gussi/Kúsi had (this) raised in memory of Áki and in memory of Ketill the aged.(?)
U 947 $,þurstin : auk : uiki : lit : gRra : buru : þisi : friR : osuraR : ont : mags| |sins : nu is : sal : sagat : sua h:iabi : kuþ : isbiun : kir,"Þorsteinn and Vígi had this bridge made for Ôzurr's spirit, their kinsman-by-marriage. This is now said for his soul: may God help. Ásbjôrn made.(?)"
U 948 $,' stRþinkr × lit resa stin × iftR × arna × sun × sen × han × fyr × hayrt × lant × þelfi ' auk ' aurikia ' iuku ' runar ' iftR ' bruþur ' sin,"Styðingr/Stœðingr had the stone raised in memory of Árni, his son. He travelled to every land (?) Þjalfi and Órœkja cut the runes in memory of their brother."
U 949,... ...s- · stin · iftiR --lkir · faþur sin · ha... ...iuþu...,"... the stone raised in memory of <--lkir>, his father. He ..."
U 950,kunbiarn ' lit ' risa ' stin at ' [asif... ... ...u]n ' in nefkiR ' at ' broþur sin,Gunnbjôrn had the stone raised in memory of Ás-... ... son; and Nefgeirr in memory of his brother.
U 951 §A,kairkiRiþ-r : ouk : kiRmar litu : ha[ku]a §B at ouþmunt kiRimr : skalt hiu,Geirfríðr(?) and Geirmarr had (this) cut §B in memory of Auðmundr. Grímr Skald cut.
U 952,†$ [osuar · lit risa stain iftiR · tryk · sun sin askil · uk · stoþkil ' kamal ' ritu · at stoþbiarn ' faþuR],"†$ Andsvarr/Ásvarðr/Ásvôr had the stone raised in memory of Tryggr, his son; Áskell and Stóðkell the Old erected in memory of Stóðbjôrn, their father."
U 953 †,[foraystain · lit · ri... ... skarþa faþu... ...],Freysteinn had (this) raised/erected ... Skarði(?) father ...
U 954 †,[× þRu : aRrukr : fretr : ri--u : s... ...-r : helka : bruþr : sin : en : sasur : trab : han : ouk : kaþ · niþiks:uerk : seik : felka : sin : kuþ : helb : hut : has ×],"Eyríkr(?)/Auðríkr(?) and his kinsmen, they raised the stone in memory of Helgi, their brother. And Sassurr killed him and made (= did) a villainous deed, betrayed his partner. God help his spirit."
U 955 †,[× þorstin × auk × kura × litu × raisa × stin × eftiR × lafsa × faþur sin],"Þorsteinn and Gyra(?) had the stone raised in memory of Lafsi, their father."
U 956,' stniltr ' lit · rita stain þino ' abtiR ' uiþbiurn ' krikfara ' buanta sin kuþ hialbi hos| |salu| |uk| |kuþs u muþiR osmuntr kara sun markaþi,"Steinhildr had this stone erected in memory of Viðbjôrn, her husband, a traveller to Greece. May God and God's mother help his soul. Ásmundr Kári' son marked."
U 957,kerþar ' ok ' ulfr ' ok ulbiarn ' ok ' abiarn ok runi + þair ' litu hakua ' stain ' at ' iarl faþur sin ' arfriþ(r) at ' bonta sin,"Gerðarr and Ulfr and Holmbjôrn and Ábjôrn and Rúni, they had the stone cut in memory of Jarl, their father; Arnfríðr in memory of her husbandman."
U 958,[...tr ' sihniuta · is þita kiarþi sun · hans s]ihuiþr ' [runa þurhutr · risti],This is in memory of Signjóti. His son Sigviðr made the runes. Þorgautr carved.
U 959,[nesbiarn '] uk ' runa ' anutar ' totiR ' litu ' rita ' staina ' at ' s[uhik'ierf ' sun : sin],"Nesbjôrn and Rúna, Ônundr's daughter, had the stones erected in memory of <suhikierf>, their son."
U 960 $,+ hakuno ¤ auk ¤ ostriþr ¤ kirþu ... ¤ sun ¤ snialan ¤ saR × hit ×× iriks × kuþ × tr... ...,Hákon and Ástríðr made ... able son. He was called Eiríkr. Lord God ...
U 961 $,h(u)(l)-a + lit + raisa stain + þina at kitilbiarn ' faþur ' sin + auk runfriþ ' at ' bonta ' auk ihulfastr ' riþ ' in ' ubiR,"Hylia(?) had this stone raised in memory of Ketilbjôrn, his father; and Rúnfríðr in memory of (her) husbandman, and Ígulfastr arranged (it), and Œpir."
U 962,... at ' sik ' silfa... ...--[k]an ' in ' (r)[ai-]-(n) ' -(a)stgi[-],... in memory of himself while alive and ... Fastgeirr(?)
U 963,niskunukR + lit ... ...rn + faþur + sin + auk + ika + iftR + buota + sin + ku... ... þini × ikulburn + ak + kuþs muþiR,"Neskonungr had ... Ígulbjôrn, his father; and Inga in memory of her husbandman. God and God's mother ... your(?) [soul], Ígulbjôrn."
U 964,+ kitilfiriþR : lit : sitia : stin : for : ot : suins bunt... ...lukR : iuk : kinlau-aR,"Ketilfríðr had the stone placed for the spirit of Sveinn, (her) husbandman ...-laug's and(?) Ginnlaug's."
U 965,hulm×fri... ...,Holmfríðr ...
U 966,°,°
U 967,-au... ...fti(r) : faþur (s)in : ku-... ...-...,... in memory of his father ... ...
U 968,[stoþi · auk · sihtiarfr · þorker · lit]u · ris[t]a · stin at · aistu[lf · b]roþu[r ·] (s)in [sun þorkerþa],"Stóði and Sigdjarfr and Þorgerðr had the stone carved in memory of Eistulfr, their brother, Þorgerðr's son."
U 969,rahnuiþr ' lit ' rita st... ... ' faþur sin ' in osmunrt hiu,Ragnviðr had the stone erected ... his father. And Ásmundr cut.
U 970,uiþi ' lit ' rita ' stain ' e(f)[ti]R ...- ybiR,Viði/Víði had the stone erected in memory of ... Œpir
U 971 $ §P,: kunbiur : lit risa : stin : iftiR faþur -... ... : miti : kuþ : hulbin hins : krin... ...arþi uþ(r)ki §Q (-)unbiur : lit risa : stin : iftiR : faþur (:) [s]... ...[þ] : miti : kuþ : hulbin (h)ins : krin ... ...arþi uþu(r)ki (:),"Gunnbjôrn had the stone raised in memory of his father ... May gentle(?) God help ... ... §Q Gunnbjôrn(?)/Unnbjôrn(?)/Gunn-Bjúr(?)/Unn-Bjúr(?) had the stone raised in memory of his father ... May excellent God help. Hein’s(?) Grein(?), he(?) made the ford construction."
U 972,†$ [(i)(n)k(i)u(a)r uaþ trofast · uk usrik × litu × rita × stain × at · trk-k-a kuþan · sturbiurn ×],"†$ Ingvarr(?) and Trúfastr(?) and Húsríkr(?)/Ósríkr(?) had the stone erected in memory of a good valiant man(?), Styrbjôrn(?)."
U 973,siriþ l... ...(u)n huki ' frenta ' sinum ' in ' iar ati ' rikr ' h(u)-... ... in ybir risti,Sigríðr had ... her kinsman. And here the powerful owned ... ... And Œpir carved.
U 974,þaiR inkulfr ' uk ' yntr ' litu ' raisa ' st(a)-n i(f)tiR inkialt ' broþur sin uk ' sun ' kunulfs ·,"Ingulfr and Eyndr, they had the stone raised in memory of Ingjaldr, their brother and Gunnulfr's son."
U 975,kunar,Gunnarr
U 976,astiarfr lit ' risa stain ' iftiR ' asfast ' broþur sin,"Ásdjarfr had the stone raised in memory of Ásfastr, his brother."
U 977 †,[ernfriþ ok is...st litu · ra--a · sten · eftiR · kunar · faþur · sin · ok · kitulbiurn · ok · kilok · at · bonta sin fastulfr ok · iyruntr · at broþur sin],"Ernfríðr and ... had the stone raised in memory of Gunnarr, their father; and Ketilbjôrn and Gillaug in memory of their husbandman; Fastulfr and Jôrundr in memory of their brother."
U 978,sihuiþr ...-i + stain + þina + iklats+fari + iftir + uitarf + faþ(u)(r) [+ -... ...sia]... ...ku---,"Sigviðr, traveller to England, raised this stone in memory of Védjarfr, (his) father ... ... ..."
U 979,°,°
U 980,[× ailifr × auk siku]iþr × li[tu × raisa × stain × iftiR + uifast] × faþu[r × sin +],"Eilífr and Sigviðr had the stone raised in memory of Véfastr, their father."
U 981,=U_980,=U_980
U 982 †,[... · ufti : uifast : faþ-... ... ...],"... in memory of Véfastr, his father ..."
U 983,linkntiþt ·: nmui : knit... × tsu-...,... ... ... ...
U 984,†$ [uisiti ' uk ' likuiþr ' uk ' rikuiþr ' litu · raisa ' stain ' at huikaiR · faþur · ybiR risti],"†$ Véseti and Líkviðr and Ríkviðr had the stone raised in memory of Holmgeirr(?)/Végeirr(?), (their) father. Œpir carved."
U 985,karl ' lit ' raisa · stain · iftiR ' uikaiR ' faþur ' sin an uar sun stufials uk systrsun kulaug,"Karl had the stone raised in memory of Végeirr, his father. He was Styfjaldr's son and Gullaug's sister's son."
U 986,†$ [+ ali ' auk sihualti ' uk ' inkifast ' litu rita stin þino ' abtiR ' ka^nilf · buanta inkifastaR auk faþur ala osmunrt ' risti],"†$ Áli/Alli and Sigvaldi and Ingifast had this stone erected in memory of Gelfr(?)/Kalfr(?), Ingifast's husbandman and Áli's/Alli's father. Ásmundr carved."
U 987,katil ' auk| |kuriþr ' litu rosa stin þino × oftiR þurstin sun sin uiþi auk rikuiþr ' þiR ristu ston aftiR bruþur sin × kuþ hialbi on þurstins ',"Ketill and Gyríðr had this stone raised in memory of Þorsteinn, their son. Viði/Víði and Ríkviðr, they raised the stone in memory of their brother. May God help Þorsteinn's spirit."
U 988 †,[...soun ouk : þaiR (u)iu...],... and they ...
U 989 M,a[r]nu[ai-] i[or]uidr,Arn-... Jôrundr
U 990,' uaþr + auk × þakn × auk × kunar + raistu × stain + þana × at × haursa × foþur sin + kuþ hialbi ot hans ×,"Veðr and Þegn and Gunnarr raised this stone in memory of Haursi, their father. May God help his spirit."
U 991,× þiakn × [a](u)k × kunar × raistu × staina + aftiR × uaþr × bruþur + sin +,"Þegn and Gunnarr raised the stones in memory of Veðr, their brother."
U 992,... ...(u)stain × foþur×foþur × sin × auk × at ×: kuþsrik + foþur × sin × auk × at × kunu ...,"... his father's father Eysteinn, and in memory of Guðríkr(?), his father, and in memory of Gunna ..."
U 993 $,ion · u(k) iufur[-ast litu r]aisa ' stin uk ' bru ' iftiR ' uiha ' faþur ' su[n] ' istin[s ybiR · rist-] biarn,"Jón and Jôfurfast had the stone raised and the bridge (made) in memory of Vígi, (their) father, Eysteinn's son. Œpir carved. Bjôrn."
U 994 †,[... itftim þuatr ...],... in memory of <þuatr> ...
U 995 †,[anuntr · uk · iuruntr · uk · sihiuiþr · þiR litu · raisa · ... yk · bro uikt... ...faþi... ...in...],"Ônundr and Jôrundr and Sigviðr, they had ... raised ... and the bridge ... ... ..."
U 996 $,ainkriþ × auk × in[k]ik[i]r · l[i]tu × r[i]sa × stin · auk ' kera ' aur ' u(t)a (i) (s)u[n]ti ' iftiR ' þuri ' faþur [s]in ' þur-- ...(t) ' kira ' siluaus ' iftR ink-[þu]ru × kunu · sina ' auk ' iftR ' -(a)(r)tu iaR,"Ingríðr(?) and Ingigerðr/Ingigeirr had the stone raised and the ford made out in the sound in memory of Þórir, their father. Þórir(?) had the hospice made in memory of Ingiþóra, his wife, and in memory of <-artu> ..."
U 997,rikuiþr × lit rai(s)a × stina eftR × ihul × faþur × sin,"Ríkviðr had the stones raised in memory of Ígull, his father."
U 998 $,þurstin : auk ronti : [litu : raisa : stain þino : abtiR s-ar-(h)(a)ufþ]a : bruþur sin : kuþ hialbi hons| |salu| |uk| |kuþs muþiR [osmun](r)t ' markaþi,"Þorsteinn and Randvé had this stone raised in memory of Svarthôfði, their brother. May God and God's mother help his soul. Ásmundr marked."
U 999,haursi : auk : kitil : raistu : aftir : þekn : faþur : sin : staina : þisa : at : bunta : kuþan : o : funum,"Haursi and Ketill raised these stones in memory of Þegn, their father; in memory of the good husbandman of Funnir/Fúnir."
U 1000 †,[histni... ...ki... ...saþ-t-hluRaka sþitRlunkhþ],... ... ... ...
U 1001 $,°,°
U 1002,...-sbi...,...
U 1003 $,[× runfast lit rita stin þino · a]btiR r[uia faþur sin uk hilþintis at buanta sin hon uarþ tau]þr i hu[l(m)karþi (k)uþ hialbi ant · suni kuþilfa],"Rúnfastr had this stone erected in memory of Rúni(?), his father, and Heðindís in memory of her husbandman. He died in Holmgarðr. May God help the spirit of Guðelfr's son."
U 1004,°,°
U 1005,kisl ' lit ' [risa · stin ' at · toli ' faþur · uk · at · iufur · broþur · uk · erfast · sun · sin],"Gísl had the stone raised in memory of Tóli, (his) father and in memory of Jôfurr, (his) brother and in memory of Ernfastr, his son."
U 1006,uikterfr auk ' iuruntr · auk · sikbiar[n · litu ·] risa · stain · iftiR · suar[t]unk · faþur · sin,"Vígdjarfr and Jôrundr and Sigbjôrn had the stone raised in memory of Svartungr, their father."
U 1007,ouþbian lit rita · st(i)(n) ' aftiR · faþur · sin ' sihborn ' moni risti · runa,Auðbjôrn had the stone erected in memory of his father Sigbjôrn. Manni/Máni carved the runes.
U 1008 $,[kuni lit · rasa · stain · e]ftiR ki---uku · kunu [sino ·] (k)uþ h[ialbi ont en]or,"Gunni had the stone raised in memory of Ginnlaug, his wife. May God help her spirit."
U 1009 $,uaiþr ...---- ' litu rita stin þino abtiR ' fastbiurn ' faþur si(n),"Vreiðr/Veðr ... had this stone erected in memory of Fastbjôrn, their father."
U 1010,þo(r)mu(t)r ' (o)k l-khas ok (þ)e(f)a × litu rita stin · etiR ' faþur sn ' þiumunt-,Þormundr and <l-khas> and <þefa> had the stone erected in memory of their father Þjóðmundr.
U 1011 §A,uihmuntr ' lit ' agua · stain · at ' sig ' selfon ' slyiastr ' mono ' guþ ' ia[l]bi (s)ial ' uihmuntar · styrimons §B uihmuntr · auk ' afiriþ : eku merki ' at kuikuan · sik ·,"Vígmundr had the stone cut in memory of himself, the most skillful of men. May God help Vígmundr the captain's soul. §B Vígmundr and Áfríðr cut the landmark in memory of themselves while alive."
U 1012,sbraki ' uk þur'biurn ' uk uþuhin ' uk| |kinlauh ' uk (a)friþr ' þaun litu rita ' aftiR biurn faþ(u)- (s)in,"Spraki and Þorbjôrn and Óþveginn and Ginnlaug and Áfríðr(?), they had (this) erected in memory of Bjôrn, their father."
U 1013,†$ §P [ansua...] (r)---(t)i : stai[na : þisa : þrea : ... : in : hia--ot · a...] §Q [ansua...] (r)--[s](t)i : stai[na : þisa : þrea : ... : ...in : hia-- ot : a...],†$ §P Andsvarr(?) raised these three stones ... ... ... §Q Andsvarr(?) raised these three stones ... May the Lord(?) help his spirit.
U 1014 $,iolmkeR ' lit ' raisa ' stain ' ifti[R ' iulfast ' uk '] suartufþa ' suni ' sina ',"Holmgeirr/Hjalmgeirr had the stone raised in memory of Ígulfastr(?) and Svarthôfði, his sons."
U 1015 $,iofur ' lit ' rita ' sten [' yftiR · sun sin · y](r)in(k) (u)k ' iofastu · kunu · sinn,"Jôfurr had the stone erected in memory of his son Œring, and Jófast, his wife."
U 1016 $ §P,· liutr : sturimaþr · riti : stain : þinsa : aftir : sunu · sina : sa hit : aki : sims uti furs : sturþ(i) · -(n)ari · kuam ·: hn krik·:hafnir : haima tu : ...-mu-... ...(k)(a)(r)... (i)uk (r)(u)-(a) · ... §Q · liutr : sturimaþr · riti : stain : þinsa : aftir : sunu · sina : sa hit : aki : sims uti furs : sturþ(i) · -(n)ari · kuam ·: hn krik · : hafnir : haima tu : ...-mu-... ...(k)(a)(r)... (i)uk (r)(u)-(a) · ...,Ljótr the captain erected this stone in memory of his sons. He who perished abroad was called Áki. (He) steered a cargo-ship; he came to Greek harbours; died at home ... ... cut the runes ... §Q Ljótr the captain erected this stone in memory of his sons. He who perished abroad was called Áki. (He) steered a cargo-ship; he came to Greece. Hefnir died at home ... ... cut the runes ...
U 1017,[fastulfr · lit · rita · stin · iftiR · hulf]ast [runiriþ lit · iftiR · osihik · faþur sin uk · bru · kra] al a(s)[li]ks --,"Fastulfr had the stone erected in memory of Holmfastr; Rúnfríðr(?) also had the bridge made in memory of Ásleikr(?), her father ... Ásleikr's(?) ..."
U 1018,agotihi ' ok ' sarthuþ[ihi · litu · reta · ste]n ' yftiR ' faþu ' sn · hialmger,Ágoti(?) and Svarthôfði had the stone erected in memory of their father Hjalmgeirr.
U 1019,(i)o[l](a)tr · ok himikr · li(t)(u) · rita · stain · etifR · faþur · s[n ih]ulfast,<iolatr> and Hemingr had the stone erected in memory of their father Ígulfastr.
U 1020,[ku](þ)fast[r] · li[t] · [raisa] · stin ... · fastulfr ·· rui... ...[st]i · bru · as[uh]k,Guðfastr had the stone raised ... Fastulfr ... ... the bridge ...
U 1021,[uihbirn · l]it · r[a]i[sa s... ... if--R --k...],Vígbjôrn had the stone raised ... in memory of ...
U 1022 $,[ui]kn[i · a]uk · althrn · uk ailifr · akhun · runfriþ · litu · rita · stain · if(t)iR ilhu[tfa k]aþur · sin ub(i)(R) [· r...st...] (r)(u)(a)[a],"Vígi(?) and Halfdan(?)/Eldjarn(?) and Eilífr (and) Hákon (and) Rúnfríðr had the stone erected in memory of Illugi(?), their father. Œpir carved the runes."
U 1023 †,[kiatilborn · ok · fasta · litu × rita stainn · etiR · faþur sn irnfatr],Ketilbjôrn and Fasta had the stone erected in memory of their father Ernfastr.
U 1024 $,semuntr · li[t · rita · s](t)en ' yftiR · stenkisl · mah [·] sen,"Sæmundr had the stone erected in memory of Steingísl, his kinsman-by-marriage."
U 1025 †,[anuntr ' uk ' þorbiarn ' li-u · rita sitn yftiR · katelmunt · bruþur],"Ônundr and Þorbjôrn had the stone erected in memory of Ketilmundr, (their) brother."
U 1026,brantr ' uk ' sihuiþr ' litu ' risa ' stin ' at ' munta ' broþur,"Brandr and Sigviðr had the stone raised in memory of Mundi, (their) brother."
U 1027,...[(n) '] uk ' ihul ' uk ' gisl ' uitr ' li... ...,... and Ígull and Gísl (and) Eyndr(?) had ...
U 1028,... asbiurn · (a)uk i[n]-... ... ...--[k](u)r(u)... ...---...na-... ...anti kuþ suiki · þa iR h[a] sui[k]u,... Ásbjôrn and ... ... ... ... ...-land(?) May God betray those who betrayed him.
U 1029 †,[...],...
U 1030 †,[-ami-turu · lit kira marka| |at · irmunt sun sin kaeri],"<-ami-turu> had the landmark made in memory of Ernmundr, his dear son."
U 1031,[sihtia]rf ' auk humbiurn ' [auk þur](b)iurn ' þiR lit[u] r[i](t)a stin þino auk b[ru · kira at iu]n faþur · [sin],"Sigdjarfr and Holmbjôrn and Þorbjôrn, they had this stone erected and the bridge made in memory of Jón, their father."
U 1032,[suth]i auk · iki[fastr · litu] rita [stai]n ' iftiR × ikalt ' uk ' (f)[tiR ikhu]ar · fe[þr si]na · kuþa · i,"Sóti and Ingifastr had the stone erected in memory of Ingjaldr and in memory of Ingvarr, their good fathers ..."
U 1033 §A,nasi × auk : þair : bruþr : raistu : stain : þisa × §B aftir : iarl : faþur : sin : kuþan : auk : bru : kus : þaka × kiarþu ×,"Nasi/Nesi and his brothers raised this stone §B in memory of Jarl, their good father, and made the bridge as thanks to God."
U 1034,þorbia(r)n ' auk ' þorstain ' uk ' styrbiarn ' litu raisa stain ' eftiR ' þorfast ' faþur sin ybir risti,"Þorbjôrn and Þorsteinn and Styrbjôrn had the stone raised in memory of Þorfastr, their father. Œpir carved."
U 1035 $,...kiat auk ... ...u rita stin þina| |aftiR kuih faþur sin si(k)[r]iþr at buanta si...,"... and ... had this stone erected in memory of Kvígr, their father; Sigríðr in memory of her husbandman."
U 1036 $,sihuastr ' uk ' bratr ' uk ' uikitil · elha ' lit ' rita stin eftiR ' anhuit ' sun ' sin ' sum ' tauþr ' huita'huaþum ' (k)ristr ' ialbi ' sial ' antuita,"Sigfastr and Brandr and Véketill. Helga had the stone erected in memory of Andvéttr, her son, who died in christening robes. May Christ help Andvéttr's soul."
U 1037,†$ [... lit hakua ... ...fast · faþur · sin · noa... ...ustur · s...a ka...],"†$ ... had ... cut ...-fastr, his father, ... his sister ..."
U 1038,†$ [hiþibiarn · lit · raisa · stain × at alah broþur sin l--kiri...rn hia],"†$ Heðinbjôrn had the stone raised in memory of Áli/Alli, his brother ..."
U 1039 $ §AP,sthotbiarn ' auk istain ' (r)itu siin ' yftiR ' fnþur sin kula ' mesku ' g|i|r|i| |g|i|r|istr [li](t)in · sahlu hos §AQ sthotbiarn ' auk istain ' (r)itu siin ' yftiR ' fnþur sin kula ' mesku ' giristr [li](t)in · sahlu hos §B kiulin ' ristiR ' runo ' þas ' kitiluha ' hit ' kuino ' has ' auk ' uielf/uielf^r,"Stóðbjôrn(?) and Eysteinn erected the stone in memory of their father Gulli(?). May Christ have mercy(?), relieve his soul. §AQ Stóðbjôrn(?) and Eysteinn erected the stone in memory of their father Gulli Myskja. May Christ relieve his soul. §B Kjúli(?) carved these runes. His wife was called Ketillaug/Ketillauga. And Véelfr."
U 1040 $,futan ' lit risa ' stin yftiR ' sk| |kouikon ' osn--... ' ki-ilmutr ' kiuli rsti,Fundinn had the stone raised in memory of himself while alive ... Ketilmundr. Kjúli(?) carved.
U 1041,iahbaþr ' ok ' inkikieþr ' litu ' rita sena iftR faþur sin ' runfastr ' ok ' iftR ' runu ' moþur sena ' ikulfr ' risti runi ahbaþr kiaþi bro ·,"Hagbarðr and Ingigerðr had the stones erected in memory of their father Rúnfastr and in memory of Rúna, their mother. Ingulfr carved the runes. Hagbarðr made the bridge."
U 1042 $,rikatr ' lit r[e]sa ' st[en yftR · biur · faþu sn ouk mþur sifriþ · usnikin] ' kuli risti ' run,"Ríkhvatr had the stone raised in memory of Bjôrn/Bjórr, his father, and his mother Sigríðr. Ósníkinn. Kjúli(?) carved the runes."
U 1043,u[lfr ·] auk ' kuþfastr ' auk| |kuþ[muntr ' þ-... ...it]u rita stin þino ' aftiR ufih ' fa[þ]ur s(i)n ' kuþ hinlbi ont (h)-ns,"Ulfr and Guðfastr and Guðmundr, they had this stone erected in memory of Ófeigr, their father. May God help his spirit."
U 1044,[kitil · lit raisa st...] ... ...þur sin k[ulha| |at bonta sin],Ketill had the stone raised ... his father; Gulla in memory of her husbandman.
U 1045,' biarnaffþi ' lit ' hakua ' stain ' at ' biarnafþa ' faþur ' sin -ak-- ' s...- ' at ',"Bjarnhôfði had the stone cut in memory of Bjarnhôfði, his father ... ..."
U 1046 $,...ikaiR lit resa sten auk ' kera ' buro ' eftiR ' siiterf · buroþur · sin,"...-geirr had the stone raised and the bridge made in memory of Sædjarfr/Sigdjarfr, his brother."
U 1047,ayka-R ' auk ' kitilbiarn ' auk ' keisl ' auk ' ihul ' litu ' rita sten ' eftiR hybiarn faþ ' sin ',"Eygeirr and Ketilbjôrn and Gísl(?) and Ígull had the stone erected in memory of Eybjôrn, their father."
U 1048,kilauk ' lit ' hakua ' at ' i(o)rut · sun sin ' (t)o ' i haiþaby,"Gillaug had (the stone) cut in memory of Jôrundr, her son. (He) died in Hedeby."
U 1049 †,[...i · lit · rita · ...],... had erected ...
U 1050,hulmkair ' ... ...itu h--ua a[t] ' a(i)s[t] faþur sin,"Holmgeirr ... had ... cut in memory of Eistr, their father."
U 1051,fastulfr ' lit ' rita stan etR ' suar sin ' ok ' iofast ' eftR ' uihmt ' faþu sen,"Fastulfr had the stone erected in memory of his father-in-law and Jófast in memory of Vígmundr, her father."
U 1052,kefialtr ' ok + borfas[tr ' ok ' anituitr ×] (o)k + þelfi + þaR ' [litu] + rita + stin + etiR + ion + freta + sin ikulfr ' iok ' stin ' þelfi + iok sten,"Gjafaldr and Borgfastr and Andvéttr and Þjalfi, they had the stone erected in memory of Jón, their kinsman. Ingulfr cut the stone. Þjalfi cut the stone."
U 1053,[katl · ok iku]lef þaon ltu kea mrki iftR kul sun si[n (o)k · ketilmun],"Ketill and Ingileif, they had the landmark made in memory of Kolr(?), their son, and Ketilmundr."
U 1054,...oias... ... ...þfastr hi... [...skatnik faþur -...],... ... Guðfastr cut(?) ... father ...
U 1055,†U °,†U °
U 1056,uiseti ' auk ' iufur ' litu ' raisa ' stain eftiR ofahi ' faþur · sai,"Véseti and Jôfurr had the stone raised in memory of Ófeigr, their father."
U 1057 $,si(b)... ... ...-sa ' stino yftiR ' sen,... ... the stones raised in memory of his/Seinn.
U 1058,†$ [kahu ok uhi · ristu runa... ...],†$ Kagr(?)/Gagr(?) and Hugi carved the runes ...
U 1059,... ...it ' r-... ... [siþ]mi...,... had ... erected ...
U 1060 $,hulmkair ... [karl · lit]u ' h(a)[(k)](u)a ' aist faþur ' sin,"Holmgeirr and Karl had (the stone) cut in memory of Eistr, their father."
U 1061,...,...
U 1062,kakulfr ' ok benuiþr ' litu ' rita ' sten ' iftR ooþbiarn ' sun in,"Gangulfr(?) and Beinviðr had the stone erected in memory of Auðbjôrn, their son."
U 1063 $,st[yn]friþ ' (a)u(k) ' hulmfriþ : litu : raisa : stain : eftiR : (þ)... ...(a)þur ' sin · --... ...[runir] ybiR risti runa,Stynfríðr/Steinfríðr and Holmfríðr had the stone raised in memory of ... their father ... Jôrundr(?) Œpir carved the runes.
U 1064 †,[bia... ... raisa + sten ... ...bi + ant + ... risti runaR · þisr],Bjôrn(?) ... the stone raised ... may help (his) spirit ... carved these runes.
U 1065 $,runuiþr ' lit risa ' sin yftR ' suain ' faþur sin ...in k(l)s-i iufur ' ok ' fuks ' litu risa stin yftiR faþur sin kara,"Rúnviðr had the stone raised in memory of Sveinn, his father ... Jôfurr and Foks had the stone raised in memory of their father Kári."
U 1066,: biurn : auk :: þurkil : þiR : ris(t)u + kumbl : þisi : al : iRu :: kiþbi- : a :,"Bjôrn and Þorkell, they raised all these monuments ..."
U 1067,¤ (u)talfriþR : raisti · staina + þisa a-tR · styr · faþur : sin · (k)...þ hilbi · ant þira bratr hiuk run-R,"Óðalfríðr/Óðalfreðr raised these stones in memory of Styrr, her/his father. May God help their spirits. Brandr cut the runes."
U 1068,... ' hagua ' stain ' at ' i-kuar ' faþ... ... ...anta ' (s)in,"... the stone cut in memory of Ingvarr, father ... her/his husbandman."
U 1069 $,iolfast + lit + rita + sten + yftiR + son sin + asa + auk + ersten + yftir rul(u)r,Ígulfastr/Hjalmfastr had the stone erected in memory of his son Ási; and Ernsteinn in memory of ...
U 1070,tatr ' auk ' kamal ' litu ' rita ' sti[n ' ifti]R ' þorþ ' faþur sin,"<tatr> and Gamall had the stone erected in memory of Þórðr, their father."
U 1071,m,...
U 1072,þorka- ' -(u)- ' -(u)--- ' (b)(r)(a)n(t)(r) ' ---... n-...- ' ... ' ybir ' risti,Þorkell and ... Brandr ... ... ... Œpir carved.
U 1073 †,[iufur · uk stoþbiarn · litu ... ... ...kifast · faþur · sin ×],"Jôfurr and Stóðbjôrn had ... in memory of Ingifastr, their father."
U 1074 †,[asfriþ --- hakua × stan × at × tierf · sun · sin · nasi · at · broþur · sin likbiarn hiak + merki],"Ásfríðr had the stone cut in memory of Djarfr, her son; Nasi/Nesi in memory of his brother. Líkbjôrn cut the landmark."
U 1075 †,[ulifr × ok · þ--s-an + litu · r... ... ...R · kunar faþur · sin · ikulfr ·],"Óleifr and Þorsteinn had the stone erected in memory of Gunnarr, their father. Ingulfr."
U 1076 †,[antuitr lit × hakua × stnin + þina + at + kuti · broþur · sin × ...o--],"Andvéttr had this stone cut in memory of Goti, his brother ..."
U 1077 $,... ...-tiR : ref : nha bi-kumr : þoRna...,... in memory of Refr/Reifr. He ...
U 1078 †,[...s(k)ar...],...
U 1078B,... ...(i)sa ' stain ' ift... ...,... the stone raised in memory of ...
U 1079 $,[fas](t)i · lit · h(r)[ita · stan eftiR ·] (f)astuiu · kun[u si]nh,"Fasti had the stone erected in memory of Fastvé, his wife."
U 1080 $,[sihatr · auk · karl litu · raisa st... efti]R · halftan · faþur si[n ·],"Sighvatr and Karl had the stone raised in memory of Halfdan, their father."
U 1081,[b]or[f]... ... ...[f]astr · litu hakua · at ketil[f]ast broþur · sin ·,"Borgfastr(?) and ...-fastr had (the stone) cut in memory of Ketilfastr, their brother."
U 1082 †,[...urli...],...
U 1083,†$ [arta · lit · hakua · stain · at · faþur · sin nefkair · ok · hiþinfast · at · bonta · sin ik · ystain · at broþra sin],†$ Arta(?) had the stone cut in memory of his father Nefgeirr; and Heðinfast in memory of her husbandman; and Eysteinn in memory of his brother.
U 1084,abiarn ' uk ' inkialtr ' uk ' eminkr ' litu ' rita ' stain ' iftiR ['] biarn ' faþr ' sin ',"Ábjôrn and Ingjaldr and Hemingr had the stone erected in memory of Bjôrn, their father."
U 1085 $,kulefr ' u(k) ' s[i]oli ' litu ' risa ' iftiR ' ikifast ' sun [' i]arunta,"Gulleifr and Sjóli had (the stone) raised in memory of Ingifastr, Jôrundr's/Jôrundi's son."
U 1086 †,[iufur × lit raisa · stain at · uikbiarn faþur],"Jôfurr had the stone raised in memory of Vígbjôrn, (his) father."
U 1087 †,[fastui · lit · risa stain · iftiR · karþar · auk · utirik suni · sino · onar uarþ tauþr i girkium ·],"Fastvé had the stone raised in memory of Gerðarr and Ótryggr, her sons. The other (= the latter) died in Greece."
U 1088 †,[amrigar olnfuir : aok kaitluastr · aok · gatilRutr · aog · sneribiar + -þon · litu · risa stan ...uu sin],"... ... and Ketilfastr and Ketilmundr and Snerribjôrn, they had the stone raised ... their ..."
U 1089,uihi ' lit raisa stain eftiR inkialt ' faþur ' sin iufurfas[t '],"Vígi had the stone raised in memory of Ingjaldr, his father. Jôfurfast."
U 1090 †,[...r · uk · inkimunt fit- : bryþr · sin · auk · inkifriþ ...],... and Ingimundr ... their brothers; and Ingifríðr ...
U 1091,†$ [...iua-- lntu · hakua ...(t) + kloþa + faþur × sen × -...],"†$ ... had cut in memory of Glóði, their father ..."
U 1092 $,osnikin ' uk ' ranti ' litu ÷ risa ÷ stin þina ' at ' stora,Ósníkinn and Randvé had this stone raised in memory of Stóri.
U 1093,fuluhi : uk : askun : þaun : hion : litu : hak...a : stain : eftiR : sik : kuik : baþi kuþ hialbi ant,"Fullugi and Ásgunnr, this married couple had the stone cut in memory of themselves while both alive. May God help (their) spirits."
U 1094 †,[brusi · ok þorbiarn · litu · raisa · stain · eftir · faþur · sin · b...urn × kuþ hialbi a(n)t hans],Brúsi and Þorbjôrn had the stone raised in memory of their father Bjôrn. May God help his spirit.
U 1095,bel + lit + hakua + at × ystain × faþur + sin × kilauk × at × bonta (s)in × likbiarn × hiak ×,"<bel> had (the stone) cut in memory of Eysteinn, his father; Gillaug in memory of her husbandman. Líkbjôrn cut."
U 1096,gunilfr ' lit ' raisa ' stain ' eftiR asbiarn ' uk ' at ' kuta ' suni ' sina,"Gunnelfr had the stone raised in memory of Ásbjôrn and in memory of Goti, her sons."
U 1097,arþsten + ok + ikilef + þoruþr + [litu × ri]... ... (u)k ' ulfr[iþ] ' iftiR ' [i]hmuntr · b[onta] si[n],"Harðsteinn and Ingileif and Þórunnr had raised ... and Holmfríðr(?) in memory of Agmundr, her husbandman."
U 1099 †,[uibiarn yk emki... ... kuna faþ... ...],"Vébjôrn and Hemkell/Heimkell(?) ... Gunni, their father."
U 1100,...(a) þorkir · baþ · ybiR rista r-...,... Þorgeirr/Þorgerð(r) ordered Œpir to carve the runes.
U 1101 †,[... auk · abtir · stur...],... and in memory of Styrbjôrn(?).
U 1102 † §A,[rulifr × auk + gos + auk + faslauk × litu × risa · stain · eftiR + kustin × faþur × sin ·] §B [stuoþkel + baþ · oþyaken akua],"Hróðleifr and Gás and Fastlaug had the stone raised in memory of Guðsteinn, their father. §B Stóðkell ordered Óþveginn to cut."
U 1103 †,[biarnulfr · lit · gera merki · at · þorot ·],Bjarnulfr had the landmark made in memory of Þróndr(?).
U 1104 $,[nis]uike[r] ' ok · gyriþ · þo litu · rita me(r)i · yti · si[k] is · sutu · nasi · ok · kitil · -e- ' iogu ru(n)ir a · þisa...,"Nes-Végeirr and Gyríðr, they had the landmark erected in memory of Síkr, who died from sickness. Nasi/Nesi and Ketill, they cut these runes on (it)."
U 1105 †,[... · lit ... ... (s)igfast + fa+þur ...],"... had ... ... Sigfastr, (his) father ..."
U 1106,iurun[tr · uk ·] bryniulfr ' ikifastr litu risa ' stin ÷ at ' asbiarn ' faþur sin ybiR risti,"Jôrundr and Brynjulfr (and) Ingifastr had the stone raised in memory of Ásbjôrn, their father. Œpir carved."
U 1107,gilok lit + r[it]a + sten eftiR + sun sen + fastar + skalti ÷ lit ' sysla (m)erki ' uel ÷ ok ÷ þorþr ' ok ' aþis [+],"Gillaug had the stone erected in memory of her son Fastarr. Skaldi had the landmark arranged well, and Þórðr and Ádís (did?)."
U 1108,†$ [kitilmuntr · uk un... ... -era · bro · at · kak · sun ...i...],"†$ Ketilmundr and ... had the bridge made in memory of Kagr(?)/Gagr(?), their son."
U 1109,gisl · ...-lfs,Gísl ...
U 1110,h[inu]ntr + lit r(i)ta + sten + eftiR + kuþrikr [+ suer ' sin ·],"<hinuntr> had the stone erected in memory of Guðríkr, his father/brother-in-law."
U 1111,ansuar + auk + þorbiarn + lito + hakua + stin + yftiR + faþur + sen auk + steniltr + (b)unta sin tata,Andsvarr and Þorbjôrn had the stone cut in memory of their father; and Steinhildr in memory of her husbandman Tati/Tatti.
U 1112 †,°,°
U 1113,biarnhufþi ...,Bjarnhôfði ...
U 1114 †,[ketil lit ' kera bro eftR ' selfan sik ok fastr + iftR + i... ...-aþi-... ... runoR þisaR],Ketill had the bridge made in memory of himself; and Fastr(?) in memory of ... ... ... these runes.
U 1115 †,[huitr ok| |karl ouk ulf l...u ...ris...],Hvítr and Karl and Ulfr(?) had ...
U 1116 †,[uibiarn × auk × skutlakr + auk · rulefr · auk · netil · lito · rita · sten · nftiR faþur · sen · nefkeþ · auk · ifriþ · oftiR · bona sen kuþfastr · hiok sten],Vébjôrn and Skotlakr(?) and Hróðleifr and <netil> had the stone erected in memory of their father Nefgeirr(?); and Áfríðr in memory of her husbandman. Guðfastr cut the stone.
U 1117 $ §P,biarn u- ... ...k -runka... ... ...þur sin kul hiuk ... §Q biarnu-... ...k -runka... ... ...þur sin kul hiuk ...-na,Bjôrn and ... and ... ... their father. Kolr cut ... §Q Bjarnulfr and ... ... their father. Kolr cut ...
U 1118 $,ufrir · ok kisl · litu · hakua · stain · at su[art] · broþur · sin,"Ófriðr and Gísl had the stone cut in memory of Svartr, their brother."
U 1119,[rana + lit × rita × stin ×] yftiR + faþur s[in × uþuahin],Ragna(?) had the stone erected in memory of her father Óþvegin.
U 1120 †,[...iu × lit · raisa × stain · eftiR · taist · bonta · sin sun · i...],"... had the stone raised in memory of <taist>, her/his husbandman, son ..."
U 1121 $,... iufur · u... ...,... Jôfurr and ...
U 1121B,=U_1078B,=U_1078B
U 1122,suain auk ' sibi ' gunar ' litu · resa ' sten ' at hemkil faþur sin kirist hialbi ' sial ÷ emkels,"Sveinn and Sibbi (and) Gunnarr had the stone raised in memory of Hemkell/Heimkell, their father. May Christ help Hemkell's/Heimkell's soul."
U 1123,... [...(u)]h[i] · litu ' risa stain ' if[t]iR [o](t)k[a]iR ' faþur sin,"... ...-ugi had the stone raised in memory of Oddgeirr, their father."
U 1124,°,°
U 1125 U §A,mwsïeij- §B sïainaz,... §B stone(?)
U 1126,[uluiuþnis-... ...-þnf]a · nnu · ub ' tnþk · uþnki,... ... ... ... ... ...
U 1127,fasti ' ak ' iukiR ' þi| |iltu ris| |stin aftiR bru(þ) sin ' þurot,"Fasti and Jógeirr, they had the stone raised in memory of their brother Þróndr."
U 1128,...nfþku × --in · ban-iuu ...-nuu ' kþn ' kuunþkt-,... ... ... ... ... ...
U 1129,†$ [þilfr + lit + risa + stain + at + stibkarl + broþur + sin + uk + sluþ + iku +],"†$ Þólfr(?) had the stone raised in memory of <stibkarl>, his brother and ..."
U 1130 †,[st...str · auk · atiarfr · litu · raisa · stain · at · bu...ur · sin · bra...ur · liku · þaR +],Styrfastr(?)/Steinfastr(?) and Ádjarfr had the stone raised in memory of their brother ...
U 1131 †,[iufur · r... stan · aftir · fuluka · faþur · sin],"Jôfurr raised the stone in memory of Fullugi, his father."
U 1132,: liutr · uk · þroti · uk · oþuiþr · uk · þaiR · litu · rita · i(f)itR × [faþur × sin : baorn · fasti]þi : moþur · sin : oþmontr · risti · r...naR ·,"Ljótr and Þrótti and Auðviðr and they had (the stone) erected in memory of their father Bjôrn and Fastheiðr, their mother. Auðmundr carved the runes."
U 1133 †,[ahuiþr · lit kiara · bro · yftiR · karluk ok · kuþuaru],Agviðr had the bridge made in memory of Karlungr and Guðvôr.
U 1134,ahuiþr · l[et ...--... ...lu · kunu] sina · ok -ku(l) [· sun sen],Agviðr had ... ... his wife and <-kul> his son.
U 1135,runfast... ...(a)-... ...-uast · yfitr ...,Rúnfastr ... ... in memory of ...
U 1136,-(r)(s)----------,...
U 1137 †,[... ...-R iþia-m faþur san ÷ asio...],... in memory of <iþia-m> his father ...
U 1138,...n... rais... ...(t)... ...insa × abtiR × ui--... ...n sin ...(n)... ...--l × a... ...ai... ...u--... ...-r- × u----n... ...-almunta^r- × bryþR × ---þ- × -u------ × marak...,... raised this stone in memory of ... his son ... ... ... ... ... ... ... ... brothers ... ... marked.
U 1139 $ §P,huskarl ' auk tiuRi ' faþrkaR tuaiR rastu stain þina| |aftiR ' t^riuRkaiR (b)ruþur huskarlsa ' auk sun tiuRa in fasþikn raist a runoR þisaR þaiR --- §Q huskarl ' auk tiuRi ' faþrkaR tuaiR rastu stain þina| |aftiR ' t^riuRkaiR (b)ruþur huskarlsa ' auk sun tiuRa in fasþikn raista runoR þisaR þaiR ---,"Húskarl and Djúri, the father and son twosome, raised this stone in memory of Djúrgeirr, Húskarl's brother and Djúri's son. And Fastþegn carved these runes on - they ... §Q Húskarl and Djúri, the father and son twosome, raised this stone in memory of Djúrgeirr, Húskarl's brother and Djúri's son. And Fastþegn carved these runes they ..."
U 1140,fastkaiR fastlauk at sun sin litu (h)akua at nefkair,"Fastgeirr (and) Fastlaug had (the stone) cut in memory of Nefgeirr, in memory of their son."
U 1141 †,[...l... ...eir... ...t + kit... ...bra s... ...ni... ...an... ...ti · u... ...hli...],... ... ... ... ... ... ... ... ... ... ...
U 1142,fastulfr lit rita stino ' abtiR ' huit'haufþa ' fauþur sin ' osmuntr| |risti ['] uk uihmar +,"Fastulfr had the stones erected in memory of Hvíthôfði, his father. Ásmundr carved and Vígmarr."
U 1143 $,[klintr auk blikr × ristu stin × þinsi · iftiR kunu(i)þ] × faþur × sin + han [× foR bort miþ (i)kuari + kuþ trutin hialbi ont ...](r)[a ·] kristin[a þuriR + t]r(o)(n)[i × ri]s[ti +],"Klettr(?) and Bleikr raised this stone in memory of Gunnviðr, their father. He travelled away with Ingvarr. May Lord God help the spirits of all Christians. Þórir the Crane carved."
U 1144 $,' kaiRfast(r) [auk hunifraR auk hrafn] ' auk ' fulkbiurn ' auk þuriR ' litu rita stino ' aftiR ' kaiR[a] f[a]þur sin ' kuþ hialbi (a)n- h(o)ns ' osmuntr| |risti ' uk hiriaR ',"Geirfastr and Hónefr(?)/Hýnifrár(?) and Hrafn and Folkbjôrn and Þórir had the stones erected in memory of Geiri, their father. May God help his spirit. Ásmundr carved and Herjarr(?)."
U 1145,: r(i)kr ' lit raisa stain þino ' abtiR fasta faþur sin auk þauh kunþruþr ' k[uþ hial]bi hons| |salu| |uk| |kuþs muþiR,"Ríkr had this stone raised in memory of Fasti, his father, and Gunnþrúðr (also raised). May God and God's mother help his soul."
U 1146,[raþulfr : (a)](u)k : funtin : auk : a(n)untra : bruþr : ritu : stain : þinsa : abtir : kara : faþur : sin : in : mal:s[b]aka : sun : uks : [i · sua]n[o]bu :,"Ráðulfr and Fundinn and Ônundr, the brothers erected this stone in memory of Kári the Eloquent, their father, the son of Uggr of Svanabýr."
U 1147 †,°,°
U 1148 †,[...-nsi · uha · auk arfuntr auk kuþfastr auk + ska--... ...-nþ(k)... sin han uas · suikn ...ans],... and Arnmundr and Guðfastr and ... their ... He was betrayed ...
U 1149 $,þurbiurn ' auk| |knutr ' þaiR litu rita^u stain þino| |oftiR ' kaiRmunta faþur sin kuþ hialbi hons| |salu| |uk| |kuþs muþiR ' suain ouk osmunrt markaþu stin þino,"Þorbjôrn and Knútr, this had this stone erected in memory of Geirmundi/Geirmundr, their father. May God and God's mother help his soul. Sveinn and Ásmundr marked this stone."
U 1150,°,°
U 1151,× haþintis × la- ...sa × stain × þana × aftir × hulmfast + buta × sin × auk × at × akla × sun sin × kuþ + hia-bi × ot × þaira ×,"Heðindís had this stone raised in memory of Holmfastr, her husbandman, and in memory of Engli/Egli, her son. May God help their spirits."
U 1152,+ erlyg + let akua + sten + Rfti þursten + buonta sen + lifsten +,"Ernlaug had the stone cut in memory of Þorsteinn, her husbandman. Hlífsteinn."
U 1153 †,[unu...r + raisti + stin + þina + aftir + kamal + buruþur + sin],"Unnulfr(?) raised this stone in memory of Gamall, his brother."
U 1154,frukaþr × raisti × stin + þina + (a)ftir + ihul + buata sin,"Freygerðr raised this stone in memory of Ígull, her husbandman."
U 1155,hurulfr + auk + bahrtr + raistu + stain + aftir + raskulf + kuþ hilbi + ant + hans,Hrólfr and Bjartr(?) raised the stone in memory of Raskulfr. May God help his spirit.
U 1156 $,snor[i]r + auk + kurukr × raistu + stain + þin[a] + aftir + hariulf × aftir × faþur + sii,"Snorrir/Snerrir and Krókr raised this stone in memory of Herjulfr, in memory of their father."
U 1157,þurstain + raisti + stain + þina + aftir + halftan × kuþ halbi + ant × hans,Þorsteinn raised this stone in memory of Halfdan. May God help his spirit.
U 1158,: kuisþen : yg : estr : yg : uin... : yk : aki : litu : risa : stn : fryke : faþur se : lfsten : iuk : runi : þsa :,"Guðsteinn(?) and Eistr and ... and Áki had the stone raised in memory of Freygeirr, their father. Hlífsteinn cut these runes."
U 1159,lafsi auk ' ... uk ' þorbiorn ÷ uk ÷ ul(f)... ...- ' uk ' fastbiarn ÷ þiR ' litu ÷ akua ' -... (f)aþur ÷ sin ' in ÷ ybi(R) ...,"Lafsi and ... and Þorbjôrn and Ulf-.../Ulfr ... and Fastbjôrn, they had ... cut ... their father. And Œpir ..."
U 1160,liþsmoþr + lit + akua + sten + Rfti + iylburn + faþ,"Liðsmaðr had the stone cut in memory of Ígulbjôrn(?), (his) father."
U 1161 $ §A,uifasþtr + fulkahþr + kuþar + litu + resa + sþten + Rþti + sen + faþur + ulfasþ + arfast §BP beþi + feþrkag + burnu + e(n) ...(R) + bali + fresþen + liþ + lifsþen... ... §BQ beþi + feþrkag + burnu + e(n) ... + bali + fresþen + liþ + lifsþen,"Véfastr, Folkaðr, Guðvarr(?) had the stone raised in memory of their father Holmfastr, (and in memory of) Arnfastr. §BP Both father and son were burned, and Balli (and) Freysteinn, of Hlífsteinn's retinue, carved. §BQ Both father and son were burned, and Balli (and) Freysteinn (and) Hlífsteinn (carved?)."
U 1162,biarn ÷ uk ' haltin ÷ litu -...isa ' stin ' at ÷ osur ' faþur ' uk ÷ þorun ÷ bont-,"Bjôrn and Halfdan had the stone raised in memory of Ôzurr, (their) father; and Þórunnr in memory of (her) husbandman."
U 1163 $,uiþbiurn × ok : karlunkr : ok × erinker : ok × nas(i) × litu × risa × stii × þina × eftir × eriibiun × f[aþu]r × sii × snelan,"Viðbjôrn and Karlungr and Eringeirr/Eringerðr and Nasi/Nesi had this stone raised in memory of Erinbjôrn, their able father."
U 1164,+ erlyg + lit + akua + sten + yfti + un... ...e... + sen + lifsten + iyk + runi +,Ernlaug had the stone cut in memory of ... her ... Hlífsteinn cut the runes.
U 1165,hialmtis × (a)uk × þurstain × raistu × sta(i)na × -...-- -ftir × nuka + <airikr> + hiuk,Hjalmdís and Þorsteinn raised these stones in memory of Nokki. Eiríkr cut.
U 1166 †,[hu... ...lnu... ...uk... ...k... ...krft...],... ... ... ... ...
U 1167,-urtr · let ' rta × ...-...-...--(u)---... ...(k)-l(f)-... ...r-----...- ' -tnR (f)(a)-u ' runm ' hufen ' þm ' raþa ' kan ',... had erected ... ... ... runes ... who can interpret them.
U 1168,...u(i)tr × auk × kisl(a)uig × þaun × lti sa × ierunt × s(u)- ...-...-...- × risti × at ...,"<...uitr> and Gíslaug, they had (the stone) raised(?) in memory of Jôrundr, (their) son ... carved in memory of ..."
U 1169,...aluk × ...o... ...ulo...,...-laug ... ...
U 1170,...,...
U 1171,°,°
U 1172,biarn + auk + þair + biruþr + rastu + stain × þina × aftir + sihbiarn i humi,Bjôrn and his brothers raised this stone in memory of Sigbjôrn of Holmr.
U 1173,' ari + rasti + stain + aftir + (h)ialm + faþur sin + kuþ + hialbi + ant hans,"Ari raised the stone in memory of Hjalmr, his father. May God help his spirit."
U 1174,kun(u)-- · lit · risa · stin · þina · at · biarnkir ·: sun · sin · a(k) ...(b)rn faþur sin · -u--- -----sin · --,"Gunn-... had this stone raised in memory of Bjarngeirr, his son, and ... his father ... ... ..."
U 1175,...,...
U 1176 $,kilauk ' uk ' funtin ' litu risa ' stin ' at ' þori ' broþur ÷ sin ÷ uk ÷ ilefr ' uk ' mak,"Gillaug and Fundinn had the stone raised in memory of Þórir, their brother, and Eileifr in memory of(?) his / also (in memory of his) kinsman-by-marriage."
U 1177 §A,askiR ÷ uk ÷ meginbiarn ÷ uk ' litli ÷ litu ÷ risa ÷ stin ÷ at ' tuba · faþur ÷ askiarþ ÷ §B ybiR ' risti,"Ásgeirr and Meginbjôrn and Litli had the stone raised in memory of Tobbi/Tubbi, Ásgerðr's father. §B Œpir carved."
U 1178,...,...
U 1179,...,...
U 1180 $,hi : r-sisRainþnsnskna[þi]aia[s]kra : irþ[e](o)þiR-nosknlisuisi,... ... ...
U 1181,...-(i) × lit × (a)kua ... ...[k × sa](l)fan × ek-...ns·fari ' a(f)i × kunu-s ·,"... had (the stone) cut ... (in memory of) himself, traveller to England, grandfather of <kunu-s>."
U ALSNÖHUS;50,$M bouæ ¶ (b)ouæ,$M Bófi(?) Bófi(?)
U ANF1937;163 $,þat ik uk (M) nona ¶ snonk^uk(t)(i)unf(i) ¶ sak a^rf hit(r)k ¶ þik,... ... ... ... ... ... ... ... ... ...
U ANF1937;172 $,þura · is haþ iR · li(r) ¶ ... (n)is--(t)inþ,Þóra is scorned because ... ... fastener?
U ANF1937;176,=U_Fv1979;246,=U_Fv1979;246
U ANF1937;177,þuu · ink(b)-R,... ...
U ANF1937;178A $ §A,a^luuma^lþ-n §B -u-(s)t-a^l,... §B ...
U ANF1937;178B,... (k)ar---- ...,... made(?) ...
U ANF1937;179,...ri...,...
U ANF1937;180,afki,...
U AST1;150,(u)-(s)--||-u| |uruakR uti misfulkiR ¶ (f)aki skaþi ua ¶ ???,"Do not be(?) over-lively abroad (= out of the grave), ghost! May the evil-doer get woe! ..."
U AST1;166,$M §A (i)kakukris-i[u]iko-þ^(R)tum-num ¶ [o]yrþæ^lami(æ)---tskin ¶ sifg-(u)inu-m ?? §B [??] × ik þ sik þ^rio × [nøþ]-R ni- [?] ¶ ? ui-----... ¶ ...,"$M §A ... ... ... ... §B ... I say three giants, nine needs (?). ... ... ... ..."
U AST1;171,???,...
U AST1;172,=U_Fv1933;134,=U_Fv1933;134
U AST1;174,M? §A rhisRtrhri ¶ frhisRtrhri ¶ frhisRtr(h) + §B (r)(h)i(s)(r)trh + ¶ (r)hisR(t)rhri ¶ fr(h)isRtr(h)ri,M? §A ... ... ... §B ... ... ...
U AST1;179 M §A,...-tiberoseaua^sioru-... §B ...-----...,... §B ...
U AST1;183 M §A,(a)imarmorfai ¶ hlfakrimifa ¶ -kih-iiift §B -rsrstikfra ¶ atol(a)lristikf ¶ rsaorirmkif ¶ f-----s----,... ... ... §B ... ... ... ...
U ATA3500/43 $,... ...ans ot · uk · s-... ...,... his spirit and soul ...
U ATA4741/44 $,... ---(u) ---n · ---(u)a · ifti(R) ...--...,... had the stone cut in memory of ...
U ATA4589/45,†$ [...----k...],†$ ...
U ATA5234/45 M §A,... : kiarþi ... : b...uk... : §B (r)(þ) §C ...,... made ... ... §B ... §C ...
U ATA3916/47 $,... ...-ontR sta... ...uaisHa... ...-ruM...,... stands the stone ... ...
U ATA2999/50 $,... sin ... hiona ...,... his(?) ... married couple's ...
U ATA6263/56 $,... (k)uþa... ...,... good(?) ...
U ATA5734/59 $ §A,... ...ni · stin · -... mun · fala · -... §B ...nan · fuþ-... · þan · -...,... this(?) stone ... will fall ... §B Nann(?)/brave(?) father(s)(?)/ gives birth to(?) ...
U ATA5735/59 $ §A,... ...ftir · su... §B ...(k)... §C ...(l)...,... in memory of ... §B ... §C ...
U ATA7269/60A,... ...(k) ' ger(a) ...,... and made ...
U ATA7269/60B $,...-ur · sin ...,... his(?) ...
U ATA7269/60C $,...(l)i...,...
U ATA7269/60D §A,...r × ok × e... §B ...r-...,... and ... §B ...
U ATA7269/60E,...(i)simo-...,...
U ATA7269/60F,°,°
U ATA7269/60G,°,°
U ATA7269/60H,°,°
U ATA365/61A,°,°
U ATA365/61B,°,°
U ATA365/61C,°,°
U ATA4027/61,=U_63,=U_63
U ATA4822/64 $,...u-r- (a)si ... ...þur sin,... Ási(?) ... his father/brother
U ATA3019/65,... ...R × fasbi... ...,... in memory of Fastbjôrn ...
U ATA3599/65,... × ark(a)... ... × at × (k)...,... Arngeirr(?) ... in memory of ...
U ATA3600/65,... · au- ...biur- ... ...era · ...erki · ...ia ·,... and ...-bjôrn ... the landmark made ...
U ATA6243/65,... ...(R) : (b)---- ... ...--(t)en : suniR : fristns ¶ si--uþ : etiR muþiR þeRa : -... ...-- stena,"... in memory of Bjôrn(?) and Þorsteinn(?), Freysteinn's sons. Their mother is called Sigþrúðr(?). ... ... stones."
U ATA2336/69,...r + ok + -...,... and ...
U ATA5923/69,...---st...,...
U ATA2753/74,°,°
U ATA3621/75,fþþf þþþ,... ...
U ATA4753/75,°,°
U ATA5856/75,°,°
U ATA5876/75,=U_ATA5856/75,=U_ATA5856/75
U ATA4909/78,=U_THS30;83,=U_THS30;83
U ATA1349/81 $,...-...,...
U ATA3377/87,M? ------------,M? ...
U ATA423-4018-1999,...---R austr ...,... east ...
U ATA322-326-2000,°,°
U ATA323-3559-2003,°,°
U ATA322-3229-2005,... ...aina · eft... ...,... the stones(?) in memory of ...
U ATA322-1086-2007,...(k)ail · a... ¶ ...t...,... ... ...
U ATA322-1391-2009 M,andrus : ris...,Andreas carved
U ATA322-4042-2009,...(r)fR × resti × sin × þina × iftiR × frystin × faþur × s-... ...,"Djarfr(?)/-djarfr(?) raised this stone in memory of Freysteinn, his father ..."
U ATA322-4035-2010,... litu ' rit... ...,... had ... erected ...
U ATA322-425-2011 M,i(æ)rl : i(l^n)is : l(a)toh : uøi,... ... ... ...
U ATA322-1668-2011 M §A,t^u^sak^a^tomenk... ¶ ... -ater in manu¶... ... ... sbiritu¶¶m §B meum (s)... ¶ t^n^amiu^stu^tsanf... ¶ ...m(i)(s)ti m^(n)(i) tom(i),"... ... Pater, in manus tuas commendo spiritum §B meum ... ... Redimisti me Domini."
U ATA322-4014-2011:1,°,°
U ATA322-4014-2011:2,...ut-...,...
U ATA322-4014-2011:3,°,°
U ATA322-4034-2011,°,°
U ATA323-4560-2011 M §A,(f)uþ sinniþik §B i guþ gæti ' (i)tþ(i)inatui--i guþ,cunt(?) ... §B ... May God protect ... God
U ATA321-1786-2012,°,°
U ATA351-1904-2013,°,°
U ATA351-1796-2014 §A,halhi ia... ¶ ...- hiialbi ... ¶ ...rina¶¶h §B alhi ... ¶ mikal^n ... ¶ ...atrina,Holy ... ... help ... Katrína. §B Holy ... Michael(?) ... Katrína.
U DLM;70,$M §A bintikaþ te burker teus bater kustatiaþ te ias kriistu §B istiberoseausiorumamenileþu-inuminaþtefurtusku,"$M §A Bless you, Borggeirr, God Father, Guard you Jesus Christ. §B ..."
U F2;43 M,fuþorkh-iastb(l)mR ??? ----,<fuþorkhniastblmR> ... ...
U FJÖLNIR1985:2;28 §A,f... ¶ ...ku-... ¶ ...-kas--... ¶ ...-kh--... §B ...,... ... ... ... §B ...
U Futhark2013;120 M,...laf-u- sta^fbR ha^n · ligær h...,"... (in) Stafbýr, he lies here."
U Fv1912;8 §A,tiarfr × fik af × simskum × moni × skalaR × þis... (×) i ...(o)t(i) × in uirmuntr × f(a)þi × runor × þisar §B fuhl × ualua × slait × (f)aluon × fon kauk × o nos au-a,Diarfr got from a man from Samland / Semgallen these scales in(?) ...-land. And Vermundr coloured these runes. §B The bird tore apart the pale thief: (One) found (ie observed) the increase (ie from eating) in the corpse-cuckoo (raven).
U Fv1913;276 $,Oþ^uft,...
U Fv1921(2);14 $,...Rfahok · (u)kula,... ...
U Fv1933;134 $ §A,þur/þurs| × |sarriþu × þursa trutin fliu þu nu^| |^funtin is §B af þiR þriaR þraR ulf × ¶ af þiR niu noþiR ulfr iii ¶ isiR þis isiR auk is uniR ulfr niut lu¶¶fia,"Boil/Spectre of the wound-fever, lord of the giants! Flee now! You are found. §B Have for yourself three pangs, Wolf! Have for yourself nine needs, Wolf! <iii isiR þis isiR auk is uniR>, Wolf. Make good use of the healing(-charm)!"
U Fv1946;258 $ §P,· uikr · uk · utryk · uk · bali · lata · raisa · mirki · iftR · faþur sn · rauþkar · uk skib · þu-- · -i-a-----i-iti · uk ---... skib · fa-t §Q · uni(m)r · uk · utryk · uk · bali · lata · raisa · mirki · iftR · faþur sn · rauþkar · uk skib ' þu-ilia-- (u)isiti · (r)i(s)ti skibi · fa(s)ti,"Vígr and Ótryggr and Balli have raised the landmark in memory of their father Hróðgeirr and the ship(?) ... ... and ... ship(?) ... §Q Ónæmr and Ótryggr and Balli have raised the landmark in memory of their father Rauðkárr and the ship(?) ... Véseti carved, ship(?) ..."
U Fv1948;168 $,sibi ' uk ' ikriþ ' litu ' raisa ' stain ' iftiR ' g-ha ' uk ' at ' harþ ' suni ' sina ' sihimuntr ' uk ' sihikfastr ' bryþr ' sina ¶ ybir risti,"Sibbi and Ingríðr had the stone raised in memory of Gagi(?) and in memory of Harðr, their sons; Sigmundr and Sigfastr in memory of their brothers. Œpir carved."
U Fv1953;263 $,elka ' lit raisa stain ' eftiR ' sua^rtik ' b... ... ... -t ' eystain ' uk ' at ' emink ' suni ÷ sina ' in ' ikulfastr,"Helga had the stone raised in memory of Svertingr, (her) husbandman ... ... in memory of Eysteinn and in memory of Hemingr, her sons. And Ígulfastr carved."
U Fv1953;266,tayr : knutr : aok : þorkisl : aok : aystin : þaiR : raistu : stain : eftiR : biarn :: faþur : sin :: snari : iag :,"<tayr>, Knútr and Þorgísl and Eysteinn, they raised the stone in memory of Bjôrn, their father. Snari cut."
U Fv1953;268,... ...--n × at × -...,... the stone in memory of ...
U Fv1953;270 $,...ybiar- ... ... br(o)þur · sin ...,Sigbjôrn/Seybjôrn ... ... his brother ...
U Fv1953;272,...- × i × ha...,... ... ...
U Fv1953;274 $,... lit × raisa × staina × ¶ a(t) ...,... had the stones raised in memory of ...
U Fv1954;1,=U_405,=U_405
U Fv1954;4,... stin ' þina ... ...-u(r)...,... this stone ... ...
U Fv1955;216,kuþrikr × au... kilauk × rais(t)(u) (s)(t)(a)(i)(n) × iftiR × þorkil × sun × sin × kuþ × hialbi ant hans,"Guðríkr and Gillaug raised the stone in memory of Þorkell, their son. May God help his spirit."
U Fv1955;219,°,°
U Fv1955;222,°,°
U Fv1958;250,× ...nuntr × lit × raisa × stain þina × at × s(i)(k) × kuik-...n ×,Ônundr had this stone raised in memory of himself while alive.
U Fv1959;98 M,a^u^e ma^ria,Hail Mary.
U Fv1959;188,sikstain · auk · erin... ...itu stain · hkua · eftR · ail-... ... ...,"Sigsteinn and Erinvé had the stone cut in memory of Eileifr, their son."
U Fv1959;196,× kr(e)stin × let × giara × merki × eftiR × sun sen × huir sum runum riþr × hafi byniR × firiR × alah sial × suni ÷ uaR faþiR ala ×,Kristin had the landmark made in memory of her son. Everyone who interprets the runes have prayers for Áli's/Alli's soul. Soni was the father of Áli/Alli.
U Fv1959;250,... stai- ...- · ebt... ... (a)nt ... ...u...,... stone ... in memory of ... spirit ... ...
U Fv1959;255,... lit ' at ' fa(þ)... ...,... had in memory of father ...
U Fv1959;256,°,°
U Fv1959;259,... ...(t)ain þi(n)... ...,... this stone ...
U Fv1959;260,... ---u rita stin ...,... had the stone erected ...
U Fv1967;262A,... ...a · mirki ...,... made the landmark ...
U Fv1967;262B,ku-...,...
U Fv1967;265,... -in · k... ...,... his(?) good(?) ...
U Fv1968;276,...R : letu : --aru... ...,... had made ...
U Fv1968;278A,...irb...,...
U Fv1968;278B,...kun...,...
U Fv1968;279A,... ...uþils : ...,... Auðgísl ...
U Fv1968;279B,-ikfastr : ak × une... ... ...a × eftiR × iluka × fþu... ...,"Sigfastr and Ónæmr ... ... in memory of Illugi, (their) father ..."
U Fv1969;210,ilfus un¶i biþR ua,Illfúss. Uni/Unni prays for (you) woe.?
U Fv1969;304,=U_Fv1969;304A,=U_Fv1969;304A
U Fv1969;304A,...t (h)... ...(i)...,... ... ...
U Fv1969;304B,°,°
U Fv1969;305,... uiþ(b)... ...a...,... Viðbjôrn(?) ...
U Fv1971;209,...-a eftiR h-...,... in memory of ...
U Fv1971;211,=U_Fv1971;211B,=U_Fv1971;211B
U Fv1971;211A,°,°
U Fv1971;211B,...iR · i(l)...,... ...
U Fv1971;212A $,... (a)uk ' þurm... ...,... and Þormundr(?) ...
U Fv1971;212B $ §P,ra... ... ok rahnui (s)--(i)i ok at| |t¶otur s §Q ra... ... ok rahnui (s)--(i) iok at| |t¶otur s,... ... and Ragnvé ... and in memory of her daughter. §Q ... ... and Ragnvé ... cut in memory of her daughter.
U Fv1971;213A,...uiþr · uk · kunaR · litu · kera · (m)... ... ... sina ...,...-viðr and Gunnarr had the landmark made ... ... their ...
U Fv1971;213B,°,°
U Fv1972;172,' koþlauh ' reisti ' afR ' bonta sn,Guðlaug raised (the stone) in memory of her husbandman.
U Fv1972;271,× skahi × a(u)- × --... ... ...- · risa × stin × aftir × frabiorn ×,Skagi and ... ... ... the stone raised in memory of Freybjôrn.
U Fv1972;272,...- stain ... ...in uk · ikn-... ... moþur · s...,... stone ... ... and ... ... his mother.
U Fv1972;274A,...-t : far...,... ...
U Fv1972;274B,°,°
U Fv1972;274C,°,°
U Fv1972;274D,...(u)n si... + ...,... ... ...
U Fv1973;146,+ aratr + yk + ernkisl + yk + alfton + yk + futraþr litu + akua + sten + Rfti + kisl + faþur + sen +,"Haraldr and Erngísl and Halfdan and Fótráðr had the stone cut in memory of Gísl, their father."
U Fv1973;191,...a : s...,... ...
U Fv1973;194,...(þ)r · litu rita stain þino ... ...tauaþum × i... ...þiR aihi yirþa · miþan st...n- ...,... had this stone erected ... christening robes ... no ... will be while the stones(?) ...
U Fv1973;197A,°,°
U Fv1973;197B M,fuþorkhnias(t)bR --,<fuþorkhniastbmlR> ...
U Fv1973;198A M,...,...
U Fv1973;198B,°,°
U Fv1973;198C,=U_941,=U_941
U Fv1973;198D,... ...ftR · faþ-... ...,... in memory of (his) father ...
U Fv1973;199,°,°
U Fv1974;203,...mn ' nu ' aor ' gera · ayti ' s(u)ni sena ' suna ' ok ' hulR(g)... ...-i Rikit -...,"... and (had) a ford(?) made in memory of his sons Soni and Holmgeirr, the great landmark ..."
U Fv1974;213,...-oþ...,...
U Fv1975;168,°,°
U Fv1975;169,...---... ...-- -hulf(r)iþ/hulf(r)iþ ris-- (s)t- × iftiR utr × bruþur s...-,"... ... Ígulfríðr/Holmfríðr raised the stone in memory of Otr, her brother."
U Fv1975;171A M,þora ¶ --(a)tik fita,Þóra ... cunt(?).
U Fv1975;171B,...(k)/...(f) · s...,...
U Fv1975;172,...an...,...
U Fv1976;96 M,fuþork,<fuþork>
U Fv1976;99,uþkiarþ + lit rista · runaR · iftR fin · bonta sin uk · at + iþin + sun sin,"Auðgerðr had the runes carved in memory of Finnr, her husbandman, and in memory of Heðinn, her son."
U Fv1976;104,rikr · ok · hulti · fastkair · þaiR · litu · ...a stain · at · uikmar · faþur · sin · styriman · koþan : likbiarn · risti,"Ríkr/Rekkr/Hringr and Holti and Fastgeirr, they had ... the stone in memory of Vígmarr, their father, a good captain. Líkbjôrn carved."
U Fv1976;107,...-arn · uk · brantr litu · risa · stin · at · karluk · faþur · sin in · kitilbiarn at · broþur ybir risti run,"...-bjôrn and Brandr had the stone raised in memory of Karlungr, their father; and Ketilbjôrn in memory of (his) brother. Œpir carved the runes."
U Fv1976;108,sih----... ...u... ...--...-... : -...- : -in : u-- : -...,Sig-... ... ... ... ... ... ...
U Fv1977;162A,°,°
U Fv1977;162B,... ... ...-b- ...,... ... may help(?) ... ...
U Fv1977;163 $,... · stain · eftiR ... ...-þur sin,... the stone in memory of ... his brother / father.
U Fv1978;226 $ §P,...-r · riti · stan · eftR · ermu- · ¶ ...-- · ftR þiahn ¶ ok| |kiarþi · bro · biarhi · kuþ · ...--ni §QA ...-r · riti · stan · eftR · ermu- · ok| |kiarþi · bro · biarhi · kuþ · ¶ ... --ni §QB ...-- · ftR þiahn,... erected the stone in memory of Ernmundr ... in memory of Þegn and made the bridge. May God save ... §QA ... erected the stone in memory of Ernmundr and made the bridge. May God save ... Suni(?) §QB ... in memory of Þegn.
U Fv1979;241,°,°
U Fv1979;243A $,... [efti](R) brun...,... in memory of Bruni(?)
U Fv1979;243B,... (k)unuata- ...,... Gunnhvatr ...
U Fv1979;244A,... ...u ÷ kia(r)... ...,... had made ...
U Fv1979;244B,...m × on × li(t) × ri... ...(t)in × þi-... ...an × saR × -... ...(l)bi × (a)ns ...u ...,... He had this stone raised ... He ... May ... help his soul ...
U Fv1979;245 $,...u(b)... ...t × raisa × s... ...ti(R) × s-...ar- ... ...-(n) · -... ...(t)i,"Jóbjôrn had the stones raised in memory of Sigbjôrn/Seybjôrn, his father. ... carved(?)."
U Fv1979;246,ran--h-... ...ios---...(h)...(u)...(a),Ragn-...(?)/Rann-...(?) ...
U Fv1979;249 M,...-- a mik,... owns me.
U Fv1980;235 M,kati,Káti(?)
U Fv1980;237,... biarn ' uk ... ...-husa ' moþur sin,... Bjôrn/...-bjôrn and ... <...-husa> their mother.
U Fv1981;199 M §A,-uf-h-m §B þoR¶-nr,... §B ...
U Fv1981;201 M,---þ^R---,...
U Fv1983;228,× nesbiurn : (l)it : raisa : sta-n : þensa : eftiR : (o)laif : sun : sin : hiar : skal : stanta : stain · a : l(a)(i)...au...,"Nesbjôrn had this stone raised in memory of Óleifr, his son. Here the stone will stand on ..."
U Fv1983;229,$M §A <...-uþh ÷ raþ^ ^þþ ÷ runar> §B ... ...(k)s · ieæsus ÷ iiæsus : ieæsus ÷ ka^lka^ns ÷ ga^rd^u(R) ÷ ieæsus ÷ ieæ(s)... ...,"$M §A ... interpret the runes! §B ... cross(?). Jesus, Jesus, Jesus, the (communion) chalice's <garduR>. Jesus, Jesus ..."
U Fv1983;232,$M kir-s -...,$M Lord(?) ...
U Fv1984;257,$SENTIDA ¬,$SENTIDA ¬
U Fv1986;84 $,asmu-tr ... ris-- · runaR · eftiR × stein · faþurs·faþur · sin · auk · faþur · siba · ok × geiRbiarnaR × aok ... ulfs · eaR · merki · mikit · at · man · koþan ×,"Ásmundr carved the runes in memory of Steinn, his father's father, and the father of Sibbi and Geirbjôrn and Ulfr. Here (stands) a great landmark in memory of a good man."
U Fv1986;220A,...-l : kuþ hialbi ...,... May God help ...
U Fv1986;220B,M? §A ...-(h)aþist^n-... §B ...(t)Rt^ns(oe)(ø)(n),M? §A ... §B ...
U Fv1986;220C,fuþorkhnis,<fuþorkhnias>
U Fv1988;241 $,kitil| |lit ' hakua stin ' þino ' ifti(m) ' inku-- · faþur ' sin ' o-... ...- · hiri(a)R ' markaþu ·,"Ketill had this stone cut in memory of Ingulfr/Ingvarr(?), his father. Ásmundr and Herjarr(?) marked."
U Fv1988;243 $ §A,... ...-biarn ' uk ' þora ' litu · ... ...- ri-... ... §B uaþ...,... ...-bjôrn/Bjôrn and Þóra had ... ... carved(?) ... §B ...
U Fv1990;32A $,... stin : þinsi : i--iR : un...,... this stone in memory of ...
U Fv1990;32B,staki auk · þi-fi · litu · rist- · stain · þi-a · i-tir · himik + faþur × sin ·,"Staki(?) and Þjalfi had this stone carved in memory of Hemingr, their father."
U Fv1990;33,$M siþu(h)un,$M ...
U Fv1990;35,$M ri(ø) (n)oþs,$M ... ...
U Fv1990;36,$M ikiu(a)^t,$M Ingihvatr(?)
U Fv1990;37,$M §A kruks : markus : kruks : lukus : kruks : ma(þ)--... §B ...-- -oanas : kruks : maria : matra : tomina,"$M §A Cross Mark. Cross Luke. Cross Matthew(?). §B Cross(?) John(?). Cross Mary, mother of God (?)."
U Fv1990;39A,$M f-nolh--...,$M ...
U Fv1990;39B M,liku a knif,Likko(?)/Liko(?)/Linko(?) owns the knife.
U Fv1990;41A,$M §A ??þþþ §B þ(y),$M §A ... §B ...
U Fv1990;41B,$M §A fuþorkhinastb--R §B -- ba ba,$M §A <fuþorkhniastbmlR> §B ... ... ...
U Fv1990;41C,$M §A r : r : riruþ- §B l +,$M §A ... ... ... §B ...
U Fv1990;42,...sti...,...
U Fv1992;156 $,sikfastr : auk : sihfu... ...aistu : stin : þansi (a)uk ... -i(þ)...fri(þ)a : aftR : uifast : faþur : sia : kuþ hialbi : nuk : · ku(þ)... ... at hans ... hiuk^ · ^stin,"Sigfastr and Sigfuss raised this stone and Heðinfríða(?) in memory of Véfastr, their father. May God and God's mother(?) help his spirit. ... cut the stone."
U Fv1992;157,× kunar : auk biurn : auk × þurkrimr × ra-... ...tain : þina · at þurst... × bruþur sin : is uas austr : tauþr · m... ...ari × auk × karþ... ...u þisi,"Gunnarr and Bjôrn and Þorgrímr raised this stone in memory of Þorsteinn, their brother, who was dead in the east with Ingvarr, and made this bridge."
U Fv1992;159A,... at × or... ...,... in memory of Ormr(?) ...
U Fv1992;159B,kunt,Knútr(?)/Gunn-...(?)
U Fv1992;160 $,nuþRþu-,...
U Fv1992;161A,inþi,...
U Fv1992;161B §A,þurli §B -aa-- × fyrt × ulr-,Þorli(?) §B ... brought(?) ...
U Fv1992;161C $ §A,fuþorkhniastbml §B burka(R) a naskal þina kuþumutr riti §C fuþorkhniastbmlR,<fuþorkhniastbmlR> §B Borgeirr(?) owns this ... Guðmundr(?) carved(?). §C <fuþorkhniastbmlR>
U Fv1992;163A,$M (u)ii...,$M ...
U Fv1992;163B,iunia,...
U Fv1992;164A,...--...,...
U Fv1992;164B,$M þþþþi,$M ...
U Fv1992;164C,$M §A raþ nu en þu ... §B rom(i),"$M §A Interpret now, and you ... §B ..."
U Fv1992;165,$M fuko/fþko,$M ...
U Fv1992;166 $ §A,mari · selti · rif a fe mest · ¶ aff ¶ asa §BP kunukr : iaR : matr : bestr : han : a f mest : han iaR þekili §BQ kunukr : iaR : matr : bestr : han : a f mest : han iaR þekil i,Mari(?) gave the rib-bone. (He) owns the most wealth. ... Ása(?) §BP The king is the best man(?). He owns the most wealth. He is agreeable. §BQ A king is the best man. He owns the most wealth. He is ever ruler.
U Fv1992;167A $,s ' s...,... ...
U Fv1992;167B,°,°
U Fv1992;167C $ §AP,...t · þu^kkiR · m... §AQ ... ...t · þu^kkiR · m... ... §B ...(s)ku · -...,... seems(?) ... §AQ ... it seems to me (?) ... §B ... ...
U Fv1992;168A,°,°
U Fv1992;168B $,...r · -...,... ...
U Fv1992;168C §A,fastlaug fikr · ok : kola §B rif : naut^s,Fastlaug Finger and Kolla. §B rib-bone of cattle.
U Fv1992;169,... raisti × stain þinsa · iftiR sbraka × sun ...--i × kuþan,"... raised this stone in memory of Spraki, ... good son."
U Fv1993;230,=U_6,=U_6
U Fv1993;231,hu(l)r-... ... bi(e)r-/...bi(e)r- × þir l(i)tu kira · (m)-rki · iftiR × fu(l)n(e) · faþur · sin,"<hulr-...> ... Bjôrn/...-bjôrn they had this landmark made in memory of Fulnir, their father."
U Fv1993;233,...mikR · lit · hkua · stain iftR s-... sin koþan,Hemiongr had the stone cut in memory of his good sun.
U Fv1993;234 U,þnfu/wnfu,...
U Fv1993;235,... tirf(R) ...-...urs-...,... Djarfr ...
U Fv1993;236 M,æ^l/l^æ,...
U Fv1996;215,=U_Fv1979;245,=U_Fv1979;245
U Fv2009;312 †,[...r ankar · atr · uk · ... · litu · rasa · tsan · at · suta · ...],"... Arngeirr(?)/Arngerðr(?), Haddr(?) and ... had the stone raised in memory of Sóti, ..."
U Fv2012;59 †,[... uk · hursi ...],... and Haursi ...
U Fv2012;60 †,[...-r · kerþ(i) ...],... made ...
U HG1989;44 U §A,h-AhAhAukz Albu-- §B ...-(n)A,Hlahahaukz (The Laughing Hawk) (is) completely ready.(?) §B ...
U KVHAAÅ2003;65,=U_NOR2003;23,=U_NOR2003;23
U KVHAAÅ2008;214 $,...-purut,...
U Köping;18,=U_560,=U_560
U L1887 $,hsanþi hri,... ...
U MK1998;49,... l,... ...
U NOR1994;26A §A,: iii ÷ ?sk ÷ isi?n ¶ t^h?o???? §B ?k?o?þto(u)f??? ¶ t?????(f)?,... ... ... ... §B ... ...
U NOR1994;26B M,...us sanctu... ¶ ...-lfa et o ...,Holy Spirit alpha and o ...
U NOR1995;19,=U_941,=U_941
U NOR1996;17A,burn,Bjôrn
U NOR1996;17B,$M §A haralt §B si s^a^s| |sik^h^ s^a i s^a^ sik^ s^a i| |is,"$M §A Harald(r) Look! He who saw himself in the tub, he saw himself in the ice."
U NOR1996;17C,...tmlR,<...tbmlR>
U NOR1996;17D M,--þnþ-,...
U NOR1996;18A M,liþþþþþþþissi...-a...-,...
U NOR1996;18B M,bofe,Bófi
U NOR1996;18C,$M -b-btbtb,$M ...
U NOR1996;18D M,Rbnia ¶ fuþorkhninstbmlR,... <fuþorkhniastbmlR>
U NOR1996;18E M,funi,Funi(?)/flame(?)
U NOR1996;18F,...r ' ok ' i...,... and ...
U NOR1996;19 $,i--imit^oiRiaR-,...
U NOR1997;27A $,...iun · t... ...iks...,... ... ...
U NOR1997;27B,...iþ...,...
U NOR1997;29A §A,raþ| |þu × runa- ... §B ...--- × stu-r--,Interpret the runes ... §B ... ...
U NOR1997;29B M,huþþuu,...
U NOR1997;29C M,fþ,<fuþork>(?)
U NOR1997;29D M,kæenm,...
U NOR1997;29E M,rifi,rib/rib-bone
U NOR1997;29F M,rifbin trr---...,rib-bone ...
U NOR1997;29G $,fuþ ¶ ar-,<fuþork>(?)/cunt(?) eagle(?)
U NOR1997;30A $,þu^nl þorluk ¶ oimi,... Þórlaug/Þórlaugr ...
U NOR1997;30B M,fr,...
U NOR1997;30C,$M f(u)ma,$M Fumma(?)
U NOR1997;30D M,...bneiRm,...
U NOR1997;30E M,fuþ,<fuþork>(?)/cunt(?)
U NOR1997;30F,oþr/t^aþr t^a,... ...
U NOR1997;31 M,uba^k,...
U NOR1998;23A,...-...,...
U NOR1998;23B,...-...,...
U NOR1998;24 M,ktytu,...
U NOR1998;25 $ §A,iorils × ouriþ × uaksna ur : kroke × bat han × riþu × bar-... §B han : riþu × aok × siþa × sarþ × sararan × uara × hafir × fult ¶ fekit × fly : braot riþa §A ????????,"Jórill's woundcauser / Jórill's abnormal stomach-ache disappear from Krókr! He bound the fever, he fought(?) §B the fever. And did away with the abscess. (He) has fully cought the pus. Flee away, fever! §A ..."
U NOR1998;26,...,...
U NOR1998;27A $,...-i -ftiR ...,... in memory of ...
U NOR1998;27B M,þu : iuika^l/iuikl^a/iska^l/iskl^a,You ...
U NOR2000;21 M,... -it : tafast : rista : runir,... had Tafeistr to carve the runes.
U NOR2000;22 M,hulma · gierþi · at · sihtrygs · i · esi · þita,Holma made this at Sigtyggr's [place] in <esi>.
U NOR2000;23 M §A,--a fuþorkhnisatbRlm Roþat §B mbut rema þara abab þo,... <fuþorkhnisatbRlm> ... §B ... ... ... ... ...
U NOR2000;24 M §A,<k(R)slk...> §B <...-rl>/<...-kl>,... §B ...
U NOR2000;25A §A,sihurþr × b... §B ... ...-fasta,Sigurðr ... §B ... ...-fasti(?)/...-fasta(?)
U NOR2000;25B M §A,... ...(÷)a÷þ| |þ÷u÷ r÷u÷n÷a÷r : §B ...,... interpret the runes. §B ...
U NOR2000;26,$M §P ...(t)-rgar a knif §Q ...(t)-r gara knif,$M §P ... owns the knife. §Q ... make the knife.
U NOR2000;27B,$M hera : nikala... ...,$M Sire Nikulás ...
U NOR2000;28A M §A,nnnikbo?þm §B ????kn-,... §B ...
U NOR2000;28B M,-aþtuai/-aþa^nuai,...
U NOR2000;29,kuþrikr ¤ o ¤ kufri ¤ tyti,Guðríkr in <kufri> <tyti>
U NOR2000;30A $,þt kai,May you heed this (?)
U NOR2000;30B $,fr {PAX TEC},Peace(?). {Pax tecum.}
U NOR2000;31A,a^nþ/Rþ · i,... ...
U NOR2000;31B,(f)uu-,...
U NOR2000;32A,r,...
U NOR2000;32B $ §A,<raþ> <þat> §B r-ki/rki ??,Interpret that/this! §B Ruggi(?)/Ríki(?) ...
U NOR2000;33 §A,...astb--... §B ... × runa × ---...,<fuþorkhniastbmlR> §B ... runes ...
U NOR2000;34A §A,<raþ| |þ(u)> §B isiiiuuiii,Interpret! §B ...
U NOR2000;34B,-era-nae × ¶ -kiþ,... ...
U NOR2000;36,°,°
U NOR2000;37 $ §A,... ...eir- ... §B · þeir (:) f--... ... §C ... reisa : -... ...,... their(?) ... §B they ... ... §C ... raised ... ...
U NOR2001;19 $ §A,fufofafi----(o)þaþ...orarikukokakihuhohahinunonani ¶ tutotatibubob--...-umomamilulolali §B frufrofrafri nribu §C mik : þurþir : mana : mist iousftr,... ... §B ... ... §C Me(?) ... most of men ...
U NOR2001;20,fu,<fuþork>(?)
U NOR2001;21,...-um · m--...-þan : a---...,... ... ...
U NOR2001;22A,----þiRi,...
U NOR2001;22B M,...--b-þi--aaa-...,...
U NOR2001;23 M,...-tiaþ,...
U NOR2001;24,...-- (÷) uas ÷ uk ÷ fo-inu ÷ oi--...,... was(?) and(?)/also(?) ... ...
U NOR2002;26 §A,arsiarþir- + (þ)oi §B miRi-þ ¶ ...i...-fri-k(þ)(k)-,... ... §B ... ...
U NOR2002;28 §A,iþiu §B (i)(f),... §B ...
U NOR2002;29,uikula : a skal birnulfr skeki,Végulla owns the bowl. Bjarnulfr <skeki>.
U NOR2002;32 U,... ...e : ru... ...,... wrought(?) runes(?) ...
U NOR2002;33A $,...-a...,...
U NOR2002;33B $,...-n...,...
U NOR2002;33C,...r + ...,... ...
U NOR2002;33D,...þa-...,...
U NOR2002;33E $,...it-...,...
U NOR2002;33F $,°,°
U NOR2003;22 M,fuþorkhniastbkmlR,<fuþorkhniastbkmlR>
U NOR2003;23,ulauh × lit × rita × stain × iftiR hulma sun sin,"Ólaug had the stone erected in memory of Holmi, her son."
U Owe1996b;119,...in · au...,... ...
U Owe1996;119A,=U_THS30;78,=U_THS30;78
U Owe1996;119B,=U_Owe1996b;119,=U_Owe1996b;119
U RR1987;134,ikilauh × lit + hakua · eli þsa · eftR + sun sin × sihfastr · auk · -ihilt · broþiR hans · þ-u muþrkun bua i hu-um,"Ingilaug had this rock-slab cut in memory of her son Sigfastr(?) and ... <-ihilt>, his brother. The mother and son, they live in Húsar(?)"
U SD2013;24,... ...s muþiR ' ¶ + osmunt... ... ¶ runaR þisa(R) ...,... God's mother. Ásmundr ... these runes ...
U SHM5664 M,o^r ¶ o^r ¶ o^r ¶ o^r,... ... ... ...
U SHM28883:54 §A,...m/R... §B ...y...,... §B ...
U SHM34526:735,...,...
U Sl1,=U_Fv1912;8,=U_Fv1912;8
U Sl2,a(þ),...
U Sl3,=U_AST1;166,=U_AST1;166
U Sl4,=U_AST1;171,=U_AST1;171
U Sl5,=U_Fv1933;134,=U_Fv1933;134
U Sl6,=U_ANF1937;178A,=U_ANF1937;178A
U Sl7,=U_UR2;138A,=U_UR2;138A
U Sl8,=U_UR2;138B,=U_UR2;138B
U Sl9,=U_Fv1983;229,=U_Fv1983;229
U Sl10,=U_Fv1983;232,=U_Fv1983;232
U Sl11,=U_Fv1984;257,=U_Fv1984;257
U Sl12,=U_Fv1986;220C,=U_Fv1986;220C
U Sl13,=U_Fv1986;220B,=U_Fv1986;220B
U Sl14,=U_Fv1990;33,=U_Fv1990;33
U Sl15,=U_Fv1990;35,=U_Fv1990;35
U Sl16,=U_Fv1990;36,=U_Fv1990;36
U Sl17,=U_Fv1990;37,=U_Fv1990;37
U Sl18,=U_Fv1990;39A,=U_Fv1990;39A
U Sl19,=U_Fv1990;39B,=U_Fv1990;39B
U Sl20,=U_Fv1990;41A,=U_Fv1990;41A
U Sl21,=U_Fv1990;41B,=U_Fv1990;41B
U Sl22,=U_Fv1990;41C,=U_Fv1990;41C
U Sl24,=U_Fv1992;159B,=U_Fv1992;159B
U Sl25,=U_Fv1992;160,=U_Fv1992;160
U Sl26,=U_Fv1992;161A,=U_Fv1992;161A
U Sl27,=U_Fv1992;161B,=U_Fv1992;161B
U Sl28,=U_Fv1992;161C,=U_Fv1992;161C
U Sl29,=U_Fv1992;163A,=U_Fv1992;163A
U Sl30,=U_Fv1992;163B,=U_Fv1992;163B
U Sl31,=U_Fv1992;164B,=U_Fv1992;164B
U Sl32,=U_Fv1992;164C,=U_Fv1992;164C
U Sl33,=U_Fv1992;165,=U_Fv1992;165
U Sl34,=U_Fv1992;166,=U_Fv1992;166
U Sl35,=U_Fv1992;167A,=U_Fv1992;167A
U Sl36,=U_Fv1992;167C,=U_Fv1992;167C
U Sl37,=U_Fv1992;168C,=U_Fv1992;168C
U Sl38,=U_NOR1997;30F,=U_NOR1997;30F
U Sl39,=U_NOR1996;17A,=U_NOR1996;17A
U Sl40,=U_NOR1996;17B,=U_NOR1996;17B
U Sl41,=U_NOR1996;17C,=U_NOR1996;17C
U Sl42,=U_NOR1996;17D,=U_NOR1996;17D
U Sl43,=U_NOR1996;18B,=U_NOR1996;18B
U Sl44,=U_NOR1996;18C,=U_NOR1996;18C
U Sl45,=U_NOR1996;18D,=U_NOR1996;18D
U Sl46,=U_NOR1996;18E,=U_NOR1996;18E
U Sl47,=U_NOR1996;19,=U_NOR1996;19
U Sl48,=U_NOR1997;29A,=U_NOR1997;29A
U Sl49,=U_NOR1997;29B,=U_NOR1997;29B
U Sl50,=U_NOR1997;29C,=U_NOR1997;29C
U Sl51,=U_NOR1997;29D,=U_NOR1997;29D
U Sl52,=U_NOR1997;29E,=U_NOR1997;29E
U Sl53,=U_NOR1997;29F,=U_NOR1997;29F
U Sl54,=U_NOR1997;29G,=U_NOR1997;29G
U Sl55,=U_NOR1997;30A,=U_NOR1997;30A
U Sl56,=U_NOR1997;30B,=U_NOR1997;30B
U Sl57,=U_NOR1997;30C,=U_NOR1997;30C
U Sl58,=U_NOR1997;30D,=U_NOR1997;30D
U Sl59,=U_NOR1997;30E,=U_NOR1997;30E
U Sl60,=U_NOR1997;31,=U_NOR1997;31
U Sl61,=U_NOR1998;24,=U_NOR1998;24
U Sl62,=U_NOR1998;25,=U_NOR1998;25
U Sl63,=U_NOR2000;21,=U_NOR2000;21
U Sl64,=U_NOR2000;22,=U_NOR2000;22
U Sl65,=U_NOR1996;18A,=U_NOR1996;18A
U Sl71,=U_NOR2000;23,=U_NOR2000;23
U Sl72,=U_NOR2000;24,=U_NOR2000;24
U Sl73,=U_NOR2000;25A,=U_NOR2000;25A
U Sl74,=U_NOR2000;25B,=U_NOR2000;25B
U Sl75,=U_NOR2000;26,=U_NOR2000;26
U Sl76,=U_NOR2000;27A,=U_NOR2000;27A
U Sl77,=U_NOR2000;27B,=U_NOR2000;27B
U Sl78,=U_NOR2000;28A,=U_NOR2000;28A
U Sl79,=U_NOR2000;28B,=U_NOR2000;28B
U Sl81,olafr a kab þ... ...,Ólafr owns this(?) comb ...
U Sl82,=U_NOR2000;29,=U_NOR2000;29
U Sl84,=U_NOR2000;30A,=U_NOR2000;30A
U Sl85,=U_NOR2000;30B,=U_NOR2000;30B
U Sl86,=U_NOR2000;31A,=U_NOR2000;31A
U Sl87,=U_NOR2000;31B,=U_NOR2000;31B
U Sl88,=U_NOR2000;32A,=U_NOR2000;32A
U Sl89,=U_NOR2000;32B,=U_NOR2000;32B
U Sl90,=U_NOR2000;33,=U_NOR2000;33
U Sl91,=U_NOR2000;34A,=U_NOR2000;34A
U Sl92,=U_NOR2000;34B,=U_NOR2000;34B
U Sl93,...-taiaukm-...,...
U Sl95 $,<aul> <kut>,Good beer/feast.
U Sl97,=U_NOR2001;19,=U_NOR2001;19
U Sl98,=U_NOR2001;20,=U_NOR2001;20
U Sl99,=U_NOR2001;21,=U_NOR2001;21
U Sl100,=U_NOR2001;22A,=U_NOR2001;22A
U Sl101,=U_NOR2001;22B,=U_NOR2001;22B
U Sl102,=U_NOR2001;23,=U_NOR2001;23
U Sl103,=U_NOR2003;22,=U_NOR2003;22
U Sl109,=U_TOR1996;307,=U_TOR1996;307
U Sl115 M,{AIHN/AIMN +} ¶ lþu,... ...
U Sl117,fuþ-rkhni...,<fuþorkhniastbmlR>
U SSM2009:2;34,...-...,...
U SSM2009:2;35,...-s...,...
U SSM2009:2;38,...--...,...
U STERIK2002;168 M §A,hæra lin ÷ þæs kana a h^ok bæsæl k^øt hana g^ærit- hær §B agneta guþ sihni mik a^kneta sit bænekikta,"Sire <lin> this tankard owns, and Pæsel(?) cast her. Geirarðr(?) ... §B Agneta. God bless me. Blessed be Agneta."
U Strömbeck1993;710,=U_Fv2009;312,=U_Fv2009;312
U THS10;58 $,isa · lit · stain hkua · iftR · stiub- sina · auk hlka li... ...a · ifR · suni · sina tan · suain,<isa> had the stone cut in memory of his stepsons; and Helga had (the stone) cut in memory of her sons Danr and Sveinn.
U THS30;78,...,...
U THS30;83,†$ [rahnfastr · auk · ika · au(k) ... ...u · akua · stin · þinsa · auk · bru · kira · aftir · þurstin ... sin · h(a)n · f-- ... ...t · ans ·],"†$ Ragnfastr and Inga and ... had this stone cut and the bridge made in memory of Þorsteinn, their ... He fell(?) ... his spirit."
U TOR1996;307 M,fuþorkhniistbmlR,<fuþorkhniastbmlR>
U Uppl1969;32 M §A,fal-ala(l) ¶ (a)a-alf §B -...l- ¶ -...f,... ... §B ... ...
U UR2;138A,...,...
U UR2;138B,...,...
U UR4;4,maria,Mary
Vs 1,+ kuþlefR + seti : stff : auk : sena : þasi : uftiR slakua : sun : sia : etaþr : austr · i · karusm ·,"Guðleifr placed the staff and these stones in memory of Slagvi, his son, (who) met his end in the east in Garðar(?)/Chorezm(?)."
Vs 2,°,°
Vs 3 †,[ikirun : let : resa : sen þin : ytiR --... ...iualt : a- : -----st : tereka : kuþa : auk : melti : þt : baþu : kuþ : ealba : salu : þera],Ingirún had this stone raised in memory of ... Ingivaldr and ... good valiant men. And spoke this and prayed to God to help their souls.
Vs 4 $ §P,... ...-þan × isun × isRn × bRkia nu × kuþ il×... ... §Q ... ...-þan × isun × isRn × bRkia nu × kuþ il×... ...,"... good(?), his(?) son(?). Now(?) (they) pray(?) to God(?) to help(?) ... §Q ... (the) good(?) son of them both. Now God may help(?) ..."
Vs 5,[kra-hni- × lit × resa × s... ...] + uas × farin + til + ekla-s [× (t)u i × sbelbuþa × --s(a)þu × helb]i × kuþ [× se... ... ... sigi · iuk × -u...],"<kra-hni-> had the stone raised ... travelled to England, died in Spjallboði's ... May God help his soul ... Siggi cut the runes."
Vs 6,†M [-uþfk- kob- ahfus],†M ... ... ...
Vs 7,†M [fuþork fuþoro-k hk-b],†M <fuþork> ... ...
Vs 8 M,...þ a^u^e m,... Ave Maria.
Vs 9 $,× kisl × lit × kera × buru × eftR × osl × sun × sin × han u(a)[rþ] × tyþr × a eklati × kuþ ialbi × has × ont auk × selu,"Gísl had the bridge made in memory of Ásl/Ôsl, his son. He died in England. May God help his spirit and soul."
Vs 10,°,°
Vs 11,†$ [: kufri : auk : hoburi... ... ...sla : ...þ... : man :],†$ Guðfríðr(?)/Kofri(?) and Holmbjôrn(?) ... Gísli(?) a good(?) man.
Vs 12,ingibiorn : hom...,Ingibjôrn ...
Vs 13,× fulkuiþr × raisti × staina × þasi × ala × at × sun ×× sin × hiþin × bruþur × anutaR × uraiþr hik × runaR,"Folkviðr raised all of these stones in memory of his son Heðinn, Ônundr's brother. Vreiðr cut the runes."
Vs 14 M,guþ ÷÷ sig^ne ÷÷ iþær ÷÷ mæstær ÷÷ ruþinger ÷: ok ÷ bo ÷ fris ÷÷ o ÷ alfa ÷,"God may bless you, master Rauðingr and Búi Fríss. O, Alfa"
Vs 15 §A,× higulfr × lit × kira × merki × þisa × at × knut × faþur san × uk × kuþlug·u × ksistur × hanis × bali × riti × istaen × bali ¤ knutr × §B × sten : hafir × riton × þon × stonta × mo × bali (h)i- rauþi × yftir × bruþ[u]r × bali,"Hegulfr had these landmarks made in memory of Knútr, his father, and Guðlaug, his sister. Balli erected the stone. Balli. Knútr. §B The stone has been erected so that it will stand, by Balli the Red in memory of (his) brother. Balli."
Vs 16,× ernbarua × lit × resa × sten × yf... ... hristi,Ernbiorn had the stone raised in memory of ... carved.
Vs 17,holmste[n] : let : resa : mer[ki : eftir : tifrit : gonu : sina : ok : iftir] : sik : selfan :,"Holmsteinn had the landmark raised in memory of Tíðfríðr, his wife, and in memory of himself."
Vs 18,(k)hunaltr · liet resa · sthin · þinsa · iftir · kerfast · sun sen · trek| |kuþan · auk · uas farin · til eklans · hiolbi · kuþ · salu · hans,"Gunnvaldr had this stone raised in memory of Geirfastr, his son, a good valiant man. And (he) had travelled to England. May God help his soul."
Vs 19,khu[nal-](r) · [(l)it ... stain · þinsa ef]tir · horm · stob sen · trek| |ku-...n · auk · uas · farin · (o)(s)-r · miþ · ikuari · hiolbi k[-þ · salu h...ns ·],"Gunnvaldr had this stone raised in memory of Ormr, his stepson, a good valiant man. And (he) travelled to the east with Ingvarr. May God help his soul."
Vs 20,tiori : ok : iuon : litu : resa : sten : ytiR : uibiorn : faþur ... litli : risti · runiR,"Djúri and Jóhan had the stone raised in memory of Vébjôrn, their father. Litli carved the runes."
Vs 21 $,... ...(n) × þina × at × sta(i)(n)biu-n × ... nrfa × kahsn ... ...ris...,... this stone in memory of Steinbjôrn ... the heir of(?) Gansi(?)/Knasi(?) ... ...
Vs 22 $,... + ytR : runfast · bruþur + s^in : hn : toþr : i : faru + runo : ... (t)rka,"... in memory of Rúnfastr, his brother. He died on a voyage. Runa ... / He died on Runi's voyage ... of valiant men."
Vs 23,[...ui... × lit × ri-... ...iþun × e(f)ti × ...l... ...lir × ...b... ...----num × --þi × re---niraeft(R)-...],... had ... ... in memory of ... ... ... ... ... ...
Vs 24 $,buonti × kuþr × hulmkoetr × lit × resa × ufteR × oþintisu × kunu × seno × kumbr × hifrya × til × hasmuimura × iki betr × þon × byi raþr roþbalir × risti × runi × þisa × sikmuntaR × uaR ... sestR × kuþ,"The good husbandman Holmgautr had (the stone) raised in memory of Óðindísa, his wife. There will come to Hôsumýrar no better housewife, who arranges the estate. Red-Balli carved these runes. Óðindísa was a good sister to Sigmundr."
Vs 25 †,[+ hiu--...],...
Vs 26 M,fuþorkhnias(t)b-Rm ??? fu-,<fuþorkhniastbmlR> ... ...
Vs 27 $,þurbiorn ok : ikifastr : lit · resa : ytiR ¤ sihþorn × faþur : sin × hon × toþr × [i] faru × litli × risti × runiR ¶ · [...--keR · baþ : bru kera : r](u)(m)[Ri],"Þorbjôrn and Ingifastr had (the stone) raised in memory of Sigþorn, their father. He died on a voyage. Litli carved the runes. ...-geirr ordered a wider bridge to be made."
Vs 28,=Vs_27,=Vs_27
Vs 29,+ uisti + yk + alfton + litu + akua + stin + yftir + ulmo + faþur + sen + yk + ulfast + bruþur + sen + lifsten + risi + runi + þisa +,"Véseti and Halfdan had the stone cut in memory of Holmi, their father, and Holmfastr, their brother. Hlífsteinn carved these runes."
Vs 30 $,...-rfastr + raist... ...,Þorfastr(?) raised ...
Vs 31 $,· (h)ulker · let · kera · bru · eftr (f)rota · sen · (a)ukut · ok · u(i)nut · sun · sen ·,"Holmgeirr(?)/Holmgerðr(?) had the bridge made in memory of his/her kinsman Auðgautr(?) and Vénjótr(?), his/her son."
Vs 32,... -- × si--on × sik × au(k) × -... ...-no × auk × (f)aþu- ...,... in memory of himself and ... this ... and father ...
Vs 33 †,[... f--ur × sin × -...],... his father ...
Vs Fv1972;266 M,henrikus,Henricus.
Vs Fv1988;36 $,taf : lit : risa : estn : þina : hitiR : kri(m)ut ÷ uas : farin : sun : (u)iþfast-- : aust:arla ulfr : auk : uibiurn : -... kitilas : krþi : b-...(u) · (o) : s---,Taf(?) had this stone raised in memory of Grímmundr. The son of Viðfastr travelled to the east. Ulfr and Vébjôrn ... Ketilas(?)/Ketilhôss(?) made the bridge at ...
Vs Fv1992;173 M,fu(þ)orkhn(i)...,<fuþorkhnias>
Nä 1,... ...ftiR · ...[o]þuri[ni--a],... in memory of ...
Nä 2,$M §P blæsar se sa er mik ber kui §Q blæsar sesa er mik ber kui,"$M §P That one may be blessed who wears me, Gýi(?). §Q God blesses the one who wears me."
Nä 3,... ...ubl : þausi : i... ...,... these monuments in memory of ...
Nä 4,... ...t × reisa × merki × iftiR × faþu... ...,... had the landmark raised in memory of (his) father ...
Nä 5,°,°
Nä 6,°,°
Nä 7 †,°,°
Nä 8,...nu + etu(r)kn + kn...i + rstui + sitn + -... ... + ... ...--busn... ...--... ...ku...rsau ×,... ... raised the stone ... ... ... ... ... ...
Nä 9,k...-- · riþi : stin : þna : eftR : erbrn : -(u)...- : s(i)n :,"... raised this stone in memory of Ernbjôrn, his/her husbandman."
Nä 10,$U · tuwa tuwa · fuþarkgw : hnijïpzs : tbemlñod,"$U Tow, tow. <fuþarkgw hnijïpzs tbemlñod>"
Nä 11,: biorn : auk : keiruatr : letu : resa : sten : þensa : eftiR :: eibiurn : faþur : sin : kuþ : hialbi selu : hans :,"Bjôrn and Geirhvatr had this stone raised in memory of Eibjôrn, their father. May God help his soul."
Nä 12 $,: ika : let : rietR : eftR : asl : s-ukn : sin :,"Inga had (the stone) erected in memory of Ásl/Ôsl, her stepson."
Nä 13,sbialbuþi : l... ... auk : ...,Spjallboði had ... and ...
Nä 14,: uibug : risti : sitin : efitr : -(u)in : sun : sin : auk :: rikui :,"Vébjôrg raised the stone in memory of Sveinn, her son, and Ríkvé (also raised)."
Nä 15,anuatr : let : hika : sten : þana : eftR : bul(i) : --þur : --n : han : uaþ : tuþ : i : uinyu : þ- : f-... ...(u)biu a-s-uar :,"Ônundr/Arnhvatr had this stone cut in memory of Bolli/Bóli, his father. He died in Víney ... ... ..."
Nä 16,...li : lit : resa : eftiR : f...,... had ... raised in memory of ...
Nä 17,...,...
Nä 18,... ...--n : froknan : tre... ... hulmi : sun : hans : ... ...y...,"... his ... (a) brave valiant man ... Holmi, his son ... ..."
Nä 19 M,...,...
Nä 20 M,...-ra...-a...-------... l...(t) gæra sten ifir sif- ... auiþr r(i)st ru...ur guþ gæti ant -... sa(l) ...-...,... had then stone made over Sefi(?). Áviðr(?) carved the runes. May God protect his spirit and soul.
Nä 21,°,°
Nä 22,...(n)r-...,...
Nä 23 $,: sihrikr : lit : resa : sten : eftiR : reþbu-n : sun sin : trek : nutan : auk : utr : a-- frysten :,"Sigríkr had the stone raised in memory of Reiðubúinn(?), his son, a capable valiant man, and Oddr and Freysteinn (also raised)."
Nä 24 M,tiu i,<tiu i>
Nä 25 †,[...ur iuh : iuna : -...],... cut(?) the runes(?) ...
Nä 26,: þorkeR : auk : tu-...--a : --(t)u : kera : mer-- ...(i)R : bruna : faþur : sin : auk : moþur : sina : hulmu :,"Þorgeirr and ... had the landmark made in memory of Brúni, their father, and their mother Holma."
Nä 27,°,°
Nä 28 †,[suen : let : rita : stin : eftir faþur : sin : kunuat · ...ta hrulauhar : kuþ : hialbi : sal : hans -þulfri],"Sveinn had the stone erected in memory of his father Gunnhvatr, Hróðlaug's husbandman. May God help his soul. Igulfriðr(?)"
Nä 29 $,bofriþr : let resa eftir biurn : bruþur : si(n) : han uar farin fultrekila,"Bófríðr/Bótfríðr/Bótfreðr had (the stone) raised in memory of Bjôrn, her/his brother. He had travelled valiantly."
Nä 30 §A,...sin · stih... §B ...(f)t... ...---... ...(m) §C ---... ...--...,... ... §B ... ... ... §C ... ...
Nä 31,helgulfR : auk : keiRlifR : þeiR : kerþu : eftiR : sigmunt : bruþur sin,"Helgulfr and Geirleifr, they made (the monument) in memory of Sigmundr, their brother."
Nä 32 §A,: ulfr : auk : anuntr :: titu : reisa : stein : §B : eftiR : (h)(u)---... ...---ur : sin : boana : kunuR :,"Ulfr and Ônundr had the stone raised §B in memory of Holmi/Holti, their father, Gunna's husbandman."
Nä 33 M,...,...
Nä 34,: þureiþ : lit : raisa : stein : eftir : lyþbyurn : sun sin : nutan :,"Þórheiðr had the stone raised in memory of Lyðbjôrn, her capable son."
Nä FBB1978;69,°,°
Nä Fv1979;234 M,sator ¶ ar(æ)po ¶ tænæt,"Sator, Arepo, Tenet (= from the 'Devil's Square' palindrome: Sator, Arepo, Tenet, Opera, Rotas)"
Nä Fv1979;236 M §A,ma^ria p(a)tær §B patær,Mary. Father(?) §B Father(?)
Nä Fv1992;153 M,--(m)--(o),...
Nä NOR1995;18,°,°
Vr 1 U,...ubaz hite ÷ h^arabana^z ¶ h^ait... ¶ ek e^rilaz runoz waritu,"Leubaz am I called. Hrafn am I called. I, the eril, write the runes."
Vr 2,uibiurn · bruþur · sin,"Vébjôrn, his brother."
Vr 3,: (b)iaurn : ri(s)-- [: stin : þin... ]iftr : iskir : si... ...,"Bjôrn raised this stone in memory of Ásgeirr, his ..."
Vr 4 M,fuþorkhniastblmR fuþ...,<fuþorkhniastblmR fuþ...>
Vr 5 M,{IHS} petrus ÷ kuratus ÷,{Iesus} Petrus curatus
Vr NOR1994;27,$U --jþaah^ar (f)arkano,$U ... ...
Vr NOR1995;19A M,...,...
Vr NOR1995;19B,$M + kristin a mi{K},$M Kristin owns me.
Gs 1,sniolauk · lit · resa · stain · (e)ftiR · uilef · bunta · sin · in · oyniotr,"Snjólaug had the stone raised in memory of Véleifr, her husbandman. And Eynjótr (carved?)."
Gs 2,[ily]iki : ok : f[uluiki × ok : þurkair ... ...- × sin × snilan] : kuþ ilubi on(t)[a],Illugi and Fullugi and Þorgeirr ... their able ... May God help (his) spirit.
Gs 3,[...a + nisauit × osis × ioiklku × ihbtmsr × loifnmuosbt + a-ls × k--... ...ioi(u)(i)a...],... ... ... ... ... ... ... ... ...
Gs 4,†$ [... ...-a stin aftiR sut bu... sin uk : keirmar at mak isin × ubiR risti],"†$ ... the stone raised in memory of Sótr(?), his/her husbandman; and Geirmarr in memory of his kinsman-by-marriage. Œpir carved."
Gs 5,°,°
Gs 6,... yftiR ' moþur ' sena ...,... in memory of his mother ...
Gs 7,× -(u)(i)(r)(i) riti s^tin þino × at kuþbiurna × bruþu^r si-... ...m... × kuta ' uas muþiR × kuþmu-r × ... : kuþmuntro : þrukn-þi :,"... erected this stone in memory of Guðbjôrn, his brother ... <kuta> was Guðmundr's mother ... Guðmundr drowned."
Gs 8 $,asmuntr -... ...faþ-... han : uas : uist : --- ikla-ti ...k^uust--,Ásmundr ... ... He was abroad in the west in England ...
Gs 9,(i)nu-r : sun : r[u]þ[u](r) at × [uili](t)... ...[Ris:]t eftir : þurker : bruþu[r : sin : ok : kyþe^lfi : muþur : sina : uk] : eft[i]R : [a]sbiorn : o[k : o]ifuþ,"Ônundr(?), <ruþur>'s son, in memory of <uilit>... ... in memory of Þorgeirr, his brother and Guðelfr, his mother, and in memory of Ásbjôrn and <oifuþ>."
Gs 10 †,[...],...
Gs 11 $ §P,þiuþkiR uk| |kuþlaifr : uk| |karl þaR bruþr aliR : litu rita stain þino × abtiR þiuþmunt ' faur sin ' kuþ hialbi hons| |salu| |uk| |kuþs muþiR in osmuntr ' kara sun ' markaþi × runoR ritaR þa sat aimunt §Q þiuþkiR uk| |kuþlaifr : uk| |karl þaR bruþr aliR : litu rita stain þino × þa sata| |aimuntr| |runoR ritaR abtiR þiuþmunt ' faur sin ' kuþ hialbi hons| |salu| |uk| |kuþs muþiR in osmuntr ' kara sun ' markaþi ×,"Þjóðgeirr and Guðleifr and Karl, all these brothers had this stone erected in memory of Þjóðmundr, their father. May God and God's mother help his soul. And Ásmundr Kári's son marked the right runes. ... §Q Þjóðgeirr and Guðleifr and Karl, all those brothers, had this stone erected. Then Eimundr placed right runes in memory of Þjóðmundr, his father. May God and God's mother help his soul. And Ásmundr Kári's son marked."
Gs 12 $ §P,iþal-ra × lit rita stin þino + abtiR ibiurn sun sin × þaR uaR- ...(h)... ...uain × auk arnfasta (a)uk ai-... þaiR u(a)... -uþ hialbi hons| |salu| |uk| |kuþs muþiR × runoR ritaR hu-msr §Q iþal(t)ra × lit rita stin þino + abtiR ibiurn sun sin × þaR uaR- ... ...(h)...uain × auk arnfasta (a)uk ai(l)... þaiR u(a)... ... -uþ hialbi hons| |salu| |uk| |kuþs muþiR × runoR ritaR hu(a)(i)ms/hu(a)(i)ms| |sr/r,"<iþal-ra> had this stone erected in memory of Eibjôrn, his son, They were ... Sveinn(?) and Arnfastr and Ei-... they ... May God and God's mother help his soul. Right runes <hu-msr> §Q Íðaldr had this stone erected in memory of Eibjôrn, his son, They were ... Bergsvein(?) and Arnfast and Eilíf(?). They were(?) ... May God and God's mother help his soul. Right runes for everyone who looks at (or interprets) them."
Gs 13 $ §P,× brusi lit rita s-... ... [(a)]b--R (i)h(i)(l) ÷ brur sin : in h-n uarþ tauþr a tafstalonti × þo brusi furþi lank lans ' abtiR [br](u)r sin h(o)[n] fur (m)iR fraukiRi kuþ hialbi hons| |salu| |uk| |kuþ(s) (m)(u)[þiR ' suain ' uk osmunrt ' þaiR markaþu] + §Q × brusi lit rita s-... ... [(a)]b--R (i)h(i)(l) brur sin : in h-n uarþ tauþr a tafstalonti × þo brusi furþi lanklans ' abtiR [br](u)r sin h(o)[n] fur (m)iR fraukiRi kuþ hialbi hons| |salu| |uk| |kuþ(s) (m)(u)[þiR ' suain ' uk osmunrt ' þaiR markaþu] +,"Brúsi had this stone erected in memory of Egill, his brother. And he died in Tafeistaland, when Brúsi brought (= led?) the land's levy(?) (= army) after his brother. He travelled with Freygeirr. May God and God's mother help his soul. Sveinn and Ásmundr, they marked. §Q Brúsi had this stone erected in memory of Egill, his brother. And he died in Tafeistaland, when Brúsi bore long-spear (= battle standard) after his brother. He travelled with Freygeirr. May God and God's mother help his soul. Sveinn and Ásmundr, they marked."
Gs 14,ehlhi ...- × osuhlfr × ok × osmuntr × þir| |ritu : s(t)in × efti(r) ... ...is-þ kyfti · sa(r) -... ...--str : smiþa × ok × ...,"Helgi and Ásulfr and Ásmundr, they erected the stone in memory of ... ... bought(?) He was(?) the best(?) of smiths and ..."
Gs 15,rual^tr × ok × utr × litu × restu × s[(t)en × eftr × irm...] ... ...þ [×] iulbi × onta ...[o(n) × litsi(a)],Hróaldr and Oddr had the stone raised in memory of Ernmundr ... May God help (his) spirit ...
Gs 16 §A,... (e)ftiR ÷ sihbi... ... ...s^ta lit ÷ biu-... ... §B [...- þana ÷ ...],... in memory of Sigbjôrn ... Bjôrn had carved ... §B ... this ...
Gs 17,... ...-arla ... runar ...,... ... to the west/east(?) ... runes ...
Gs 18 $ §A,... ' os... §B ... ...-a + ost... §C ... ...ual ' aukli-... §D ...-honis-...,... Ás-... §B ... ... ... §C ... ... ... §D ...
Gs 19 †,[blesa × lit × raisa × stain×kumbl × þesa × fa(i)(k)(r)(n) × ef(t)ir × sun sin × suar×aufþa × fr(i)þelfr × u-r × muþir × ons × siionum × kan : inuart : þisa × bhum : arn : (i)omuan sun : (m)(i)e(k)],Blesa had these fair stone-monuments raised in memory of his son Svarthôfði. Friðelfr was his mother. ...
Gs 20,...-...,...
Gs 21,... -btiR uik-... ...,... in memory of Víg-... ...
Gs 22,...i : rastu : st... ...,... raised the stone ...
Gs Fv1993;223,...(R)--...--(l):(u)...--(f)(k):(s)-...,...
Hs 1 $,... × --...--bia...¶ ...h...,... ...-bjôrn/Bjôrn(?) ...
Hs 2 $ §P,: anasuiþr : auk utrikr auk sikbiurn ' þiR litu rita stin ×¶× aftiR katilbiurn : auk anunt : sun hans : auk saufaraR ¶ kuþ hialbi [:] a-- ------------------ --rki þita §Q × aftiR katilbiurn : auk anunt : sun hans : auk saufaraR : an asuiþr : auk utrikr auk sikbiurn ' þiR litu rita stin × ¶ kuþ hialbi [:] a-- ------------------ --rki þita,"<anasuiþr> and Ótryggr and Sigbjôrn, they had the stone erected in memory of Ketilbjôrn and his and Seyvôr's(?) son Ônundr. May God help (their) spirits ... this landmark. §Q In memory of Ketilbjôrn and his and Seyvôr's(?) son Ônundr. Ánn(?), Ásviðr and Ótryggr and Sigbjôrn, they had the stone erected. May God help (their) spirits ... this landmark."
Hs 3,...-i,...
Hs 4,°,°
Hs 5,†$ [...-ianin...],†$ ...
Hs 6 $,: unulfr : auk fiuluar : ristu stin þinsa : iftiR : tiuRo : faþur sin : hriþulfs| |sun : auk at : haurlau : muþur sina : fiuluars tutur : o uitkuþ:staþum :,"Unnulfr and Fjôlvarr raised this stone in memory of Djúri, their father, Hreiðulfr's son, and in memory of Haurlaug(?), their mother, Fjôlvarr of Vitguðsstaðir's daughter."
Hs 7 $ §PA,÷ uksa tuiskilan auk aura tuo staf at fursta laki ÷ uksa tuo auk aura fiura| |at aþru laki ÷ ¶ ÷ in at þriþia laki uksa fiura| |auk aura| |ata staf ÷ auk alt aiku i uarR if an hafsk aki rit furiR §B ÷ suaþ liuþiR aku at liuþriti sua uas int fur auk halkat ÷ in þaR kirþu sik þita| |anunr o tarstaþum ÷ ¶ ÷ auk ufakR o hiurtstaþum ÷ in uibiurn faþi ÷ §QA ÷ uksa tuiskilan auk aura tuo staf at fursta laki ÷ uksa tuo auk aura fiura| |at aþru laki ÷ ¶ ÷ in at þriþia laki uksa fiura| |auk aura| |ata staf ÷ auk alt aiku i uarR if an hafsk aki rit furiR §B ÷ suaþ liuþiR aku at liuþriti sua uas int fur auk halkat ÷ in þaR kirþu sikþ| |þita| |anunr o tarstaþum ÷ ¶ ÷ auk ufakR o hiurtstaþum ÷ in uibiurn faþi ÷,"One ox and two ounces of silver (in fine) to the staff for the restoration of a sanctuary in a valid state for the first time; two oxen and four ounces of silver (in fine) for the second time; but for the third time four oxen and eight ounces of silver (in fine); and all property in suspension, if he doesn’t make right. §B That, the people are entitled to demand, according to the law of the people, that was decreed and ratified before. But they made themselves this ""ring"", Anund from Tåsta and Ofeg from Hjortsta. But Vibjörn painted. §QA One ox and two ounces of silver (in fine) to the staff for the restoration of a sanctuary in a valid state for the first time; two oxen and four ounces of silver (in fine) for the second time; but for the third time four oxen and eight ounces of silver (in fine); and all property in suspension, if he doesn’t make right. §B That, the people are entitled to demand, according to the law of the people, that was decreed and ratified before. But they made the pronouncement(?) tight(?), Anund from Tåsta and Ofeg from Hjortsta. But Vibjörn painted."
Hs 8,†$ [bariRþ ÷ riti stain ÷ þina ÷ aftiR un ÷ ... bruþur sin ÷ han uas| |sun : arinbiarnaR a-þuaun-ua-sun ÷ ial-i (k)u(þ) ant unaR],†$ <bariRþ> erected this stone in memory of Unn his brother. He was Arinbjôrn's son ... May God help Unn's spirit.
Hs 9,...-... : aftiR : þurstin : su- ...,"... in memory of Þorsteinn, (his) son ..."
Hs 11 $,uifostr : lit ...sa : s---n þina : abtiR : uta : -a-uR sin : kuþ hialbi salu honis : þiR markaþu : runa : aluiR · ak bratr :,"Véfastr had this stone raised in memory of Oddi, his father. May God help his soul. Ôlvir and Brandr, they marked the runes."
Hs 12 $ §P,kuþniutr ÷ þru sun ÷ lit rita stin þina ÷ ak bru kirþi ÷ aftiR bruþr sina ÷ asbiurn : ak at kuþlaf §Q kuþniutr ÷ þrus| |sun ÷ lit rita stin þina ÷ ak bru kirþi ÷ aftiR bruþr sina ÷ asbiurn : ak at kuþlaf,Guðnjótr Þóru(?)'s son had this stone erected and made the bridge in memory of his brothers Ásbjôrn and in memory of Guðlafr. §Q Guðnjótr Þrór's son had this stone erected and made the bridge in memory of his brothers Ásbjôrn and in memory of Guðlafr.
Hs 13,†$ [...-(þ)-...],†$ ...
Hs 14 $ §A,hrumuntr| |rit... staina þina| |aftiR hikiulf- ÷ brisa sun (÷) in brisi uas lina sun : in lini uas unaR sun : in un ua... ...faks| |sun i(n) (u)fak a þuris| |sun ¶ hrumunt hikiulfa sun faþi runaR þisaR : uiR sutum stin þina nur i balas...in : ¶ krua uas muþiR hikiulf... ¶ in þa barlaf in þa kuþrun ÷ §B kiulfiR uarþ um lanti þisu in þa nur i uika þrim bium in þa lanakri| |in þa fiþrasiu,"Hróðmundr erected this/these stone/s in memory of Hé-Gylfir, Brísi's son. And Brísi was Lini's son. And Lini was Unn's son. And Unn was Ófeigr's son. And Ófeigr was Þórir's son. Hróðmundr, Hé-Gylfir's son, coloured these runes. We sought this stone in the north in Balasteinn. Gróa was Hé-Gylfir's mother. And then Berglôf/Bergleif. And then Guðrún. §B Gylfir acquired this land and then three estates in a northerly direction / <uika> in the north, and then Lønangr and then Feðrasjór."
Hs 15 $,hrumuntr hikiulfis| |sun riti stain þina| |aftiR hikiu-(f)a bris(a) sun : hrumun- in þa þurmunt in þa snrariR i- þa un,"Hróðmundr, Hé-Gylfir's son, erected this stone in memory of Hé-Gylfir, Brísi's son. Hróðmundr, and then Þormundr, and then Snerrir, and then Unn."
Hs 16 $ §A,... ...untr : krib(i)[s| |sun : risti : -...] ...ruþur hanaR (i)[auaRiu : aikil... ...aþi : ... ...(r)kaþi stin ¶ þin...] §B [...(k)uin...],"... -undr, Grípir's son, raised ... her brother. ... ... ... ... marked this stone. §B ..."
Hs 17,†$ [...i : stin þinsa| |aftiR bruþr : sin... ... ...un :],†$ ... this stone in memory of his brothers ... ...
Hs 18,=Hs_16,=Hs_16
Hs 19,$M sia : ma : þu : a · mkh : æi : ma þu : fa : mik : kunnar : kærþi : mik : kirkain : a · mkh : s[æ]luk maria,"$M You may look at me, you may not get me. Gunnar made me. The church owns me. Blessed Mary."
Hs 20,†$ §A [(h)ruaR ...] §B [...smuau...-si(R) sun : (h)... ...] §C [... (u)kr ÷ in ta...],†$ §A Hróarr ... §B ... son. He(?) ... §C ... young(?). And(?) ...
Hs 21,asmuntr · ok fa[r]þ[i]k[l] · þiR ritu stin · þina · aftiR þu[rkatil · faþur sin · a utrunkum · k]unburka faþ[i stin þina in kuþa],"Ásmundr and Farþegn, they erected this stone in memory of Þorketill of Vattrång, their father. Gunnborga the good coloured this stone."
Hs ATA322-2795-2011 M §A,fu §B fuþ §C fuþo §D fuþor §E fuþork,<fuþork> §B <fuþork> §C <fuþork> §D <fuþork> §E <fuþork>
M 1 $,× barksuain uk sihuastr uk friþi raistu stain ¶ þinsa ' aftiR buri faþur isin ' in farþaihn markaþi,"Bergsveinn and Sigfastr and Friði raised this stone in memory of Búrir(?)/Býrir(?), their father. And Farþegn marked."
M 2 $,oskir barþi,Ásgeirr/Ásgerðr struck (the runes).
M 3 $,alrþuþr ak sihraifr| |ritu stin þina| |abtiR kiskik faþur sin ak abtiR tisi muþur sina,"Alþrúðr and Sigreifr erected this stone in memory of <kiskik>, their father, and in memory of Dís, their mother."
M 4 $ §P,...uki raisti st... ... f(u)r austr · miR i(i)...ri (i)aisinsiltaikan-... ...i · stain þin §Q ...uki raisti st... ... f(u)r austra miR i(i)...ri (i)aisinsiltaikan-... ...[na]þ(u) stain þin[a],Tóki/Fullugi/Illugi raised the stone ... travelled to the east with Ingvarr(?) ... ... this stone. §Q Tóki/Fullugi/Illugi raised the stone ... travelled to the east with Ingvarr(?) ... marked(?) this stone.
M 5,hokun lit rita ' stin þino| |obtiR skukna bruþur sin auk abti(R) alþruþi muþur sino kuþ hialbi þiRa salu auk| |kuþ muþiR,"Hákon had this stone erected in memory of Skygni, his brother, and in memory of Alþrúðr, his mother. May God and God's mother help their souls."
M 6,[(a)(n)ut riti stin þina a-ti- hakun faþuR ...],"Ônundr erected this stone in memory of Hákon, (his) father ..."
M 7,(þ)(u)rs-i[n] riti stin þin... ... ...aþur : sin : hakun markaþi,Þorsteinn erected this stone ... his father. Hákon marked.
M 8 $,tulha riti stin þi(n)(o) abtiR salua u[k at biurn s]unu si(n)n,"Dolga erected this stone in memory of Salvi and in memory of Bjôrn, his sons."
M 9,†$ [siuhurþ auk þuriR haþin auk harsR raistu stain þina| |abtiR þurþ siarþu faþur sin],"†$ Sigurðr and Þórir (and) Heðinn and Hersir raised this stone in memory of Þórðr Serða(?), their father."
M 10,uniR : ka[(r)(l) (u)(k) (a)]ni : ritu stain þino : afti(R) ... sin,"Unir, Karl(?) and Áni erected this stone in memory of ... their ..."
M 12 †,[... ...u raisa stain þins(a) ...],... had this stone raised ...
M 13,[...au...n... ...uissi...] --naR,... ... the runes
M 14,[sikuRþ suain auk hrþuR ritu stai- þina abtiR ihul foþur sin],"Sigurðr, Sveinn and Hôrðr erected this stone in memory of Ígull, their father."
M 15,biurn : riti stain þino : aftiR : ufriþ : auk at : un sunu sin,"Bjôrn erected this stone in memory of Ófriðr and in memory of Unn, his sons."
M 16,bia(r)(n) raiti ... ...þur sin : kuþ hialbi ant hans ... ...ti runaR,Bjôrn raised ... his father/ brother. May God help his spirit ... carved the runes.
M 17 †,[... raisti stain þinsa aftiR ulaif ... ...i : run--],... raised this stone in memory of Óleifr ... carved the runes.
M 18 †,[... þinsa oiiuarufþ krimst aisaiuuþ iauoatinoti],... this ... ... ... ...
Ån Fv1908;298A $,ok-þ,...
Ån Fv1908;298B $,n-þ,...
D Fv1979;229 M,mku(l)--s^asim- ¶ (n)usaaon----,... ...
D Fv1980;230 M,+ aue ma^ri- grakia (p)l...na dominu(s) tekum +¶ bænædikta tu in muliæribus æt pænediktus ¶ fruktus uentris tui amen + alfa æt o aglla + ¶ deus ad(i)ua gæsus kristus dominus noster,"Hail Mary, full of grace. The Lord is with Thee: blessed art Thou among women, and blessed is the fruit of your womb. Amen. Alpha and omega. 'Agla'. (= Thou art strong in eternity, Lord) God, help! Jesus Christ, our Lord."
D Fv1984;250 §A,ku(i)a- §B ????,... §B ...
D Fv1993;174 †,[... ...ur × half... ...],... Halfdan's(?) father(?)/brother(?) ...
D Fv2013;282A M,birhir bunt,Birgir Bunt
D Fv2013;282B M §P,hataitn §Q hata · iain,... §Q ... ...
D Fv2013;282C M,(æ)rfrunir,...
D Fv2013;283 M,orus,...
D TUNUM1972;25,...(o)rum (¤) -...,... ...
Hr Peterson2006;157,-- × (k)uþbu,... the gods' dwelling.
J Fv1959;99,$M fuþarkhnis-mlR,$M <fuþorkhniastbmlR>
J Fv1970;86 M,+ pahs portanti ÷ salus abænt(i) ÷ ingiua^(l)tr,"Peace to the wearer, prosperity to the owner. Ingivaldr."
J Fv1988;244,sþt^o-umRt^uk,...
J JLM,=J_Fv1959;99,=J_Fv1959;99
J RS1928;66 $,austmoþ[(r)] kuþfastaR sun ' lit ra(i)[(s)]... ...(-)[(n)] (þ)(i)no auk| |kirua bru þisa| |auk h[on] [li](t) kristno eo(t)alont (o)sbiurn kirþi bru (t)riun rai(s)t auk (t)sain runoR þisaR,"Austmaðr, Guðfastr's son had this stone raised and this bridge made and he had Jamtaland Christianized. Ásbjôrn made the bridge, Trjónn and Steinn carved these runes."
Lp Fv1988;245 U,bjzo-...,...
Ds Vg236,$M ...ria,$M Mary
Bo NIYR5;221A,$M ma^ria mær h[ia^l]be þæim er þena stæin kerþe,$M Mary the maid may help him who made this stone.
Bo NIYR5;221B,$M raþe sa er kan namn orklaski<þorbiarn> k^r^a^k(?),$M Interpret he who can the name Þorbjôrn Krák(?).
Bo NIYR5;222 M,suæn : kærþe <m>,Sveinn made me(?).
Bo NIYR5;224 $,asa fu(þ)or/fu(u)or,Ása/the gods ...
Bo NIYR5;225 M §P,mkfþk-k-f §Q mk fþ k(r)k(r) f,... §Q Much feed Gregorius' possessions.
Bo NIYR5;229A §P,· iams/iamc · §Q · i am s/c ·,Jamtr's §Q Jón Ásmundr's son.
Bo NIYR5;229B M,fuþor{K}hniastbmlyøkhp : ion : a mik,<fuþorkhniastbmlyøqxp> Jón owns me.
Bo NIYR;1,=Bo_NIYR5;221A,=Bo_NIYR5;221A
Bo NIYR;2,=Bo_NIYR5;221B,=Bo_NIYR5;221B
Bo NIYR;3,=Bo_NIYR5;222,=Bo_NIYR5;222
Bo NIYR;4,=Bo_NIYR5;224,=Bo_NIYR5;224
Bo NIYR;5,=Bo_NIYR5;225,=Bo_NIYR5;225
Bo NIYR;6,=Bo_NIYR5;229A,=Bo_NIYR5;229A
Bo NIYR;7,=Bo_NIYR5;229B,=Bo_NIYR5;229B
Bo Boije,=Bo_Boije4,=Bo_Boije4
Bo Boije4 $ §PA,fulk- §PB (i)su(k) §PC (k)(i)(l)fihR §PD ftinun iþ(n)(i)n(u)fo(i) §QA fulk¶¶i §QB Auk §QC kilfihR §QD iþ f tinuh ¶ tinu foi(þ)(u) §RA fulk §RB isuk §RC kilfiAR §RD iþ ftinuA tinufoi(þ)(u),"... §PB ... §PC ... §PD ... ... §QA Folki §QB and §QC Kilfir(?) §QD they two carved the flint, the flint carved.? §RA ... §RB ... §RC ... §RD ... ... ..."
Bo Boije5,...,...
Bo Fv1992;170,M? ...,M? ...
Bo KJ47,$U §PA ssigaduz §PB ... §QA igaduz §QB ...,$U §PA Sigihaþuz/Sisiganduz §PB ... §QA Ingaduz §QB ...
Bo KJ61,$U þrawijan · haitinaz was,$U Yearning was imposed (on him). / Þrawija's (monument). (I/he) was commanded/called. / (I/He) was promised to þrawija.
Bo KJ73 U,ek hra(z)az/hra(þ)az satido -tain ¶ ana----(r) ¶ swabaharjaz ¶ s-irawidaz ¶ ... stainawarijaz fahido,"I, Hrazaz/Hraþaz raised the stone ... Swabaharjaz with wide wounds. ... Stainawarijaz carved."
Bo KJ80 $,Hariwulfs/Hariþulfs · staina-,Hreiðulfr's/Herjulfr's stones.
Bo Krause1966;47,=Bo_KJ47,=Bo_KJ47
Bo Krause1966;70,=Bo_KJ80,=Bo_KJ80
Bo Krause1966;73A,=Bo_KJ73,=Bo_KJ73
Bo Krause1966;73B,=Bo_KJ61,=Bo_KJ61
Bo Peterson1992,HauR/iauR i · am · tain won/þon iar o mul^a ·,Hôr/Jór in Ár made the stone here on the muzzle. / Hôr/Jór in Ár (made) this stone here on the muzzle.
G 1 M,ro(l)aikr : lit : giara : (s)(t)(a)(i)[n] : ok : skia^ra : yfir : rofin : broþor : sin,"Hróðleikr had the stone made and chiselled over Hróðfinnr, his brother."
G 2 M,[+ beþa^r : marþa] : [liþ] : gera : þinna : sþa^n : yifir : sina : kuno : o^k : sin : ba^rn :,Pétar <marþa> had this stone made over his wife and his child.
G 3 M,[... ...garþum : lit : geara : mi]k : yfir : sina : (h)(u)(s)proiiu : ha^ldiia^uþu : hua^r : sum : biiþur : fyrri : henna... ...,... of ...-garðir/Västergård(?) had me made over his housewife Hallþjóð. Whosoever prays for her ...
G 4,†M [+ iuan : i : nora : lit : giara : þinna : stain : yfir : sina : moþur : haluiu],†M Jóhan in Nora/Nore had this stone made over his mother Hallvé.
G 5,†$M [...uir : uk : boriaukr : litu · gera : stain · hinna : yuir : sigfriþ ok : boþfriþ : i : oaboi : fiþir : sina : hua^r : sum : -unir : ra^þir · biþin : furi þaim amin],"†$M ... and <boriaukr> had this stone made over Sigfreðr and Bótfreðr in Eyjabó/Öja(?), their fathers. Whosover interprets the runes(?), pray for them. Amen."
G 6,†M [... : k...o...þ...r : raka...ub : af...biþr : a...],†M ... ... ... ... ...
G 7,†M [hualf : lit ... ufir : tar : fadur : simun ...],†M ... had the vault [made] ... over their father Símon ...
G 8 M,olafr : (s)uþr · giarþi us,Ólafr of Suðr/Suders(?) made us.
G 9,†M §P [...k : stulpa : a(k)s nano...] §Q [...k : stulpa : afs-n-],†M §P ... pillar ... §Q ... pillar ...
G 10,- raþ| |þu ...-kui...us...,... Interpret ...
G 11,†M [+ nikulas : lit : giara : stain : yfir : auþualt : sin : faþur : ok : sin : broþur : ok : sina : syni : kunu... fyri : þair- : sial : lulug : ianlmi ·],"†M Nikulás had the stone made over Auðvaldr, his father, and [over] his brother and his sons ... for their souls ..."
G 12 M,[+ bitr : li- keara : stan : --na : yfir : -utaiþu : o-... ...r : ...þur : ... ...r...r]f : f : bri[m:st... ritu... ...o : i : ta-runi : biþ-n : bunir : ...],Pétar had this stone made over Bótheiðr ... F [was] the prime-stave ... in the table(?). Pray prayers ...
G 13 M,iakoub[ar : ... kiara : s]tain : biþin : [bynir : iþrar : fyrir : sealu ...þuiar : k... : ...f]i : kaira : [s-a(s)l- : ...n... ...fb...tekum :] binidikta : in [m(u)... ...sk risti mik],Jakobr ... the stone made. Pray your prayers ... for the soul of Hróðvé(?) ... blessed among women ... carved me.
G 15,†M [o^llaf : lit · kiara · stain ... alum · himiriki : amin],†M Ólafr had the stone made ... all the heavens. Amen.
G 16,†$M [... faþur : sen ...],†$M ... his/her father ...
G 17 M,[...arfa...],...
G 18 M,...,...
G 19 M,...u-r : i-þ...,... ...
G 20 M,mat^us : s^kris,... ...
G 21 M,÷ iakaubs : synir : a burh : litu : g(i)(a)(r)a : stain : yvir : faþur : sen : ok : [b]roþur : sen : hera : [ni]kulas : sum : (o)ra : (k)irkiu : ati : men : guþ : uildi : biþ[i]n : fyri : þ(a)ira : sialum : ok : hehualdi : ... : syni : þair : huilas : hier : undir · o^le : (l)uþa^r : gia^rþi : mik,"Jakobr of Burg/Burge's sons had the stone made over their father and their brother, Sire Nikulás, who owned our church (= was its paster) while God willed it. Pray for their souls and for Hegvaldr ... son. They are resting hereunder. Óli <luþar> made me."
G 22,†$M [+ hiar : huilis : untir : rinm:untr : i oyu : biþin : aler : furir ... herra : naþ : hab... sial ... kiara : beta(r) : hinsarfa :],†$M Hereunder rests ...-mundr in Eyjr/Öja. All pray for ... Lord's grace ... soul ... Pétar (of) Hinsarfr/Hinsarfi made.
G 23,†M [÷ kani : itok : osten...],†M ... ... ...
G 24 M,... sta-- y---r sen : s...,... the stone over his/her son.
G 25 M,... ok : ...h : am--...,... and(?) ... ...
G 26 M,÷ ...kl : ai--era-...tae... : ...k--...,... ... ...
G 27,$M ...al--...ri... ok b--a^r kiarþu mik,$M ... and Pétar(?) made me.
G 28,$M (h)(e)(h)laikr : kiarþ:i stan (þ)ani [: ...(r)(i)(n) :] ok : auþulfr :: þaiR litu : g[i(a)^(r)... ...],"$M Hegleikr made this stone. Katrín(?) and Auðulfr, they had (it) made ..."
G 29,†M [÷ þessan : stain : lit : kiera : rarin : si:trigs : buir : butaþu : sina : totur :],"†M Karin, Sigtryggr's (wife?) had this stone made over Bótheiðr, her daughter."
G 30,†M [...iþ ok ...],†M ... and ...
G 31,$M §A ihesus : na(s)arenus ¶ iacobus ¶ lu (l)aurencius ¶ m(u)ttonmu- §B olauir §C þauþi : i braiþu^ki(u)(m),"$M §A Jesus of Nazareth, Jacob ... Laurentius ... §B Ólafr §C Þjóði in Breíðukvíum/Bredkvie."
G 32,$M ...o : sunutahr ... ...--...,$M ... Sunday ... ...
G 33,$M + ruþui : af ronum : hehuiþa burna : i hangnasteþu- : (h)(a)(n) lit gera stain : yuir sen : husbonda botulf (o)k o^laf sen su^n biþin firi þaira sialum,"$M Hróðvé of Ronir/Rone, child of Hegviðr in Hagnastaðir/Hagnestäde, she had the stone made over her husband Bótulfr and Ólafr, her son. Pray for their souls."
G 34,$M + -ik-(i)(þ)(r) : kr-k(u)-(r)fi h-- lit gera hua-... ...þiauþu : sina : husfruy... ... synir : ... : (k)---uiþi... +,"$M Líknviðr(?) Krákuarfi(?)/Kråkarve(?), he had the vault made ... ...-þjóð, his wife ... sons ..."
G 35 M,×· katrin : ioans : husfyra : i sundru : han : lit : giara : þina : stain : yfir : moþur sina : botiauþu : iak[o]bs : kunu : sihlaihs:arf(a) : biþin : f(i)(r)(i) (h)enar : sial : bater : noster :×,"Katrín, Jóhan in Sundr/Sundre's housewife, she had this stone made over her mother Bótþjóð, wife of Jakobr of Sigleiksarfr/Sigleiksarfi. Pray Our Father for her soul."
G 36,$M [+ b(o)tair mais(t)eri : kiarþi : stain : epter : bo]taaþi : ho^usfreu sina : iakus : burnu l : uetabrhum : uar hera : naþi : þaira sial : (a)ltra : [me(n)is--air(a)] oli : hiak r:unir þisar : þesun : buais,"$M Master Bótgeirr made the stone in memory of Bótheiðr, his housewife, child of Jakobr in Vetaborg/Vätaburg. May Our Lord be gracious to all of their souls, all persons'(?). Óli cut these runes, the slave's son of Bótgeirr(?)."
G 36B M,...,...
G 37,botuat(r) · ----(k) : heruþr : litu : stain : þena : (e)(f)... ...uþ : (m)... ...,Bóthvatr ... Herrøðr had this stone ... in memory of ... mother ...
G 38,†M §A [kesus ÷ naþi alhlum : krisnum : sialum : amen fuþokh-- gesus · naþi : h... ... otars : sial ... ...ien... iuan ...hyraR fuþorkhn...blmR ??? olafr ... guþ aþi si... raþi fuþorkhnias----- fuiatoie : þuuiaoie : rytoie] §B [...-gusar-sþiuR · ki... ...olr...iua^n...uitnu · mai...],†M §A May Jesus be gracious to all Christian souls. Amen. <fuþork...> May Jesus be gracious ... Óttarr's(?) soul ... Jóhan ... <fuþorkhniastblmR> ... Ólafr ... May God be gracious to the soul(?). Interpret <fuþorkhnias...> ... §B ... ... ... ...
G 38B,†M [hihu----],†M ...
G 39,†M [× butaiþr : ha^n : lit : kara : hin : st... ufr : ...],"†M Bótheiðr, she had this stone made over ..."
G 40 $,iu þin ÷ u^D^R rAk :,This horse Oddr drove.
G 41,... -(a)rua satain -...,... the stone made ...
G 42 M,÷ k(a)t^rin : vestir:ga^rdum : (l)i[t] : gi[a]^ra : tinna : stai(n) : yvir : sina : modur : but^uiu : si-[t]rihks : ...,"Katrín of Vestrgarðir/Västergårde had this stone made over her mother Bótvé, Sigtryggr's ..."
G 43 M,...(u)[þ ·] n[aþe] : hena^r : [sial] : (b)[iþ]... ...---ri...-[t]ur... [f]yri : (h)(i)... ...(t)(a)-...,May God be gracious to her soul. Pray ... for ... May God be gracious to her soul. Pray ... for ...
G 44,†M [+ akopk : liat : kira ...nabu : þan : sum : biþin : furir : imiana : itin : balir : -ni : runa : atbik : botuiþi : -uli :],†M <akopk> had made ... He who prays for ... Father(?) ... Bótviðr ...
G 45,$U ee^lil,$U (Dedicated) to the horse (?)
G 46 M,---ai(f)(r) ...- (l)i(t) : gia(r)[a] : sain : eftiR : kun[u : s]in[a : e]striþi : ok · [m]...,Sigreifr(?) ... had the stone made in memory of his wife Ástríðr and ...
G 47 M,i(a)kaubr --- ok a(u)þraif- ...,Jakobr ... and Auðreifr ...
G 49,†$M §A [-i--in ÷ fyrir ÷ nikulasa ÷ sial] §B [it(o) uiki pad---],†$M §A Pray for Nikulás' soul. §B ... ... ...
G 50,$M olaus : iacobi : ... ¶ : m : d : l- : u :,$M Olav. Jacob ... ... ... ...
G 51 M,...-uiþarfi : a mik,...-arfi owns me.
G 52,... ...tur × sina × koþ(a) ...,... his/her good daughter/sister ...
G 53,... ...(h)uatr : ...,... ...-hvatr(?) ...
G 54,$M §A [...] §B [raþ runar -pti- (h)armbraþhum] §C · k(s) · statr hoar : kuz nri §D maria iuan-,"$M §A ... §B Interpret the rune according to the grief-rows / in memory of the grieved (one) §C ... ... ... §D Mary, John(?)"
G 55,$M ÷ bo--- : oka...-...s(a)rfa : h-- : l-t : (h)-ga : hina : stan : yvir : (b)udaitu : af hah:h-b- k : til : aukarsarfa + ta en : iak : uar · (s)krivaþ : (t)a uar : (h)ahal · sunudah:r · untir-aþr : b-imstafr ++ i tolf:te : r(a)(d)(u) taflu + betar · aukar·sarfa · han skr-if mik · amen ·,"$M Bót-... Auðgeirsarfr/Ocksarve(?) he/she had this stone cut over Bótheiðr(?) of Hagebýr and (owner of) Auðgeirsarfr/Ocksarve. When I was written, then Hail was the Sunday(-stave); Under-Man the Prime-stave in the twelfth row of the table. Pétar of Auðgeirsarfr/Ocksarve, he wrote me. Amen."
G 56 M,fuþorkhfuþorkh fuþorkhfuþorkhfuþorkhfuþorkhfuþorkh fuþorkhfuþorkhfuþorkhfuþorkhfuþork fuþorkhfuþorkhfuþork fuþorkhfuþorkhfuþorkhfu fuþorkhfuþorkhfuþork,<fuþork fuþork fuþork fuþork fuþork fuþork>
G 57,... : kairalf ...,... Geiralfr ...
G 58,botui a kik ar(g)ais sigtiir,"Bótvé owns me(?), Arngeirr's/Arges"
G 59 $,· hlkaiR · auk · frusti · a-(k) · atli · (þ)... ... · heftiR in...- · iþiuf... ...ku-n ·,"Hallgeirr/Heilgeirr and Frosti and Atli(?), they(?) ... in memory of ..."
G 60 M,[katrin : ok : botuir : ok : nikulaas :÷ þaun : litu : giara : þina : stain : yfir : faþur : koþ ÷ lit : orar : byni : ok : pater : noster : ok : afe : maria : botfosar : sial : til : goþa ÷] [÷ goþr : sial : -em ... botfosar : by : þan : sum : biþr : fyrir : hanum : þa : niautin : baþir : hans : byna :],"Katrín and Bótviðr(?) and Nikulás, they had this stone made over (their) good father. Read(?) our prayers and Our Father and Hail Mary for the good of Bótfúss' soul. The good soul which ... Bótfoss' estate. He who prays for him, they shall both enjoy his prayers."
G 61 M,... botkair ... kiara ...,... Bótgeirr ... made ...
G 62,†M [÷ s-r : uk : ...þai(m) : b... : -y- : (o)k : pater : noster : ok : afe : maria : ioan ...],†M ... and ... Our Father and Hail Mary. Jóhan ...
G 63 M,: fa^rgair : lit : mik : [(g)]iea^ra : (y)fer : s[in : fa^þ]ur : u[k] : moþ[o]r [:] b[ot]frir : [ok] : [ruþui : ok : auþuatr] : ok : mik :[+] (k)[rist]r : ma[i]u : sun na^þi : a^lum : sum : hiea^r : huila^s : uair : uk aLum : krisnum : si(a)[l+]um,"Fargeirr had me made over his father and mother Bótfreðr and Hróðvé, and Auðhvatr/Auðvaldr cut me. Christ, son of Mary, be gracious to all who rest hereunder, and to all Christian souls."
G 64,$M (b)(i)(þ)(h)(i)(n) fyri bot^uiþha : si^al r... ¶ (r)(a)(n)(g)(u)(a)(l)(s)(a)(r)(u)(a),$M Pray for Bótvíðr's soul ... Ragnvaldsarfr/Rangsarve's.
G 65 M,÷ boluiþr : i : snoþu : (l)i(t) : giara : hualf : yfir : sen faþur : (u)[k] moþur :: naþi : guþ : þaira : sial : allra : sum : hiar : huilis : under ÷ auþualtr : kauli : giarþi : -ua lis(t)ana,"Bótviðr Snoðr/Snoder had the vault made over her father and mother. May God be gracious to all their souls, those who rest hereunder. Auðvaldr Gauti(?) made two tomb-stones(?)."
G 66,$M ...uiþr : i : snoþu : lit : giara : stan : hi-- : yfir : sin : barn : -aþi : guþ :+ þ-ira : sial : aldra : sum : hi-r : huil-- : -ndir + mibggl- ...r---...-n----u...-- : sir...----...,"$M Bótviðr(?) in Snoðr/Snoder had this stone made over his child. May God be gracious to all their souls, who rest hereunder ..."
G 67,$M ÷ r[u]þuiþr : a burh : lit : giara : stain : yfir : sen faþur : botulf : a burh naþi : ---(þ) þaira : sial : aldra : sum : hiar : huilas : undir : biþin : patenostu : þair : si+al : sum hi(e)li-,"$M Hróðviðr of Burg/Burge had the stone made over his father Bótulfr of Burg/Burge. May God be gracious to all their souls, who rest hereunder. Pray Our Father for the souls of those who ..."
G 68 M,airikr : lit [giara stan : yfir : sina :] --(t)ur : naþi : guþ : sial : -l-...,Eiríkr had the stone made over his daughter. May God be gracious to her soul ...
G 69 M,sihraifr : giarþi : iohan : lit : gi(a)(r)(a),Sigreifr made. Jóhan had (it) made. Sigreifr made. Jóhan had (it) made.
G 70 M,+ beta^r : [y](f)(i)r:guða^rfa : han : lit : gerra : (t)issan : mur : o^k [: s]t^uvona : o^k : pa^þe : sendr : lyfta^þ : a : to^s·dahinom : fy : kat^rino:mes[o] : ta^ ^ua^r : f : sunudahr · o^k : l : brim : i : fiurtando : rado : i ta^fo^ne,"Pétar (of) Yfir-Guðarfr/Urgude, he had this wall and cottage(?) made, and both (were) finished on the Thursday before Katherine's mass. Then F was the Sunday[-stave] and L the prime-stave in the fourteenth row in the table."
G 71,†$M [botuarþr i snoþu han lit giara þina stain yfir sina husfroiu butaiþu til aista],"†$M Bótviðr(?) in Snoðr/Snoder, he had this stone made over his housewife Bótheiðr of Eiksta/Eksta."
G 72 †,[...ha^fa × faþur × sin × kuml × kun... × kar-tauþaka...ukina × man × minums...halþsu-hafuþam × hf × h-u... × kuam × raþ × suinan × sin × -ruinkia × ei...n],... his father ... the monument(?) ...
G 73,†M §P [þinkin usl : dmln-m : kumedum · sbiritum : meum : retimitn : me^ktohina : ius · feritatis h...] §Q [dominum : kumetum : sbiritum : meum : retemisti : me tomine : teus : feritatis :],"†M §P ... ... ... ... you have redeemed my spirit ... ... of truth ... §Q Lord ... you have redeemed my spirit for me, Lord God ... of savagery."
G 74 M,...ek...b--u...,...
G 75 M §A,...-tr · lit · yfiR · botiauþu · k... §B ...- moþur · ofaihr · kierþ... ...,... had (made) over Bótþjóð ... §B ... mother. Ófeigr made ...
G 76,†M [÷ ... lit : kiera : ufir ...ifnobur...katþunkr : stain : ufir : koþi... sial : ok : kuþ : naþi : þaim : ukn...r...su...],†M ... had made over ... the stone over ... soul and may God be gracious to those ...
G 77,...(o)(t)a : sun : sum : sins faþu- ...--n : a : ain : þet : uas : er--ak... ... kuþ selu þaiRa hiauna,"... son, who his father's ... on one of them. That was(?) ... God (help) this married couple's souls."
G 78 M,× botmundr : kullanz : han : lit : gerra : hila : mur:uerk : o^k : sia^lvr : gerde ¶ trri:uirk : stuvu : o^k : sumar:hus : o^k : ta uar : h : sunudahr o^k : k : brim:stavr : i : tretando ¶ rado : o^k : lyfþadis : a : santa : simi iute : afton ¶ ma^rkit : hit : hustrun,"Bótmundr, Kullandr's (son), he had this wall made, [and he] himself made woodwork for the cottage and summerhouse. And then H was the Sunday[-stave] and K ... in the thirteenth row. And it was finished on Santi Sime Jude evening. (His) wife was called Margit."
G 79,$M §A ...-u(þ) : s(t)h(p)- : (æ)i(k) §B ...-or-...-- §C ...ol--...,$M §A ... ... ... §B ... §C ...
G 80 $,s(t)ain lit × bot[ul](f) × stafa × [merki × i]... ... [hi-iR] × a(t) × unua(l)(t) × unit ...(l)(i) k(u)m[l · þi]... ... sialu hans,Bótulfr ... had the stone ... has produced(?) this(?) monument to Unnvaldr(?) ... his soul.
G 81 M §A,... §B kuþ : hafi butui(a) : sial §C fuþo--n btþa muroainb(l)ydain,... §B May God have (= take) Bótvé's soul. §C ... ... ...
G 82 M,... : lit : giera : m...,... had made ...
G 83 M §A,[h(a)r sum : hita lisa : -a : bar : han : pris ... h-r ... ... ... ... ...] §B [...iar-a^ubolaki- : a^(r)ua],"Whosoever reads this, then he gets the praise ... Whosoever ... §B ... ..."
G 84 M §A,ma^ria §B ...,Mary §B ...
G 85,$U ee^lil,$U (Dedicated) to the horse (?)
G 86 §A,...R auk : b(o)... ... §B ...-ni · uili(n)... ...,... and Bót-... ... §B ... ... ...
G 87,...uk · ...,... ...
G 88 U §A,(f)uþarkg(w)hni(j)pïzstbemlñdo ? §B su(e)us,<fuþarkgwhnijpezstbemlñdo> ... §B <sueus>
G 89,$U ee^lil,$U (Dedicated) to the horse (?)
G 90 M,÷ bil,...
G 91 M,far-th,...
G 92 $ §A,...- stan ' yftir ' sun · sa ' saimaþi ' siour ... §B ...ra ' ub ' uisi ' kial ' þ--- uf · (t)au... ...,"... the stone in memory of (his) son, he(?) ... §B ... ... died(?)"
G 93 $ §A,... : (k)... ...ak : to... §B ...iR a(n)uiþ... §C ... : roþ : (b)... §D ...--...,... ... §B ... ... §C ... ... §D ...
G 94 $,sailafr : lit : kuml : yf-------,Sælafr had the monument ...
G 95 M,urad^þit,...
G 96,...m : hunt-... ...,... hundred(?) ...
G 97,$M huatr : let kear- · futkar bos,$M Hvatr had the font made. <bos>
G 98 U §P,mk mrla wrta(a) §Q mk mrla wrta(a),"Me Merila wrought. §Q I, the eril, wrought."
G 99 M,÷ iaka^upr · i · litla^ronum · ha^n · lit · gia^ra þinna · stain · yvir · fa^þu^r · sin · o^la^f · o^k · bro^yþr · sina · liknuiþ · o^k · simo^n · biþim · f(i) þaim · o^k · a^llum · krisnum · sia^lum · o^k · þa · ua^r · liþit a^f · guz · by^rþ · fiu^rta^n · hu^nt^ra^þ · a^r o^k · ainu · are · minna · þen · {V}·tihi · a^r · o^k · i · þi · a^ri · brima^þi · k · o^k · r · su^nudahr · i · {(X)I} · ra^þu,"Jakobr in Litlaronr/Lillrone, he had this stone made over his father lafr and his brothers Líknviðr and Símon. Pray for them and for all Christian souls. And then fourteen hundred years and one year less than fifty years had passed since God's birth. And in that year K was the prime-stave and R the Sunday[-stave] in the {eleventh} row."
G 100,$M ÷ þinna · sten : þa · lit · husfru · ru^þvi · giera · yfir sin · bo^nda · ia^ko^p · i · ma^na^ga^rd^um · sum · skutin · ua^rþ · ihel · miþ · en : pyrsu·stin · a^f · uis·bo^rh · þa · en · ku^nuu^ng · erik · ua^r · bi·sta^lla^þ · pa · þi · fo^r·nemda · slot · en · þa ·· ua^r · liþit · a^f · guz · by^r(þ) · fiu^rta^n · hu^nd^ra^þ : a^r · o^k · ainu : a^ri · minna · þen : fem(t)igi : a^r · biþium · þet : et · guþ : na^þi · ha^nz · sia^l · o^k · a^llum · krisnum · sia^lum : amen,"$M Housewife Hróðvé had this stone made over her husbandman Jakobr in Managarðir/Mannegård, who was shot to pieces with a gun at Visborg, when King Eiríkr was stationed at the aforementioned castle. And then fourteen hundred years and one year less than fifty years had passed since God's birth. Let us pray that God be gracious to his soul and to all Christian souls. Amen."
G 101,$M ÷ gairual^tr : i : lyum : han : lit gera : hua-- : (h)-ta : yfir : [sin : sun : iakaubr : roþui]la:arfi --sn ... ...nhnuiþr : þair : lut[u : ep]tir : han : gairual^t : i : lyom,"$M Geirvaldr in Lyr/Lye, he had this vault made over his son Jakobr of Hróðvilaarfr/Rotarve ... Ragnviðr, they inherited from him, Geirvaldr in Lyr/Lye."
G 102 M,: botolfr : megensa^rfa : li(t) : giara : stain : [hissan : o^k : leggþi : yfir] : petar : fadur : sen^a :,"Bótulfr Meginsarfr/Megensarve had this stone made and laid over Pétar, his father."
G 103,$M ÷ [iuan] : i mana:gar[þ]um : han : l[it] : ger[a] : hin[na] : s[ta]in : yfir : si[n] : faþ[u- :] (b)[o]tu[lf] : [ok] : hans : [m---] : bo:t...o : ok : r[o]þu[iþ : -- : ---]k : gerin : uel [: ok] : biþin : fyri : þai[ra] : sial : aldra [... i : kuþ:i : ... : u...] mik,"$M Jóhan in Managarðir/Mannegårde, he had this stone made over his father Bótulfr and his kinsmen-by-marriage(?), Bót-... and Hróðviðr ... Be so good and pray for all their souls ... in God(?) ... ... me."
G 104A,$M §A syto hera : gesus : kristus : giak : biþr : þik : firi : þa sy[n-]h : ok : toryyfilsi : þinn suyta : mo^ ^fru ma^ria : mo^uy ¶ -------na-s-þa---t §B fuþ-rkhnia §C (h)elb mari- ---- §D ...na : tema sat §E (h)elb m-(r)--- §F h armabi §G tenna · om · konst §H [fuþork-...stb...],"$M Sweet Lord Jesus Christ, I pray to you for your sweet mother Lady Mary the maid that sin and distress. ... §B <fuþorkhnias> §C Help, Mary ... §D ... ... ... §E Help, Mary ... §F ... ... §G ... ... ... §H <fuþorkhniastbmlR>"
G 104B,$M §A m---- : ia^lppi os ¶ ...lisai : ¶ m^a^rla ¶ ma...a... : gyri os §B o^la^f o^k ia^ko^b ¶ uakada,$M §A May Mary help us. ... Mary ... <gyri> <os> §B M Ólafr and Jakobr <uakada>.
G 104C M,miskuni + us guþ k þa^un helg- ' kirk--,May God and the holy church have mercy on us.
G 104D M,ia(k)up ¶ þimes-e ¶ guz : na^þ : ha^n - : sto^r,Jakobr <þimes-e> God's grace is great.
G 104E,$M §A afi maria : gratia : plena dommenos : tegkum : benateka tu ... ¶ ilar §B gloria : patri : (e)t filiu : et : spir... ¶ pirf----- §C utr(n)khal ¶ trik-h §D iak ar : (a)(i)n a^rm syntih menniska (t)^(r)(n) §E drairkir §F alir : ir : ua(r)(i)n : uelkum:nir til tals : sum rintin hisun : kirkiu(n) (k)i(h)(a) iaþis k(u)þ ... §G ra^þ run-- o^k a^blir--mabr · a^uhum §H uel--aþr §I fuþorkhniastbml... ¶ --- r(u)nir enþu-- §J k · uirs ¶ gessus^ ^na:sa^renus ¶ blar ¶ nulpu §K ma^rria ¶ k--- : (r)iaaa(h) lia----ooofaina · i alar no(b)i(r) ¶ sant- maria ¶ --ka^ubr : maist-ri : ¶ fuþorkhni-s,"$M §A Hail Mary full of grace. The Lord is with Thee. Blessed art Thou ... §B Glory to the Father and the Son and the (holy) Spirit ... §C ... ... §D I am a poor, sinful person ... §E ... §F All are being welcome to speech who <rintin> this church peep <iaþis> God ... §G Interpret the runes ... §H ... §I <fuþorkhniastbmlR> ... runes(?) ... §J ... Jesus of Nazareth ... §K Mary ... saint Mary. Master Jakobr <fuþorkhnias>"
G 104F,$M §A sa^nta : maria : moþer : go... §B ... o^k laiþa --er oar... ...,$M §A Saint Mary mother good §B ... and lead our(?) ... ...
G 105 M §A,he(l)b maria iu--- §B mathis ¶ iohannes ma-iksen ¶ hans mariksen,"Help, Mary. §B Matthew, Jóhannes Mariksen, Hans Mariksen ..."
G 106 M,olafer : robbe(r)n:a^rua,Ólafr (of) Hróðbjarnarfr/Robbenarve
G 107 M §A,galda · kirk... ...-n (a)^f o-om : kirk--a (o)^(k) þa^r hava uarit magir peræstær b-dan fyr nikulasa sial ---ou : ulufs §B -kk-biþ- §C ... §D uir : haffum : rist : ibtir laurfian :,"Garðr/Garde church, one of our churches. And there been many priests there. Pray for Nikulás' soul. Ólafr's(?) ... §B ... §C ... §D We have carved in memory of <laurfian>."
G 108 M §A,hialpi : u(s) : -aun : -(e)lh(a) (k)irki(a) maria §B ...sau... kirkia : ...a^lfs...h-ibok m b-a...,May the holy church help us. Mary. §B ... church ... ... ...
G 109,aft ÷ [rual(t)](a) [÷ faþur :] ...,"In memory of Hróaldr, father ..."
G 110 $ §A,fuþorkhn... ...fuþr-... §B ... (r)aisti stainin aft iurulf bruþur sin ÷ sikuif(i)r(t)(u)(a)(n)k(i)sifil,"<fuþork> ... §B ... raised the stone in memory of Hjôrulfr/Jórulfr, his brother ..."
G 111 $,siba : raisti : stain : eftir : roþiauþ : kunu : sina : totur : roþkais : i : ankum : to : unk fran : ofurmagum,"Sibba(?)/Simpa(?) raised the stone in memory of Hróðþjóð, his wife, Hróðgeirr in Angr/Anga's daughter. (She) died young leaving under-aged (children)."
G 112 $,siba : lit × kearua × stain × hebtiR × totuR × sina auk × roþiauþar,Sibba(?)/Simpa(?) had the stone made in memory of his and Hróðþjóð's daughter.
G 113 §A,÷ utar + ak + kaiRuatr + ak + aiuatr + þaR + setu + stain + ebtir + likna(t) + faþur ÷ sen + §B ÷ raþialbr + ak + kaiRaiau(t)- + þaiR kiarþu + merki + kuþ + ubtir + man + saaran ÷ likraibr + risti + runaR,"Óttarr and Geirhvatr and Eihvatr, they placed the stone in memory of Líknhvatr, their father. §B Ráðþjalfr and Geirnjótr, they made the good landmark in memory of ... man. Líknreifr carved the runes."
G 114 §A,: syniR : likna(t)(a)- ... ...(a)rua : merki : kut : ebtir : ailikni : kunu : koþa : moþur : §B ...(s) : auk : kaiRuataR : auk : liknuiaR : §C : kuþ a-... ... ...(n) : heni : auk : kieruantum : merki : m-... ...ua : aR : men : sin : §D ...(R) : i : karþum : aR : uaR : ui(u)(e) meR :: (h)...,"The sons of Líknhvatr ... the good landmark made in memory of Eilíkn, a good wife, mother ... §B and Geirhvatr and Líknvé. §C God ... be gracious to her and those making the landmark ... ... who men §D ... in Garðir/Garde, he was with Vivi(?) ... ..."
G 115,$M ÷ gesus : krist : na^þi : ha^luia : sia^l : u^nga^ga^na : husbra^ya : a^ngua:smis : dot^r hu(l)ls : hier : huer : sum : a^sir : biþi : pata^no^st^u : firi : haluia : sia^l : ma^gista^s : (g)efs : gerþi : mik : bot^uiþr : smiþr : lit : gera mik : (a)...-m ÷ (i)...- naþi : us : sihþa^þ : ha^ns : husbryia : sum : ... bi(þ)-...,"$M May Jesus Christ be gracious to Hallvé's soul! Young-Ganni's housewife, Anga-smiðr's daughter rests here. Whosoever looks on, pray Our Father for Hallvé's soul. Master Gæfr(?) made me. Bótviðr the smith had me made. ... be gracious to us. Sigþjóð, his wife, who ... pray"
G 116 $,... ...ansi : eftir : mutifu : sun sin : asy : sa-...,"... this in memory of <mutifu>, his son ..."
G 117,...-- : þi : auk : ki... ...ari,... ... and ...
G 118 M,÷ folkar : i : austerpy ÷: han : lhit : kera mik : yvir : sin : sun : rohlla÷ik : gesus : kristus : naþ(i) : hans : sial : o^k : allum : krisnum · sialum : amen : amen ÷,"Folkarr in Austrbýr/Österby, he had me made over his son Hróðleikr. May Jesus Christ be gracious to his soul and to all Christian souls. Amen, amen."
G 119,$M --o : ger(þ)(u) ...R kirkiu : þisa : hehmu^ndr : miþ : fiau--m : eykium : ok liknuiþr miþ tuaim eykium : ok hehuiþr miþ ... botuiþr miþ ainum : eyk : ok : ahnmundr likuiþr miþ : ainum eyk : : ok fargaiR : miþ : tuaim : eykiu:m roeaikr miþ ainum : eyk : ok ioan miþ tuaim : eykium : ok : hahuer miþ : ainum : eyk : ok sihulfr miþ : tuaim : eykium ok roþualr miþ : ainum : eyk : ok ronuiþr miþ tuaim eykium : ok haluatr miþ : ainum eyk ok : alt þit : fulk : sum : hiar : hafr : arfuþi : haft : baþi : nemt : ok : onemt : þa : misku-i : þaim : guþ : baþi : lifanti : ok : dauþum,"$M ... they(?) made this church, Hegmundr with four oxen and Líknviðr with two oxen and Hegviðr with ... Bótviðr with one ox and Agnmundr [and] Líknviðr with one ox and Fargeirr with two oxen, Hróðleikr(?) with one ox and Jóhan with two ox and Hegvér with one ox and Sigulfr with two oxen and Hróðvaldr med one ox and Ronviðr with two oxen and Hallhvatr with one ox. And all those people, who have had ... here, both named and unnamed, then may God have mercy on them, both living and dead."
G 120 M,þaun : litu : gera : limnink : þisa : fyriR : liknuiþaR : sial ok fyriR : botliknaR sial tygia : syskyna sialiR haluarþr : gerþi : han : iR s^kultr minas : þaiRa,"They had this painting made for Líknviðr's soul and for Bótlikn's soul, two fortunate sisterlings. Hallvarr made. He is obliged to remember them."
G 121,$U laþu,$U invitation
G 122 M,÷: hier : huilis : hera : ioan : raþa^rs : sun : af : at^ligabo · bi,"Here lies Sire Jóhan, Raðarr of Atlingabó/Atlingbo's son ..."
G 123,$M ...[n :] rouar : ---a-uiu... siat : pegia feiga : auþuatr : gerþi · þita hualf : gaiRualr : i ueskini : ris...,"$M ... Hróarr(?) ... soul, both father and son. Auðhvatr/Auðvaldr made this vault. Geirvaldr in Vestkindr/Väskinde carved."
G 124 M,bedin · fyri · iakobs · sial · nik¶karfua · han · do · fæm · daha ¶ fyri · sante · lafranz · dag ¶ ta · uar · f · sundahr · ok · m · ¶ primst-f(u)-r · i · fimtand- ¶ ra(t)...,"Pray for Jakobr of Nikkarfr/Nickarve's soul. He died five days before Saint Lafranz' day, when F was the Sunday[-stave] and M the prime-stave in the fifteenth row."
G 125 M,...tik : ilu : --r : ut : b :,... ... ... ... ...
G 126,$M potolbar : karassa : han : kaup:te : messo:haku:lin : i takn :,"$M Bótulfr of Krassa/Krasse, he bought the chasuble in Aachen."
G 127 M,afe maraa : garasia : p(l)ena,"Hail Mary, full of grace."
G 128,$M [uil]lin ir : lyþa : hut : iak : uil : gerra : (l)egia : -ug-abrr-(t) : likit : ikinn : ... [skulin ... : nn] : s(y)ika : uir : biþ:um : us : i...,"$M Do you want to listen to what I want to do, lie(?) ... would betray/seek. We pray for us ..."
G 129,†$M [beten fyr bot(o)-(f)a^r sia^l huntenkia sum hia^r to ÷ ta · ua^r f · n · brim : i fiurta^nto rato],"†$M Pray for Bótolfr(?) of Hundengja/Hunninge's soul, who died here. Then F was [the Sunday-stave and] N the prime-stave in the fourteenth row."
G 130,†M §A [fuþor] §B [maria oul keredunmen liga · ker · lak · nils] §C [ukni],†M §A <fuþork> §B Mary ... ... ... ... ... ... §C ...
G 131 M §A,suþr §B (u)(e)st^rnor §C a^ust^r÷nor §D a^u÷su §E statiri §F statiri,south §B northwest §C northeast §D southeast §E prop (standing timber) §F prop (standing timber)
G 132 M,÷ biðin firi : iakaups : sial : i : annuhanenkium sum : nikulas : uaah,"Pray for Jakobr in <annuhanenkium>'s soul, whom Nikulás slaughtered."
G 133,$M botuiþr : i (u)(i)[(k)(u)] + (b)e(d)ers arfi,"$M Bótviðr Vík(?)/Vikare(?), Pétar's heir."
G 134,roþuisl : auk : roþalf : þau : litu : raisa : staina : eftir : sy-... ... þria : þina : eftir : roþfos : han : siku : blakumen : i : utfaru kuþ : hielbin : sial : roþfoaR kuþ : suiki : þa : aR : han : suiu :,"Hróðvísl and Hróðelfr, they had the stones raised in memory of (their) three sons. This (one) in memory of Hróðfúss. Wallachians betrayed him on a voyage. May God help Hróðfúss' soul. May God betray those who betrayed him."
G 135,þina : eftir : a(i)--- : --- : --rþ : tauþr : a : ui(t)au : systriR : [tuaR] ...-R : bryþr : þria : roþanþr : auk : roþkutr : roþar : auk : þorstain : þiR : iRu : faþur:bryþr,"This (one) in memory of Ei-... (who) died at Vindey/Vindö. Two sisters ... three brothers. Hróðvaldr(?) and Hróðgautr, Hróðarr and Þorsteinn, they are the father's brothers."
G 136,†$ [þina : iftir : hair:-os : han : to : haima : auk : ati : totur : aina : han : haitiR : haili : utr : ualtika : gierþi : staina : auk : uab : kustaR : ma... tan : auk : botbiern : ristu :],†$ This (is placed) in memory of Heilfúss(?) He died at home and owned (= had) one daughter. She is called Heilvé. Uddr of Valdinga made the stones and he funded the monument. Dan and Bótbjôrn carved.
G 137 M,...r · ok · h(a)... ...af... hualf ...,... and ... the vault ...
G 138,...rti : le(g)iR : koþ(r) : ---... ...-na : has : lit : rist : kuml : a- : (k)aiRielmR : ... : ainika : sun : þaiRa ·: trabu : leybika- : ... ...naR : at : feþrka : baþa : kuþ : -(e)... ...,"... good doctor(?) ... his wife had the monument raised/carved in memory of Geirhjalmr ... people from Lübeck killed their only son ... stones in memory of both their both, father and son. May God help ..."
G 140 M,... um to^lf mark,... about twelve marks.
G 141,... (l)ikmuntaR : i slitaka--... ...,... of Líknmundr in Slítagardir/Slitegårds ...
G 142 M §A,fuþorkhniastblm÷R a^l... §B maria : moder : gus : ... : aall(e) ua^r §C beto : k-m(b)(s) §D fu... §E -uþ(o)rkh... §F (f)uþ(o)r-h---(s)--lm §G ... risti · mik §H beto kumb... §I fuþorkhfuþorkh-,"<fuþorkhniastblmR> ... §B Mary, mother of God ... all of our. §C Péto Kamb. §D ... §E <fuþorkhnias> §F <fuþorkhniastblmR> §G ... carved me. §H Péto Kumbli/Kumble. §I <fuþorkfuþork...>"
G 143,$U ee^lil,$U (Dedicated) to the horse (?)
G 144,$M uaum(n)tar,$M Vémundr(?)
G 145 M,sator are(b)o teneþ o(b)era rotas,Sator arepo tenet opera rotas. {from the 'Devil's Square' palindrome}
G 146 M,sia^li kriuaþi runir (g)-,Sjali(?) wrote the runes ...
G 147 M,sihlaivir · a mik,Sigleifr owns me.
G 148 M,þioki · kaupi · a mik,Þjokki Kaupi owns me.
G 149 M,satoraret potenet operarotas,... ... ...
G 150 M,botuiþr af alsku a mk,Bótviðr of Alskóg owns me.
G 151 M,iakaupr ÷ ok ÷ rol--n ÷ litu ÷ gera ÷ þina stain ÷ eptirR ÷ altuiþ ÷ sin ÷ sun,"Jakobr and Hróðlíkn(?) had this stone made in memory of Aldviðr, their son."
G 152 M §A,butuiþer i akebu §B biþin : firir : allum : krist^num : sialum §C herra ÷ iua^n ÷ lundi : han atti : mik : um : tiu : aar,"Bótviðr in Eikibýr/Ekebys. §B Pray for all Christian souls. §C Sire Jóhan Lundi/Lunde, he owned me for ten years."
G 153 M,fa[þa],...
G 153A,=G_153B,=G_153B
G 153B M §A,fuþo §B fuþ,... §B ...
G 154,†M [fullkuiþr : ...h--...],†M Folkviðr ...
G 155 M,gaRualtr · iarnnaþi · tur,Geirvaldr made the iron on the the door.
G 156 M,...-l : skialtar : auk : isakr : au... ...,... Skjaldar(?) and Isakr and(?) ...
G 157,...uþurfra(t)a(G)R-u-(a)...,...
G 158,$M §A hier h[u]ili- kair(u)atr : -...-a...---t--oa-o...lir- §B -...þ-...a--h...o... §C ...(k)... §D kairuat^r u...-...-r(i)---ok-...--...ti(r) ha^n kuam firi kunu^nk ok irkibiskub ok oa^rn bisku(b) ----...-----l-----(i)r so uilt(i) kuþ ha^num -(l) so la^ku ua^r sta^nka^r sum þors uar §E su^nut-hr ok lahr bri-þi §F ...-o...,"$M §A Here rests Geirhvatr ... §B ... §C ... §D Geirhvatr ... he came before the king and the archbishop and our bishop ... Thus God wished him well. The years of misery were so long, when Giant was §E the Sunday[-stave] and Water the prime-stave. §F ..."
G 159 M §A,huatr huatar huatar §B benedikter §C iakoper skraðare §D iringils ÷ -,"Hvatr, Hvatr, Hvatr §B Benedikter §C Jakobr the Tailor §D Arngísl ..."
G 160,+ (k)ul--,...
G 161,$M + [o]l-(f) : [... litu : kiara : stain : þana : ufir : sin : sun : b]u(t)a(i)[- u]-------s-afiþi... -(o)þur ruþu(i)- ... bat-rn(o)(s)...ur : firir þaira (s)ial ---...u--...---...----- -l-n...--a--- :,$M Ólafr ... had this stone made over their son Bótgeirr(?) ... mother Hróðvé ... Our Father for their souls ...
G 162 M,iuan h r,Jóhan <h> <r>
G 163 M,+ iuan uk butair : (l)itu giara kiaLera : botmundr maisteri : af siaunaim · giarði mik,Jóhan and Bótgeirr had the cellar made. Master Bótmundr of Sjónheimr/Sjonhem made me.
G 164 M,:+: miþ naþum guz : roþualdr : af · hundingium : hafr : fiavit : ...[da : dail : fyri : sin : sial : ok : sinz : faþur : sial : ok : aluaz : sial :],With the grace of God. Hróðvaldr of Hundingjum/Hunninge has given a tenth part for his soul and his father's soul and Hallhvatr's soul.
G 165 M,... herra : iakaufs : moþir : ok : hehuiþar +,... Sire Jakobr's mother and Hegviðr.
G 166 M,+ iuan : smiðrinn : ganuiða:arvi : uiþr : riða:nes : biþin : byn : ok : ba^lir : nostru : firi : þair[a : s]-...,"Jóhan the smith, of Gagnviðararfr/Gannarve at Riðanes/Ridanäs. Pray a prayer and Our Father for their souls."
G 167 M,+ (g)(e)su(s) [kr](i)[st]us naþ : botuiþa : si(a)l [: k...l-...(u)]...(u)...- til byn[a] ...,May Jesus Christ be gracious to Bótviðr's soul ... to prayers ...
G 168,†$M [+ gesus : kristus : na^þi : a^uþraifs : sia^l : a^f : sno^y:krin:t:um : bata : nosta^r : a^fi : mari(a) furriir · krisnr : sia^lir :],"†$M May Jesus Christ be gracious to Auðreifr of Snægrindr/Snögrinde's soul. Our Father, Hail Mary for Christian souls."
G 169 M,...-af s...(u)k...n...-u... :,... ...
G 170 M,+ betin · fyrre · petars sia^l ka^upa^rfa : ha^n : to : sia^u nat^um efder ny ta^ ^ua^r : o : o^k : k : prim : i : fiurta^ndo rato,Pray for Pétar of Kauparfr/Kauparve's soul. He died seven nights after New [Year]. Then O and K were prime[-staves] in the fourteenth row.
G 171,†M [+ kirkia^n : bra^n : a : beleþes:byrd : la^uga:dahe : ta : ua^r : h : sunnu:tahr : o^k : s : prim : i : t^reta^ndo : ra^þo],"†M The church burnt on the Saturday ""Bearing of the statue"" (saint's procession). They H was the Sunday[-stave] and S the prime-stave in the thirteenth row."
G 172 M,+ ingema^r : o^k o^la^f · de : suensko : men : tair : guto : tisa : kllo : alo,"Ingimarr and Ólafr, these Swedish men, they cast this bell wholly."
G 173 M,...iþr : botulfs : moþir : af uestr:huetium : ok ÷ botaiþr : hanz : husfroia : mundualz : systir : a^f rigaim : huer sum : þita -...,"... Bótulfr of Vestrhvetjir/Västerväte's mother and Bótheiðr, his housewife, Mundvaldr of Ringheim/Ringome's sister. Whosoever ... this ..."
G 174 M,+ hust^ru ga^rt^rt^ud e(t)-...-... : bo^ren : i : melno : ha^n : lit : ha^ga : t(i)-sa stain : yvir : sen : bo^nða :,"The wife Gertruð ... born in Myln/Mölner, she had this stone cut over her husbandman."
G 175 M,hik rekuies(c)i(t) (o)-,Here rests Olavus.
G 176 M,+ i namn : gies- ...-þr þa bynir : fa-...,In the name of Jesus ... prayers ...
G 177A M,: bro^þir ÷ ia^ko^pr ÷ a^f ÷ s-hom(i) ÷,Brother Jakobr of Isomi/Isome
G 177B M,hkþooo^rrrnnn ---oo o^rrnn,... ... ...
G 177C M,...,...
G 177D M,iakobus,Jacobus
G 178 M,+ iuan : i : grenium : han : gaf : þisa : krunnu : fyrst : guði : ok : uari : frru : ok : þairi : helhu : kirkiu : senni : sial : til : þarfa : ok : sið(a)... ...,"Jóhan in Grenjir/Gräne, he gave this crown first to God and our Lady and their holy church, for his soul's need, and then ..."
G 179 M §A,a^u a^u §B maria §C mar,Hail(?). Hail(?) §B Mary §C Mary
G 180 †,[...-r-- (h)afiR ...],... has(?) ...
G 181,: roþuisl : aug : farborn : auk : kunborn :,Hróðvisl and Farbjôrn and Gunnbjôrn.
G 182 M,+ butaiþr · i beligabo + lit þina sta[in] (k)era + ifir : olaf : sin : h... + i þu ari : þa uar : ha:hal [: sun]u(t)ahr : h : og : lahr : l : (b)rimstafr : i si...u(t)u raþu i -afluni + biþin : firi + o[laafs : s]ial + i beligabo (k)(u)þ (k)[efi : siali : þin...] ...-- : miþ alu- kr-snum : sialum,"Bótheiðr in Bellingabó/Bällings had this stone made over Ólafr, her husbandman(?). In that year H, Hail, was the Sunday[-stave] and L, Water, the prime-stave in the seventh row in the table. Pray for Ólafr in Bellingabo/Bällings's soul. May God give your soul ... with all Christian souls."
G 183 M,÷ þi-þ-u... : -... ...aim : sum : biþ...a : f(u)ri : ua^ri : sia^l : nikula^sa^r o^k kairuia^r : minin(s),"Þjóðmundr ... those who pray for our souls, Nikulás and Geirvé. Remember."
G 184 M,k suntahr tir brim o^k i treta^ntu rato,K (was) the Sunday[-stave] and Tyrr the prime-stave in the thirteenth row.
G 185 M,n(u)-hr,...
G 186 †,[friþ(m)un-r],Friðmundr
G 187,... ...ruþur -...,... brother(?) ...
G 188 $,[... auk × botaiþr × þaun litu × raisa s... ... haito × mirki mirlakt eftir man koþ-n · kiarn uaR × hann arla × a × kuþ troa × rumshafþ ×] raþ(e)t × miþ r(e)tu m[iug × tyrlak × ta · ta × uam · la · reksþe... ...](b)in × sialu h-... [lit × kiarþi stain × uataruek...],"... and Bótheiðr, they had the stone raised ... called(?) (it) a monumental/praiseworthy landmark in memory of a good man. Gladly he early had belief in God ... ... very(?) splendid ... ... may help his soul. ... made this stone ..."
G 189 $,... : koþa : af...,... good ...
G 190A M,in tabernakulis,in the tabernacle
G 190B,$M tabern(a)lis,$M tabernacle(?)
G 190C M,(b)-mik,...
G 191 M,moyar : hafin : iþra : byn : reta,"Maidens, have your prayers (said) rightly."
G 192 M,... ...rin · þ-ir · bigu i -...-yil ... sunudager ok - · prim · ... ...(i)m(a)fr-y · miþ sinum · guþi · ok · þingat · kumin · aLlir · þa... ...,... Katrin(?). They live in Freyjil/Fröjel(?) ... Sunday[-stave] and ... prime-stave ... heavenly peace with his God. And thither all their ...
G 193 †,[fa-... ¶ ...-- : þina],... ... this
G 194 M §A,...uþork...f...orkhfuþ...rkhfuþorkhf...rkhf...khfuþ...þor... §B ambrosii m-... vit... mikomedis (b)rimi ...-r(n)abe ...h-nn-(s) (b) ...-essi,"<fuþork> §B Ambrosius, Marcus, Vitalus, Nicomedus, Primus, Barnabus, Johannes, Paulus, Processus."
G 195 M §A,+ biþin : f(i)(r)i : sihþia^uþa^r : sial : bot^uiþa^r huspRoyiu : nikur : fa : lh...- §B ha^n (k)-nz : hera :,"Pray for Sigþjóð's soul, Bótviðr's houswife, Nikulás'(?) ... §B she(?) ... Sire."
G 196 M,sihþiauþ nikulas,"Sigþjóð, Nikulás"
G 197 M,+ h-----l...--a---...l--...-...--a...-...-...--era...---- bolikn h-...,... Bótlíkn ...
G 198 M,+ ku[þ]--(e)-ke-...--... : ... : ---...u...-... ...- : likmun-ar : - : b--mu[n]-[ar] : bon-... ...------ka...- --... ...----r : -a u...r : - : ... : (s)u-ud...- : o^k : pri- ...,... Líknmundr ... Bótmundr's husbandman ... Then ... was the Sunday[-stave] and the prime-stave ...
G 199,$M + friþgaiR · ok · alualdR · ok · ro[þai]þR · litu · gieRa · stain·hualf · þis[- eftiR roþurm · faþ... sin (b)-þ-...] ...- · sia[l] · hans · saktus · barþolimeus · irni · miskunaR · sialu roþ--ms · a-e- ------... saksi -iek runaR,"$M Friðgeirr and Alvaldr and Hróðheiðr had this stone-vault made in memory of Hróðormr, their father. Pray(?) ... his soul. May Saint Bartholomew obtain mercy for Hróðormr's soul. Amen(?) ... Saxi cut the runes."
G 200,uni : auk : haknuiþr : arfaR : rakna : þaiR ... ...(h)in : aail : ui : ku-... ...(R)muþ : hialbi : soul : sunta:lausi : kris-... ...t : auþualtr risti r--...,"Uni/Unni and Hagnviðr, Ragni's heirs, they ... Geirmóðr(?). May the sinfree Christ help the soul ... Auðvaldr carved the runes."
G 201 M,ha^lt[ia]uþ · a^uþualtz : [enkia : -]tliks : han lit : hualf : otki[era] · yfir : sin : sun : boztan · ok han : baþ : [l]a- : biþia : fyr[ir] ha^ns ·: sial · iakau[b]r : gierþi : stain : r^oþmas:a^rfi,"Hallþjóð, widow of Auðvaldr of Atling, she had the vault made over her son Bótsteinn, and she ordered: Pray for his soul! Jakobr of Hróðmarsarfi/Rodmarsarve made the stone."
G 202,†SENTIDA §A [iakob · isem {1568}] §B [iakob : is(e)m {1621}],†SENTIDA §A Jakobr Isem/Isums {1568} §B Jakobr Isem/Isums {1621}
G 203 $,sigmutr let rasa sain eftiR bruþr : sina : auk : bro : kierua : eftiR : sikbiern : santa mikal hie[lbi] ... ...ans auk : at : botraif auk at sigraif : auk : at aibiern : faþur þaiRa : altr : auk bikui han : i by : sunarst kaiRuiþr lekþi ormaluR nemR : in[t]i uR ¶ sikmutr [--fiR :] sliku : unit kuml ¶ karmanum : þet aR [:] ... kun : hier : mun : stanta stain : a[t] : merki bietr a : bierki in bro furiR ¶ roþ(b)iern risti run(i)R [þ]esa kaiRl-ifR sumaR aR karla kan,"Sigmundr had the stone raised in memory of his brothers, and the bridge made in memory of Sigbjôrn - may saint Michael help his soul - and in memory of Bótreifr and in memory of Sigreifr and in memory of Eibjôrn, father of them all, and he lived in the most southern estate. Geirviðr laid the snake-loop(?), Næmr sorted them out. / skilful he sorted them out. Sigmundr has thus produced the monument. For males, it is a known ... Here may the stone stand as a landmark, clearly on the hill, and the bridge before it. Hróðbjôrn carved these runes, Geirleifr some, who well knows how."
G 204,$U ee^lil,$U (Dedicated) to the horse (?)
G 205 U,alu,ale
G 206 M,+ ulafr : i : himunafi : han : kaf : hit : i-i : sin : ban : botuiþ : ok : bulaiþu : f : kanuiþ : ok : ruþaiþu,"Ólafr in <himunafi>, he gave this(?) in memory of his child Bótviðr and Bótheiðr and(?) Gagnviðr and Hróðheiðr."
G 207,butmuntr : auk : butraifR : auk : kunu[ar : þaiR : raistu : stain ...arþi : karþ] : auk : sunarla : sat : miþ : skinum : auk : han : entaþis : at : ulfshala : þa : [¶ han : hil(k)(i)...],"Bótmundr and Bótreifr and Gunnvarr, they raised the stone ... farm and sat in the south with the skins (= traded fur). And he met his end at Ulfshala/Ulvshale ..."
G 208,[b]u[t]muntr : auk : butraifR : auk : kunua[r : -]... ...tu : stain : þ... ... ...[at : faþur : si]n : kuþ : h(i)albi : (s)elu : hans : auk : kus : muþiR : (b)etr : þen : uiR : biþia : kunin · ¶ -(a)... ...(a)-(n) (:),"Bótmundr and Bótreifr and Gunnvarr they raised this stone ... ...-hvatr(?), their father. May God and God's mother help his soul better than we could pray ... ..."
G 209 M,fuþor,<fuþork>
G 210 M,+ hier : likr : kairualtr : i berhi : ok : hans : hus:froya,Here lies Geirvaldr in Bergi/Bjärs and his housewife.
G 211 M,...r...,...
G 212 M,[...------s-- · ub----bala^uh--n...(u)kbru- lit kira stain (u)fir io]-n k-...þ---rþ-...þ-...,... had the stone made over Jóhan ...
G 213 M,[: ia^lbi : undr : isairi]...(u)nir : ok : kerþi : stain :,... ... ... and made the stone.
G 214,†M [...þiuþ- : ufir : ---a- : iki--r · þisi k...-en : sin],†M ... over ... ... ... ... ...
G 215 M,hailui : lit : giera : stain : ok : botulfr : yftiR : olaf : ok : bo-... (s)(y)ni : sina,"Heilvé had the stone made, and Bótulfr, in memory of Ólafr and Bottir, their sons."
G 216 $,: ormiga : ulfua-r : krikiaR : iaursaliR (:) islat : serklat,"Ormika, Ulfhvatr(?), Greece, Jerusalem, Iceland, Serkland."
G 217 M §A,nikulas : skraif : mik : in : s[--]rin e-[-]-b--r [--]rgretu ¶ mariu:messu:dah : ... s : uar : brim : o^k [:] ... ...-r : sunnudah §B rannal(t) : berno,Nikulás wrote me but ... Margréta day of Mary's-mass. Then S was the prime-stave and ... was the Sunday[-stave]. §B Ragnvaldr. Berno.
G 218,...-- × broþur × s... ¶ lati : -um...,... his/her brother(?) <lati> ...
G 219 †,[rR : -...-þu am/Ra],... ... ...
G 220 $,... ...tkaiR : aR : to i : hulmka-... ...iþ(i) : -...,... Oddgeirr/Bótgeirr. He died in Holmgarðir ...
G 221 M §A,... kirki... §B fuþo,... church §B <fuþork>
G 223 M §A,...-tRs rasmus §B baa §C ---dtib-a §D raþ §E iakaubar,... Rasmus(?) §B ... §C ... §D ... §E Jakobr
G 224 M,... skr--f : i skruþkufa,... wrote in the sacristy.
G 225,rani : ao þn uikur ¶ butfus ÷ fai[i],Hrani owns this spear. Bótfúss coloured.
G 226 M,...- : lit × kiera × s-(a)... [y]btir × sun s(e)n ...,... had this stone made in memory of his son ...
G 227,× -...ms : raþa : kan : furn : u... f-...,"... can interpret, ancient word(?) ..."
G 228,... -tain : þi... ...,... this stone ...
G 229 M §A,ma- §B maria §C iohanes §D markus §E luks last gearf : a:posu-i,... §B Mary §C John §D Mark §E Luke ... ... apostles(?)
G 230,†M [fuþork],†M fuþork
G 231 M,+ sihfriþr : i : alfin- : lit : gera : stain : hisan : yvir : butaiþi : dotur : sina : ok yvir : aulaif : ok botlini : i norþrgarþum,"Sigfríðr in Alvina/Alvne had this stone made over Botheiði, her daughter, and over Auðleif(?) and Bótlikni in Norðrgarðum/Norrgarde."
G 232 M,+ olavr : bingil : lit : gera : mik : yvir : hera^ ^peta^r,Ólafr Bingil had me made over Master Pétar.
G 233,†M [... lit : gera : stin : þina : yfir : ula : faþr : (b)(o)(t)--f... ...],"†M ... had this stone made over Óli, father of Bótulfr ..."
G 234 M,[+] b(u)---- : i : bierum : li- : gera : s[a]-[n þ--- : yfir : sen faþur : --ulf ----- o]k : mo- sin : ok : betar b-ta : --n : [o]k : li[kat : ok : yfir : hehuat : aþ-ky--a--- : -y-- : ----- ¶ iakub : i : ...] k[---- : ----],... in Bjergum/Bjerge had this stone made over his father -ulf ... and his(?) mother(?) and Pétar her husbandman and Líknhvatr(?) and over Heghvatr ... ... ... Jakobr in ... ... ...
G 235 M §A,þ--Rh §B s-t---u-f---...-yiþr §C st---(n) ...(l)--r §D maria §E --uf §F - (s)krifa-,... §B ... §C the cottage(?) ... §D Mary §E ... §F ... wrote(?)
G 236 M,halfriþr,Hallfríðr/Hallfreðr
G 237,fuþorkhn-a-...,<fuþorkhniastbmlR>
G 238 M §A,[heR] bot^ub : kaubarfa i...(a)t^um · sanktus : ba^ ^sank:tus : pa^ulus sank:ta · ma^ria · miskuni o^s §B ...--...- (a)(u) mari §C ...-(s)(b)-(r)-...,"Sire Bótulfr(?) Kauparfa/Kauparve ... Saint ... Saint Paul, Saint Mary may have mercy upon us. §B ... Ave(?) María(?). §C ..."
G 239,†M §A [...oiri sia(l) (o) : rai] §B [kir(r)(i)þi(u)],†M §A ... soul(?) ... ... §B ...
G 240 M,a mik : hina : kamb ¶ niku^la^s,"Nikulás owns me, this comb."
G 241 M,÷ nikulas : i : rink[e] : [a mi]k,Nikulás in Ringi/Rings owns me.
G 242 M,÷: gairuatr : af · norþrby : huilis hiar : ok · hans [·] husbroia : ruþiauþ : gerin uel · (o)k · biþin · firi · þaim · þaun u-ru · þet · sum · iR iarin · nu · ok · iR · uarþi(n) · þet · sum · þa^un · iaru · nu,Geirhvatr of Norðrbýr/Norrbys rests here and his housewife Hróðþjóð. Be so kind and pray for them. They were that which you are now and you will become that which they are now.
G 243,†M [÷ hehualdr : huilis : hiar : af : suþrby : sum : þaira : faþir : uar : sum| |mik : litu gera ma--irs · ok · iakaubs · ok · botuiþar],"†M Hegvaldr of Suðrbýr/Söderbys rests here, who was their father, who had me made Malgeir's(?) and Jakobr's and Bótviðr's."
G 244,†M [+ iuan : iaka^ubs : arfi : huilis : hiar : af : norþa^rby : betar : ok : iakaupr : litu : gera : mik],"†M Jóhan of Norðrbýr/Norrbys, Jakobr's heir, rests here. Pétr and Jakobr had me made."
G 245,†M [...ui--smukiiR af suþrby : sum kybabroþir · ak · -o^utuit^þar...],"†M ... of Suðrbýr/Söderby, who ... ... ..."
G 246,†M [+ butulfr : ... : ...s...r : butuiþr : ok : iakaupr : ok : olafr : ...],†M Bótulfr ... ... Bótviðr and Jakobr and Ólafr ...
G 247,$M §A haimaltr §B hai §C botuiþr §D haimaltr : a §E haim §F hnim,$M §A Heimaldr §B Heimaldr(?) §C Bótvíðr §D Heimaldr owns §E Heimaldr(?) §F Heimaldr(?)
G 248,...ik...,...
G 249 M,þeta : ier · uitni : kirkiur:pre-...- : ok : sokna:manna : et : halhuis÷boar ÷ aihu ÷ kauptan ÷ meþ ÷ einn ÷ kirkiur÷faueh ÷ ginum ÷ litlu ÷ folboa ÷ garþa,"This is the witness of the church-priest and the men of the parish, that the inhabitants of Hellvi own the right of passage to church through little Folbó farm."
G 250 M,...in... ...biarn : -n uar : kar...þ...s...f : kuþi ...,... ...-bjôrn ... was(?) ... God(?) ...
G 251,$U ee^lil,$U (Dedicated) to the horse (?)
G 252 $,...(r)b(u)(þ)--... ¶ ... suniR rai-(t)u kublu þi(t)a a(t) faþur u--uþuiu-(f)u--...,... ... sons raised this monument in memory of (their) father ...
G 253,†SENTIDA ¬,†SENTIDA ¬
G 254 M §A,+ tak ' hiR krist · (e)yratr · hafir · kart ' klukhera · sun ' amen §B letabuintus,"Thank-you(?), Lord(?) Christ. Eyrhvatr(?) has made, son of the organist. Amen. §B Jubilant."
G 255 M,÷ biþin : furi : ola^fs : sia^l : iuha^s : a^rfi : e : etligi : sum : hir : legr : hans : ankia : bo[t]ia^uþ : but^kar...s : bo^rn- : e : oit-hium : l-t^r : stainin : hka : þina,"Pray for Ólafr's soul, Jóhan's heir in Ýtlingi/Ytlings, who lies here. His widow Bótþjóð, Bótgeirr's daughter in Úteyjum/Utoje, has this stone cut."
G 256 M §A,... §B fuþor...,... §B <fuþork>
G 257,†M [l^n^RbrfRsl],†M ...
G 258 M,fuþorkhnia,<fuþorkhnias>
G 259 M,fir : fis¶kæra : korsit,For fishermen the cross.
G 260 M,... -fiiR × a(u)þ(b)-(r)n × sun × sen,"... over/in memory of Auðbjôrn, his/her son."
G 261 §A,? §B si(r)(þ)n ¶ (t)r--lþu--- ¶ na-(h)-(l) ¶ ...atutu,... §B ... ... ... ...
G 262,...-kk +,...
G 263,M? ??????,M? ...
G 263B,$M guþ · sihni · þen · sum| |mik · gierði,$M God bless him who made me.
G 264 U §A,(u)lu(ñ)kasluiña(s)(l)us-as-as(n)-u(n)... §B --i-lrlaf-lþu(n)ñabirmjkes-...,... §B ...
G 265,†M [+ hkir : rullis : raneulfr : sniaual... ...],†M Here rests(?) Randulfr(?) Snjóvaldr's ...
G 266 $,...uarþuf--atinibi---...,...
G 267 M §A,fuþ... §B fuþorhkan... §C m---... ¶ fran-...,<fuþork> §B <fuþork...> §C ... ...
G 268,D-(a)^R(u)(t^)Duþ,...
G 269 U,gaois/sioag,...
G 270,heku-... ...þ × tauþ × me-...--,Heg-...(?) ... dead ...
G 271 M,...r...-... : ... : ... : ... : ... : ... : ¶ ...-- : ---...-... : -fr--du : ok : -ldra : þaira : ¶ --re--- : --- : --- : -- : -------- : ... : ... : ...-...,... ... ... ... ... ... ... ... ... and all of their ... ... ... ... ... ... ... ...
G 272 †,[...ir-a...ur auþfri-- ... þurfrikr þiar ... ...-alt faþur × siis rakualtr × kuf...],"... Auðfríðr(?) ... Þorfríðr(?)/Þorfreðr(?), they(?) ... -valdr, their father, Ragnvaldr ..."
G 273,skafni...,glove-needle
G 274 M,botair + lit + gera + o...,Bótgeirr had (this) made ...
G 275 M,...,...
G 276,... [k]unar : auk : kuntraifr : rais... ... ...ftir · roþuat · sun : ---uatar : broþur : ¶ hail------... kuþ : heilbi : an... has ¶ altuiþr : libi : ainar ristu,"... Gunnarr and Gunnreifr raised (the stone) in memory of Hróðhvat, ...-hvat's sun, Heil-...'s brother. May God help his spirit. Aldviðr, Libbi / Aldviðr Lip, Einarr carved."
G 277,†M [...-isk...aut...],†M ...
G 278 M §A,× in| |nomini tomini nostri asu kr-×¶×sti × kuþloh × tomini batris × ¶ iþ fili × kuþloh -biritus ¶ × sakti kuþloh × amin × kruks ¶ × ti batar × kruks ti filius × §B × kruks ti sbiritus × ¶ × sakti × kuþloh × amin × ¶ × kristus rihnaþ × kristu×¶×s × kuþloh × finsiþ × kristus × ¶ × imbiraþ × amin ×,"In nomine Domini nostri Iesu Christi, Guðlaug, Domini Patris et Filii, Guðlaug, Spiritus Sancti, Guðlaug, Amen. Crux Christi Pater, Crux Christi Filius, §B Crux Christi Spiritus Sancti, Guðlaug, Amen. Christus regnat, Christus, Guðlaug, vincit, Christus imperat, Amen."
G 279 §A,olgol : d... ¶ rekuk... §B þis... §C hielpi ...,... ... ... §B ... §C may help ...
G 280,biarfaa : statu : sis[o] stain ¶ hakbiarn : bruþr ¶ ruþuisl : austain : imuar ¶ is af[a] : st[ai]n[a] : stata : aft : raf[a] ¶ su[þ] furi : ru[f]staini : kuamu ¶ uit i aifur : uifil ¶ [ba]uþ [u^m],"Hegbjôrn raised this stone glaring (and his) brothers Hróðvísl, Eysteinn, <-muar>, who have had stones raised in memory of Hrafn south of Rofstein. They came far and wide in Eifor. Vífill bade ..."
G 281,fuþorkhniastbmlR fuRkant,<fuþorkhniastbmlR> <fuRkant>
G 282 M,÷ i:r biþin : kos : fyri : marhitu : sial : af [otaim : a : mik],"Pray to God for Margíta of Otheimr/Othem's soul, (who?) owns me."
G 283 M,÷ i:r biþin : fyri : haluars : sial : bontanz i [a]khnabo : su[m] : [ie]ar : unir : ui[l]as,"Pray for Hallvarr's soul, the husbandman in Agnabó/Angelbos, who lies hereunder."
G 284 M,+ biþin kos : firi nikulas : sial : af k-ite : sum er uilis uti,"Pray to God for Nikulás of Klinti/Klints' soul, who lies out here."
G 285,†M [+ biþin : firi : linata : sial : i filum],†M Pray for Líknhvatr in Fílum/File's soul.
G 286,†M [...a---...rirslilakie : i...ili...iriþirmfi...],†M ... ...
G 286B †,[...],...
G 287,$U ee^lil,$U (Dedicated) to the horse (?)
G 288 M,÷ biþin : fir(i) [: b]u[t]u[lf]s : sia[l] : a[f] legiu :,Pray for Bótulfr of Lenju/Lengjum's soul.
G 289 M,÷ [biþin] : fir[i · þair-- -i]al : [s]um -iar · ...u[-las] : bu-...aR- · ...[k · han]... ...[usb]...yu : ho...--u [:] ok : botual[d]a : ok [:] han- husbroyu katr--u ...u-- : af hambri,"Pray for the souls of those who rest here, Bótgeirr and his housewife ... and Bótvaldi and his housewife Katrína ... af Hambrir/Hammars."
G 290 M,÷ b[u]þi : huili[s] : [-ir] · ga^na dotiR · a hamb[ri ·] biþin : [firi ·] --...---- [mini...s] þe[t et · ha^n ur · þ]et [s]u[m] i[R] · ir- ...u [-^k] iR ua^rþ-n þe[t] ...m h[a^n i]r -u ·,"Bôðvé(?) rests here, daughter of Ganni of Hambrir/Hammars. Pray for ... Remember that she was as you are now and you will be as she is now."
G 291 M,lafranz botuiðar sun maistera gerði kirkiu þisa : af yskilaim,"Lafranz, son of Master Bótviðr, made this church, of Áskelheimr/Eskilhem."
G 292 M,+: kuþ : naþi : nikula[sa] : sial : ok botiauþar : sial : ok : roþiauþur : sial : botulfr : i a(h)lu-u : l-t : mik : g-ra,May God be gracious to Nikulás' soul and Bótþjóð's soul and Hróðþjóð's soul. Bótulfr in ... had me made.
G 293 M,[guþ : naþi : hehuars : sial : sum : h--... ...u : gera fem þuseNd :] ar : ok : ainu : a... mina : en : tu : huNdra... -r : uaru : af : adami : ok : ti- : -uz : byrþ : et þusend : ar : ok : þry : huNdr-þ ar : ok fimtihi : ar : uar : af : guz : byrþ : ok til : tihra : dauþa-... ¶ -----r-- : -- : - : r--afr-- : -... : ...-...,"May God be gracious to Hegvarð's soul, which ... ... do five thousand years and one year less then two hundred years were from Adam to God's birth, one thousand years and three hundred years and fifty years were from God's birth and to the Black Death. ... ... ... ... ... ..."
G 294 M,÷ bondin : olafr : i : aghnabo : ligr : hier : untir : h[an : a mik],The husbandman Ólafr in Agnabó/Angelbos lies hereunder. He owns me.
G 295 M,+ biþin · koz · fyri · b[uta]iþa · sia(l) · af bierhi · sum · hier huilis,"Pray well for Bótheið's soul of Bierg, who rests here."
G 296,†M [... : fyri : ...k : (m)(a)(r)...],†M ... in memory of ... ...
G 297,†M [biþir : fyri : botliknnan : sial : i uik : sum : hen : huilis :],"†M Pray for Bótlikn's soul in Vík/Vik, who rests here."
G 298,†M [biþin : iþrar : bunir : firir : botulfs : sial : af : l... ... sun : lit : mik : gera :],†M Pray your prayers for Bótulfr of ... soul ... ... sun had me made.
G 299,†M [biþn : firi : botuiu : sum ------ : botuiþa : bora : iskaboi],"†M Pray for Bótvé's, who ... child(?) of Bótviðr ..."
G 300 $,...aR ...-... -ei(k)nar · riti · stain ·,... ... Leiknarr erected(?) the stone.
G 301,†M [...i : kr:istus : naþi ...],†M ... may Christ be gracious ...
G 302,†M [i- : leþi... iuan : olafs : sun : er ...],†M ... ... Jóhan Ólaf's sun ... ...
G 303,†M [...fis...],†M ...
G 304,†M §A [ano : -lsa- : {16...7} ¶ --o-- : o^n- : -þ :] §B [----------],†M §A ... ... ... ... ... ... §B ...
G 305,...,...
G 306 M,[× gan]uiþr : o^k · botuiþr · [kaslla · o^k · þair] letu · haga · an stain · o^k · yfr · sin faþur · butair · aitin · guþ · alssualtuhr · hafi · þina · sial · o^k þa uar · l · o... pirimst^efr o^k fir sunutahr · o^k en ha do,"Gagnviðr and Bótviðr in Kassla/Kassle, and they had a stone cut over their father, he was called Bótgeirr. May all-powerful God have (= take) their souls. And then L and(?) (was) the prime-stave and Fir (= F-rune?) the Sunday(-stave) when he died."
G 307 M,[sihlaif · o^k · iakaupr · a^f · flina]uik · þair · [l-t]u · gira · mik · yf[ir · sui]n · faþur sir[iaf · o^k · þotr · o^k -...fr],"Sigleifr and Jakobr of Flenavík/Flenvike, they had me made over Sveinn/their father Sigreifr(?) and <þotr> and ..."
G 308 M,+ sihrafr : i : flinauik : ha[n : lit : mik : gera : yfir] : si[n] : ...þur : iakaup : guþ : naþi : hans : sial : þa : uar : u[r : prim:stafr : ok : þos : sunut]ahr : en ha[n] : do,"Sigreifr in Flenavík/Flenvike, he had me made over his father Jakobr. May God be gracious to his soul. Then Aurochs was the prime-stave and Giant the Sunday[-stave] when he died."
G 309,leiknar × raist[i × stain × ok × bro × g]ierþi × [-b]tir × leik(u) × faþur × siin × ok × yb[t]ir × linkorm × broþur × siin × ok × ybtir × botu... ...- × siin ...,"Leiknarr raised the stone and made the bridge in memory of Leiku(?), his father, and in memory of Lingormr, his brother, and in memory of Bót-..., his ..."
G 310,... farulfuR : sunu : (s)...(a)------(o) þaiR : r(a)þþ--- : f-uþu-... ¶ ...---------... raþ rusk----------...,"... Farulfr, the son ... they ... interpret(?) ..."
G 311,fuþork · hnias tbmlR,<fuþork hnias tbmlR>
G 312 M,÷ guþ : naþi : iuans : sial : af : hiernum : haz : dytrir [:] litu : mik ¶ gera,May God be gracious to Jóhan of Hjarnum/Hjärne's soul. His daughter had me made.
G 313 M,... : sial : af : uestrb- ...,... of Vestrbýr/Västerbys' soul ...
G 314 M,--...-- : firi : i-...ubz : -... : ...k-r-... : ok : hanz : hus-r-yu : s-al : b(a)t--,... for Jakobr's(?) ... and his housewife's souls ...
G 315,†M [÷ nikulasa : iakn : firi : has sial : alta : oltkaþa ian hustryn ok : has synyr : aþla uiur : raibsui],†M Nikulás ... for his soul ... wife(?) and his sons ...
G 316,†M [...kirkaþ : ...rhyu...],†M ... ...
G 317 M,[+ guþ :] naþi : hehuata [si]al : sum : hier : huilis : han : gaf : et : oyris:la[ihi : i ær ... þairi helhu : r... ...rhet : lit ...uata...beiær : ... biþin firi : marheto : sial : botulfr : i : (m)iþium : (b)y fyrþi : mik : hit :],"May God be gracious to Heghvatr's soul, which rests here. He gave one the rent of an eyrir this year(?) ... to the holy ... Margét(?) had ... ... Pray for Margíta's soul. Bótulfr in middle village/Medebys brought me here."
G 318,†M [...beiar : þaim : skal : sehias : sial:(m)(e)sa : huert : ar ...],†M ... to them the soul's mass shall be said every year ...
G 319 M,si[h]tris : aruar[r] : litu : giera : st[a]en : yfir : auþu-l- : broþur : sin : a : finlandi : do : aglia ¶ ...,"Sigtryggr's(?) heirs had the stone made over Auðvaldr(?), their brother, who died in Finland ... ..."
G 320 M,...-t-...h...,...
G 321 M,...þ · kie[rþi... ...],... made ...
G 322 M,sihleiker : (l)i(t) : kiera : stei- ...-iR : sihielm : faður : sin : (b)iðin : koos : (f)iriR : has sial,"Sigleikr had the stone made in memory of Sighjalmr, his father. Pray to God for his soul."
G 323 M,...--...---...-...-... hans sal : butaiþr a mik,... his soul. Bótheiðr owns me.
G 324 M,kisk---...,...
G 325,× rolau... : -et : reisa : ... ...btir : friþ:beon : sun si- ...,"Hróðlaug had ... raised in memory of Friðbjôrn, her son."
G 326 M,roþri(u)^þ onk---,Hróðþrúðr ...
G 327 M,la-rans : gierþi : s[t]ai(n) : (þ)-,Lafranz made this stone.
G 328 M,[...m] : lit- : gera : -ta[-- : --- : -...],... had(?) the stone made ... ...
G 329 M §A,-þko-orr...-...- §B bþt bo §C --i -ouþir ---- §D þa^un helha ÷ kirkia §E þko--------,<hþkooorrrnnn> §B ... ... §C ... Bótviðr(?) ... §D The holy church. §E ...
G 330 M §A,huo-e : nuoaie : §B fu-aie : þuoaie : ruoaie : -uoaie §C f-fiaou-rkhniR...ri-o...kuo-- §D fuþorkhniastbtmR ??? §E -ri- §F hkr-þu §G hþ--o--rrn(n),... ... §B ... ... ... ... §C ... §D <fuþorkhniastblmR> ... §E ... §F ... §G ...
G 331 M §A,her ulaf i rute {1[5]-3} ÷ þie ¶ (f) ¶ b(a) §B iuan : klukeri §C sante · lafr-ns §D guþ ÷ han ÷ ier ÷ goþer ÷ þet ÷ ier ÷ s[a]nt §E roihie §F hþ...-or(r),Master Ólafr in Ruti/Rute {1593(?)} ... ... ... §B Jóhan the organist. §C Saint Lafranz §D God i good. That is true. §E ... §F ...
G 332 M §A,f---r...hnia-...b-m §B f-au §C orrrnnn,<fuþorkhniastblmR> §B ... §C ...
G 333 M,þuea-,...
G 334 M,+ kuþ [: na]þ[i : lafran]z[ar : si]a[l ok : nikul]a[s : hans : b]ro[þ]urs[unr : lit : mik] : kira : botu[lfr : sum : kirkiu : burti : h]an : kirþi : mik : gesus : kristus : naþi : alum [kristnum : sialum : sum : hiar : huilas : amen],"May God be gracious to Lafranz' soul, and Nikulás, his brother's son, had me made. Bótulfr, who built the church, he made me. Jesus Christ be gracious to all the Christian souls which rest here. Amen."
G 335,†M [kuþ : naþi : butulfz : sial :],†M May God be gracious to Bótulfr's soul.
G 336,†M [÷ guþ : firi:lati us : orar : sidir : su sedi : petar: mura:maisþeri],"†M May God forgive us our sins, so said Pétar master-wallbuilder."
G 336B M,[...],...
G 337 M,÷ guþ : firi:lati us : orar : sitir : su sedi : pet-r : mura:maisþiri :,"May God forgive us our sins, so said Pétar master-wallbuilder."
G 338 M,petar ÷,Pétr
G 339,†M? [· suen · hans·sen · ¶ · sge- · -el],†M? Sven Hanssen ... ...
G 340 M,... lit · kiera · stain · eft... ...,... had the stone made in memory of ...
G 341,$M ...???????????[?????? ÷ ???????? ÷ tan botuiþr : lit : kiira : ...],$M ... ... stone(?). Bótviðr had ... made ...
G 342,munkair × auk ...nkair × þa-R × -(a)-...----- -aþur × -...-...-(k) × a... ...un...R × al × rusta × auk × raisa × sta(i)... -...-iR × k... ...þur × uina,Mungeirr and Eingeirr they ... father(?) ... ... had all the runes carved and the stone erected in memory of ... ... ...
G 343 §A,...n : raisti : kubl : eftiR : hailkaiR : fa... ... ¶ (k)-... ... -aulu : hans : eu : miþan : uaralt : uakiR : ligR : merki : hier : yfiR : mani : þaim : aR : erfiki : iftiR -erþi ¶ ... auk : þorlaifR : þau : ristu stain §B f-------...,"... raised the monument in memory of Heilgeirr (his/her) father(?) ... God(?) ... his soul. Ever while the world is awake, lies the landmark here over that man, whose heirs made in memory of ... and Þorleifr, they carved the stone. §B ..."
G 344 M,...--- : -ft--nzbzrg : -...,... ... ...
G 345 M,intesede pro nobis semper : þ : sancta maria mater iacobi apostuli : þ : sancta maria maggalena : þ : salumee : þ : sancta caeri,"Intercede for us always, and saint Mary, mother of Jacob the apostle, and saint Mary Magdalene and Salome and saint Catarina(?)."
G 346 M,þoriaþsbo,...
G 347,rolkn a,Hróðlíkn(?) owns.
G 348 U,zut-,...
G 349,†M [ion : gan : ...],†M Jón ... ...
G 350,†M [sikuar],†M Sigvarðr/Sigvôr
G 351 M §A,raþiauþ : kiarþi : mik : fyriR : ¶ sui : sin : liknuiar : (a) : mik §B b(i)rþakiR,Hróðþjóð made me for her son. Líknviðr(?) owns me. §B cargo-ship
G 352 †,[inssfmst-],...
G 353,...(þ)(þ)(r)...,...
G 354,--(R)/(m)--,...
G 355,i-ki is| |skati,Ingi is cheftain.
G 356 $,...-nRt × atrikR × risti,... Ótryggr(?)/Átryggr(?) carved.
G 357,M? §A freas : kalt §B (p)at : (u)l,M? §A Frans(?) Kalt(?) §B ... ...
G 359,...,...
G 360 M §A,dominus · te·ku(m) -... §B olfr,The Lord is with Thee ... §B Ólafr
G 361,U/V §A þu(n)u(r)þurus §B ---hotrn--,U/V §A ... §B ...
G 362,nl(e)(u),...
G 363 M §A,ol:lafr (o) §B nikolas ma^rg(o)ta^rua §C a^fi maria · gara--a : (a)^lt-nna : lokinne §D maria §E llifr(æ)(t)... §F m(t)-f-ast^(æ)--,Ólafr ... §B Nikulás Margotarfr §C Ave Maria gratia(?) ... ... §D Mary §E ... §F ...
G 364 M,...,...
G 365,-----au-a,...
G 366 M,(r)(o)(t)--(þ),Hróðviðr(?)
G 367 M,fuþor,<fuþork>
G 368,...-h----a(l)asuslu,...
G 369 M,gisom,Jesus(?)
G 370 $,uatar : auk hilkaiR : raistu : stain iftir hailka f-þur : sin : hn : uahR -istr : farin miþ uikikum,"Hvatarr(?) and Heilgeirr(?)/Hallgeirr(?) raised the stone in memory of Helgi, their father. He travelled to the west with the Vikings."
G 371 M §A,roþuisl : ha--- §B ola(f) §C matt------,Hróðvísl ... §B Ólafr §C Mattias(?)
G 372 M §A,bat^rnot^r §B iuli--,Our Father §B ...
G 373,...Rua-r × auk × auþuatr × giarþu × kukbl × yftir × kun(a)(i)þ(i) ----- × sina × ku--ai × nutan,Geirhvatr(?) and Auðhvatr made the monument in memory of Gunnheiðr(?) ... their capable ...
G 374 M §A,-(a)(r)(u)(a)(a) §B h(a)(a)--- ÷ (l)(a)(k)- §C (h)...-(r)--,... §B ... ... §C ...
G 375 M,...k ¤ ak--...,... ...
G 376 M,...,...
G 377 M,ra--ia--uf-fran-,...
G 378 M,... : ista^n... ¶ ...--s : ...,... ... ... ...
G 380,†M [hu- þina ¶ sia : ri · fa-ulmiþhisi ÷ uaþ-na : ristalfr],†M cut(?) this (?) ... ... ... ... ...
G 381 M,kaupi : skrifa^ði mik,Kaupi wrote me.
G 382 M,-u... fuþo-- ...,... <fuþork> ...
G 383 M,ma^ria : gus mo^þir,Mary God's mother.
G 384 M,ra ¶ kuluki ¶ -la^si-,... ... ...
G 385 M,regi(s),Regis(?)/Rikin(?)/Reginn(?)
G 386 M,... bot(a)r i g(a)r...,... Bótgeirr(?) in ...
G 387,(k) ÷ (i)(þ)(r)(a)(l),... ...
G 388,þoril- fuþ ulkiul,"Þorkell/Þorhildr, <fuþork>, Ulfkell(?)"
G 389,kika,...
G 390,auþi × risti × runaR × a uir-- × byþnuiaR,Auði carved the runes on ... Bøðný.
G 391 M,fitu,...
G 392 §A,ikanru unka ¶ rist · þu · fyri- §B mir · helsnikar · runar,"... ... Carve you for me, hell-stingy(?) runes."
G 393 §A,kut : iR : raþa : if · þiet · uiti · hu^at · Rk-... §B þu : uil : runaR · la... ¶ · rif · hiar,"It is good to interpret, if one knows, what ... §B You will(?) runes ... the rib here"
G 394 M §A,---is-o---a-i §B þ(u)s---her---þ · biþ—pi §C s- u(b) at u-----sun,... §B ... ... §C Look(?) up(?) that(?) ...
G 395 M §A,...-taþi §B b(a)lulfr · rþ(u)(i)`(þ)(s)´(a)^r kun maistira (f)iaþi þisa kirki¶u,... §B Bótulfr(?) son(?) of Master Hróðviðr(?) coloured(?) this church.
G ATA351-3693-2013,...--þ--...,...
G ATA351-590-2014 M,lafran : tuar m- ¶ botul : þriar mar,Lafranz two marks. Bótulfr three marks.
G ATA351-591-2014AB M §A,lambi §B iuan,Lambi §B Jóhan
G ATA351-591-2014C M,sit(t),...
G ATA351-591-2014DE M §A,lafranz §B ma(r)ia,Lafranz §B María
G ATA351-1599-2014 M,(a)ue ma,Ave Maria
G ATA351-1661-2014 M,sikun,Sigunnr.
G Byggnadsh2011-12;83 M,uil--mbr : hit : han : sum : u-r hier,"Villiam was his name, who was here."
"G IK365,8 U",...,(Dedicated) to the horse (?)
SE Fv1988;247,torh,...
"SE IK365,1 U",ee^lil,(Dedicated) to the horse (?)
"SE IK365,7 U",ee^lil,(Dedicated) to the horse (?)
SE Owe1996b;136,... ...t ra... ...,... had(?) (the stone) raised(?) ...
SE SHMFid45487,°,°
DR 1 §A,× þurlfr| × |risþi × stin × þonsi × ¶ × himþigi × suins × eftiR × ¶ erik × filaga × sin × ias × uarþ §B : tauþr × þo × trekiaR ¶ satu × um × haiþa×bu ¶ × i^a^n : h^a^n : u^a^s : s^t^u^r^i:m^a^t^r : t^r^e^g^R × ¶ × harþa : kuþr ×,"Þórulfr raised this stone, Sveinn's retainer, in memory of Eiríkr, his partner, who §B died when valiant men besieged Hedeby; and he was a captain, a very good valiant man."
DR 2 §A,osfriþr : karþi : kum¶bl ' þaun ¶ oft : siktriku : §B sun (:) (s)in : oui : knubu,"Ásfríðr made these monuments in memory of Sigtryggr, §B her son and Gnúpa's."
DR 3 §A,: suin : kunukR : sati : ¶ stin : uftiR : skarþa ¶ sin : himþiga : ias : uas : ¶ : farin : uestr : ion : nu : §B : uarþ : tauþr : at : hiþa:bu,"King Sveinn placed the stone in memory of Skarði, his retainer, who travelled to the west, but who then §B died at Hedeby."
DR 4 §A,÷ osfriþr ÷ karþi ¶ kubl ÷ þausi ÷ tutiR ÷ uþinkaurs ÷ oft ÷ siktriuk ÷ kunuk ÷ §B ÷ sun ÷ sin ÷ ¶ ÷ auk ÷ knubu ÷ §C kurmR (÷) raist (÷) run(a)(R) (÷),"Ásfríðr, Óðinkárr's daughter, made these monuments in memory of King Sigtryggr, §B her son and Gnúpa's. §C Gormr carved the runes."
DR 5,†M [æfli me -esit],†M Efli made me.
DR 6 §A,... l(i)t (:) r(i)(s)(a) : stain : e... §B ...-an : s(u)(l)... ¶ ... ...(a)uþr : ... ¶ ...(n) : auk : kuþmuntr : þaR [:] [r]... §C ...[(a)R] : a enklanti : i skiu (:) -uilis : kr... ... ...,"... had the stone raised in memory of §B ... ... ... dead ... ... and Guðmundr, they carved §C the runes. (He) rests at Skía in England. Christ ... ..."
DR 7,$U §PA owlþuþewaz §PB ni waje^ ^mariz §QA o wlþuþewaz §QB ni waje^mariz,$U §PA Wulþuþewaz §PB ni <waje> Mariz. Moltke: do not <spare> Mariz §QA O Wulþuþewaz (odal? or oh?) §QB ni Wajemariz (the not ill-famed)
DR 8,$U a(n)sgzh,$U ...
DR 9 †,[fatuR],...
DR 10,U? §P ' gz-liz ÷ §Q ' -m-lim ÷ §R ' gR-liR ÷,U? §P ... §Q ... §R ...
DR 11,†U °,†U °
DR 12,†U [ek hlewagastiz ÷ holtijaz ÷ horna ÷ tawido ÷],"†U I Hlewagastiz Holtijaz (of Holt, Holti's son) made the horn."
DR 13,†U [lua],†U 'alu' (ale?)
DR 14 M,ketil urnæ ligir hir,Ketill Urni lies here.
DR 15,' hairulfR ',Herjulfr.
DR 16 M,imi,Imi/Immi.
DR 17,oiriks (:) kubl,Eiríkr's monument.
DR 18 U,leþro,Leþro.
DR 19 M,...,...
DR 20 M,(÷) lomrikmitlr(þ) ¶ ÷ {GVTTATERLEGMT ¶ ÷ VGTTTTGTTG},... ... ...
DR 21 M,fuþorkhniastb,<fuþorkhniastbmlR>
DR 22,$M fin · ka^rþi (÷),$M Finnr made.
DR 23 M,°,°
DR 24 M,tuki,Tóki.
DR 25 M,p : æ^s^birn ik : la^n^gs^um : k^u^b^a^þ : in : k^risto : r^ek^uiæ^ssæ^ns,... Ásbjôrn Slow here lies at rest in Christ.
DR 26 §A,rhafnukatufi ÷ hiau ÷ runaR : þasi aft §B þurui ÷ trutnik : sina,"Tófi, of Hrafn's lineage, cut these runes in memory of §B Þyrvé, his lady."
DR 27 M,a^gnus (d)æi,Lamb of God.
DR 28,†M [-ær(a) : likær þr : (k)(i)æ- æbbis sun],†M Here lies ... ... Ebbi's(?) son.
DR 29,rafnuka:tufi : auk : futin : ¶ auk : knubli : þaiR : þriR : kaþu : ¶ : þuruiaR : hauk :,"Tófi, of Hrafn's lineage, and Fundinn and Gnypli, these three made Þyrvé's mound."
DR 30 $ §P,hribno : k tubi : kriu kub þsi ¶ aft : uibruk mþu sin §Q hribno : ktubi : kriukubþsi ¶ aft : uibruk mþu sin §R hribno:ktubi : kri ukub þsi ¶ aft : uibruk mþu sin,"Hrefna and Tobbi made these monuments in memory of Vébjôrg, their mother. §Q Hrefna(?) ... ... in memory of Vébjôrg, his mother. §R Tófi, of Hrafn's lineage(?), made these monuments in memory of Vébjôrg, his mother."
DR 31 M §P,a+s+æ+r §Q r+a+s+æ,Ôzurr §Q Rasi
DR 32 M §A,(h)(æ)l(s)- ...uil : ... §B ...u : er,... ... ... §B ... ...
DR 33 M,blomæ,Blómi.
DR 34,...fnukatufi kaþi hauk þ--...,"Tófi, of Hrafn's lineage, made the mound ..."
DR 35 M,i--iæþik--,...
DR 36 $,[... lit ' ku]bl ' þisi ' ¶ [kaurua ' haralt ...rm... ... ¶ faþ(u)(r) ... ¶ ...],"... had this monument made, Haraldr ... ... father ... ..."
DR 37,... ... ...at ' fai(n) ['] (t)u ÷ i suiu ' raist ¶ ... ...uþiR ' aft ' bruþur ¶ stain ' sasi ' skarni ' ...,"... ... ... (the) Coloured, (who) died in Svía. Raised ... brother in memory of brother. This stone ... ..."
DR 38 M,(g)uNi ÷ smiþ ÷ ga^rþ ÷ mæk,Gunni Smith made me.
DR 39 M,÷ lai ÷ ristæ ÷,Lagi(?) carved.
DR 40,tufi ÷ bruti ÷ risþi ÷ stin ÷ þansi ÷ aft ÷ lika ÷ ¶ brutia ÷ þiR ÷ stafaR ÷ munu ÷ ¶ þurkuni ÷ miuk ÷ liki ÷ lifa ÷,Tófi Steward raised this stone in memory of the steward's helpmate. Very long will these staves live for Þorgunnr.
DR 41 §A,: kurmR : kunukR : ¶ : k(a)(r)þi : kubl : þusi : ¶ : a(f)(t) : þurui : kunu §B ÷ sina ÷ tanmarkaR ÷ but ÷,"King Gormr made these monuments in memory of Þyrvé, §B his wife, Denmark's salvation."
DR 42 §A,: haraltr : kunukR : baþ : kaurua ¶ kubl : þausi : aft : kurm faþur sin ¶ auk aft : þourui : muþur : sina : sa ¶ haraltr (:) ias : soR · uan · tanmaurk §B ala · auk · nuruiak §C (·) auk t(a)ni (k)(a)(r)(þ)(i) kristno,"King Haraldr ordered these monuments made in memory of Gormr, his father, and in memory of Þyrvé, his mother; that Haraldr who won for himself all of Denmark §B and Norway §C and made the Danes Christian."
DR 43 M,lRfætRiø,...
DR 44,...(s)i ' uft ' ku(n)-r ' tr-...,... in memory of Gunarr ...
DR 45 M,furðik...,...
DR 46 M,þurulfs · sati ' stain ' uftiR ' tuka ' tuka ' sun ¶ hin · usta · kuþ ' hialbi · hans ·,"Þórulfr placed the stone in memory of Tóki Tóki's son, the ultimate. May God help his."
DR 47,$M ... ... f(u)(r)-(æ)s------------ a ' hin dRr ¶ ... ... h... ... (þ)(i)t(g)ærni(k) ¶ hær (:) i sol : uir(æ) (:) so^þ(æ) (:) lat(-)(i) m-(h) ...,$M ... ... ... on this door ... ... ... ... ... here(?) ever(?) shall(?) be(?) ... ... ... ...
DR 48 M,ua-- : tofa : su(n) ¶ rsþi : sten : þene × ¶ eftir : Gyþu : moþ-¶r : sina ×÷: ¶ (×) (e)--kil : h...,"<ua-->, Tófi's son, raised this stone in memory of Gyða, his mother. ...-kell (cut)."
DR 49 M,ha^r ¶ m,... ...
DR 50 M,auæ : ma : grasia : btæna : þominu ¶ {AV(E) (M)ARIA : O ¶ MR ACIA : PLENA} :,"Ave Maria full of grace, the Lord. {Ave Maria ... ... full of (gr)ace}."
DR 51 M,isli,Ísli.
DR 53 §A,tuki : þurkisls| : |sun : raisi : stain : §B þansi : aft : ---... §C kuþan : auk · risbiik : sin : buruþur :,Tóki Þorgísl's son raised this stone §B in memory of ... §C good and <risbiik> his brother.
DR 54,$SENTIDA ¬,$SENTIDA ¬
DR 55,tufa ' lRt ' kaurua ' kubl ¶ mistiuis ' tutiR ' uft ' muþur ¶ sina ' ¶ kuna ¶ harats ' hins ' kuþa ' kurms ¶ sunaR,"Tófa, Mistivir's daughter, wife of Haraldr the good, Gormr's son, had the monument made in memory of her mother."
DR 56,: tuki : karþi : kumbl : þisi : iaft : ¶ : aba : faþur : sin : ¶ : uhimskon : hal :,"Tóki made these monuments in memory of Api/Ebbi, his father, a wise hero."
DR 57 M,þmkrhli ¶ iklmrþh ¶ {A}-hþa,... ... ...
DR 58,tuki : smiþr : riþ : stin : ift ¶ þurkisl : kuþmutaR : sun : is : hanum ¶ kaf : kul : uk : frialsi,"Tóki Smith raised the stone in memory of Þorgísl Guðmundr's son, who gave him gold(?) and freedom."
DR 59 M,ke(t)il,Ketill.
DR 60 M,... (-)æ(s)i,... ...
DR 61,$UTGÅR,$UTGÅR
DR 62,: fraystain : sati : stain : þ(e)nsi : uft : ¶ (g)yrþ : lags:m(a)n : sin : bruþur : sig¶ualta : ... ¶ ...a : t(u)e(g)ia : (a) : ¶ (-)u(-)s : eþi :,"Freysteinn placed this stone in memory of Gyrðr, his comrade, Sigvaldi's brother, ... ... Tveggi's(?) on ... the isthmus / heath."
DR 63,...R : þigsla : ... ¶ ...n : þonsi : i-... ¶ ...R : omuta : ... ¶ ...s : ua-(-) : (-)u... ¶ ...(t) : hiþabu ...,... (the) Adze ... ... this ... ... Ámundi ... ... ... ... ... Hedeby ...
DR 64,=DR_63,=DR_63
DR 65,× oskaiR : biar... ... ¶ ¤ s-a-naR ÷ þ(a)... ¶ ...-----...,Ásgeirr ... ... these stones ...
DR 66 §A,¤ kunulfR ¤ auk ¤ augutr ¤ auk ¤ aslakR ¤ auk ¤ rulfR ¤ risþu §B ¤ stin ¤ þansi ¤ eftiR × ful ¤ fela(k)a ¤ sin ¤ ¶ ¤ iaR ¤ uarþ (¤) ...y-- × tuþr ¤ §C þo ¤ kunukaR × ¶ barþusk ¤,"Gunnulfr and Eygautr/Auðgautr and Áslakr and Hrólfr raised §B this stone in memory of Fúll/Fullr/Fylr, their partner, who died §C when kings fought."
DR 67,kitil : risþi : stin : þansi : uftiR : ika : faþur : sin,"Ketill raised this stone in memory of Ingi, his father."
DR 68 §A,(-)usti × auk × hufi × auk × þir × frebiurn × risþu × stin × þonsi × eftiR × ¶ × osur × saksa × filaka × sin × harþa × §B kuþan × trik × saR × tu × ¶ × mana × mest × uniþikR × ¶ saR × ati × skib × miþ × arno +,"Tosti and Hofi and Freybjôrn, they raised this stone in memory of Ôzurr Saxon / Sword(-wielder), their partner, a very §B good valiant man. He died as the most unvillainous of men; he owned a ship with Árni."
DR 69,þuþkil · risþi : stn þansi : uftiR : tufa : mak : sin,"Þjóðkell raised this stone in memory of Tófi, his kinsman-by-marriage."
DR 70,ulfs ' st...,Ulfr's stone.
DR 71,†M [mahnus],†M Magnús.
DR 72 M,nikl^as,Nikulás.
DR 73 M,æsi + baþ + uahn + rist,"Ási ordered, Vagn carved."
DR 74 M,iuar · hio · runa · þesa · Rvær · skalmi · broþær sin ·,"Ívarr cut these runes over Skalmir, his brother."
DR 75 M,-(a)^rn(f)(o)lkus... ...æ ¶ ... ÷ ...se...,... ... ... ...
DR 76 M,ingærþ,Ingigerðr.
DR 77,þulfR : risþi : stin : þansi ¶ iftiR : raþa : bruþur : sia : harþa ¶ kuþan : trik,"Þólfr raised this stone in memory of Hraði, his brother, a very good valiant man."
DR 78 †,[tufa : risþi : stin ¶ þansi : iftiR : t¶usta : sun : sin : hib-a : truk],"Tófa raised this stone in memory of Tosti, her son, ... valiant man."
DR 79 †,[...tur ... r(a)sþu staan aft þofta ... ¶ ...R-l],... ... (they) raised the stone in memory of <þofta> ... ...
DR 80,... usbiaur... ... ¶ ... ¶ ...ur : si(n) ¶ ... harals : h...,... Ásbjôrn ... ... ... his ... Haraldr's ...
DR 81 §A,soskiriþr : risþi : stin : finulfs : tutiR : at : uþinkaur : usbiarnaR : sun : þoh : tura : uk : hin : turutin:fasta : §B siþi : sa : monr : is ¶ : þusi : kubl : ub : biruti,"Sasgerðr, Finnulfr's daughter, raised the stone, in memory of Óðinkárr Ásbjôrn's son, the valued and loyal to his lord. §B A sorcerer (be) the man who breaks this monument!"
DR 82,... -(a)i(s)(þ)i ¶ ...-si ¤ ift ¶ skibara ¤ sin(o) (¤) þ(i)r(i) ¶ ¤ auk ¤ tuf(a) (¤),... raised ... in memory of his seamen Þírir(?) and Tófi.
DR 83 $ §P,-u(þ)(i) : b(i)--(l)i : risþi : stin ¶ : þensi : uftiR : uruku ¶ auk : kaþu : bruþr : ¶ sino : tuo : ¶ ... sarþi : auk ¶ siþ : r(a)(t)i : saR : monr : ¶ ias : auþi : mini : þui §Q (a)u(þ)(i) : bruti : risþi : stin ¶ : þensi : uftiR : uruku ¶ auk : kaþu : bruþr : ¶ sino : tuo : ¶ ... sarþi : auk ¶ siþ:riti : saR : monr : ¶ ias : auþi : mini : þui,"Guði <bi--li> raised this stone in memory of Órókia and Kaða, his two brothers ... wounded and bewitched(?). A warlock(?) (be) the man who destroys this memorial! §Q Auði Steward raised this stone in memory of Órókia and Kaða, his two brothers. [May he be considered] a pervert and a wizard(?), that man who destroys this memorial."
DR 84 †,[...ia : --r ¶ ...- : aftiR : - ¶ þurþ(i)- ...],... ... ... in memory of ... Þórðr(?) ...
DR 85 †,[huakr : rasþi : st(a)n : þansi ift ¶ ... faþur : sint : auk : a^uft : iarb¶ukf : bruþur : sint : þura : h...],"Hvatr(?) raised this stone in memory of ... his father and in memory of Jarpulfr, his brother. Þóra(?) cut."
DR 86,...-R ... ¶ stin ... ¶ : -...- (b)(r)(u)(þ)(u)(r) : (s)¶in : hrþa : kuþan : ¶ : þigin,"... ... stone ... ... his brother, a very good þegn."
DR 87 §A,: tuki : r-... : br--... §B ...-s-...,Tóki ... ... §B ...
DR 88 †,[...uþ : ...],... ...
DR 89 †,[... sin ...],... his ...
DR 90 †,[(o)sgutr : uiþa : sun : kims : mantr ¶ suins : risþi : stin : þ... (o)f(t) : bruþu... ...],"Ásgautr Viði's son, ... Sveinn's man, raised the stone ... in memory of Broðir / brother ..."
DR 91,÷ tuki ÷ smiþr ÷ risþ × ¶ ÷ stin ÷ þisi ÷ aiftiR ÷ ¶ ÷ Rifla ÷ sun ÷ askis ÷ bianaR ¶ ÷ sunaR ÷ kuþ ÷ hiab ÷ þaRa ÷ salu ÷,"Tóki Smith raised this stone in memory of Hrifli, son of Ásgeirr Bjôrn's son. May God help their souls."
DR 92 M,: loþæns : (g)raf :,Loðinn's grave.
DR 93,...---R : þurku... ¶ ...(l)(i)rik :,... Þor-... ...
DR 94,tuli : (r)(i)s-(i) : stin : þasi : aft ¶ ikal:t : sun : sin : miuk (:) (k)¶(u)... ...k : þau : mun(u) ¶ mini : m-(r)gt : ¶ iuf (:) þirta :,"Tóli raised this stone in memory of Ingialdr, his son, a very good valiant man. This memorial will ..."
DR 95,...-a · (r)(u)----... ¶ f-(i)(o)... ¶ ...-ta × si ¶ þui × h-...,... ... ... ... ... ... ...
DR 96,: uikutr : risþi : stin : þonsi : iftiR : oski : sun : sin : kuþ : hialbi : hons : silu : uil,"Végautr raised this stone in memory of Ásgeirr, his son. May God well help his soul."
DR 97,þurui : uikuts : kuno : lit : risa : stin : þonsi : eftiR : þurbiurn : sun : sibu : sustlik : sin : is : hun : hukþi : b(e)tr : þon : suasum : suni :,"Þyrvé, Végautr's wife, had this stone raised in memory of Þorbjôrn, son of Sibba, her cousin, whom she cared for more than had he been her own son / than a dear son."
DR 98,tuf(a) : r(i)--(i) : stin (:) þani : auftiR : tum... ¶ uar : s(i)... ¶ ...n (:) þikn : saR : u-... ¶ ...(u)r : tuika : hin,"Tófa raised this stone in memory of Tumi, her husband, a good þegn. He ... ... Tveggi Whetstone."
DR 99,kuþa : risþi : stin : þansi : auft¶(i)R : þurbiurn : buta : sin : ¶ miuk : kuþan : þikn : ian ¶ þurþr : rist : runaR ¶ þasi,"Gyða raised this stone in memory of Þorbjôrn, her husbandman, a very good þegn. And Þórðr carved these runes."
DR 100A,†M? [??? ¶ ??? ¶ ??? ¶ ???],†M? ... ... ... ...
DR 100B $,lukisliua,...
DR 101 M,fuþorkhniastblmR,<fuþorkhniastblmR>
DR 102 M,Rfuþorkhniaslb,<fuþorkhniastbmlR>
DR 103 M,b(e)þer : fo^r bo ¶ bo,Pray for Búi. Búi.
DR 104 M,+ guþlif · ge^rnif^n/gr^enin^f · e^rlo^fa^n^e¶t/r^el^ka^fe^n^a¶t,... ... ...
DR 105 §A,bulnaus| |sanstai(n) §B uili,Bólnautrs(?) true(?) stone(?). §B Villi.
DR 106 †,[aui(t)r : auk : -u-- : auk : tul(a) : ¶ auk : (þ)(u)(r)kiR : ia(l)us : karþu : ¶ kubl : þusi : aft : k--(k) : ¶ ... sun ¶ harþa : kuþan : þikn :],"Eyndr and ... and Tóla and Þorgeirr ... made these monuments in memory of Krókr(?) ... son, a very good þegn."
DR 107,alfkil ÷ uk ÷ hns ÷ suniR ÷ risþu : stin : þansi : ift : ¶ · mana : sin : frinta : þans × uas · lantirþi ÷ kitils ÷ þis ÷ ¶ nuruna ÷,"Alfkell and his sons raised this stone in memory of Manni, their kinsman, who was Ketill the Norwegian's estate-steward."
DR 108,tusti ¤ risþi ¤ stin ¶ þonsi ¤ ift ¤ tufa ¤ is ¶ uarþ (:) tuþr : ustr : burþu¶r ¤ sin ¤ smiþr ¤ osuiþaR,"Tosti, Ásviðr's smith, raised this stone in memory of Tófi, his brother, who died in the east."
DR 109,: þuriR : ri^sþi ¶ : stin : þani : aftiR ¶ : fastulf : miuk-,Þórir raised this stone in memory of Fastulfr Supple.
DR 110 §A,÷ ki-mutr ÷ ¶ ... ...n ÷ k(a)rþi ¶ ÷ m(i)n(i) ÷ --(u) ÷ af(t) (÷) ¶ ÷ sasur ÷ star ¶ r(i)sþi ÷ stin ÷ aft ÷ tuþan ÷ §B þur ÷ uiki ÷ þisi ÷ kuml ÷,Geirmundr(?) ... son made these memorials in memory of Sassurr. Starr raised the stone in memory of the deceased. §B May Þórr hallow this monument.
DR 111,$M §A þuæþ ÷ gæþi ÷ þRni ÷ øæuf : Rfæ : þRriæ ÷ æbi ÷ sun ÷ la^khæ §B (÷) yis ÷ beþ(i)(R) ÷ m[ar](i) : (n)aa^bisR^ll ÷ niklaøs : gæti §C {HORDER}u{S}/{HO}r{DE}ru{S},$M §A <þuæþ> made this vault over Þyrgeirr Short Ebbi's son. §B <yis> <beþiR> <mari> ... May Nikulás protect. §C Horderus.
DR 112 †,[...],...
DR 113 †,[...],...
DR 114 $ §A,þuriR : bruþiR : ainraþa §B rai^sþi : stain : þonsi : ¶ uft : muþur : sina : auk : ¶ ... ku... ¶ ... -auþi : sam : uarst : maki,"Þórir, Einráði's brother, §B raised this stone in memory of his mother and ... ... ... death is the worst (misfortune) for a boy."
DR 115 §A,[sbau(r) · r(i)sþi · stain · þ(a)si · u--... ...aba · sina · miuk · ---- · -----]¶r §B : hrþa : kuþan : þign :,"Spôrr raised this stone ... ... ... ... ... ..., §B a very good þegn."
DR 116 $,tuki : ri(s)-- ¶ -tin : þansi : ift ¶ þurstin : sin ¶ -(r)uþur : nuk ¶ igi : sin : faþu-,"Tóki raised this stone in memory of Þorsteinn, his brother, and Ingi, his father."
DR 117,oni : risþ : stin : þansi : aft : o¶skl : sun : sin : ias : tauþr ¶ uarþ : maþ : þuri : i : ura:¶:suti :,"Áni raised this stone in memory of Áskell, his son, who died with Þórir in The Sound."
DR 118 §A,[osur : st](u)(f)s : sun : §B [raisþi : st]ain : þonsi ¶ [auft : br](þ)(u)r : sun : sin :,"Ôzurr, Stúfr's son, §B raised this stone in memory of Bróðir, his son."
DR 119,... ¶ þasi : run-... ... ...¶ki : lifa :,... these runes ... long live.
DR 120 $,oskatla × risþi (×) -... ...-ls × sbaka × sun × stin × ¶ þonsi × ÷,"Áskatla raised this stone ... ...-gísl, Spaki's son."
DR 121 $,: þurgiR : tuka : sun : risþi : stin : þonnsi : iftiR : mula : bruþr : ¶ sin : harþo : kuþru : þin :,"Þorgeirr Tóki's son raised this stone in memory of Múli, his brother, a very good þegn."
DR 122,: þuriR : risþi : stin : þansi : iftiR : kunar : faþu¶r : sin :,"Þórir raised this stone in memory of Gunnarr, his father."
DR 123 §A,tuki : sati : stin : þonsi : iftiR : ufla : faþur : sin : harþa : ku¶þan §B : þign :,"Tóki placed this stone in memory of Óflar/Ýfli, his father, a very good §B þegn."
DR 124 $,÷ hala ÷ risþi ÷ stin ÷ ¶ ÷ þonsi ÷ ¶ litu ÷ sun ÷ ¶ ift ÷ oslf ÷ bruþur ÷ sin ÷,"Hella(?), Létta's(?) son, raised this stone in memory of Ásulfr/Ásleifr, his brother."
DR 125 $,tufi : kitu : sun : sati : ... ¶ ...i : filaka : sin : ¶ fustra : þurknus,"Tófi Gedda's son placed ... ..., his partner, Þorgnýr's foster-son."
DR 126 †,[þar-tin : rasþi : stin : þansi : aftir : aukuta ok i-al : faþur : -rt : kuþ- (r)(u)nar],Þorsteinn raised this stone in memory of Eygoti and <i-al> father ... <kuþ-> runes.
DR 127,: þuriR : risþi : stin : þoasi : aufti : karl : hin : kuþoa : fRlaka : sin : harþ¶a : kuþoan : trRk :,"Þórir raised this stone in memory of Karl the good, his partner, a very good valiant man."
DR 128,†M [fuþruf : þa : ko- · anal],†M ... ... ... ...
DR 129,...i : stain : þasi : at : tuka ¶ ...(n) : kuþan +,... this stone in memory of Tóki ... good.
DR 130,kali : sati : stin ¶ þonsi : ift : þursin ¶ faþur : sia : ha(þ)¶a : kuþon : þign :,"Kali placed this stone in memory of Þorsteinn, his father, a very good þegn."
DR 131 §A,: osur : sati : stin : þonsi : aft : ual:tuka : trutin : ¶ × sin §B × stin : kuask : hirsi : stonta : loki : saR : ual:tuka × ¶ × uarþa : nafni,"Ôzurr placed this stone in memory of Valtóki, his lord. §B The stone proclaims that it will long stand here; it will name Valtóki's cairn."
DR 132,þurkal : sati : stia : aft : ... ... sun : faþur : sin :,"Þorkell placed the stone in memory of ... ... son, his father."
DR 133,: þau : muþ(r)kin : ¶ þurui : auk (:) uþinkau(r) : a(u)k : kuþmu¶ntr : þri- (:) --is(þ)- (:) kumbl : ¶ þausi : aift : ki-- : (h)in : huþska ¶ hon : uas : l(o)nt:mono : baistr : i : ton¶marku : auk : furstr :,"Þyrvé and Óðinkárr and Guðmundr, mother and sons, these three raised these monuments in memory of ... the <huþska>, he was the first and best of landholders in Denmark."
DR 134 $,osur lat:hirþiR : ¶ kukis : sun : raist ¶ runar þasi ¶ at os-uþ trunik,"Ôzurr Estate-steward, Køgir's(?) son, carved these runes in memory of (his) lady Ásboð/Ásmóð."
DR 135,× osgutr × tuguta × sun × risþi × stin : ift ¶ isgi : bruþur : sin,"Ásgautr <tuguta>'s son raised the stone in memory of Ásgeirr, his brother."
DR 136 M,peder,Pétr.
DR 137 M,k : nik :,... ...
DR 138,: riuskR : risþi : s(t)... ...R : ufah : bruþu¶r : sin :,"Ryskr raised the stone in memory of Ófeigr, his brother."
DR 139 M,kst,...
DR 140 $,... ...-untr : a : aisku : sina :,... Ônundr(?) in memory of his beloved/his wife(?).
DR 141 M §A,um · · stæf · ... i · (r)eiers · hus · suii · uii §B ...(r)(i) (·) (u)nts · · (m)y,... ... ... in Hreiðarr's house ... ... §B ... ... ...
DR 142 M,asir (o)p...,Ôzurr ...
DR 143 §A,: tuki : raisþi : stini : þoisi : auk : karþi : kub(l) (:) ¶ : þausi : aft aba : mak : sin : þaikn : kuþan : auk : §B : tufu : muþur : sino : þau : lika : baþi : i : þaum : hauki : ¶ abi : uni : tuka : fiaR : sins : aft : sik :,"Tóki raised these stones and made these monuments in memory of Api/Ebbi, his kinsman-by-marriage, a good þegn, and §B Tófa, his mother. Both of them lie in this mound. Api/Ebbi granted Tóki his wealth after himself."
DR 144,austain ÷ sati ÷ stain ' þonsi ÷ abt ' osulb ' faþur ' sin ',"Eysteinn placed this stone in memory of Ásulfr, his father."
DR 145,(t)uki : sati : stin : þonsi : aft : ¶ : osta : sun : sin : lutaris : sun,"Tóki(?), <lutaris>'s son, placed this stone in memory of Ásti, his son."
DR 146,†M [... ...sti : runar : þ(e)...],†M ... carved runes ...
DR 147,†M [ysten : let : resa : sten : þena : for (:) siol × uþuakins : faþur : sins ×],"†M Eysteinn had this stone raised for the soul of Óþveginn, his father."
DR 148 M §A,÷ iakop ÷ uulæ ÷ skia^lm ÷ gurþæ ÷ ubi a^ra §B ibi o^kulus,"Jakob commissioned, Skjalm made. Where the altar, §B there the eye."
DR 149,†$ §A [þurkisl · sati · au(k) (·) ¶ suniR (·) §B lifa · i · staþ · þa¶nsi · §C stin ÷ uftiR · lifa],†$ §A Þorgísl and Leifi's sons placed §B at this place §C the stone in memory of Leifi.
DR 150 $ §A,: þurmuþr : r-... ... §BP -- : þ(i)(s)... ¶ : iftiR ... ¶ ...þur : sin ¶ kuþr : ... §BQ -- : þ(i)(s)... ¶ : iftiR ... ¶ kuþr : ... ¶ ...þur : sin,"Þormóðr raised ... §BP ... these in memory of ... his, a good ... §BQ ... these in memory of ... -góðr ... his father."
DR 151,$M thru:iþt :,$M Þorgautr.
DR 152 M,hær ligr ÷ ¶ isulfr : þo¶r(g)ils : sun,Here lies Ísulfr Þorgísl's son.
DR 153 M,+ kir,Geirr.
DR 154,†$ [(o)sa : sati : stin · þonsi : aftiR : tuku ----iR · -a : -ir · sin : kuþon · ¶ is uarþ : uikin · (o) : aufu:hiþi : ¶ · uk · ua:s : him(þ)iki (:) ¶ saga : iutis ·],"†$ Ása placed this stone in memory of <tuku>, her good ... ... ... ; he was slaughtered (on) <aufu> heath and was <saga> <iuti>'s retainer."
DR 155 §A,: osa : sati : stin : þonsi : iftiR : ¶ oumuta : uir (:) sin : is : uaR : §B himþiki : finulfs,"Ása placed this stone in memory of Eymundi, her husband; he was §B Finnulfr's retainer."
DR 156 M,+ þorh ÷ amdis ÷ so^n ÷ huil^er ÷ hæræ ÷,Þórðr Amdir's son rests here.
DR 157 M,...s... ¶ ku- ¶ mario : ... ¶ {THOR¶CHIL ¶ MERG¶RET},"... God, Mary ... Thorchil, Mergret"
DR 158 M,niklas,Nikulás.
DR 159,†M [...],†M ...
DR 160,hufi ÷ sati ' stin ÷ ift ' bruþr ¶ sino þurlak auk ' hriþi,Hofi placed the stone in memory of his brothers Þorlakr and Hríðir/Hreiðir.
DR 161,hufi ' þurkil ' þurbiurn ÷ satu ÷ stin ÷ runulfs ÷ hins ' raþ'sbaka ' ¶ ' faþur ' sins ',"Hofi, Þorkell, Þorbjôrn placed the stone of Rúnulfr the Quick-Witted, their father."
DR 162 M,me fesiþ ¶ nikotaus,Nikulás made me.
DR 163 M §A,kirkia : er : kriste : kænt : ma^nom §B suen : su^n : germu^nta^r × til : misgu^nta¶r,"The church is dedicated to Christ, for mercy towards men. §B Sveinn, Geirmundr's son."
DR 164,†$ [...-u · stainiifak · faaþum · (e)iniRl(o)i(a)],†$ ... ... ... ...
DR 165 M §A,mes·ter · t^ufi · me §B fesit · mit ·,Master Tófi made §B me ...
DR 166 M,+ ake maria : kpasia plena : tominus · tikum beneeedik^ta u : in : muliær(i)ibus : æ^þ : be^netiktus : fruktus fentrikis : tui : iskil afe maria : kr,"Hail Mary, full of grace, the Lord is with Thee: blessed art Thou among women, and blessed is the fruit of Thy womb. Áskell. Hail Mary, grace."
DR 167 M,kuþ,God.
DR 168 M,fuþor(k),<fuþork>
DR 169 M,þorstæin bræ... ræist runar þessar a pikisdahum ... han -af(þ)i mikit gama^n af tonom um mo^rhen(e)n þ(e)r,Þorsteinn <bræ...> carved these runes on Whitsunday ... He had great joy of the tones on the morning there.
DR 169A,$M þa(g),$M ...
DR 169B,$M þo^rstæ--,$M Þorsteinn.
DR 170,M? mlbl(m)b mbl,M? ... ...
DR 171,†M? [...],†M? ...
DR 172 M,magistær : ia-(o)bus : ruffus : me fesiþ : ÷,Master Iacobus Red made me.
DR 173 M,ma^gist^æ^r ÷ ia^ko^bus ÷ ruffus ÷ fabær ÷ me fesiþ ÷ guþ ÷ si,"Master Iacobus Red, smith, made me. May God bless."
DR 174 M,+ mæst^æ^r røþ + kras da^bo^r toto diæ : sik(u)(e) : a^go : koti¶die,"Master Red. Tomorrow I will be supplied all day, and thus I work every day."
DR 175 M,+ mæst^æ^r : iako^p ÷ ry^þ ÷ a^f sinnæbu^uhr ÷ gør^æ · mik : gesus krist,Master Jakob Red of Svineburg made me. Jesus Christ.
DR 176 M,magistæ^r røþ,Master Red.
DR 177 M,+ gesus krt,Jesus Christ.
DR 178 M,: magis÷tær ÷ ia^ko^bus ÷ ruffus ÷ fabær : me fesit ÷,Master Jacobus Red the smith made me.
DR 179 M,+ magistær : iakobus : me fesit : toke : køptæ mik : mariia,Master Jacobus made me. Tóki bought me. Mary.
DR 180 M,: mik : iækop rolut [gorte],Jakob Red-tinted made me.
DR 181,†M [mæstær : iakobus ruffus me fesit aufe maria kra],"†M Master Iacobus Red made me. Hail Mary, (full of) grace."
DR 182 M,makist^æ^r : iakobus : m ruffus (:) fa... ... fesit : ugþ,Master Iacobus ... Red the smith made [me]. God(?).
DR 183 M,+ mæst... ... ...þ : gørþæ : mik : ha^n : gifær : mik : þæn ¶ + hæ^l : rik · k-------tkr · kær : hus:rkø : mærut^æ : siul : guþ : sihnn : ¶ þæn : mik : kørþæ : aue maria^ ^grasia : plena : domi^n : t^i^kum · ¶ bentik:ta t^u : in : m^leri:irus : ebmRæflnhi,"Master [Jakob] Red made me. He gives me to ... ... ... dear wife Mereta's soul. God bless him who made me. Hail Mary, full of grace; the Lord is with Thee: blessed art Thou among women ..."
DR 184 M,+ su^en : sa¶sær suæn : ligær hæunde : helge ¶ diakææ^n : ri¶stæ mek : mæstær : bo : gyo^rþæ mk ::,"Sveinn Sassurr's son lies hereunder. Deacon Helgi carvedme, master Boi made me."
DR 185 M,astret : ikkrei : filius :,Ástráðr <ikkrei>'s son.
DR 186,$M -(a)rl mærge sg- a^u hæftæ a^ræ læ(k)æþe sgæ(f)(t)-,"$M Karl cut the mark(s) on the haft, Ari lamed (ie. castrated) / lengthened the shaft."
DR 187 M §A,m- · srnes-sn : urn^u^kb(h) -a^si ¶ s(n)rþmi : itssih(k)i × li §B isifuþrlak · iseRa · li,... ... ... ... ... ... ... §B ... ... ...
DR 188 †,[uþ(u)friþR : last : oft : þiauburi-],Guðfríðr/Guðfreðr raised in memory of Þjóðbjôrg.
DR 189 † §A,[... --(o)(t)R stAin ¶ sAsi sAti ru...] §B [... kArþi Auk ¶ ruul(f)(R) ...],"... stands this stone, placed (by) Hróð-... §B ... made and Hróðulfr ..."
DR 190,rHuulfR sati stain nuRa ¶ kuþi aft kuþuMut bruþur¶sunu sin truknaþu --... ¶ ouaiR faþi,"Hróðulfr, priest of the Nes-dwellers, placed the stone in memory of Guðmundr, his nephew. They drowned ... Ávarr coloured."
DR 191,þauriAþ/þaurihþ,.../...
DR 192,Aft ruulf stotR ¶ [st]Ain sAsi is uAs nu¶Ra kuþi satu su[niR aftiR ¶ ouAiR faaþi],In memory of Hróðulfr stands this stone; he was priest of the Nes-dwellers. Sons placed in memory. Ávarr coloured.
DR 193 $,ruulfR sis,Hróðulfr Seat.
DR 194,†U [...],†U ...
DR 195 U §A,...uma ' bera §B ...aau...,... bera/Bera §B ...
DR 196 U,ek e^rila^z asugisalas m^uh^a h^aite g^ag^ag^a ginu g^ah^e ... lija ... hagala wiju big- ...,"I, Asugisl's eril am called <muha> ... power ... ... ... ... ... hallow(?) ... ..."
DR 197,†U [...],†U ...
DR 198 U,--ño/oñ--,...
DR 199 M,kotæo------...,...
DR 200 M,æskil i karþi skar sa¶mson han tarab ¶ tiur,Áskell in Garðr cut Samson. He killed the animal.
DR 201 †,[... sun : þolfs : han : hanti : stin : þansi : a : ... ¶ ... sati : aft : faþur (:) -(k) : moþor : (t)on(o) ·],"... Þólfr's son, he acquired this stone in ... ... placed in memory of (his) father and (his) mother Tonna."
DR 202,suti ' sati ' stain ' þansi ' aft ¶ ailaif ' bruþur ' sin ' sun ' oskaus ¶ rauþum'skialta,"Sóti placed this stone in memory of Eileifr, his brother, Ásgautr Red-shield's son."
DR 203 M,a^rot^a ¶ a^gla g^ala ¶ laga,"<arota> agla gala laga. ('agla' = Thou art strong in eternity, Lord)"
DR 204 M,+ (u)nguænsinæ : pr(i)nsin + sal : kotolon ¶ anakristi : anapisti (k)ard--r : nardiar ¶ : ipodiar : kristus uinkit kristus ræg¶net : kristus imperat · kristus ab omni ¶ malo mæ asam : liparet : krux kristi ¶ sit : super me · asam · hik : æt ubikuæ · ¶ + khorda · + inkhorda + khord(a)i ¶ + agla + sanguis kristi signet me +,"... ... ... ... ... ... ... ... ... Christ conquers, Christ reigns, Christ commands, Christ from all evil deliver me, Asa, the cross of Christ be over me, Asa, here and everywhere ... ... ... 'agla' (Thou art strong in eternity, Lord) the blood of Christ bless me."
DR 205,$U §A makija §B mari ha ¶ iala,$U §A blade §B <mari> ... Alla.
DR 206,$U §A talijo ¶ gisaioj ÷ wiliz --lao--- ... §B t--is : hleuno : an- : regu,$U §A plane / Talijo ... <wiliz> ... ... §B ... ... ... ...
DR 207 U,harja,Harja.
DR 207A,$U .../awiñs/lw?(k),$U .../Awings/...
DR 208,$U aadagas(u) ¶ laasauwija,$U ... ...
DR 209 $ §AP,raknhiltr ' sa¶ti ' stain þonsi ' auft ¶ ala ' saulua kuþa ¶ uia l(i)þs haiþuiarþan þia¶kn §AQ raknhiltr ' sa¶ti ' stain þonsi ' auft ¶ ala ' saulua kuþa ¶ uial(i)þs haiþuiarþan þia¶kn §B ala ' suniR ' karþu ¶ kubl ' þausi ' aft ' faþur ¶ sin ' auk ' hons ' kuna ' auft ¶ uar ' sin ' in ' suti ' raist ' run¶aR ' þasi ' aft ' trutin ' sin ¶ þur ' uiki ' þasi ' runaR §C at ' rita ' sa ' uarþi ' is ' stain þansi ¶ ailti ' iþa aft ' onon ' traki,"Ragnhildr placed this stone in memory of Alli the Pale, priest of the sanctuary, honourable þegn of the retinue. §AQ Ragnhildr placed this stone in memory of Alli, priest of the Sølve, honourable þegn of the sanctuary-retinue. §B Alli's sons made these monuments in memory of their father, and his wife in memory of her husband. And Sóti carved these runes in memory of his lord. Þórr hallow these runes. §C A warlock be he who damages(?) this stone or drags it (to stand) in memory of another."
DR 210,†$ [... buru aftir au-ka],†$ ... bridge in memory of <au-ka>
DR 211,niout ÷ kubls ¶ þurmutR,Make good use of the monument! Þormundr.
DR 212 §A,eskil : sulka : sun : let : res(a) ¶ sten : þena : eft : sialfan ¶ sik · e mun · stanta · meþ · sten ¶ lifiR · uitrint · su · iaR · uan · eskil §B kristr · hialbi · siol · hans ¶ aok · santa · migael §C toki · risti · runaR · e(f)(t)(i)(R) (·) -(o)ru · ¶ stiubmoþur · sina · kunu · koþa,"Áskell, Súlki's son, had this stone raised in memory of himself. Ever will stand, while the stone lives, this memento, which Áskell produced. §B May Christ and Saint Michael help his soul. §C Tóki carvedthe runes in memory of Þóra, his stepmother, a good wife."
DR 213,: ostarþr : rasþi : stin : þasi : ¶ : oftiR : iuta : faþur : ¶ : sin : harþa : ¶ : kuþan : þi¶akn :,"Ástráðr raised this stone in memory of Júti, his father, a very good þegn."
DR 215 M,æpisko^pus ' gisiko,Bishop Gisico.
DR 216 $ §A,osraþr auk hiltu(-)-R ¶ raisþu stain þansi ¶ aft froþa fronti sin ¶ sin ian han uas þo foink ¶ uaiRa §B ian han uarþ tauþr o suo¶þiauþu auk uas furs ¶ i frikis ioþi þo aliR uikikaR,"Ástráðr and Hildungr/Hildvígr/Hildulfr raised this stone in memory of Fraði/Freði, their kinsman. And he was then the terror(?) of men. §B And he died in Sweden and was thereafter the first(?) in(?) Friggir's(?) retinue(?) and then: all vikings."
DR 217 $ §A,þurui : kat : kauruan (:) ¶ stain : þansi : --(-) ¶ (k)(r)(u)(k) · §B uiar (:) sin : ian : han (:) uas ¶ -- alra · triu--... §C sutrsuia (:) au(k) (:) suþr[tana ·] ¶ kuaul : at : ha- af nur¶minum som §D baistr : han uas ¶ ... sutrsuia : (-)uk ·,"Þyrvé got this stone made ... Krókr, §B her husband, and he was [then](?) the most resolute(?) of all §C Sunder-Swedes and South Danes. Torment ate/ to(?) him/ the hero, the best of Northmen. §D He was [there/ then](?) the Sunder-Swedes end / yoke(?)."
DR 218,: austains : suniR : ¶ : raisþu : stain ¶ þansi : ¶ : aft : ¶ : sbarlu : bruþur : sin : ¶ : skibara : osbiarnaR : ¶ : nafs :,"Eysteinn's sons raised this stone in memory of Sperla, their brother, Ásbjôrn Neb's seaman."
DR 219,(o)s(a) (:) karþi (:) kubl : ¶ þusi : aft : tuka · ¶ sun (:) (s)(i)n : auk (:) ¶ tuka : haklaks : ¶ sunaR ·,"Ása made these monuments in memory of Tóki, her and Tóki Haklangsson's son."
DR 220 $,(-)-sur : sati : stin : ¶ þinsi : haft : osk(u)... ¶ bruþur : sin : ian : ... ¶ uarþ : tuþr : o : ku... ¶ þ^u^r : u^i^k^(i) : (r)^u^n^a^R (:) ...,"Sassur placed this stone in memory of Ásgautr his brother, and [he] died on Gotland. May Þórr hallow [these] runes."
DR 221 $ §A,karþi þiauþui(r) §B aft aþisl (u)(m)a(r)utrkau,Þjóðvérr(?)/Þjóðvé made §B in memory of Aðísl ...
DR 222 M,io^r(d)an risti runu ra^þi þæn ær kan,"Jórdan carved runes: interpret (them), he who can."
DR 223 M,kRyrþ : risti : nafn : sit ¶ ø --^nyr-(-) : mæsu,Gyrðr carvedhis name on ... mass.
DR 224 M,+ {BONDO FRISO ME FECIT ¶ ESGERVS RØTH ME FECIT : FIERI} ¶ fuþorkhniastblmR ???,"{Bondo (the) Frisian made me, Esgervs Red had me made.} <fuþorkhniastblmR> ..."
DR 225 M,þes...,...
DR 226,...ra(t)(i) : -... ¶ ...- : at : ma(i)... ¶ ...(u) : nafa : ... ¶ ...k : þika ...,... ... ... in memory of ... ... the Fist ... ... ... ...
DR 227 †,[... -k · --n · sun · suta : ---... ¶ ... aft : þurþ : bruþur ...],"... ... ... Sóti's son ... ... in memory of Þórðr, brother ..."
DR 228 §A,askl : sati : st... ¶ ...asi : at : tufa : ¶ -(r)(u)þr : s(i)(n) : h--... §B ÷ in ÷ kru...,"Áskell placed this stone in memory of Tófi, his brother ... §B and <kru...>"
DR 229 $ §A,sylfa : rest... ... ...i : sbalklusu : eyfti : susur : faþur ... ...(r)þi : bru : þisi : iki : ¶ þurils : brþur : sin : §B i mun · san... ¶ ...if · uitrik · susi · eR · uan · sil...,"Sylfa raised ... ... Spalkløsa in memory of Sôssurr, (his) father [and] made this bridge in memory of Þorgisl, his brother. §B Ever will ... ... this memento, which Sylfa/himself produced."
DR 230 §A,raknhiltr ' sustiR ' ulfs ' sati ' stain ¶ þnnsi ' auk ' karþi ' hauk ' þonsi auft ¶ auk skaiþ ' þaisi ¶ kunulf ' uar sin ' klomulan man ¶ (s)un ' nairbis ' faiR ' uarþa ' nu futiR ' þoi batri §B sa uarþi ' at (') rita ' is ailti stain þonsi §C iþa hiþan traki,"Ragnhildr, Ulfr's sister, placed this stone and made this mound, and this ship(-setting), in memory of her husband Gunnulfr, a clamorous man, Nerfir's son. Few will now be born better than him. §B A warlock(?) be he who damages(?) this stone §C or drags it (away) from here."
DR 231 M,(t)irað : r(i)st,Tíráðr carved.
DR 232 U,hariso,Hariso.
DR 233 M,ulnoþ,Ulfnoð.
DR 234,†M [+: frater : (t)oso : æfsa : kør(i) : mik : ¶ fratr : inkæma(-)(-)s : srips in : sampana :],"†M Brother Toco <æfsa> made me, brother Ingemarus wrote on the bell."
DR 235,$M (k)(u)þ ... fori:si ¶ -brit : sial (·) ha^n (:) ga^rþi st(i)(n)(a) ¶ ... (k)iþuin : bu(r)- :,"$M God ... take care of ...-bret's soul, he made the stones ... Eðvin(?) bridge(?)."
DR 236 M,kltiiæ(n)tn ¶ -...(m),... ...
DR 237,eskil : sati : sina : þesi : eftiR : ystin : auk · fliR · bruþur · sin : sun : ystis : aþal:miki,"Áskell placed these stones in memory of Eysteinn and (in memory of) Flir Chiff-banner(-bearer) / Good-sword, his (Áskell's) brother, Eysteinn's son."
DR 238,+: sasur : risþi : stin : an : karþi : bru :,Sassurr raised the stone and made the bridge.
DR 239 §A,þiauþui ÷ risþi ÷ stin þonsi ÷ aft uþinkaur ÷ ¶ fuþorkhniastbmlR ÷ niut ual kums : §B þmkiiissstttiiilll (:) iak sata ru--r| |ri(t) ¶ kuni armutR kru(b)------,"Þjóðvé raised this stone in memory of Oðinkárr <fuþorkhniastbmlR> Make good use of the monument! §B Thistle, mistletoe, casket; I placed the runes rightly. Gunni, Arnmundr ..."
DR 240 M,toki · rist (·) a--uk (·) pa · ulsmisu · tah,Tóki carved ... upon Ólafr's mass-day.
DR 241 M,toki ' to^k ' silf : at lani · af · ræhnldu ¶ + ...,Tóki took silver in loan from Ragnhildr ...
DR 242 M,ata(r)(a),...
DR 243,†M [a^ræhgs],†M ...
DR 244 M,iuuuuhhhihht,...
DR 245 M,fuþ...,<fuþork>
DR 246 M §A,siuærþ (u)^(u)^(u) (u)^(u)^(u)^bfk^Rkt^(u)æ §B lufrþ-nt ' (s)-rrr ×,Sigvarðr ... ... §B ... ...
DR 247 M §A,uþuþuþuþuþuþuþuuþuþuþu(u) §B uþuþuþþuþuþuþuþuþuþuþu §C uþuþu(-)(u)þuþuþuþuþ¶uþuþuþuþu §D (þ)uþuþuþuþ(þ)(u)(þ)u-(-)-uþuþuþu,... §B ... §C ... §D ...
DR 248,kun'uAlts| |stAin ' sunaR ' ruHalts ' þulaR ' o salHauku(m),"Gunnvaldr's stone, Hróaldr's son, reciter of Salhaugar."
DR 249,†$ [...-k ' rAuna ¶ ...Auna],†$ ... ... ...
DR 250,HurnburA ¶ stAin · suiþks :,"Hornbori's stone, of Sviði's line."
DR 251,M? tu,M? ...
DR 252,$M al(-)naet : ri,$M <al-naet> carved(?)
DR 253 M,liþ(r)s/liþ(r)(a)^(k) ¶ funþ ¶ R,... ... ...
DR 254 $,' oslaikiR ' raisti stain ' ¶ ' ikisafaisino(þ) ¶ ' in ' ukunitRsk(þ)lasa--...i ' i(þ)kafthon(s)rnr-(i)si,Ásleikr raised the stone ... ... ... ...
DR 255 M,mæ/æR,...
DR 256 M,a^u^æ ma^ria,Hail Mary
DR 257 M,þæn : fyrst^æ,The first.
DR 258,tuki : sati : -...,Tóki placed ...
DR 259,' autr ' risþi ' stin ' þonsi ' ¶ ' auftiR ' auþ(a) ' bruþur ' ¶ ' sin ' han ' uarþ ' tauþr ' ¶ ' o ' kutlati ' kuþ ' hialbi ' ha(n)s ' silu,"Eyndr raised this stone in memory of Auði, his brother. He died in Gotland. May God help his soul."
DR 260,ati : risþi : stin : þasi : aft : þurstin : sun : sin,"Atti raised this stone in memory of Þorsteinn, his son."
DR 261,$U §AP ek erilaz sa wilagaz hateka : §AQ ek erilaz sawilagaz hateka : §B aaaaaaaazzznnn-bmuttt : alu :,$U §AP I the eril am called the wily §AQ I the eril am called Sawilagaz §B ... 'alu' (ale?)
DR 262,as(b)iarn × risþi (×) stin × þan(s)i × aftiR : tuark : filaka × sin : trik : kuþan,"Ásbjôrn raised this stone in memory of Dvergr, his partner, a good valiant man."
DR 263 $ §P,... RRRRRRRRRRRRRRRR -aþi tuk fauka fiaR sis in a iak as(u) (þ)ui launat ¶ ... auab-k sua fakat... §Q ... (R)(R)RRRRRRRRRRRRRR (r)aþi (t)(u)k fauka fiaR sis in a iak asa þui launat ¶ ... auab-k sua fakat...,"... ... <-aþi> took <fauka> from his wealth, but therewith have I rewarded Ása. ... ... ... ... §Q ... ... Hraði took ... his wealth, but I, Ása, have therewith rewarded ... ... ... ..."
DR 264 §A,þurþr · hu · runaR · þasi · ...r... · --- §B fulukui : a : huk·-... ...,Þórðr cut these runes ... ... §B Folkvé/Fullugi owns Haugbýr ...
DR 265 †,[ran^uiþi · huas · raisþi · stin þisi · ifti · þanfuþ ·],<ranuiþi> <huas> raised this stone in memory of <þanfuþ>.
DR 266 §A,nafni × risþi × stin × þasi ¶ aftiR × tuka × bruþur × si[n] §B han × uarþ × uistr ¶ tuþr,"Nafni raised this stone in memory of Tóki, his brother. §B He died in the west."
DR 267 M,...uhob(i)uknioiti(i),...
DR 268,bruþiR : rasþi : stin : þaisi : aiftiR : busa : bruþur : sin : harþa : kuþan : trik,"Bróðir raised this stone in memory of Bósi, his brother, a very good valiant man."
DR 269 $,÷ þurkil ÷ karþi ÷ þurþaR ÷ sun (÷) bru ÷ þisi ÷ aft ÷ uraka ÷ bruþur ÷ ¶ sin,"Þorkell, Þórðr's son, made this bridge in memory of Vragi/Rangi, his brother."
DR 270 $,: tumi : risþi : stia : þasni : iftiR : --Ra : filaka : sia,"Tumi raised this stone in memory of Geiri(?), his partner."
DR 271,× klibiR × auk × osa × ¶ × risþu × kuml + ¶ þusi × uftiR × ulf +,Kleppir/Glippir and Ása raised these monuments in memory of Ulfr.
DR 272 †,[uekaltr bisti : stan : iasi : aft : stikit : brlir],<uekaltr> raised this stone in memory of <stikit> ...
DR 273 †,[...],...
DR 274 †,[...ikhulrir--...],...
DR 275 $,bruþiR : risþi : stin : þainsi : iftiR : isbiurn : br¶uþur : sin : saR : uaR ¶ skibari : uþ-...,"Bróðir raised this stone in memory of Æsbjôrn, his brother; he was Auð...'s seaman."
DR 276,tumi : risþi : stin : þaisi : iftiR : hunuiþ : bruþur : sin : harþa : ¶ kuþan : trik :,"Tumi raised this stone in memory of Húnviðr, his brother, a very good valiant man."
DR 277,× kata × karþi × kuml × þausi × iftiR × suin × baluks ¶ sun × bunta × sin × saR × uas × þiakna × furstr,"Káta made these monuments in memory of Sveinn Bôllungr's son, her husbandman. He was first among þegns."
DR 278,: tuki : risþi : stin : þainsi : iftiR : auþka : bruþur : sin : harþa : kuþan : ¶ ----,"Tóki raised this stone in memory of Auðgi, his brother, a very good [þegn]."
DR 279 $,[+ sa]ksi : sati : st[in] : þasi : huftiR : o[s]biurn : (s)in : fil(a)go ' ¶ (t)u-a[s : sun :] ¶ saR : flu : aki : a[t :] ub:sal(u)m : an : ua : maþ : an : u¶abn : a(f)þi ',"Saxi placed this stone in memory of Ásbjôrn Tófi's/Tóki's son, his partner. He did not flee at Uppsala, but slaughtered as long as he had a weapon."
DR 280,× kaulfR × auk × autiR × þaR × sautu × stain × þans(i) × aftiR × tuma × bruþur × sia × ¶ i(R) ati × ku¶þis×snab¶n ×,"Káulfr(?)/Kalfr(?) and Autir, they placed this stone in memory of Tumi, their brother, who owned Guðissnapi."
DR 281,× autiR × sati × s(t)(a)(i)n × þansi × aftiR × haku¶n,Autir placed this stone in memory of Hákon.
DR 282,× osburn × (a)u(k) × tumi × þaiR × sautu × stain × þansi × a(f)[t]iR × rui × auk × ¶ laikfruþ × sunu × kuna × han[t]aR ×,"Ásbjôrn and Tumi they placed this stone in memory of Hróir and Leikfrøðr, Gunni Hand's sons."
DR 283,× osburn × snti × stain × þansi × aftiR × tuma × sun × kuna × ¶ hantaR ×,"Ásbjôrn placed this stone in memory of Tumi, Gunni Hand's son."
DR 284,°,°
DR 285 †,°,°
DR 286 †,°,°
DR 287 $,× kari × sati × stain ... uftiR × aulfun ×,Kári placed the stone ... in memory of Alfvin(?)/Ôlfun(?).
DR 288,× oaki × sati × stain × þansi × aftiR × ulf × bruþur × sin × harþa × kuþan × trak ×,"Áki placed this stone in memory of Ulfr, his brother, a very good valiant man."
DR 289,fraþi × risþi × st(e)n × þansi × aftiR × ulaf × mak × sia × ¶ × trek × harþa × kuþan ×,"Fraði/Freði raised this stone in memory of Ólafr, his kinsman-by-marriage, a very good valiant man."
DR 290,°,°
DR 291,× tuna × sati × stain × þansi × aftiR × bram × bunta : sin × auk × askutr × sunR × hans × han × uaR × bastr × bumana × auk × ¶ × miltastr × mataR,"Tonna placed this stone in memory of Bramr, her husbandman, and (so did) Ásgautr, his son. He was the best of estate-holders and the most generous with food."
DR 292 †,[...],...
DR 293 †,[kitilau ÷ lat ÷ kaurua ÷ kubl ÷ þausi ÷ af(t)(i)- ... ¶ þiakn ÷ al÷kuþan ÷ þan ÷ is ¶ hana ÷ ati],"Ketiley had these monuments made in memory of ... a very good þegn, who owned her (i.e. was her husband)."
DR 294 $,÷ þurkisl × sati × kubl × þausi × aftiR × tuma × sban ÷ ¶ ÷ fruþaR ' sun × faþur × sin ÷ harþa ÷ kuþan ÷ ¶ ÷ þikn,"Þorgísl placed these monuments in memory of his father Tumi Foresighted/Chip, Frøðr's son, a very good þegn."
DR 295 §A,: askil : sati : stin : þansi : ift[iR] ¶ : tuka : kurms : sun : saR : hulan : ¶ trutin : saR : flu : aigi : at : ub:¶:salum §B satu : trikaR : iftiR : sin : bruþr ¶ stin : o : biarki : stuþan : runum : þiR : §C (k)(u)(r)(m)(s) (:) (t)(u)(k)(a) : kiku : (n)(i)(s)(t)[iR],"Áskell placed this stone in memory of Tóki Gormr's son, to him a faithful lord. He did not flee at Uppsala. §B Valiant men placed in memory of their brother the stone on the hill, steadied by runes. They §C went closest to Gormr's Tóki."
DR 296,: oskautr : ristþi : stin : þansi (:) ¶ (:) (i)ftiR : airu : brþur : sin : ian : ¶ : saR : uas : him:þiki : tuka : nu : ¶ : skal : stato : stin : o : biarki :,"Ásgautr raised this stone in memory of Erra, his brother. And he was Tóki's retainer. Now the stone will stand on the hill."
DR 297,: osbiurn : him:þaki : tuka : sati : stin ¶ : þasi : iftiR : tuka : bruþur : sin :,"Ásbjôrn, Tóki's retainer, placed this stone in memory of Tóki, his brother."
DR 298 $,þurkiR : raþi : stin : þan... ¶ (:) at : itinkil : faur : sin : kuþn : ¶ buta : as : liki/lik i/ : hu(k)(-)(-),"Þorgeirr raised this stone in memory of Steinkell, his father, a good husbandman, who long / lies in ... / mound."
DR 299,†M [pær krusis ok sihnum : fgiaþ : ¶ : prokul : omne : malihnum +],†M With this sign of the cross will all evil flee far away.
DR 300 M,bri ÷ tiæ ÷ iærlæ ÷ føl,... ... ... ...
DR 301 M §A,fuþorkhniastbmlR §B æfkar,<fuþorkhniastbmlR> §B Efkarr/Afkarr.
DR 302 M,bin is þita bin is þt(o),"This is bone, this is bone."
DR 303 M,arngun × (g)af (×) mær × kab,Arngunnr gave me (the) comb.
DR 304 M,...nus,Magnús(?).
DR 305 $,iatrink,Eadric(?).
DR 306 M §A,pætær ÷ gæd min §B -(r)no^n(i)nanm §C pæta^r,Pétr protect me. §B ... §C Pétr.
DR 307 M,tøfaNa · skefniG,Tófi's Anni(=Anni Tófisson)'s glove-needle.
DR 308,$M mæ(n)isi,$M ...
DR 308A,†M [inuk(a)^(l)uþ(k)rs +],†M ...
DR 309 M,...himpr,...
DR 310 M,...m.../...R...,...
DR 311 §P,skuaraR : iki¶mar : afa ¶ (:) -on : m^n · krat · ¶ aallatti : §Q skuaraR : iki¶mar : afa ¶ (:) -on : m^n·krat · ¶ aallatti :,Sigvôr's Ingimarr will have my weeping / unhappiness ... §Q Sigvôr's Ingimarr will have my misfortune?...
DR 314 §A,+ þu(r)[kisl ÷ sun ÷ i]sgis ÷ biarnaR ÷ sunaR ÷ risþi ÷ sti[no ÷ þisi] ÷ (u)(f)tiR ÷ bruþr + §B + sino ÷ baþa ÷ ulaf ÷ uk ÷ utar ÷ lanmitr ÷ kuþa +,"Þorgísl, son of Ásgeirr Bjôrn's son, raised these stones in memory of both of his brothers, §B Ólafr and Óttarr, good landholders."
DR 315,tuki : let : kirkiu : kirua : auk : ...,Tóki had the church made and ...
DR 316,: tufi : risþi : stin : þisi : iftR : umun : sin : fila...,"Tófi raised this stone in memory of <umun>/Ómunr, his partner."
DR 317,· tufa : risþi : stino : þisi : uftiR : kamal : buta : sin : uk : osur : ¶ : sun : hs :,"Tófa raised these stones in memory of Gamall, her husbandman, and (so did) Ôzurr, his son."
DR 318,brant(r) [: karþi : kubl : þusi : uftir : k]uba : faþur ¶ sin : [auk : ifi : filaki : (i)ku]ba :,"Brandr made these monuments in memory of Gubbi, his father, and (so did) Efi, Gubbi's partner."
DR 319,†M [þr-s · nstn--ut^u ¶ -r- þi],†M ... ... ... ...
DR 320 M,+ marten : mik : giarþe +,Marteinn made me.
DR 321 §A,: hals : auk : frebiurn : risþu : st¶ina §B : þesi : eftiR : ¶ hufa : felaga : ¶ sin :,"Hals and Freybjôrn raised these stones §B in memory of Hofi, their partner."
DR 322 M,+ marten ÷ mik ÷ giarþi ÷+,Marteinn made me.
DR 323 † §P,[aft ' un(a)r ' skal ' stant(A) s- ...] §Q [... aft (k)unor i skal stanta s(t)... ...],In memory of Unnarr shall stand the ... §Q ... in memory of Gunnarr. Ever shall stand (the) stone ...
DR 324,birla : sati : ... ¶ ... : iftiR ¶ tuka · mak · sin ...,"Birla placed ... ... in memory of Tóki, his/her kinsman-by-marriage ..."
DR 325 $,× si(k)mtr × sati × stin × þansi × iftiR × klakR × faþur × sin ×,"Sigmundr placed this stone in memory of Klakkr(?), his father."
DR 326 M,+ marten ÷ mik ÷ giarþe ÷+,Marteinn made me.
DR 327 M,+ marten ÷ mik ÷ giarþe +,Marteinn made me.
DR 328,: suin : risþi : stina ¶ + ¶ þesi : ef(t)iR : þurgiR : ¶ faþur : sin :,"Sveinn raised these stones in memory of Þorgeirr, his father."
DR 329,: þulfR : uk : ulfR : risþu : stino : þise : ufteR : osmut : liba : felaga : sin :,"Þólfr and Ulfr raised these stones in memory of Ásmundr Lip, their partner."
DR 330 $ §A,...usti : auk : kunar : ...u : stina : þasi : aiftiR : kn... ¶ ... ...biurn : filaka : si(n)(-) §B : þiR : trikaR : uaRu : u--(-) --isiR : i · uikiku,"Tosti(?) and Gunnarr ... these stones in memory of ... [and] ...-bjôrn, their partners. §B These valiant men were widely renowned on viking raids."
DR 331,asur × sati × stina × þisi : iftiR ¶ tuba :÷,Ôzurr placed these stones in memory of Tobbi.
DR 332 M,+ marten : mik : giarþe :+,Marteinn made me.
DR 333 $,stotR : Aft firi (:) osu (:) -u- ... ¶ ...-A ...,"Stand in memory of Frii(?)/Firi, Ása's son(?) ... ... ..."
DR 334,faþiR : lit : hukua : runaR : þisi : uftiR : osur : bruþur : sin : is : nur : uarþ : tuþr : i : uikiku :,"Faðir had these runes cut in memory of Ôzurr, his brother, who died in the north on a viking raid."
DR 335,faþiR : lit : hukua : stin : þan(s)i : uftiR : biurn : is : skib : ati : miþ : anum :,"Faðir had this stone cut in memory of Bjôrn, who owned a ship with him."
DR 336,†M [au(e) : maria : gragia : þominus : tækum : bænæþikta : tu : in : muliæribus : æt : bænæþiktus : fruktus : uæntris : tui : amæn : hær : ligr : hilþulf : suin : sun : uoþær :],"†M Hail Mary, (full of) grace. The Lord is with Thee; blessed art Thou among women and blessed the fruit of Thy womb. Amen. Hereunder lies Hildulfr Sveinn's son."
DR 337 $ §A,: suin : auk : þurgutr : kiaurþu : kubl : þisi ¶ eftiR : mana ¶ auk · suina §B kuþ : hialbi : siaul : þeRa : uel : ian : þeR : likia : i : luntunum,Sveinn and Þorgautr/Þorgunn made these monuments in memory of Manni and Sveini. §B May God well help their souls. And they lie in London.
DR 338,× suini : sati : stin : þasi : iftiR : tusta : hin : skarba : fauþur ¶ sin : harþa : kuþan : buta : uirþi : at : rata : huas : ub ¶ briuti,"Sveini placed this stone in memory of Tosti the Sharp, his father, a very good husbandman. May whosoever breaks (it) become a warlock!"
DR 339 $,: uristr : ouk : nukR : ouk : krusa : risþu : stin : þonsi : uft : aba : filaka : sin : trik : kuþan :,"Vreistr/Orrostr and Nykr and Krúsa raised this stone in memory of Api/Ebbi, their partner, a good valiant man."
DR 340,†M [anima : famuli : tui : benedikti : tekum : sine ¶ fine : rekuieskat : in : pase : amen ·],†M May thy servant Benedict's soul rest eternally in peace with thee. Amen.
DR 341 †,[...],...
DR 342 M,gRla,Gylla.
DR 343,÷ bruþiR × auk × tuki × raisþu × stain × þansi × aftiR × fraþulf × faþur × sin × harþa ÷ ¶ ÷ kuþan × þiakn ×,"Bróðir and Tóki raised this stone in memory of Fraðulfr/Friðulfr, their father, a very good þegn."
DR 344,· biarngaiR × lit (·) raisa · stain · þina · eftiR · rafn · broþur · sin · su(i)n · kun(u)--s · a suiþiuþu,"Bjôrngeirr had this stone raised in memory of Hrafn, his brother, Gunnulfr's lad in Sweden."
DR 345 $,× sigrif¶r : let · resa · sten : þensa : aiftiR · furkun : if--r · faþur : osulfs : triks : knus ¶ · hilbi : kuþ : on : hans,"Sigreifr had this stone raised in memory of Forkunn <if--r>,/ in memory of the father of Ásulfr, Knútr's(?)/Gnýr's(?) valiant man. May God help his spirit."
DR 346,†M [...kr ...an sin auft ... kuþ],†M ... ... ... ... ... ...
DR 347,$M + krist ÷ mario ÷ sun ÷ hiapi ÷ þem : ær ÷ kirku ÷ þ(e)-... -erþ(o)/-erþi ÷ absalon ÷ ærki÷biskup ÷ ok ÷ æsbiorn muli ÷,"$M May Christ son of Mary help those who made the church, archbishop Absalon and Ásbjôrn the Muzzle."
DR 348 $,koutuiþr ÷ kaf ÷ þita ÷ skala¶(h)us ÷ kuþfriþi,Gautviðr gave this scales-case to Guðfríðr.
DR 349,†M [...],†M ...
DR 350 M,in manus tuas domine komændo spiritum ¶ tuum : asa :,"Into Thy hands, O Lord, I commend thy spirit, Ása."
DR 351 †,[kalia : risti : stin : þansi aftiR : aisi : bruþur ¶ sia],"Galinn raised this stone in memory of Æsir, his brother."
DR 352 M,... raistu : stin : æft-... ¶ ... ...-(s)(t)r : hialmbi : saul : ho...,... raised the stone in memory of ... May Christ help (the) soul ...
DR 353 M,: hiar : (l)(i)(g)ær : ennar : arnbiornar : sun : guþ,Here lies Einarr Arnbjôrn's son. God.
DR 354,: efi : auk : þu(r)(g)utr : þeR : lagþu : stin : ifi- : þorlak : kuþ : hialbi : sol : hans :,"Efi and Þorgautr, they laid the stone over Þorlakr. May God help his soul."
DR 355 M §A,rantr (·) (l)i(t) : ræisa · stain · þ... ¶ æ-... ¶ toi a(k)ia---- §B æinar · iok · ru...,Randr had the stone raised ... ... ... ... §B Einarr cut the runes.
DR 355A,†M [(æ)(i)(n)ar iok],†M Einarr cut.
DR 356 $,urti ' wAþ- ...¶- ' asm^ut (') sunu sin ',"Vaði wrought [in memory of ] Ásmundr, his son."
DR 357,$U §AP niuhAborumz ¶ niuhagestumz ¶ hAþuwolAfz gAf j ¶ hAriwolAfz (m)A--u snuh-e ¶ hidez runono fe(l)(A)h ekA hed¶erA §AQ niu hAborumz ¶ niu hagestumz ¶ hAþuwolAfz gAf j ¶ hAriwolAfz (m)A--u snuh-e ¶ hidez runono fe(l)(A)h ekA hed¶erA §B ginoronoz §C herAmAlAsAz ¶ ArAgeu we(l)Aduds| |sA þAt §D bAriutiþ,"$U §AP(To the) <niuha>dwellers (and) <niuha>guests Haþuwulfar gave ful year, Hariwulfar ... ... I, master of the runes(?) conceal here §AQ nine bucks, nine stallions, Haþuwulfar gave fruitful year, Hariwulfar ... ... I, master of the runes(?) conceal here §B runes of power. §C Incessantly (plagued by) maleficence, (doomed to) insidious death (is) he who this §D breaks."
DR 358,†$U §PA [(h)AþuwolAfA] §PB [sAte] §PC [(s)tA(b)A þr(i)a] §PD [fff] §QA [... (h)AþuwolAfA] §QB [... sAte] §QC [... (s)tA(b)A þr(i)a] §QD [fff],†$U §PA Haþuwulfar §PB placed §PC three staves §PD fff. §QA [In memory of] Haþuwulfar §QB [...] placed §QC [these] three staves §QD fff.
DR 359,$U §AP Afatz hAriwulafa ¶ hAþuwulafz hAeruwulafiz §AQ hAþuwulafz hAeruwulafiz ¶ Afatz hAriwulafa §B warAit runAz þAiAz,"$U §AP In memory of Hariwulfar. Haþuwulfar, Heruwulfar's son, §AQ Haþuwulf(a)r, Heruwulfar's son, in memory of Hariwulfar §B wrote these runes."
DR 360 U §A,hAidz runo ronu ¶ fAlAhAk hAiderA g¶inArunAz ArAgeu ¶ hAerAmAlAusz ¶ utiAz welAdAude ¶ sAz þAt bArutz §B uþArAbA sbA,"I, master of the runes(?) conceal here runes of power. Incessantly (plagued by) maleficence, (doomed to) insidious death (is) he who breaks this (monument). §B I prophesy destruction / prophecy of destruction."
DR 361 M,fuþork(h)niastblm,<fuþorkhniastblmy>
DR 362,†M [touæ : giorþæ : mik : ok : niklif ÷ mik : ¶ to(u)æ ¶ gorþæ : mik : ¶ moruþ :],†M Tófi made me and <niklif> me. Tófi made me ...
DR 363,skibarR : kuþis : raisþ... ... stin,Guðir's seaman raised ... stone.
DR 364 M,ødmar ÷ ok · reinmod,Auðmarr and Reginmóð.
DR 365 †,[tuka · l(e)t · ri(s)a (·) st(e)ina (·) þ... ... kuna · þan · goþa · gurþaR · arfa],"Tóki had the stones raised ... ... Gunni the good, Gyrðr's heir."
DR 366,$M §P [{ANO} þ{NI M¶CCCX(I)} asio(m)(i) lo](t) gøræ þen(æ) [siææn ¶ aaeiokR ¶ þusi]n au- føþø[ir urkræiæeer] §Q [{ANO} þ{NI M¶CCCX} i asio (m)(i) lo](t) gøræ þen(æ) [siææn ¶ aaeiokR ¶ þusi]n au- føþø[ir urkræiæeer],$M §P {Anno} Domini {MCCCXI} ... had this stone made ... ... and father/Faðir ... §Q {Anno} Domini {MCCCX} in Ásjór M[ann]i(?) had this stone made ... ... and father/Faðir ...
DR 367 M,eko : sum : la^pis,I am a stone.
DR 368 M,pa÷ulus ¶ tofi : gio¶erþi,Paulus. Tófi made.
DR 369 †,[... ...(u)ein · lit · hak... ¶ ...b-(u) · s...],... Sveinn had ... cut ...
DR 370 $,þurfastr : auk : þurils : auk : bufi : þiR : satu : kuml : þusi : aftiR : -... ...f : auk : buruþR : kuþ : habi : ota : þisa : auk : kus : muþR : sartr : rist : ret,"Þorfastr and Þorgísl and Bófi, they placed these monuments in memory of ... ... and (so did) Bróðir/ (in memory of) Bróðir. May God and God's mother help his/their spirit(s). Svartr carved rightly."
DR 371 $,kuþmund : auk : f(r)(y)biorn : resdu : stein : eiftR : isbiorn : faþur : sin : ¶ kuþ : hialbi : siolu : hans :,Guðmundr and Freybjôrn raised the stone in memory of Ásbjôrn their father. May God help his soul.
DR 372 $,þurst(e)[in · let · hka ¶ efetR · su--]- (·) koþr · ¶ þign (·),"Þorstein, a good þegn, had (the stone) cut in memory of Sveinn."
DR 373,$M þitæ : iR : sæNti gæbrel : øk : sehþi : sæNtæ mæri(æ) : æt hæn sku¶Ldi : bærn : (f)yþæ : þitæ : iR : elisæbeþ : øk : mæriæ : øk : hæilsæs ¶ : hiær : huilis : mæriæ sum ¶ : hæn : bærn : fydi : skæperæ : himis : øk : iørþæR : sum øs : le¶yst(i) ¶ þitæ : iRu : þæiR : þriR : kunuGæR : (s)um : (f)y(r)sti : giærþu : øfr : u¶ærum : drøtNi : hiær : tøk : (h)æN (u)(i)(þ)r : (k)(u)(n)(u)(G)æ : ø(f)ri : uær drøtiN ¶ hiær : riþu : þæiR : burt : þriR : kunuGæR : ¶ siþæn þæiR : øfræ(t) : ---æ : (ø)rum · drøtNi ¶ þæ iR : þet : hi(æ)(r) : fræm : s--(u) : (i)(ø)þæR : tøku ¶ uærn : drøtin : øk -(-)(N)(d)(-) (:) (-)(-)(N) : uiþ- -re : øk : (g)etu ¶ siþæn : lædu : (þ)(æ)iR : hæN : burt : þiæþæ(n) : buNdiN ¶ øk : nehldu : hiær : iøþæR : iesus : æ krus : si : fræm : æ þitæ ¶ sihræf(R) : (m)e--e-(i) :,"$M This is Saint Gabriel and he said to Saint Mary that she would bear a child. These are Elisabeth and Mary and they greet each other. Here Mary rests, as she bore the child, Creator of Heaven and Earth, who redeemed us. These are the Three Kings, who first made offerings to Our Lord. Here He accepted the Kings' offerings, Our Lord. Here the Three Kings rode away, after they had made offerings to Our Lord. Then it is this far in the story(?). Jews took Our Lord and bound him to a tree and protected him. Then they led him away bound from there, and here the Jews nailed Jesus to the cross. Look ahead to this. Master Sigreifr."
DR 374 $ §A,...(i)R (·) r... §B ...(k)a (·) b...,... ... §B ... ...
DR 376,... þurkil × auk × alfkil × r(e)(s)... ...(e)n × þina · eftiR × eykil × faþur × ...,"... Þorkell and Alfkell raised this stone in memory of Eykell/Auðkell, (their) father ..."
DR 377,...-a-- (·) (l)itu · h-(-)- · s(t)ain · eftiR · þurfast · bruþur sin ¶ auk · kuþki,"... had the stone cut in memory of Þorfastr, his brother and Guðki's."
DR 378,asbiarn · lit · rita stain iftiR · butirþu · kunu · sina · kuþ · litin · ant · i,"Ásbjôrn had the stone erected in memory of Bótríða, his wife. May God ever relieve (her) spirit."
DR 379 $,sasur · lit · resa · sten · eftiR · aluarþ · faþur · sin · truknaþi · han · uti · meþ · ala · sk¶ibara · etki · i · kristr · hab¶(i) ¶ siolu ¶ has ¶ sten · þesi · stai ¶ eftir,"Sassurr had the stone raised in memory of Hallvarðr, his father, (who) drowned abroad with all the(?) seamen. May Christ ever(?) help his soul. May this stone stand in memory."
DR 380,kobu:suain : raisti : stain : þ(e)na : a(f)tir : bausa : sun : sin : tr(i)... ...n : þan : is : tribin : ua(r)þ : i : (u)(r)ostu : at : ut:la(n)(k)iu : kuþ : tr(u)tin : hi(a)lbi : hans : ont : auk : sata : mikial :,"Sveinn (of the hooded cloak? son of Kápa?) raised this stone in memory of Bausi, his son, a good valiant man, who was killed in battle at Útlengia. May Lord God and Saint Michael help his spirit."
DR 381,ketilbarn,Ketilbjôrn.
DR 382,... ... ...,... ... ...
DR 383,...-m : bruþ(i)m : ... ... ...(a)im : raist- · kumbl · þitsi · (a)-... ¶ ... (u)k · afteR · as--l · bruþuR · sin · guþ · hi... ...,"... Bróðir ... ... ... (they) raised this monument ... ... and in memory of Áskell, their brother. God help ..."
DR 384 $,þurstin × uk (×) suin × raistu × abtiR × alfuin × faþur sin × uk abtiR × þurlak × b(r)uþu(r) sin · kuþ hialbi ont × þaiRa × uk| |k-þ(s) muþiR,"Þorsteinn and Sveinn raised in memory of Alfvin/Ôlfun, their father, and in memory of Þorlakr, their brother. May God and God's mother help their spirits."
DR 385,kilinR : r(e)isti ... ... ...(u)þur : sin : kuþ : hiabi : s(i)ol : has :,Gillingr raised ... ... his brother. May God help his soul.
DR 386,suain ... (a)uk · tul(i) · auk · uifriþr · þau · lika · un...R · þi... ... ... (s)(t)ain,"Sveinn ... and Tóli and Véfríðr, they lie under ... ... ... stone."
DR 387 $,: asualdi : risti : stein : þinsa : iftR : alfar : bruþur : sin : drinr : koþr ¶ : trebin u:syni : auk : skogi : suek : saklausan :,"Ásvaldi raised this stone in memory of Alfarr, his brother: a good valiant man, shamefully killed, and Skógi betrayed the guiltless one."
DR 388 $,...--R · k... ¶ ...(l)--- · --... ---... ...,... ... ... ... ... ...
DR 389 $,lo.../(t)o ...(e)t · resa · sten (·) þensa · eftir · suen · sun · sin : trenkr al(g)oþar ... ...una(u)i ¶ ok ¶ hans (·) (b)r(o)(þ)(u)r · krist · h¶elgi ¶ hal(b)(i) · siolu · þera ¶ ·· bryþra · be(g)ia ·,"... had this stone raised in memory of Sveinn, his son. A very good valiant man, ... ... and (in memory of) his brother. May holy Christ help the souls of both these brothers."
DR 390,bufi · lit · risa · aftiR · aukil · faþur · sin · kuþa(n) · kristr · ialbi · sialu,"Bófi had (the stone) raised in memory of Eykell/Auðkell, his good father. May Christ help (his) soul."
DR 391 $ §A,barni · auk · sibi · auk ¶ -ofi · þeiR · reistu · sd¶¶ei(n) §B (·) (e)ftiR · ke(t)(i)l · faþu¶r sin · (k)ristr (·) (h)lbi hns ¶ siol ·,"Barni/Biarni and Sibbi and Tófi they raised (the) stone §B in memory of Ketill, their father, May Christ help his soul."
DR 392 $,· (b)ar(n)i · auk · tofi · ok · askutr · letu · resa · sten · eftiR · siba · (b)roþ¶or · sin · krist · sil · ia(l)bi,"Barni/Biarni and Tófi and Ásgautr had (the) stone raised in memory of Sibbi, their brother. May Christ help (his) soul."
DR 393,bufi · auka lit · stain · at · þukil ·,Bófi had the stone cut in memory of Þjóðkell/Þorkell.
DR 394 $,auþi · auk · suin auk auþkiR · ristu stin eftir kunulf ruþur isiin : kuþa · auk · iftiR kunilt · muþur,"Auði and Sveinn and Auðgeirr raised the stone in memory of Gunnulfr, their good brother, and in memory of Gunnhildr, (their) mother."
DR 395 §A,× kuþmt : nkuski : uaku × hla : osu × airbrni : kuþi : guþ : msmiht : ionþþn × ¶ + ??? : ¶ + itki...ik(i) §B ku · i... ¶ nik,... ... ... ... ... ... ... ... ... ... ... ... §B ... ... ...
DR 397 $,þukil : rit : itin : auti : buþu : þku : sun : hui : sna,"Þjóðkell/Þorkell erected (the) stone in memory of <buþu>, <þku> son, ... ..."
DR 398 §A,broþir : auk : eimotr : þeir : litu : reisa : stein : þana : eft¶ir §B : sikmut : faþur : sin : §C kristr : hialbi : sialu : hans : auk : sata : mikel : auk : sata : maria :,"Bróðir and Eimundr, they had this stone raised in memory of §B Sigmundr, their father. §C May Christ and Saint Michael and Saint Mary help his soul."
DR 399 §A,(k)(u)(n)iltr : l(e)t : r(e)isa : st(e)n : þ(e)n(s)(a) : ef¶tir : auþbiarn : bonta : sin : kristr : ¶ hialbi : siolu : auþbiarnar : i lus : auk : bratis §B kristr : hialbi : siolu : (a)(u)(þ)¶biarnar : auk : ku(n)(i)(l)(t)(a)(r) ¶ : auk : santa mikel : i lius : auk : baratis,"Gunnhildr had this stone raised in memory of Auðbjôrn, her husbandman. May Christ help Auðbjôrn's soul into light and paradise. §B May Christ and Saint Michael help the souls of Auðbjôrn and Gunnhildr into light and paradise."
DR 400,: brune : auk : þeiR : bruþr : let... ... ... ... ... eftiR : þurlak : foþur : sin : auk : eskiR : bruþur : sin :,"Brúni and his brothers had ... ... ... ... in memory of Þorlakr, their father, and Ásgeirr, their brother."
DR 401,× suenk`i´R × lit × raisa × stein × þena × eftiR × tosta ÷ faþur × sin × auk × eftiR × alflak × broþur × sin × auk × eftiR × moþ¶u¶r × sina × ¶ × auk × eftiR × sy¶s¶tur ¶ sina ×,"Sveingeirr had this stone raised in memory of Tosti, his father, and in memory of Alflakr, his brother, and in memory of his mother and in memory of his sister."
DR 402,× aulakR × let × reisa × stein × þana × eftiR × sasur × foþur sin × bonta × kuþan × kuþ × hialbi × siol × hans × auk × sata × mihel ×,"Eylakr had this stone raised in memory of Sassurr, his father, a good husbandman. May God and Saint Michael help his soul."
DR 403 $,suin : auk : ketil : reistu : sten : eftiR : (i)u(l)k¶iR : faþur · sin,"Sveinn and Ketill raised the stone in memory of Jólgeirr/Ígulgeirr, their father."
DR 404 §A,... (r)ais(t)- : stin : þ-nsi : aiftiR : suin : bruþur : sin : ku... ...(b)i : si(l)... ... auk : kus : muþiR : §B ...(k)il : rist (:) runaR : þisi : auk : sueni :,"... raised this stone in memory of Sveinn, his brother. May God and God's mother help [his] soul. §B ...-kell carved these runes and Sveini."
DR 405,... × arkibiskubs/ærkibiskubs : ma-ra/ma-ræ : hi- : ...-r : ha.../hæ...,... archbishop's ... ... ... ...
DR 406,× asur × auk × þai(R) ... ... ...in × ¶ × ...,Ôzurr and ... ... ... ...
DR 407,...str : auk : ...,... and ...
DR 408,... ...r : let ... ... ...t : su... ... ¶ ... ...uþ : halb... ... ... auk : ku... ...,... ... had ... ... ... ... ... ... May God help ... ... and God's [mother].
DR 409,... (f)þu : sin : uk : muþ : sina,... his father and his mother.
DR 410 $ §A,e(i) (e)asusus kristus^ ^fil^uis t(e)i fifi in| |nomina b¶atris eþ fil¶ius ins eþ sb^iritu¶s §B k^rist^us (b)i ¶ bius| |s^ank^uis fifiþ ¶ fit^am itirn^a¶m k^ustotaþit,"... Jesus Christ, son of the living God. In the name of the Father, the Son ... and Spirit §B Christ ... the gracious blood is living, may it preserve eternal life."
DR 411,=Öl_1,=Öl_1
DR 412,=E_2,=E_2
DR 412A,=E_7,=E_7
DR 413,$M §A {IE[SV]S NAZAREN[VS] REX IVDEORV[M] ¶ VITA ¶ MORS ¶ ECCLESIA S[AN]C[T]A ¶ SYNAGOGA} §B + {VIDETE ' -ANVS ' MEAS ' ET ' PEDES ' MEOS (') DIC[IT] D[OMI]N[V]S ¶ V^ENIT^E BEN^EDICTI PATRIS MEI ¶ DICEDIT^E A^ ^M^E M^ALEDICTI I[N] IGN^E^M ¶ PAT[ER] H^ABRAHA^M MISERERE M^EI [ET] MITT^E LAZAR[VM] VT -[-]TINGV^AT EXT^REMV[M] D^IGITI SVI I[N] AQVA[M] VT REFRIG ¶ FILI RECO^RDA^RE Q^[V]^IA RECEPISTI BON^A I[N] VITA TVA} §C gun(h)ild ¶ {Q^[V]^I M^E CERNIT ' P[RO] H^ELENA ' MAGNI ' SV^EONIS REGIS ' FILIA ' CHR[ISTV]M ' ORET ' QVE ¶ M^E AD M^EMORIA[M] D[OMI]NICE PASSIO[N]IS PARARI FECE[R]AT} §D {Q^[V]^I I[N] CHR[ISTV]M CRVC^IFIXV[M] CRED[UN]T LIVTGERI MEMO--A[M] ' ORAN^DO FAC^IA[N]T Q^[V]^I M^E SCULPSERAT ' ROGA ¶ TV H^ELEN^E QVE ET GVNHILD VOCAT--},"$M §A {Jesus of Nazareth, king of the Jews, Life, Death, the Holy Church, the Synagogue} §B {Regard my hands and my feet says the Lord. Come here, into my Father's blessing, go away from me, you accursed, to (eternal) fire. Father Abraham, take pity on me and send Lazarus, that he may dip his finger in water and cool (my tongue). Son, remember that you have done good in your life} §C Gunnhildr {He who sees me shall pray to Christ for Helena, daughter of King Sueono Magnus, who has had me made in remembrance of the Lord's suffering} §D {Those who in the crucified Christ, shall in their prayers remember Liutgerus who carved me at the behest of Helena, who is also called Gunnhildr.}"
DR 414,iesus,Jesus
DR 415,=DE_DR415,=DE_DR415
DR 416,$M þor{K}æir RRRRR,$M Þorgeirr ...
DR 417,fuþ,...
DR 418,=E_4,=E_4
DR 419,=E_DR419,=E_DR419
DR BR2,=DR_IK255,=DR_IK255
DR BR3,=DR_IK237,=DR_IK237
DR BR4,=DR_IK353,=DR_IK353
DR BR5,=DR_IK358,=DR_IK358
DR BR6,=DR_IK166,=DR_IK166
DR BR7,=DR_IK61,=DR_IK61
DR BR8,=DR_IK161,=DR_IK161
DR BR9,=DR_IK42,=DR_IK42
DR BR10,"=DR_IK41,1","=DR_IK41,1"
DR BR11,"=DR_IK162,2","=DR_IK162,2"
DR BR12,"=DR_IK129,2","=DR_IK129,2"
DR BR13,=DR_IK43,=DR_IK43
DR BR14,"=DR_IK41,2","=DR_IK41,2"
DR BR15,"=DR_IK162,1","=DR_IK162,1"
DR BR16,=DR_IK163,=DR_IK163
DR BR17,=DR_IK289,=DR_IK289
DR BR18,=DR_IK165,=DR_IK165
DR BR19,=DR_IK384,=DR_IK384
DR BR20,"=DR_IK154,2","=DR_IK154,2"
DR BR21,"=DR_IK312,1","=DR_IK312,1"
DR BR22,=DR_IK140,=DR_IK140
DR BR23,=DR_IK341,=DR_IK341
DR BR24,=DR_IK357,=DR_IK357
DR BR25,=DR_IK135,=DR_IK135
DR BR26,=DR_IK142,=DR_IK142
DR BR27,=DR_IK25,=DR_IK25
DR BR28,=DR_IK9,=DR_IK9
DR BR29,=DR_IK8,=DR_IK8
DR BR30,=DR_IK225,=DR_IK225
DR BR32,=DR_IK295,=DR_IK295
DR BR33,"=DR_IK75,1","=DR_IK75,1"
DR BR34,=DR_IK147,=DR_IK147
DR BR35,"=DR_IK51,2","=DR_IK51,2"
DR BR36,=DR_IK91,=DR_IK91
DR BR38,"=DR_IK13,2","=DR_IK13,2"
DR BR39,=DR_IK31,=DR_IK31
DR BR40,"=DR_IK13,1","=DR_IK13,1"
DR BR41,"=DR_IK13,3","=DR_IK13,3"
DR BR42,=DR_IK58,=DR_IK58
DR BR43,=DR_IK249,=DR_IK249
DR BR45,=DR_IK340,=DR_IK340
DR BR46,=DR_IK291,=DR_IK291
DR BR47,=DR_IK39,=DR_IK39
DR BR48,=DR_IK101,=DR_IK101
DR BR49,=DR_IK83,=DR_IK83
DR BR50,=DR_IK158,=DR_IK158
DR BR51,=DR_IK215,=DR_IK215
DR BR52,=DR_IK299,=DR_IK299
DR BR53,=DR_IK301,=DR_IK301
DR BR54,=DR_IK300,=DR_IK300
DR BR55,=DR_IK105,=DR_IK105
DR BR56,=DR_IK70,=DR_IK70
DR BR57,=DR_IK238,=DR_IK238
DR BR58,=DR_IK298,=DR_IK298
DR BR59,=DR_IK78,=DR_IK78
DR BR60,=DR_IK330,=DR_IK330
DR BR61,=DR_IK98,=DR_IK98
DR BR62,=DR_IK329,=DR_IK329
DR BR63,=DR_IK26,=DR_IK26
DR BR63A,=DR_IK97,=DR_IK97
DR BR64,=DR_IK11,=DR_IK11
DR BR65,=DR_IK267,=DR_IK267
DR BR66,"=DR_IK241,2","=DR_IK241,2"
DR BR67,"=DR_IK149,1","=DR_IK149,1"
DR BR68,"=DR_IK153,1","=DR_IK153,1"
DR BR69,=DR_IK152,=DR_IK152
DR BR70,"=DR_IK365,4","=DR_IK365,4"
DR BR71,=DR_IK352,=DR_IK352
DR BR73,=DR_IK326,=DR_IK326
DR BR74,"=DR_IK241,1","=DR_IK241,1"
DR BR75,=DR_IK184,=DR_IK184
DR BR76,=DR_IK185,=DR_IK185
DR BR77,=DR_IK183,=DR_IK183
DR BR78,=DR_IK95,=DR_IK95
DR BR79,=DR_IK229,=DR_IK229
DR BR80,=DR_IK364,=DR_IK364
DR BR81,=DR_IK199,=DR_IK199
DR BR82,=DR_IK373,=DR_IK373
DR BR83,=DR_IK375,=DR_IK375
DR BR85,=DR_IK197,=DR_IK197
DR M1,ailmer ulfied,"Aðalmarr, Ulfgautr."
DR M2,ailmer i lundi,Aðalmarr in Lund.
DR M3,ailmer on lundi,Aðalmarr in Lund.
DR M4,ailmer lunti,"Aðalmarr, Lund."
DR M5,ailmer lundi,"Aðalmarr, Lund."
DR M6,alfkeR lunti,"Alfgeirr, Lund."
DR M7,alfr-k,Alfríkr.
DR M8,alfrik on lundi,Alfríkr in Lund.
DR M9,alfrik lundi,"Alfríkr, Lund."
DR M10,alkm on lund,<alkm> in Lund.
DR M11,almer i lundi,Aðalmarr in Lund.
DR M12,arkil,Arnkell.
DR M13,asfarþ lundi,"Ásfrøðr, Lund."
DR M14,asfarþ uki lunt,Ásfrøðr Young Lund.
DR M15,asmund lunt,"Ásmundr, Lund."
DR M16,asmunr i lunti,Ásmundrin Lund.
DR M17,asmuþ,Ásmóðr.
DR M18,asur,Ôzurr.
DR M19,asur pai i lundi,Ôzurr Peacock in Lund.
DR M20,asur pa lunti,"Ôzurr Peacock, Lund."
DR M21,atsor i lunti,Ôzurr in Lund.
DR M22,atsur i lundi,Ôzurr in Lund.
DR M23,atsir i lundi,Ôzurr in Lund.
DR M24,atsor on lundi,Ôzurr in Lund.
DR M25,atsor iutska,Ôzurr Jutlander.
DR M26,auer on lundi auer,"Ávarr in Lund, Ávarr."
DR M27,biorn i lundi,Bjôrn in Lund.
DR M28,boin on lundi,<boin> in Lund.
DR M29,bosi i lundi,Bósi in Lund.
DR M30,bofi i lundi bofi,"Bófi in Lund, Bófi."
DR M31,brunman on lundi,Brúnmaðr in Lund.
DR M32,brunman lundi,"Brúnmaðr, Lund."
DR M33,esbern,Ásbjôrn.
DR M34,eu--uebratr i lundi,...-brandr in Lund.
DR M35,fati on lundi,Fati in Lund.
DR M36,fati i lundi,Fati in Lund.
DR M37,koþbein on lunti,<koþbein> in Lund.
DR M38,koþrik lundi,"Guðríkr, Lund."
DR M39,koþuini on lundi,Guðvini in Lund.
DR M40,koþwini on lund,Guðvini in Lund.
DR M41,koþwin ...,Guðvin ...
DR M42,koþuini i lundi,Guðvini in Lund.
DR M43,koþuini : petrus,"Guðvini, Petrus."
DR M44,krimk-l i lunti,Grímkell in Lund.
DR M45,krimkil i lunti,Grímkell in Lund.
DR M46,kan-it i lunti,<kan-it> in Lund.
DR M47,kali on lundi,Kali in Lund.
DR M48,kali i lundi kali,"Kali in Lund, Kali."
DR M49,karl on lundi,Karl in Lund.
DR M50,karl on lundi,Karl in Lund.
DR M51,ketil i roini,Ketill in <roini>.
DR M52,lefsi on lundi,Lefsi in Lund.
DR M53,lefsi lunti,"Lefsi, Lund."
DR M54,lefsi i lundi,Lefsi in Lund.
DR M55,lifuini borbi,"Ljúfvini, Borgby."
DR M56,lefuine i lundi,Ljúfvini in Lund.
DR M57,mani lundi,"Manni/Máni, Lund."
DR M58,meinolf i lunti,Meinulfr in Lund.
DR M59A,mkleku(k)ii,...
DR M59B,mu?t(o)?i :,...
DR M60,naft???? i lundi naft,<naft????> in Lund ...
DR M61,norman lunti,"Norðmaðr, Lund."
DR M62,norman : i lunt,Norðmaðr in Lund.
DR M63,ouþbern lunti,"Auðbjôrn, Lund."
DR M64,ouþbern ...,Auðbjôrn ...
DR M65,peaitr i lund,Pétr in Lund.
DR M66 $,sarþa i lundi,Særða(?)/Serða(?) in Lund.
DR M67,sekrim on lundi,Sægrímr in Lund.
DR M68,siagrim,Sægrímr.
DR M69,seuina ulfieds frnta,"Sævini, Ulfgautr's kinsman."
DR M70,seuine i lund,Sævini in Lund.
DR M71,siguarþ i lundi,Sigvarðr in Lund.
DR M72,skakli i lundi,Skakli in Lund.
DR M73,skakli lunti,"Skakli, Lund."
DR M74,sumarleþi on lundi,Sumarliði in Lund.
DR M75,sumarleþi i lundi,Sumarliði in Lund.
DR M76,sumarleþi lunti,"Sumarliði, Lund."
DR M77,stein i lundi,Steinn in Lund.
DR M78,sturkr i lunti,<sturkr> in Lund.
DR M79,styrkar ...,Styrkárr ...
DR M80,suafa on lundi,Sváfi in Lund.
DR M81,suafa i lunti,Sváfi in Lund.
DR M82,suartabrat i lundi,Svartabrandr in Lund.
DR M83,suein ... ...,"Sveinn, ... ..."
DR M84,suein af lundi,Sveinn of Lund.
DR M85,suein af lundi,Sveinn of Lund.
DR M86,suein i lunti,Sveinn in Lund.
DR M87,suein i lundi,Sveinn in Lund.
DR M88,suein selanus,Sveinn Selanus.
DR M89 $,suein þorbi,"Sveinn, Þorbjôrn."
DR M90,suen re× tanorum,"Sveinn, King of the Danes."
DR M91,s...kel i lunti,S...-kell in Lund.
DR M92,s(r)taidul : ialebli,... ...
DR M93,toli i lunti,Tóli in Lund.
DR M95,þokr rokliiii,... ...
DR M96,þorkutr ... ...,Þorgautr ... ...
DR M97,þorkutr on lundi,Þorgautr in Lund.
DR M98,þurkut lunti-,"Þorgautr, Lund."
DR M99,þorkut i lunti,Þorgautr in Lund.
DR M100,þurkut lunti,"Þorgautr, Lund."
DR M101,þorgot i lundi,Þorgautr in Lund.
DR M102,þorgot lundi,"Þorgautr, Lund."
DR M103,þorgot þorg--,"Þorgautr, Þorgautr."
DR M104,þorkil rek i lundi,Þorkell (the) Warrior in Lund.
DR M105,þorkil i lunti,Þorkell in Lund.
DR M106,þurkil ...,Þorkell ...
DR M107,þurkil þurkil,"Þorkell, Þorkell."
DR M108,þorsten on lunti,Þorsteinn in Lund.
DR M109,þorstein i lundi,Þorsteinn in Lund.
DR M110,þorstein lunti,"Þorsteinn, Lund."
DR M111,þorstain i lundi,Þorsteinn in Lund.
DR M112,þorþ lundi,"Þórðr, Lund."
DR M113,þorþ a mik,Þórðr owns me.
DR M114,ubein : ... ...,Óbeinn ... ...
DR M115,ufi i lundi ufi,"Uffi in Lund, Uffi."
DR M116,ulf litla on lunti,Ulfr Little in Lund.
DR M117,ulf i lundi,Ulfr in Lund.
DR M118,ulkil ...,Ulfkell ...
DR M119,ulkil on lundi,Ulfkell in Lund.
DR M120,ulkil i lundi,Ulfkell in Lund.
DR M121,ulkil lundi,"Ulfkell, Lund."
DR M122,ulkil lundi,"Ulfkell, Lund."
DR M123,ulkil i lundi,Ulfkell in Lund.
DR M124,uma-ut : i lundi,<uma-ut> in Lund.
DR M125,u(l)kil ...,Ulfkell ...
DR M126,uoil on lundi,Ulfkell in Lund.
DR MNOR2002;11A,+ þorstein ... ...und-,Þorsteinn in Lund
DR MNOR2002;11B,+ ailm-r - lund·i · ...,Ailmar in Lund ...
DR MNOR2002;11C,+ alfkeiR ... ...untii,Alfgeirr in Lund
DR MNOR2004;9,+ su-in ÷ -or-ii,"Sveinn, Þorbjôrn"
DR Til1 M,-þorkh,<fuþorkh>
DR Til2 M,fuþork-,<fuþorkh>
DR Til3 M §A,amo^ræmm : e(l)... þhækko ÷ staa^r ÷ t-... §B a^go auro : uos ÷ ...-(l) ÷ sa^nro^r(o)^(n) · gasdaer a^ng...,Love ... ... ... ... §B with gold I drive you ... ... ... ...
DR Til4 M §A,...im ¶ ...onho ¶ ...nmhm^(l)o ¶ ...hil(s)h §B noro... ¶ hlþoh... ¶ horþ(l)...,... ... ... ... §B ... ... ...
DR Til5 M §A,bøndi × ris×ti × mal×runu §B araR × ara × æru × fiaþraR (×),"Bóndi carved runes of speech, §B eagle's oars are the feathers."
DR Til6 M,ia^ko^b,Jakob.
DR Til7,$M l(i)-(l)a(t)(i)sartam(a)l(u)(k)i(k)koi--/---l-(i)-(u)artam-l---koi-- ¶ bariumfut(g)(æ)t(a)^um/bariumkutgæta^um,$M ... ...
DR IK8 U,laukaz,Leek.
DR IK9 U,-a,...
DR IK11,$U (e)h^e ik akaz fahi,"$U (Dedicated) to the horse. I, Akaz/Fakaz coloured."
"DR IK13,1",$U §P lauz ÷ owa ¶ zlut : eaþl §Q (h)^(a)uz goþ a ¶ z lute a þl,"$U §P Leek? ... ... ... §Q Listen, god, to whom/when one bends towards the ground!"
"DR IK13,2",$U §P ...(a)uz ÷ owa ¶ zlut : eaþl §Q ...(a)uz goþ a ¶ z lute a þl,"$U §P Leek? ... ... ... §Q Listen, god, to whom/when one bends towards the ground!"
"DR IK13,3",$U §P l(a)uz ÷ owa ... ... §Q (h)^(a)uz goþ a ... ... ... ...,"$U §P Leek? ... ... ... §Q Listen, god, to whom/when one bends towards the ground!"
DR IK25 U,h{T}hlt ¶ ll,... ...
DR IK26 U,tanulu : al ¶ laukaz,"Tanulu? ale?, leek."
DR IK31,$U het-(f)a-iku-iu(þ)(ñ)z(þ)owl(f)-ir(þ)zho-...,$U ...
DR IK39 U,ïlw- ¶ ??????,... ...
"DR IK41,1 U",ara-- ¶ tika ------,Ara/Arang am I called ...
"DR IK41,2 U",ara-- ¶ tika ------,Ara/Arang am I called ...
DR IK42 U,frohila laþu,Froila invitation.
DR IK43 U,niujil ¶ alu,Niujila ale.
"DR IK51,2 U",undz,...
"DR IK51,3 U",undz,...
DR IK55 U,ota,fear
DR IK58,$U §P ho(u)az ¶ laþu aaduaaalii(u)- ¶ al(u) §Q houaz ¶ laþu aa duaaalii(a) ¶ al(u),"$U §P HouaR invitation ale. §Q (You) Houhaz, Invitation of great-grandfather: Ale!"
DR IK61 U,la,...
DR IK70 U,--etur fahide laþo þmh(l)(s)iiaeiaugrs(þ)nbkeiaz,... coloured invitation ...
"DR IK75,1 U",t e d o ¶ luz þ-,... ... ... ... leek? ...
"DR IK75,2 U",t e d o ¶ luz þ-,... ... ... ... leek? ...
"DR IK75,3 U",t e d o ¶ luz þ-,... ... ... ... leek? ...
DR IK78 U,alu,ale
DR IK83 U,laþu,invitation
DR IK91 U,(g)ui,...
"DR IK94,1 U",lït,...
"DR IK94,2 U",lït,...
DR IK95,$U sndi(l)iuuul-i-isius(a)hs(a)lt^a,$U ...
DR IK97 U,alu,ale
DR IK98 U,hariuha haitika ÷ farauisa ÷ gibu auja ÷ ?,"Hari<uha> am I called, the danger-wise, I give luck. ..."
DR IK99,$U ku-,$U ...
DR IK101 U,foslau,...
DR IK105 U,salu salu,tradition tradition
DR IK110,$U §P fuþarkgwhnelat-(t)suao-(u) §Q fuþarkgw hgela ta a -suao a^l(i),$U §P <fuþarkgwhnijpïzstbemlñdo> §Q <fuþarkgw> (= signal for religious content to follow): All upright people to the dear godess’ (= Freyja’s) sanctuary.
"DR IK129,2 U",lae:t÷ozrï ¶ l(ï)ïaþzet,... ...
DR IK135 U,hag ¶ alu,... ale
DR IK140,$U §P (þ)r(k)gw(h)^(n)ela-(a)-sulo-h §Q þrtgþ h^agela a^la a asulo a^lh,$U §P ... §Q (Prayer on the) thirtieth (day): All upright people to the dear godess’ (= Freyja’s) sanctuary.
DR IK142 U,uz- ¶ awiri ¶ (z)ahs(w)ia,... ... ...
DR IK145 U,ara--- ¶ tiua------,... ...
DR IK147 U,lzo-(l),...
DR IK148 U,ihhhu(d)uuzead(f)iiuhwsh-aiiuzm(l)hþila(l)(u)----z,...
DR IK148EM85;520B,=DR_IK148,=DR_IK148
"DR IK149,1 U",laþu lauk^az · g^ak^az alu,"Invitation, leek, ..., ale."
DR IK152 U,ota,fear
DR IK153,"=DR_IK153,1","=DR_IK153,1"
"DR IK153,1",$U fuþr,$U fuþarkgw(?)
"DR IK154,1 U",...,...
"DR IK154,2 U",...,...
DR IK158 U,(a)uauu,...
DR IK161 U,auja alawin auja alawin auja alawin jalawid,"Luck, Alawin! Luck, Alawin! Luck, Alawin! ..."
"DR IK162,1 U",lizaiwui ¶ ildaituha,... ...
"DR IK162,2 U",lizaiwui ¶ ildaituha,... ...
DR IK163 U,niuwila ¶ lþu,Niujila invitation.
DR IK165 U,uï? ¶ ...,horse ...
DR IK166 U,lauk^az ¶ alu,Leek ale.
DR IK183 U,...,...
DR IK185 U,ota,fear
"DR IK194,1EM85;520A","=DR_IK94,1","=DR_IK94,1"
DR IK197 U,e^lwwjae^kk?liïuhu--- jk ¶ ?jk?aïks-,... ... ...
DR IK199 U,tlu,...
DR IK215 U,g ¶ t,... ...
DR IK225 U,uiþuluhng ¶ uoiwhug,... ...
DR IK229,†U [lkaz],†U ...
DR IK237,†U [tþad l-ita],†U ... ...
DR IK238 U,ul,...
"DR IK241,1",$U §P f-hidu (u)uilald uuigaz e^erilaz §Q f-hidu (h)uila(l)du uigaz e^| |^erilaz,"$U §P I Wigaz, the eril, painted the artifact. §Q Coloured red (with sacrificial blood) (are/may be) the resting-people (= the dead)! The sanctifier (am) I, the eril."
"DR IK241,2",$U §P f-hidu (u)uilald uuigaz e^erilaz §Q f-hidu (h)uila(l)du uigaz e^| |^erilaz,"$U §P I Wigaz, the eril, painted the artifact. §Q Coloured red (with sacrificial blood) (are/may be) the resting-people (= the dead)! The sanctifier (am) I, the eril."
DR IK249 U,n(e) ÷ tbllll,... ...
DR IK251 U,: lalllltigþtluuuugl--þls?o-la(u)ilatl,...
DR IK255 U,lalgwu ÷,...
DR IK267 U,?(l)kaz,leek
DR IK289 U,(l)l-- ¶ iual(u),... ...
DR IK291 U,ea,...
DR IK295,$U {C}--(s)bz n(k)a(w)i{IN}nu---(o)-i---,$U ... ...
DR IK298 U,(l)akz,leek
DR IK299 U,oa ¶ se(j)s(z)ul ¶ aualhz,... ... ...
DR IK300,$U §P tlþ?lfhis ¶ ho·z ¶ all §Q hoz ¶ si huu uilt ¶ alu,"$U §P ... Ho[ua]z ale. §Q (You) Hoz, May the family be according to wish (= kindly disposed)! Ale!"
DR IK301 U,(l)kaz,leek
"DR IK312,1",$U §P -uþaþit-ih -ilald (t)-uiuu-(t)w- §Q a^luþa þit (s)i huilalda^| |^aï uiu u(e)a aþa^l,$U §P ... artifact ... §Q Of the ale this will be the resting-people’s (= the deads’): (for?) ever I sanctify abode of the gods.
"DR IK312,2",$U §P -uþaþit-ih -ilald (t)-uiuu-(t)w- §Q a^luþa þit (s)i huilalda^| |^aï uiu u(e)a aþa^l,$U §P ... artifact ... §Q Of the ale this will be the resting-people’s (= the deads’): (for?) ever I sanctify abode of the gods.
"DR IK312,2EM85;521","=DR_IK312,2","=DR_IK312,2"
DR IK326 U,{CCI(S)}(t){ISI}----{SISISI} · {SSISICS},... ...
DR IK329 U,l{DN}u{MIS}? ¶ {DCN}?{A}??,... ...
DR IK330 U,(l)kaz,leek
DR IK340 U,ek fakaz f,I Fakaz coloured.
DR IK341 U,?uiniz ik,Friend I (am).
DR IK352 U,e^hw-,(Dedicated) to the horse.
DR IK353 U,lþdllu ¶ uldaul,... ...
DR IK357,$U ----,$U ...
DR IK358 U,l-uu,...
DR IK364 U,þul/luþ,.../...
"DR IK365,4 U",ee^lil,(Dedicated) to the horse (?)
DR IK373 U,tu ¶ llul,... ...
DR IK375 U,-h- ÷ ktilaz h-- ¶ lre-...-l,... ...-ilaz ... ...
DR IK384 U,{NIC}l---l[I]lþl[IP}ll(l)-,...
DR IK392 U,(f)uþar,<fuþarkgw>
DR IK393,$U ditlllihnl?uus(k)glþ---,$U ...
DR IK394,$U ...(l)uw,$U ...
DR IK512 U,(l)-h(l)(w),...
DR IK578 U,ota,fear
DR IK585 U,nh?þ?(l)(l) ¶ a(u)þr(k)(f),... fuþarkgw(?)
DR IK591 U,sima(þ)ina ¶ alu,... alu
DR IK610,$U fwgtuo(t)daþuuragao(t)dþa?u/-aikufwgtuo-da-u(u)ragao-d,$U ...
DR IK611,$U ...t...,$U ...
DR IK625 U,uþlll,...
DR IK647 U,uþa-i--u-e(l)a(l)d(a^a)erui-al,...
DR IK649 U,a alu l,... ale(?) ...
DR IK650 U,ïz,...
DR EM85;88 U,hagiradaz ÷ tawide ÷,Hagiradaz made.
DR EM85;93,$U witr(o),$U Witro
DR EM85;123,$U §P alugod §Q alu god,$U §P Alugodo §Q Alu god.
DR EM85;126,$U -ara(f)n(i)s-,$U Warafnisa(?)
DR EM85;128A,$U ek unwod(z),"$U I, Unwodz."
DR EM85;128B,$U §P (w)iduhudaz §Q ... (w)iduhudaz,$U §P Widuhundaz §Q ... Widuhundaz
DR EM85;129,$U bidawarijaz talgidai,$U Bidawarijaz/Bindawarijaz shaped.
DR EM85;133,$M iiiþiiþiiiiiþiipiii,$M ...
DR EM85;151A,Ausu(t).../husu(m)...,<ausut...>/<husum...>
DR EM85;151B $ §P,ulfuR Auk uþin Auk HutiuR ' HiAlb buris ' uiþR ¶ þAiMA uiArki Auk tuirkuniG buur §Q ulfuR Auk uþin Auk HutiuR ' HiAlb buri (i)s uiþR þAimA ¶ uiArki Auk tuirkuniu buur §R ulfuR Auk uþin Auk HutiuR ' HiAlb buri (i)s uiþR ¶ þAiMA uiArki Auk tuirk unin buur,Ulfr and Óðinn and Hydyr ... ... against that pain and ... ... §Q Ulfúrr and Óðinn and Hátyr are help for Burr against these: pain and dwarfstroke. Burr. §R Ulfr and Óðinn and Há-<tiuR>. Help is <buri> against that pain. And the dwarf (is) conquered. Bour(r).
DR EM85;160 U §P,futis §Q kutis,... §Q Gutir's/Gotir's
DR EM85;161,$U? §A ...-jhiltn-/...-Ahiltn-/...-sHilta §B t(m)/t(M),$U? §A .../.../... §B .../...
DR EM85;221,... : b(a)si : karþi : kubl ¶ ...---la : i :,... Bassi made (the) monument ... ...
DR EM85;239,þurkutru × sati : stin ¶ þinsi : aftiR halftan ÷ fauþur : sin ¶ þþþuuu?nnn?,"Þorgautr/Þorgunnr placed this stone in memory of Halfdan, his/her father ..."
DR EM85;265,þurkil ' suiþbalki : ris(þ)- --in : þinsi (:) ...¶R : tuka : (f)a--- --n ¶ iR : s(k)... ...,"Þorkell Trouble-maker(?) raised this stone in memory of Tóki, his father who ... ship(?) ..."
DR EM85;274,°,°
DR EM85;306 $ §A,þurkutr : þurkus ' ¶ tutiR : þkuþulfs : sunaR (:) ¶ sati : stin : þosi : iftiR : busa §BP uir sin : tiþita : mon : muaR : h-... ¶ : tutur : §BQ uir sin : tiþita : mon : muaR : h-... ... ¶ : tutur :,"Þorgunnr, Þorgautr's daughter, son of ÞjóÞulfr, placed this stone in memory of Bósi, §BP her husband, a herald(?) <muaR> ... daughter. §BQ her husband. The gravity of the event will grieve [Þorgautr's(?)] daughter."
DR EM85;308,: auk : ift : omunta · ¶ : sunaR : sun : sin ·,"And in memory of Ámundi, his son's son."
DR EM85;312,þurkutr : risþi : stin : þonsi : iftiR : osuiþ : faþur : sin : hon : uai : fan ÷ arskab ÷ ¶ miþ ÷ ilta ÷ sunum,Þorgautr/Þorgunnr raised this stone in memory of Ásviðr his/her father. He woefully encountered maleficence with Eldi's sons.
DR EM85;343 $,...rnils : auk : fuluki : þ... ... ...sa : stein : þana : eftiR : þormar : buoþur : si...,"Arngísl and Fullugi, they [had] this stone raised in memory of Þormarr, their brother."
DR EM85;348 $ §A,sikasuaio §B þurufiriþi likaþi,<sikasuaio> §B polished for Þorfríðr.
DR EM85;355,likasisakasi,...
DR EM85;356,÷ kukukuburRikikiki ÷ i--(a)--lh(n)i(f)ka : uiRsiiue :,... ... ...
DR EM85;361,hik'uin,Hegvin
DR EM85;370A,=DE_EM85;370,=DE_EM85;370
DR EM85;370B,þlua nuta,... ...
DR EM85;371A §A,÷ safuR ÷ sofu ÷ hiþini ÷ fiui ÷ ¶ ÷ faki ÷ kl §B ÷ fuþorkhniastbmlR ÷ ¶ ÷ kuka ÷ kuikui ÷ saoR,... ... ... ... ... ... §B <fuþorkhniastbmlR> ... ... ...
DR EM85;371B $ §PA,raþi ' utlfR ' utufR ' sati ' auriki ' itarku ' in ' aurik ' salti ' utlfi ' utur §PB auþikR ' bion ' fur ' uk ' þat ' fu : suiarþ : -lt ' ul---li : kafiþu : at : ualR ' okiu : likR ÷ §PC ... : nu : suiarþ : ilt §QA raþi ' ut lfR ' ut ufR ' sati ' auriki ' i tarku ' in ' aurik ' salti ' ut lfi ' utur §QB auþikR ' bion ' fur ' uk ' þat ' fu : suiarþ : -lt ' ul- --li : kafi þu:at : ualR ' okiu:likR ÷ §QC ... : nu : suiarþ : ilt,"Let Oddulfr interpret! Let Oddulfr send Auðríkr/Eyríkr ... ... Auðríkr/Eyríkr ... Oddulfr ... §PB <auþikR> ... ... ... ... ... wretched sword <ul---li> ... ... ... ... ... §PC ... now wretched sword. §QA May Ulfr overcome the wound! Ulfr placed a wound in Auðríkr's shield, but (for that) Auðríkr gave to Ulfr a wound right through (his body); §QB (The) unbearable evidenced (its) character (after the) sore because of that cut from (a) wretched sword. Let the staff of oppression nevertheless effect §QC ... now (a) wretched sword."
DR EM85;377 $,bilik^r raisti af- skrauta st(a)in þina,Billingr raised this stone in memory of Skrauti.
DR EM85;392 $,+ fadi : i lynti ÷,Fati in Lund.
DR EM85;422A M,as(s)ir,Ôzurr
DR EM85;422B M,pætar,Pétr
DR EM85;422C M,amen,Amen
DR EM85;427,†M §P [iesus nasarenus] §Q [+ isu-------],†M §P Jesus of Nazareth §Q ...
DR EM85;430A,$M ...(i)(u)-(i)(s)(i)(a)...,$M ...
DR EM85;430B,$M kandælabrum,$M candelabrum
DR EM85;430C M,u^uillælmus,Wilhelmus
DR EM85;430D M,iohai,Jóhannes
DR EM85;432A,$M ' tomas ' prest ' biþ ' fo^ri ' mik :,$M Priest Thomás pray for me.
DR EM85;432B M,godefridus : nafuam,Godefridus <nafuam>
DR EM85;432C M,{D} iasobus ru/ry,{Dominus} Iacobus <ru/ry>
DR EM85;432D M,kar,vessel
DR EM85;432E M,iako^b,Jakob
DR EM85;432F M,fuþorkhniast(b)R--(-),<fuþorkhniastbmlR>
DR EM85;432G M,ræhni... ...k kristina : s--ns ... ¶ guþ : o^k : uor : fruha ...m...,Ragnhildr(?) ... Kristína ... ... God and Our Lady ...
DR EM85;432H M,gesus k^rist ¶ -ni ÷ þan ær mik ÷ skref,Jesus Christ ... he who wrote me.
DR EM85;434A M,topi,Tópi
DR EM85;434B,$M §P ni mess(i)- -- uim missam §Q nimess(u)- (o)(u)(i)mmiss(a)m,$M §P unless he reaped the dispatched power(?) §Q ... ...
DR EM85;434C M,mnrin ' oun ' mnrin :,"Mary, hail Mary."
DR EM85;434D M,oraba^þ iudas ... ...(?),Judas prayed ... ...
DR EM85;434E M,oraba(t) iutas -,Judas prayed ...
DR EM85;434F,$M --a^r ' bæi---htæ (') sui,$M ... ... ...
DR EM85;434G M,a^ue : m-r--,Hail Mary.
DR EM85;434H M,uerbum (D)onumis,The word of God.
DR EM85;434I,$M nikula(-),$M Nicholaus.
DR EM85;434J M,bæne(d)i(k)tis,Benedictus/Blessed one/ of the blessed one.
DR EM85;434K M,monakus,Monk/ Monacus.
DR EM85;434L,$M (þ)ætte o^r ÷ skr(e)fi(d) ¶ -f ba^ssæ,$M This is written by Bassi.
DR EM85;434M,$M sk--,$M ...
DR EM85;434N,$M as(o) ' r---s,$M ... ...
DR EM85;434O,$M eb(s)esæ,$M ...
DR EM85;434P,$M g-i ÷ si(f)---...,$M ... ...
DR EM85;434Q,$M s(u)-ia ' (t)--(s),$M ... ...
DR EM85;434R,$M -oka-,$M ...
DR EM85;434S,$M (r)(a)--... ¶ (þ)^(u)ra,$M ... Þóra(?)
DR EM85;438A M,...,...
DR EM85;438B,$M -- ma^ria (k)ra^kia,$M [Hail] Mary [full of] grace.
DR EM85;438C M,pæ-(r)us,Petrus
DR EM85;438D M,ruffus,Ruffus
DR EM85;438E,$M auæ : ma^ria : gra^kia : plena ...,$M Hail Mary full of grace ...
DR EM85;438F,$M pet(r)us iohannes simen/s(e)mp- fib/(i)b,"$M Peter, John, Simon/semper (always?) ..."
DR EM85;438G,$M ...ko : simen : (e)st : --(f)usa (:) m-(k)-(a),$M I say Simon is ... ...
DR EM85;438H M,fuþørk h,<fuþork hnias>
DR EM85;438I,$M (s)a misael,$M Saint Michael
DR EM85;438J M,riska : dit(æ)ma,... ...
DR EM85;438K,$M (t)u^r--e-(u)s,$M ...
DR EM85;438L,$M s(l)(a)^(k)at(u)us,$M ...
DR EM85;438M M,fuþork,<fuþork>
DR EM85;438N M,sa^nte ' o^lo^f biþ fyr mik,Saint Ólafr pray for me!
DR EM85;439A M,o^lof ¶ o^lof,Ólafr Ólafr
DR EM85;439B M,fuþø(r)k(h)(a),<fuþorkhnias>
DR EM85;439C M,tihlsten,brick
DR EM85;440A M,fuþorkhn ¶ ÷ þidrik,<fuþorkhniast> Þjóðrekr
DR EM85;440B M,fuþor,<fuþork>
DR EM85;458A M,fuþørkhninstbm,<fuþorkhniastbmly>
DR EM85;458B M,fuþorkhniastbmlR,<fuþorkhniastbmlR>
DR EM85;458C M,fu,<fuþork>
DR EM85;458D M,fuþnkhi,<fuþorkhnias>
DR EM85;459A M,k(l)aþkakkþkþk,...
DR EM85;459B M,øssa,bones
DR EM85;459C M,---(b)(u),...
DR EM85;459D M,---- ---...,... ...
DR EM85;459E M,fta(s)n,...
DR EM85;459F M,uþo-,<fuþork>
DR EM85;460A M §A,tutaþorere §B æ????ra???,... §B ...
DR EM85;460B M,m-- (·),...
DR EM85;460C M,sia,...
DR EM85;460D M,ni/in,...
DR EM85;461A,$M §A kø(e)phlu(e)(æ)lit pø §B fkøkþr- pø,$M §A ... Pái(?)/Búi(?) §B <fuþork> Pái(?)/Búi(?)
DR EM85;461B,fuþokr,<fuþork>
DR EM85;462A $ §A,...(k)kuuunkastitub §B knif ' melti :,... §B the knife spoke.
DR EM85;462B $,...kuuunkaiii,...
DR EM85;462C,$M? ...(i)(t)ønkugi : urat funti,$M? ... shook (the) encounter(?) / font(?)
DR EM85;462D $ §A,sibi : sitr : m(i)þ : asa §B fur : asau :,Sibbi sits <miþ> Ása §B ... ...
DR EM85;463A $,uakan : luh : ¶ : fa : nu : þa,... ... ... ... ...
DR EM85;463B,fuþtramR hnki b...,May the cunt-demon arrange(?) ...
DR EM85;464 M §A,...(a)rþi- · meþ · hesti · r^øþa... §B ...hki · sbata · arkr (·) ...,... with (a) red horse §B ... spavin(?) maleficent(?) ...
DR EM85;466A $,-ni : mma,... ...
DR EM85;466B,$M fuorkhniastbmlR þork(æ)l/þork(e)-/þork-- ·,$M <fuþorkhniastblmR> Þorkell/Þorgnýr
DR EM85;468 M,aue : ma...,Hail Mary.
DR EM85;469 M §A,bøui a §B k^hrifil,Bófi owns §B (the) stylus.
DR EM85;470A M,· skefnikr ·,glove-needle
DR EM85;470B M,ræþ| |þu : runær : þer : bæ : risti,Interpret the runes which Pái carved.
DR EM85;470C,fuþrk(h)ai(n)s(l),<fuþorkhniastbmlR>
DR EM85;471 M,tinbl:bein,twining-bone /...-bone
DR EM85;472,ulfkil,Ulfkell.
DR EM85;474A M,bikk^a^r ¶ fa^r(u)n-,Beaker ...
DR EM85;474B M,in nomine patris æþ filii æþ spiri... ...,"In the name of the Father, the Son and the [Holy] Ghost."
DR EM85;475A,$M §P karm ¶ mail ¶ umail §Q garm ¶ -m(a)^(k)i a^l ¶ umal,$M §P ... ... ... §Q Garmr (protect the) sword from all(?) curses(?).
DR EM85;475B,$M §PA ...--hrinsniþla^b(m)???? : li? ¶ ?? §PB ?????? ????????? §QA -- hrensliþ la^b(m)<tb(i)(a)^(u)>liD ¶ þþ §QB o^l^a^u/o^l^u^n o^l^a^u/o^l^u^n o^l^a^u/o^l^u^n o^l^a^u/o^l^u^n o^l^a^u/o^l^u^n o^l^a^u/o^l^u^n ????o??hu,$M §PA ... ... ... §PB ... ... §QA ... (sword)sheath of reindeer ... ... §QB Ólafr(?)/mackerel(?) Ólafr(?)/mackerel(?) Ólafr(?)/mackerel(?) Ólafr(?)/mackerel(?) Ólafr(?)/mackerel(?) Ólafr(?)/mackerel(?) ...
DR EM85;478A,=DR_Schl9,=DR_Schl9
DR EM85;478B,=DR_Schl8,=DR_Schl8
DR EM85;478C,=DR_Schl10,=DR_Schl10
DR EM85;479A,=DR_Schl13,=DR_Schl13
DR EM85;479B,=DR_Schl12,=DR_Schl12
DR EM85;480A,=DR_Schl14,=DR_Schl14
DR EM85;480B,=DR_Schl11,=DR_Schl11
DR EM85;480C,=DR_Schl4,=DR_Schl4
DR EM85;484,=DR_Schl3,=DR_Schl3
DR EM85;493 M §A,+ io^rþ ÷ biþ a^k ÷ ua^rþæ ÷ o^k ÷ uphimæn ÷ so^l ÷ o^k ÷ sa^nt^æ maria ÷ o^k ÷ salfæn ÷ gud| |drotæn ÷ þæt han ÷ læ mik ÷ læknæs÷ha^nd ÷ o^k lif÷tuggæ ÷ at^ ^liuæ §B uiuindnæ ÷ þær ÷ botæ ÷ þa^rf ÷ or ÷ ba^k ÷ o^k or brRst ÷ or lækæ ÷ o^k or lim ÷ or øuæn ÷ o^k or øræn ÷ or ÷ a^llæ þe ÷ þær ÷ ilt ÷ kan i at §C kumæ ÷ suart ÷ hetær ÷ sten ÷ ha^n ÷ stær ÷ i ÷ hafæ ÷ utæ ÷ þær ÷ ligær ÷ a ÷ þe ÷ ni ÷ no^uþær ÷ þæ¶r ÷ l---r(a) ÷ (þ)en-nþþæþeskulhuærki §D skulæ ÷ huærki ÷ søtæn ÷ sofæ ÷ æþ ÷ uarmnæn ÷ uakæ ÷ førr æn ÷ þu ÷ þæssa ÷ bot ÷ biþær ÷ þær ÷ a^k o^rþ ÷ at kæþæ ÷ ro^nti ÷ amæn ÷ o^k þæt ÷ se +,"I pray Earth to guard and High Heaven, the sun and Saint Mary and Lord God himself, that he grant me medicinal hands and healing tongue to heal §B the Trembler when a cure is needed. From back and from breast, from body and from limb, from eyes and from ears, from wherever evil can §C enter. A stone is called Svartr (black), it stands out in the sea, there lie upon it nine needs, who ... ... §D shall neither sleep sweetly nor wake warmly until you pray this cure which I have proclaimed in runic words. Amen and so be it."
DR EM85;516A M,uk ... s(a)ul ... a ...,... ... ... ... ... ...
DR EM85;516B M,a^u^e m^aria,Hail Mary.
DR EM85;516C,$M ð-^rs^n : ku-(-),$M ... ...
DR EM85;516D M,... ... ...,... ... ...
DR EM85;516E M,(n)a^nnaba^r(i)s---mo^t---- ÷ ¶ (p)(a)(t)(æ)(r),... Father.
DR EM85;516F,$M g^u^þ ÷ g^(ø)-æ ÷ t^ho^rlis^h ÷ o^r ÷ hæræ ÷ s^tat ÷ t^he^r ÷ pet^(e)^r ÷ s^(u)(a)^(l)^(e) ÷ m^æ^s ÷ s^s^re^f ÷ a^m^(e)(n),$M God ... Þorleikr of Hær. Stand there! Pétr Swallow wrote me. Amen.
DR EM85;516G,$M ma^rgaræta ',$M Margareta
DR EM85;516H M,b-----,...
DR EM85;516I M,(t)bar(e)æu,...
DR EM85;516J M,t^y(i)-k,...
DR EM85;516K M,a^u^æ m^a^r a^fs^h^t(u)^k-,Hail Mary ...
DR EM85;522 M,uþorkh,<fuþorkhnias>
DR EM85;523A,†$M [...kiri-(s)o],†$M ...
DR EM85;523B $,: tu(s)(t)i : uk : osbiurn : rsþu : stin : þonsi : (a)ft : tufa ¶ : bruþur : (s)(i)(n)/---...,"Tosti and Ásbjôrn raised this stone in memory of Tófi, their brother/..."
DR EM85;524 M,fuþ,<fuþork>
DR EM85;528 M,fuþ,<fuþork>
DR EM85;531 $,(þ)(u)... ... s-(i)(n) (þ)(o)si ...-- : urik : buþur : sin :,"... ... this stone [in memory of] Auðríkr, his brother."
DR EM85;533A,$M RþrrRbn/mþ(b)(b)mb-,$M .../...
DR EM85;533B M,(u)tkl · æt · æ(s)(h),... ... ...
DR EM85;533C M,fuþorkhniaslbm-,<fuþorkhniastbmlR>
DR EM85;533D M,fuþorkh,<fuþorkhnias>
DR EM85;533E M,fuþ,<fuþork>
DR EM85;533F M,...l(u)--,...
DR EM85;533G M §A,mmmmmmmmmmmmmmmmmm §B fuþ mmmmm(m),... §B <fuþork>(?) ...
DR EM85;533H M,i · fuþ ·,... <fuþork>
DR EM85;534 M,o^la^uus mæ pos(i),Olavus owns me.
DR EM85;534A,=DR_EM85;534,=DR_EM85;534
DR EM85;534B,=DE_EM85;534,=DE_EM85;534
DR EM85;537A M,þlunl(b)(k)i(i) + (l)nkþr(u)k(s)þ,... ...
DR EM85;537B M,fuþo,<fuþork>
DR EM85;538A M,a(u)kt/-ankt,.../saint.
DR EM85;538B M,(u)(þ)ru(s),...
DR EM85;539,=DR_EM85;539B,=DR_EM85;539B
DR EM85;539A,°,°
DR EM85;539B M,nikolaus,Nicholaus.
DR EM85;541A M §A,nomina (s)-(i) ¶ f ' þt : m na §B r(æ)isokna,names ... ... ... ... ... §B ...
DR EM85;541B M,bo,Búi
DR EM85;547,M? ...-(t)u ... ... ... (u)(t)(r) ·,M? ... ... ... ... ...
DR EM85;549A M,krist,Christ
DR EM85;549B M,kri-,Christ(?)
DR EM85;549C M,bi,...
DR EM85;550,$M §A mþ(y)r §B m(y)i,$M §A ... §B ...
DR ATA5000/45,U? §A ...(?)????... §B ...?????...,U? §A ... §B ...
DR ATA4150/83 M,...,...
DR ATA411-5119-1998 M,t t t^ak ' tuku,... ... take took(?)
DR ATA322-1227-2007 M,i(o)(f)o^r-(e)s---u--a^b(k)(t) ÷ ...--m ÷ a--(u)^ottiþit^a ÷ ba^u---(l) : o(n)--,... ... ... ... ...
DR ATA322-1309-2007 M §A,(m){(P)}--o(k)- §B (r)(k)-(m){(K)}-(k),... §B ...
DR ATA322-1866-2012A M §A,boþrpi ' ¶ b-rbr- ¶ þr-- ¶ ----------- §B þr-bþr ¶ b-þprh,... ... ... ... §B ... ...
DR ATA322-1866-2012B M §A,... ¶ ... §B ... ¶ ...,... ... §B ... ...
DR AUD1988;205A M §A,æ-Rmhohtlanæ ¶ moutþf(h)laro-(-) §B ki-fia(R)mRlah ¶ laouþRmohsi(f),... ... §B ... ...
DR AUD1988;205B M §A,andres -ba:abaka(l)aba ¶ (a)bakala-rrariu(s) §B liber(a) -(a)fa + al(f)a + ¶ andres o +,Andres abracadabra(?) abracadabra(?) §B liberate ... alpha Andres omega.
DR AUD1988;205C M,ubbi ÷ urþ(a)-,Ubbi ...
DR AUD1988;205D M,a- maria,Hail Mary
DR AUD1988;205E M,...-a^r(i)b(a)---,...
DR AUD1988;205F M,...,...
DR AUD1989;222,× tulkr : r(i) (·),Tulkr/Tolkr carved
DR AUD1992;259 M §A,iuan ma-... ¶ maþeus ... §B h(s)- ¶ ...kisnm(k) ¶ ... aga ga^la,"John Mark(?) Matthew ... §B ... ... ... agla gala ('agla' = Thou art strong in eternity, Lord)"
DR AUD1992;260,M? ÷ ÷ -sæl ÷ (þ)(l)(f),M? ... ...
DR AUD1992;261,$SENTIDA ¬,$SENTIDA ¬
DR AUD1993;261,kþ^niiisþ^nþs,...
DR AUD1993;263 M §A,...(m)(k)(i)t^n(f) : (t)g--on(-)o--(-)-(m)h- ¶ ...o : pat^r(i)^s ----... ¶ ---(r)-gramato^n : krist--- ... §B ... ¶ ... ¶ ...,... ... ... Father ... Tetragrammaton: Christ(?) ... §B ... ... ...
DR AUD1993;265 M §A,+ --(-)---nes markus (l)ukas + §B + -t(a)(s)(n)sius : gr^amaton,"John, Mark, Luke. §B Dionysius(?) Tetragrammaton."
DR AUD1993;266 M §A,... §B ...,... §B ...
DR AUD1993;267 M §A,... §B ...,... §B ...
DR AUD1993;268 M,ruþ,...
DR AUD1993;A,=DR_AUD1993;261,=DR_AUD1993;261
DR AUD1993;B,=DR_AUD1993;263,=DR_AUD1993;263
DR AUD1993;C,=DR_AUD1993;265,=DR_AUD1993;265
DR AUD1993;D,=DR_AUD1993;266,=DR_AUD1993;266
DR AUD1993;E,=DR_AUD1993;267,=DR_AUD1993;267
DR AUD1993;F,=DR_AUD1993;268,=DR_AUD1993;268
DR AUD1994;266 U,lua,alu(?)
DR AUD1994;268,=DR_IK578,=DR_IK578
DR AUD1994;269A M,kuþ,God
DR AUD1994;269B M §A,a^yf^r? §B ????,... §B ...
DR AUD1995;275,$U h^arkil(a)z ' ahti ¶ anul(a),$U Harkilaz (the noisemaker) ... Anula.
DR AUD1995;277 U,...uAlis,...
DR AUD1995;279,asi : risþi : stin : þansi : iftiR : þurkut : faþ¶ur : sin : bufa : sun : bistat : þikn,"Ási/Æsi raised this stone in memory of Þórgautr, his father, Bófi's sun, the best þegn."
DR AUD1995;281,sbyta,stick/pin
DR AUD1995;283 M,+ (?)...(s)-(s)(i)(u)--(a)-(-)-(i) --(f)a o + --(-) (n)o--(-)--(?) ¶ s(u)sbiristæ (s)(t)(æ)(n)i(æ)(s)uæ no(m)inæ (s)b(i)(r)i ¶ mitius(æ)(o)ni fibri amæn akla (+) mari(a) +,... alfa omega ... nomine(?) susbiristæ ... nomine spiritus mitiusæoani febris amen agla Mary
DR AUD1995;284 M §A,× agla ' (l)(a)ga gala þru(h) (k)ruks luk-s -ruks markus -...-s iohni(i)s -... ...--(s) (þ)(r)(u)- §B × artan : ga-(n)(i)-n(k) a^rta(n) krstu(-) kristu ræhnaþ (') -r(i)s(t)(u)s imp(e)r(a)þ kristus (a)^þ(r)(l)hun(n)u pænit(i)(n),agla laga gala. <þruh> crux Lucas crux Marcus crux(?) Johannes [crux](?) Matthæus(?) <þru-> §B <artan> ... <artan> Christus Christus regnat Christus imperat Christus ... benedicat(?).
DR AUD1996;272 U,...adle^(?)l^þeaelntzuladlla?n??,...
DR AUD1996;274 §A,þurkuntr : karuks : tutiR : risþi : stin : (þ)... ¶ aft : þuri : uir sin : þulfs : sun : o : st... ¶ ian : tufi : smiþr : hiu : frinti : hns : ¶ : stin : ---... : uiltr : auR : (s)taþ : ia(n) ... ¶ : stuk- : (u)(r)t--R (:) --n : a---- (:) -ir(þ/b) : §B i(k)(u)(l)- ...in,"Þórgunnr Kôrlungr's/Kôrungr's daughter raised this stone in memory of Þórir, her husband, Þólfr's sun from St-... And Tófi Smiðr, his kinsman, cut [this stone]. [May this] stone ... from this place, and(?) ... ... ... ... ... ... §B Ingulfr(?) ..."
DR AUD1996;276 $ §A,siu(b)-(-) ¶ ora (×) (þ)(t)(i) ¶ am (:) (g)or(-) §B ...,... ora(?) ... ... ... §B ...
DR AUD1996;278 M §A,...r(æ)anæ(t)in(r)(o) ¶ ...(t)isattæba(-)r ¶ ...auitslu(m) §B ...(t)(i)(a)(i)a-(l)(-)- · o(k) ¶ ...ri-(t)ia(k)(u)un ¶ ...(n)o--(k)n(t)ir(d)uæln,... ... ... §B ... ... ... ...
DR AUD1997;259 U,rawsijo,Rawsijo (the eager one).
DR AUD1997;261 U,(-)-ala,...
DR AUD1997;262,=DR_IK585,=DR_IK585
DR AUD1997;264,saksi : risti : runar : þis-r (s)--rku:matr,"Saxi carved these runes, the <s--rku>man"
DR AUD1998;299,...yuþ,...
DR AUD1998;300,M? ?þ^(k)is??? ¶ po^þu (:) ?ssn,M? ... ... ...
DR AUD1998;301 M,· aue · maria ·,Ave Maria.
DR AUD1998;302 $ §A,-ku- ¶ ----(-) ¶ -(k)- §B ...--- ¶ --þa- ¶ (f)-(-)(m)- §C ...f(t),... ... ... §B ... ... ... §C ...
DR AUD1999;285 U,?????,...
DR AUD1999;286 U,??????????????????,...
DR AUD1999;288 $ §A,si(g)moþR i-... ¶ ...(-) þiR s(i)... ¶ ...-arns mo §B sua ristaR ... ¶ runaR auk ... ¶ ...-R heil(i)(-) ¶ ... aki reist b(i)¶-rk,"Sigmóðr ... [for] you(?) ... ... ... §B Thus, carves(?) ... the runes and ... <heili-> ... Áki carved <bi-rk>."
DR AUD2001;252 M §A,(k)ruks kristi kruks (·) (-)...(-)(i)(s) §B u(s) kruks (·) iohan(u)s k(r)(u)(k)s §C k(r)-(k)s luk(u)s kr(u)ks (m)a-- §D (f)u(f)(i)us kristina,Crux Christi crux ... §B ... crux Johannes crux. §C Crux Lucas crux <ma...> §D <fufius>. Kristina.
DR AUD2001;255 M §A,... -(æ)þ-(-)ti-us : (a)-...--... ¶ ... : os : ræh(n)aþ : k(r)... ¶ ...-...(l)(i)(s)l(æ)i : --ks(i) ... §B ...þ-(-)t...i... ¶ ...-s : ræh... ¶ ...-(s)l(æ)i : -...,... ... ... ... <os> regnat Christus(?) ... ... ... §B ... ... regnat(?) ... ...
DR AUD2002;131,=DR_NOR2003;5,=DR_NOR2003;5
DR AUD2002;133,=DR_NOR2003;6,=DR_NOR2003;6
DR AUD2002;134,=DR_NOR2003;7,=DR_NOR2003;7
DR AUD2002;135,=DR_NOR2003;8,=DR_NOR2003;8
DR AUD2002;137,=DR_NOR2003;9,=DR_NOR2003;9
DR AUD2002;138,=DR_NOR2002;7,=DR_NOR2002;7
DR DKBh21 M,...,...
DR DKBh22 M,...,...
DR DKBh62 M,...,...
DR DKBh63 §A,...(h)ukr(i)kunuak ¶ ...los(k^R)(k^u)k...(h)- §B ukþarna(s)umiauk... ¶ au(k)samraþa-...,... ... §B ... ...
DR DKBh64 M,...,...
DR DKBh65 M §A,o^{K}nr/f^{K}nr §B -,... §B ...
DR DKBh66 §A,??k(a)n???(?)?? §B þ...?(æ)???,... §B ...
DR DKBh67 M,... k(r)--(t)us æ ¶ ...-tris ...--ræh ¶ tu ...-...---,... Christ ... of the father(?) ... thou(?) ...
DR DKBh68 M,... ¶ ...,... ...
DR DKSj8 M,þprup/þ{K}ru{K},...
DR DKSj15 M,...,...
DR DKSj24,...,...
DR DKSj51,†M [...],†M ...
DR DKSj58,†M [(u)æ^fm^yæ^(f)-(ø)-],†M ...
DR DKSj61 M,+ sasur : ris-... ...,Sassurr carved/raised ...
DR DKSj94 M,...(u)þi(u)...uo(s)...(tna),...
DR DKSj95 M,---kr-...,...
DR DKSj96 M §A,(æ)... §B ho-,... §B ...
DR DKSj97,lt (:) i...,... ...
DR DKSj98,(a)(k),...
DR DKSj99 M §A,(ø)þæ(r)--...rþa(ø)u ¶ ...k au^(æ) ma-... ...-m + §B ...khu...(t)þh- ¶ nk...u...(s)f(þ)(m)...,... ... Ave Maria ... §B ... ...
DR DKSj100 M,+++ ¶ msphs,...
DR DKSj101 M,sanf(i)s--(þ)k ¶ ...nrþ(i)(s)þuþ-...,... ...
DR DKSj102 M,...ænh(i)l(a)li-(i)s- ¶ (t)(-)(r)...-...-(þ)...(a)-...,... ...
DR DKSj103,U/V iu-R þ-,U/V ... ...
DR DKSj104 M,...,...
DR DKSj106 M,...,...
DR DKSj107 M,...,...
DR DKSyd8 M,----(a^k)(k)h,...
DR DKSyd14 M,(n)^(n)(b)(p)rþi (×) i,... ...
DR DKSyd15 M,...,...
DR DKSyd16 M §A,... +^ ^hra^l-(þ)... §B ...r(n)^(n)ia^-(s)(a)...,... ... §B ...
DR DKSyd17 M §A,-hþmþrm (m)--uþrr (k)-(þ)m-þrþ-r §B --þ(r)r-r nkþ-þnþr ...(þ)...,... ... ... §B ... ... ...
DR DKFyn15 M,æsf : tþ,... ...
DR DKFyn27 M,uita -(-)-iþ,Life(?) ...
DR DKFyn28 M,sløku,...
DR DKFyn32 U,...eþro,Leþro
DR DKFyn51,oslakR,Áslakr
DR DKNJy76,...þi(-)/þi(-)...,...
DR DKNJy77 §A,...(kh)n--smlR §B n,fuþorkhniastbmlR §B ...
DR DKNJy78 M §A,f--- §B ...,... §B ...
DR DKNJy79 M §A,out(o) ¶ ... §B ...,... ... §B ...
DR DKMJy43 M,...,...
DR DKMJy53 M,auar : æ : irsta {LAR} ¶ laklaln : am ¶ æ--læsoæ,... ... ... ... ... ... ...
DR DKMJy54 M,as(y)-...,...
DR DKMJy97 M,(æ)(ø),...
DR DKMJy101,...s(i)...,...
DR DKMJy102,...,...
DR DKSJy13 M,...,...
DR DKSJy50,†M [...],†M ...
DR DKSJy75 M,...,...
DR DKSJy76 §A,...-(u)R r-s-(a)(u)--(n)-(n)r-(m)h-- ¶ ...(i)...u(k)...--...-----(-)(m)--(-)...(u)---mar(l)... §B - (a)(l) (m)in h---u-an þursa r(a)-(-)-(-)(u)h----R (-)r(a)s-ian(s)... §C kuþ ---u(þ)...(u)-h(u)-... §D ...-a...,... ... ... §B ... all my(?) ... giant/giants ... §C God/good(?)... §D ...
DR DKSJy77,ku----... ...---- (:) ful(t)rua : sil(u) ...,... ... (the) faithful's soul(?) ...
DR DKSl16,fuþ-(n)kh(k) u,... ...
DR DKSk68,...,...
DR DKSk139 §A,þohR §B hinum,... §B ...
DR DKSk140 M,...,...
DR DKSkL83,$M þeta : ræist ¶ rolfr : þorkis sun ¶ honom : uar : þa^| |^angar ¶ blandat : um þ^ha snæ¶huitu : snot,"$M This carved Hrólfr Þorgeirr's/Þorgísl's son, for him was then sorrow caused concerning the snow-white woman."
DR DÜWEL1989,=DR_Schl22,=DR_Schl22
DR Fv1968;282 M,mahrns,Marinus(?)/Maurins(?)
DR Fv1988;234A,ufþ,<fuþork>(?)
DR Fv1988;234B,auarþ þt,Hávarðr(?) ...
DR Fv1988;236 M,+ fuþorkhniastbmlR ÷,<fuþorkhniastbmly>
DR Fv1988;237 M §A,-- fuþorkhnias §B niastbmlR,... <fuþorkhnias> §B <hniastbmly>
DR Fv1988;238,-tl(i)-u,...
DR Fv1988;239,M? ...,M? ...
DR Fv1990;30 M,olaf : ri,Ólafr carved.
DR Fv1993;224 M §P,knif bar i §Q knif bari,The knife conveyed/went to attack/brought on? §Q Knife <bari>.
DR Fv1993;225 M §A,... §B ...,... §B ...
DR Fv1993;226,þþþþþtþ,...
DR Fv1993;227A,bl(s)sah(e)nr,...
DR Fv1993;227B M §P,kuþ anan §Q kuþa nan §R kuþan an,God ... §Q Gyða ... §R good ...
DR KVHAAÅ2003;66,=DR_NOR2003;20,=DR_NOR2003;20
DR Lyngsjö1992;12,$M ...(u)ni- : ris(t)... ... ¶ ...--u-...,$M <...uni-> carved(?) ... ...
DR MLUHM1983-84;131 §A,ur(m)iltR ku¶(a)þ þat §B kku §C (u)^(a)li(n)(i)...,Ormhildr said this/that §B ... §C ...
DR MS1995;322 U,lamo ÷ ¶ talgida,Lamo shaped
DR MS1995;334A U,.../ttnþ,...
DR MS1995;334B U,wagnijo,Wagnijo
DR MS1995;334C U,swart¶a,Swarta
DR MS1995;335A U,wagnijo,Wagnijo
DR MS1995;335B U,wagnijo,Wagnijo
DR MS1995;336A U,af(i)(l)a---,...
DR MS1995;336B U,niþijo tawide,Niþijo made.
DR MS1995;336C U,laguþewa,Laguþewa/Laguþewaz
DR MS1995;337 U,fir(h)a/fir(u)a,...
DR MS1995;338 U,gauþz,Gauþz(?).
DR MS1995;339 U §A,fu--z §B fra,Funiz(?) §B ...
DR MS1995;340,$U ha(n)- ¶ s--(k)o,$U ... ...
DR MS1995;341 U §A,wagagastiz §B alu : -(-)hg(u) sikijaz : aiþalataz,Wagagastiz. §B Alu(ale?). Wihgu(?) Sikijaz(?) Aiþalataz.
DR MS1995;344 U,la,Alu(?) (ale?)
DR NA1998;66,$M ø(r)¶bs¶þo¶(h)¶?¶hannmR¶(h)þa¶{N}n¶h¶(u)¶m¶?¶?,$M ...
DR NOR1988;5 $ §A,sua ai ÷ titultitul ¶ fuþorkhniastbmlR §B huaR is i : alisti osa : huaR is (:) ¶ uifrþuR : karþi : afr aft asini fauþr ¶ kul:finR : fal(s) : taitirunoR ' u ¶ (a)iuinrunoR : sulialta : huaR : ? ¶ utu ÷ tuuut bilikikR : tuR ra(k)(i) ¶ (t)(u)(l)i,"Thus ever(?) ... <fuþorkhniastbmlR> §B Who is(?) ... ... Æsir's, who is Véfriðr /Véfrøðr made ... in memory of ... father. Kolfinnr/Gullfinnr concealed runes of gladness and runes of eternal friendship ... who ... ... ... ... ... ... Tuli/Tóli."
DR NOR1998;8,...(l)ui : reist : runer : þesar : at : k...,...-vi/...-vé carved these runes for K-.../G-...
DR NOR1998;9A,(u)-- : (u)oasan : iar : lifar : kati : bau-s : (k)--...,... ... ... ... ... ... ...
DR NOR1998;9B,M? + (s)han +,M? ...
DR NOR1998;20,M? aikuis,M? <aikuis>
DR NOR1998;21 $ §A,(-)---(i)(u)-uiAA---Ar-rm §B : t : t : t :,... §B ...
DR NOR1999;21 M,+ pax paters æ^þ filii cristi cruci¶fixsi æ^þ spisus sancti sit p super ¶ omnes a^bitantes æ^þ manentes in oc lo^co ¶ æ^þ defensio crucis crucis crist^us + ¶ contra omnis aduersiones inmundi spi¶srisus in-o^stoi o-i + amen b-n¶diccat nos desus tesus noster bene¶dictat nos desus æ^þ meduent eum om¶nes fines tre + t + domine deus pa¶ter omnipo-ns famulos tuos æ^þ fa¶musas tue mages... ...- purgectos ¶ per unicm filium tum in uirtute spi¶ris^us sancti binedic æ^þ protege ut ¶ ab omns ste scurii in tua iugiter ¶ laudi letentur amen + benidc¶cio æ^þ defeisio patris æ^þ filii æ^þ spi¶ritus| |sancti dicenda æ^þ super anc ¶ curiam æ^þ omnis abitantes in ea + ¶ amen +,"Pax patris et filii Christi crucifixi et spiritus sancti sit perpetuo(?) super omnes habitantes et manentes in hoc loco et defensio crucis Christi(?) Christus contra omnes adversiones immundi spiritus iniusti(?) <o-i> Amen. Benedicat nos Deus, Deus noster. Benedicat nos Deus et metuant eum omnes fines terrae. Te(?) igitur(?) Domine Deus, pater omnipotens famulos tuos et famulas tuae maiestatis(?) ... purgatos(?) per unicum filium tuum in virtute spriritus sancti benedic et protege ut ab omnibus(?) <ste> securi in tua iugiter laude laetentur. Amen. Benedictio et defensio patris et filii et spiritus sancti dicenda et super hanc curiam et omnes habitantes in ea. Amen."
DR NOR2000;6 M,i?k(u)??ir--,...
DR NOR2000;7A,+ lkeuo...(n)eþsifilu{H},...
DR NOR2000;7B M,rikæ ×,Ríki(?)
DR NOR2000;7C M,m--(s)(-)(-),...
DR NOR2000;8A M,... a mik,... owns me
DR NOR2000;8B,M? ?????,M? ...
DR NOR2000;8C,...-i(l)kar × un × r(a)...,<...-ilkar> Unn(?)/love!(?) ...
DR NOR2001;8A,t,...
DR NOR2001;8B,· iat · itir(k)(t),... ...
DR NOR2002;7 M,(-)(-)--- : -ui : p(a)lær-(i) : -- ¶ h(i)k lokus (')-... ¶ kantu : ti ...(-),... ... ... ... this place ... ... ...
DR NOR2002;8 M §A,mat §B (m)at-rt §C kkkiii §D le(o^r) §E faki(l) : uiuæs,... §B ... §C ... §D ... §E ... ...
DR NOR2002;9 M §A,þismas(m) r §B þis(m)(a)...-g(e)sm(i)s,... ... §B ...
DR NOR2002;10,=DR_IK591,=DR_IK591
DR NOR2003;5 U,balika ar- ... ¶ ...(f)ulaz þewaz,... ... ... ... servant(?)
DR NOR2003;6,f...orkhaiastbm(l)r,<fuþorkhniastbmlR>
DR NOR2003;7 M §A,unrnurn §B (a)hua(m)--(-),... §B ...
DR NOR2003;8 M §A,... gor(l)in · g¶n · æþ (i)gor(t)... ... §B ... ¶ ...,... gordin(?) ... et ingordin(?) ... §B ... ...
DR NOR2003;9 M §A,----(-)-st--(f)---fil-(-)(s)---(i)(þ) (:) ---...r(þ)t(u)(i)-(-) ¶ (-)-t(u)fks(þ)r-(g)--a(-)æn(i)lu- · (k)-----ark(i)l(u) ¶ -b-(f)(g)a(s)(t)(-)r-...-(m)--æt-mi(n)-m--(-) ¶ (-)-(b)t(i) (:) (-)-(k)(n)(t)(n)---tin(-)(m)(-)lkus(-) §B (a)g-...(t)imia(g)(-)...(g)u(þ)(g)(u)(n)...-(r)(u)----(k)--(s)(i)(æ)(-)(-) ¶ (a)mþænhælku(n)(-)(k)þorsok(þ)æ(-)grim(s)(o)k-gr(i)þ--(-) ¶ -----grim--...(i)gr(i)þo---nau(i)liþ(s)(æ)lf- : u(n)- ¶ (k)-...ær---...kætil(þ)(-)rhu-h-k : (i)orrr---,... ... ... ... ... ... ... §B ... ... ... ... ... ...
DR NOR2003;10,mii,...
DR NOR2003;20,...t-t-a,...
DR NOR2004;5 M §A,+ aue sanktisimæ maria kra-ia ¶ blena tominus tekum bænætik¶t^a tu in m(u)lieribus æþ bænæ¶tiktus fruktus -æntri(s) ¶ tui §B + in(k)r--tus patær + inmæn¶sus pætær --tærnus b(a)t-r ¶ ga^la a^kla ¶ a-la^ ^la-- §C kala a-la ¶ agla^ ^la--,"Ave sanctissima Maria, gratia plena. Dominus tecum. Benedicta tu in mulieribus et benedictus fructus ventris tui. §B Increatus pater. Immensus pater. Aeternus pater. §B Gala agla agla laga. §C Gala agla agla laga. ('agla' = Thou art strong in eternity, Lord)"
DR NOR2004;7,$M §A (s)...-(f)--...-...(n)(m)... ¶ ...-(a)nknl(u)(s) (:) kau... ¶ ...a(p)i-(h)lu(s)--tf... ¶ ...- + in nomin(h) (+) patri- ... ¶ ... + m(æ)ri(c)(i)(n) + -s-i-(r)(r)... ¶ ...t(u)---(s)an... §B ...-- ¶ ...u + ¶ ...(u),$M §A ... ... ... ... ... In nomine patris ... ... ... ... ... §B ... ... ... ...
DR NOR2004;8 $ §A,...¶ (þ)r(m)(u)-... §B ...(m)(þ) × ... ¶ -(a) × m(r)(u)...-(u)-,... ... §B ... ... ... ...
DR NOR2004;9,$M §A ...-.../...(it)--... ¶ ...-.../(f)--(k)... ¶ ...-.../(n)u(k)-... ¶ ...--.../(u) §B ... ¶ ...(u)/-... ¶ ...-um... ¶ ...,$M §A ... ... ... ... §B ... ... ... ...
DR Schl3 §A,runaR ÷ iag ÷ risti ÷ a ÷ rikiata ÷ tre sua §B reþ ÷ saR ÷ riki ÷ mo(g)R ÷ asiR ÷ a ÷ artagum §C hulaR ÷ auk ÷ bulaR ÷ meli ÷ þeR §D ars ÷ sum ÷ magi,"I carved runes on (the) driving(?) tree / driftwood / mocking-stick. Thus §B interpreted the powerful boy: Æsir in days of yore! §C Hurlys and burlys : may they speak for you, (saying) §D (your) arse is as (your) stomach (ie full to bursting). §CD (Let both stomach and arse speak the hurly-burlys (ie uproar) to you)"
DR Schl4 §A,krist : haba suia ' harbara ' §B kiirnmirih-(l) §C (u)(k)iþkhmk-(t)... §D kris- × hialb × suein × harbara ',May Christ help Sveinn Harper. §B ... §C ... §D May Christ help Sveinn Harper.
DR Schl5,...fgotar,Alfgautr(?)
DR Schl6,lþ,...
DR Schl7,(i)(u)butþr,...
DR Schl8,lamu^ku/lamk^uu,...
DR Schl9,reib,rope(?)
DR Schl10,fuþ ars b ¶ fuikþ,"Cunt, arse ... ..."
DR Schl11,fuþorkhni¶¶astbmli ¶ ...(k)r ',<fuþorkhniastbmlR> ...
DR Schl12 §A,÷^ ^÷f÷u÷þ÷o÷r÷k :^ ^÷h÷n÷i÷a÷s ·^ ^÷t÷b÷m÷l÷R §B (k)(þ)(k),<fuþork> <hnias> <tbmlR> §B ...
DR Schl13,... ... ...,... ... ...
DR Schl14 §A,lh · Rbk · ahbReþ(þ) §B ???,... ... ... §B ...
DR Schl15,ab-,...
DR Schl16,f(u)(i),...
DR Schl17,bukaben,Goat's leg
DR Schl18,har : mar : or,<har> <mar> <or>
DR Schl19,rbf,...
DR Schl20,-(þ)ui,...
DR Schl21,fuþbuk,Pussy-goat
DR Schl22 M §A,... maria^ ^g(i)rasia pl-(-)na (d)omino(s) ---m(b) §BP ...(u)lieribus æþ binidita tus æþ muli(r) §BQ ...(u)lieribus æþ biniditatus æþ muli(r) §C ...(e)n : pæpæræ bo : olof : anderiu- ... §D ...(e)n : pæpæræ : bo : olof : anderiu(s) ----t §EP ...þigæri biuþæmi(o)d roþæn þir(i)(k)- §EQ ...þigæri biuþæmi(o)d roþæn þir (i)(k)- §FP ... tapa uil (h)an sauþ (:) þæt mæl-- ... §FQ ... tapa uil (h)ans auþ (:) þæt mæl-- ...,"[Hail] Mary full of grace: The Lord is with Thee; §BP amongst women both blessed and woman. §BQ amongst women and blessed and woman. §C Sveinn Piper, Búi, Ólafr Anderius/Andreas ... §D Sveinn Piper, Búi, Ólafr, Anderius/Andreas ... §EP he may offer more bountifully the red mead to Diðrikr(?) §EQ he may offer more bountifully the red mead to you ... §FP [And]/[But] he wants to lose a sheep(?). That spoke ... §FQ [And]/[But] he wants to lose his fortune(?). That spoke ..."
DR Schl23 M,(k)(f),...
DR Schl24 M,(o)lyuym^a(k),...
DR Schl25 M,fr(æ)(u),...
DR Schl26 M,ma^ria,Mary
DR Schl27 M,m-(-),Mary(?)
DR Schl28 M,u^u,...
DR SHM6320:35,kuat,...
DR StävieRaä15,†M [... bonus ... kuþ ...],†M ... good(?) ... God(?)/good(?) ...
DR SvK96;36 M,...,...
DR Aarb1987;191A M,rist utr mi- f,Oddr carved me ...
DR Aarb1987;191B M,riþsi,carved(?)
DR Aarb1987;192 M,fuþo,<fuþork>
DR Aarb1987;193 M,nr ¶ p,... ...
DR AARB1987;194,=NL_Aarb1987;194,=NL_Aarb1987;194
DR Aarb1987;196 M §A,floribus ÷ æ^þ lignis ÷ kþo÷dam ÷ mirabile vas ÷ fit^þ §B iosep,A wondrous vessel was prepared for flowers and branches/ of flowers and wood §B Jósep.
DR Aarb1987;198 M §A,·÷÷÷÷ --þþ(i)kr(r)(r)-hh- ÷÷÷ §B ----...-----,... §B ...
DR Aarb1987;199 M §A,... ¶ ... ¶ ... ¶ ... §B ...,... ... ... ... §B ...
DR Aarb1987;202 M §A,...-æsusiæn-... ¶ ...-(i)smut(u)-(b)-... ¶ ...utu-(þ)mutusy-... ¶ ...ftuukiþukni(u)... ¶ ...--kurui---... §B ...kunkr-... ¶ ...-(h)mæ(i)usm(æ)--... ¶ ...(u)s · luki-aiuh... ¶ ...nis · untun(þ) · (s)-... ¶ ...--t(u)us--...,... ... ... ... ... §B ... ... ... ... ... ... ... ...
DR Aarb1987;203 M,--- ¶ akla + kala + laka + ¶ --o-imi(k)(l)(i)(i),"... agla gala laga ('agla' = Thou art strong in eternity, Lord) ..."
DR Aarb1987;205 M,+ co^niuro^ ^uos : s^æpt^(æ)(m) : so^ro^ræs (a)(t)--(a)r-------(s) : ræ(s)... ¶ (æ)^(l)ffrica : a^ffric^(e)a so^ria a^ffoca : a^ffricala : co^niuro uos æ^t co^n:t^æsto^r : pær patræm : ¶ æ^t filium æ^t spirit^um (:) sanct^um (:) (u)(t) n(o)^n ÷ nocæatis ÷ stam famulum : dæi : næquæ ¶ (i)n : hoculis : næquæ in mæmpris : næquæ in mædullis :: næc in ullo comp¶(-)(-)ine mæmbrorum æius : ut inhabit^æt : in te uirt^us cristi : al(t)iss(i)¶(m)(i) : eccæ crru(u)(c)(æ)m : (d)o^nmini (:) fukit(i) (:) pa^rt^(æ)s : (a)^duæ(r)s^æ : (u)i(c)(i)(t) (l)æ(o) : dæ t^r(i)b(u) (i)(u)¶da radi{X} : dauit : in nominæ pat^ris æt filii : æ^t spirit^us sa^nc^ti amæn ::(:) ¶ crist^us : uincit : crist^us : ræknit : crist^us : impæræt : crist^us : lipærat + ¶ crist^us t^æ bænædicat : a^b oomi : m^alo : (d)æfændat : a:k:l÷a ÷ bat^ær : nostær :+ -,"I invoke you, seven sisters ... ... Elffrica(?) Affricca, Soria, Affoca, Affricala. I invoke and call you to witness through the Father, the Son and the Holy Spirit, that you do not harm this servant of God, neither in the eyes nor in the limbs nor in the marrow nor in any joint of his limbs, that the power of Christ Most High shall reside in you. Behold the cross of the Lord; flee, you hostile powers. The lion of the tribe of Juda, the root of David, has conquered. In the name of the Father, the Son and the Holy Spirit, Amen. Christ conquers, Christ reigns, Christ rules, Christ liberates, Christ blesses you, defends you from all evil. Agla (= Thou art strong in eternity, Lord). Our Father. ..."
N 1 M,a^ndres : p + farmaðr +,Andrés the priest. Farmaðr.
N 2,...R ... ub ... stoin stotR ...,... ... up/of ... (the) stone stands ...
N 3 M,oþinkar,Óðinkárr
N 4 M,...,...
N 5 M §A,... olafs ... §B ...to ÷ mik,... Ólafr's ... §B placed me
N 6 M §A,þo^rfyts §B ...-its...,Þorfinnr's §B ...
N 7 M,+ þæ(t)(t)a · hus · er · u...¶kt · dt^rotne · ua^ro... ¶ o^k mo^ðo^r · ha^ns · ma^riu ¶ a^k pet^re postola,This house is dedicated to our Lord and his mother Mary and Peter the apostle.
N 8 M,stein · þænnna · gærðe · ¶ botolfr · steinmeist^aræ,Bótulfr the stonemaster made this stone.
N 9 M,+ stina^r lahþe osm,Steinarr Ásmundr's son laid (the fence).
N 10 M,+ sa m^aþr ÷ r(æ)ist ÷ ru^n-a^r þ(e)sa^r ÷ er ÷ k--(t)eko a : præsti ia,That man carved these runes who was willing to offer the priest accommodation.(?)
N 11 M §A,+ sagta maria : a mik ouk hnar sun kriister §B øuk alir hlk|u| |k|uþrs ouk alir bostolar hans,"Saint Mary and Christ her son own me, §B and all of God's saints and all of His apostles."
N 12 M §A,+ øuk : atla : til : aflas : §B s¶¶ynta ¶ øuk §A siol¶¶fum ser : øuk ølu : kristn folke,... and (for) Atli for pardon of §B his sins and §A for himself and for all Christian folk.
N 13 M §A,aslacar : gerþe^ ^mik : runar : ek · rist : au^k · raþ:na : sta·ue : uer · §B sici,Áslakr made me. Runes I carve and interpreted (interpretable?) staves ... §B ...
N 14 M,+ nikulas at^lasu^n ¶ ke^rþe ru^na^r ¶ a mrkom hal,Nikulás Atli's son made runes on many rock-slabs.
N 15 M §A,fuþorkhniastblmyøæc + §B rk fuþoork hfu,<fuþorkhniastblmyøæc> §B ... <fuþoork> ...
N 16,†M [...],†M ...
N 17 M,o^þ,...
N 18 M,...,...
N 19 M,+ stæin : þena ÷ le(t) : auhmuntr skialhe : lækia ÷ ifir : kunu : kuþustotor æn ar(t)iþ henar lykasmeso,Ôgmundr the Cross-eyed had this stone laid over Gunna Guðulfr's daughter and her anniversary-of-death is Luke's-mass.
N 20 M,anfinir,Arnfinnr
N 21 M,+ suæin : a mik a iaþri en her huilir : untir : asa,Sveinn of Jaðarr owns me and hereunder rests Ása.
N 22,†M [...uþ · sihni þen man er gerþe auk þen er gera let þat e^r ellingr lo----...],†M God bless the man who made (me) and he who had (me) made: that is Erlingr Loptr's(?) son.
N 23,†M [...],†M ...
N 24 M,---ss-------,...
N 25 M §A,æinriþi §B kæirþi §C k(æ)r u(æ)l,Eindriði §B made §C the vessel well.
N 26,†M [þeser ÷ hurþir ÷ gerþe ÷ þorþr a stafi ÷ en ka^ri ringænæ guþo],†M Þórðr of Stafr made these doors and Kári [made] the good rings.
N 27 M,ha... mik : aue maria,... me. Hail Mary.
N 28 M,: aumutær : geþe mik : aø^slikær a mik,Auðmundr made me. Ásleikr owns me.
N 29,× þair : finr : auk : skofti : rais(t)u : s(t)in : þena : þa : es : (þ)air : s(k)iþtu : lantom : sinum : saRn(e)r : uala ×,"Finnr and Skopti, Váli's sons, they raised this stone when they divided their land(ed property)."
N 30 M,hti,...
N 31 M,m^a^r^i^a,Mary
N 32,†$M [a^u... ...r],†$M Hail ...
N 33,†$M [un],†$M ...
N 34,$M × bater noster,$M Our Father
N 35,$M ?,$M ...
N 36 M,a^ni - hualis r^eis,Áni of Hváll carved.
N 37 M,-r---,Christ(?)
N 38 M,t^r^o^t^i^n in^ri,"Lord. INRI (= Jesus of Nazareth, King of the Jews)."
N 39 M,(u)iko,week(?)
N 40 M,(e)(r)li...,Erlingr(?)
N 41 M,nir,...
N 42,$M gristr ' healb(i) ' þorstæini ' þores'syni ' ¶ huarhe sim han fær,$M May Christ help Þorsteinn Þórir's son wherever he may travel.
N 43 M,hic uærsum scribo,Here I write a verse.
N 44 M,sihurþr,Sigurðr
N 45 M,au,...
N 46 M,stat : i friþi · kuþs · osa,"Stand in God's peace, Ása."
N 47 M,rahna,Ragna.
N 48 M,i(o)f kiutlk/kitutlki/kitutlks,... ...
N 49 M,ek hæfi ue^ærit/uerit þ^ar mani na kranne + ¶ bo/bærþor,I have been where (one) could reach (into the) cranny. Bótulfr(?)/Bergþórr(?).
N 50 M,bærþo^r,Bergþórr
N 51 M,sihurþr,Sigurðr
N 52 M,ranuaih,Rannveig
N 53 M,+ patær nostær kui æs inn celiss : s¶a^nktificetur nomen tu^um a^þueniaþ r¶ægnum t^uum fia^þ uoluntas tua sikuþ ¶ inn celo æþ inn tærra panæm nosst^rum kotid¶ia^num da^ ^nobis odie æþ dimitte no^bis debita^ ^nost¶ra sikuþ æþ nos dimittimuss debito^ribus noss¶t^riss æþ ne nos inndukass inn tæmtacio^næm sæþ li¶bera^ ^nos a malo amen + iohannæss maþ¶uss ma^þþeus markuss lu^k^ass,"Our Father who art in Heaven, hallowed be Thy name. Thy kingdom come, Thy will be done on Earth as it is in Heaven. Give us this day our daily bread and forgive us our trespasses, as we forgive those who trespass against us, and lead us not into temptation, but deliver us from evil, Amen. John, Matthew, Matthew, Mark, Luke."
N 54,$M §A bet^rus ... + markus ouk ... s(e)^r(a)^fion ko^nsta(n)tinus §B (h)ia^lp(i) mer al(e)r þeir + a^uþun reist mik,"$M §A Peter ... Mark and ... Serapion, Constantinus §B may they all help me. Auðun carved me."
N 55,†M §P [× kuneitr : eit : marki] §Q [× kunstin : siti : marki] §R [× kunhitr : let : mærkia],†M §P Gunnsitr(?) placed the landmark §Q Gunnsteinn placed the landmark §R Gunnhildr had ... marked.
N 56 M,: fø^yri alæ s,for all souls / bring the fortunate
N 57 M,÷ her uar ha^n o^k heþan fo^r han u,Here he was and from here he travelled out.
N 58 †,[ailifr × alkr × bar × fiska × i × rauþu×sio ×],Eilífr Elk carried (ie. released) fish into Rauðusjór.
N 59 $,× ruar (÷) raisti ÷ stain ÷ þ(a)n(o) ÷ (a)(f)(t)ir ÷ a(l)(u)i ÷ faþur : sin ·,"Hróarr raised this stone in memory of Ôlvir, his father."
N 60,†M [þorþær : a huæim(e) : (e)r h(e)r : ia- :],†M Þórðr of Hveimr is interred here.
N 61 §A,iurun ¤ rais(t)i [¤] s(t)ain ¤ þina ¤ af(t)ir [¤] au-aun- ¤ is ¤ (h)ana ¤ --(t)i [¤] auk ¤ furþi ¤ af ¤ hrikariki ¤ u(t)an ¤ ur ulb¤aui- §B × auk ¤ (m)unta¤stain ¤ ----ir ¤ þusi ×,"Jórunnr raised this stone in memory of <au-aun-> who owned her (ie. was her husband), and (she) brought (it) out of Hringaríki, from Ulfey. §B And the picture-stone venerates them."
N 62 $,× ikli × reisti stein þana eftir × þoral(t) sun sin is uarþ tauþr × i uitahol(m)(i) miþli ustaulms auk karþa ×,"Engli raised this stone in memory of Þóraldr, his son, who died in Vitaholmr - between Ustaholmr and Garðar (Russia)."
N 63 $,× cRnir ¤ aunar ¤ rRkiu ¤ ricþtu [¤] ...(f)tir ¤ aufa ¤ bruþur ¤ cin ¤ hialbi ¤ kuþ × col × aufa,"Aun Ryggja's/Rœkja's sons raised in memory of <aufa>, their brother. May God help <aufa>'s soul."
N 64 †,[... ... ¤ sitn ¤ stin ¤ þino ¤ af... ...],... [has/got] placed this stone in memory of ...
N 65,†M [... ...ikkar u-sir kunnar æ hola snatuson × uoniu : san- + innar · il : tær ÷ þæu ÷ kranar : ialtrar kuþ sinir · inar kitla kir-ø isril-i inkæri],"†M ... Gunnarr of Holl, <snatu>'s son, lies underneath ... ... ... ... ... ... Grôn ... May God bless ... ... ... ... ..."
N 66,(u)nuaur : ris(t)i : stin : þina : a(f)tir : anut : isa--- : ha------sun : --ra :,Gunnvôr raised this stone in memory of Ônundr ... ... ...
N 67 †,[...],...
N 68,× kunuur × kirþi × bru × þririks tutir × iftir osriþi × tutur × sina × su uas mar hanarst × o haþalanti,"Gunnvôr, Þryðríkr's daughter, made the bridge in memory of her daughter Ástríðr. She was the handiest maiden in Haðaland."
N 69,†M [loden a : kion : læt (:) rænttæ : þætta],†M Loðinn of Kjóss had this painted.
N 70,†M [loþen × mærkæþe uer × raknilti × systur×totor ¶ sini],"†M Loðinn marked the coverlet for Ragnhildr, his niece."
N 71 M,barþr : andres:son : ¶ gerþi : mik :,Bárðr Andrés' son made me.
N 72,†M [her huilir ælin nræisitotr/ne^ræistote^r · altiþ ¶ hænnar ær klemiþmesoaftan],†M Here rests Elín Neriðr's daughter. Her anniversary-of-death is the eve of Klemetr's mass.
N 73,†M [kuþman kerþe + mik],†M Guðmann made me.
N 74 M,f,...
N 75,$M r ÷ p ÷ k ÷ iii sss ttt iii lll,$M ... ... ... ... ... ... ... ...
N 76 M,n------,...
N 77,$M ræiþulfr : kærþi : þer ork,$M Hreiðulfr made the chest there.
N 78 M,ælæng÷r ÷ anason ÷ ræist ÷ runar ÷ þesar,Erlingr Árni's son(?) carved these runes.
N 79 M,+ her ÷ huilir ÷ þo^ra (÷) moder ÷ eirih ÷ prest ÷ pater (÷) noster ÷,"Here rests Þóra, mother of Eiríkr the priest. Our Father"
N 80 M,m^a^r(i)(a),Mary
N 81 M,ifs,...
N 82 M,...--...,...
N 83 M §P,[æintriþi (:) skar (:) mia:finkr : s(o)^nr : olafs (:) ila] §Q [æintriþi (:) skar (:) mia:finkr : s(o)^nr : olafs : (a) l(o)],"Eindriði cut the little-finger of Ólafr's son badly. §Q Eindriði Slenderfingers, son of Ólafr of Ló, cut."
N 84,kosa : sunir : ristu : s(t)in : þinsi : af(t)ir : kunar : bruþur:sun,"Gasi's sons raised this stone in memory of Gunnarr, (their) nephew."
N 85 M,askrimr,Ásgrímr
N 86 M,ba^rþ,Bárðr
N 87 M,m^a^r^i^a,Mary
N 88 M,a sigridhi,(curse?) on Sigríðr
N 89,$M a gunnu,$M (curse?) on Gunna.
N 90 †,[...],...
N 91,†$M [barþir hæ--... ¶ kirikþni-kr],†$M Bárðr Helgi's son ...
N 92,†M [+ þorgeir : pre(s)ter : let : gera : mik : ion : gerðe : mik : með : guc : misku],†M Þorgeirr the priest had me made. Jón made me with God's mercy.
N 93,†M [---urþr - ris-- -...],†M Sigurðr ... carved(?) ...
N 94,†M [... ... ... ... ...],"†M Here rests Páll of Víðihol, Hallvarðr's son."
N 95 M,her huilir guþo^rmr slæikir : litlagahndahadahr e^r a^rtiþ ¶ ha^ns,Here rests Guðormr/Guðþormr the Licker. The Minor Rogation day is his anniversary-of-death.
N 96 †,[... þona ... buruþur si...],... this ... his brother.
N 97 †,[... (a)l(a)ib ha... s(e)n k-afiaishþ--t--],... Áleifr ... his ...
N 98,ha^l/hia^l ' -oik/-bik,... ...
N 99,f,<fuþork>
N 100,--- mik,... me
N 101,-(r)i,...
N 102 †,[ut uk ' uit ' uk ' þurba ' þiru u(k) as ' uin'ka(l)(t)o| |o ' isa ' i ubukþ aþ k(u)(a)mu auþ ma ilt ' uika| ' |at| |taui ' ar],"Abroad and afar and in need of dry clothes and food, they came in to the wilderness; up on the cold, wind-swept ice. Evil - whereby one may die early - can take away riches."
N 103 M §A,þa : ræist : mik : oa^k : ræisti ¶ [: a]mundi : o^rmstæins:a:sun : a : sot^range §B hær : er : ændimærgi ÷ o^r austæ^r : i : la^ngæ:fosn §C fur[a :] §D ...u.../...r...,Ámundi Ormsteinn's son of Sótrangr carved and raised me then. §B The border-mark is from here east into Langaforsinn. §C fir §D ...
N 104 M,× þ--,...
N 105 M,fuþo,<fuþork>
N 106 M,þe(t) : h...,that has(?)
N 107 M,sim(e)on : risti : runar þa : æs : þeir : foru : bali (:) ouk : kolbiorn : m naþ : þorbini : s(e)nd(i)(:)man(i),Simeon carved runes when Balli and Kolbjôrn travelled (out). (They) should have reached Þorbjôrn the Messenger.
N 108 M §AP,ek hæitk iesus naþarenum §AQ ek haitit esus naþarenum §B ek þolde ha^rþan dauþ §C to:mas,I am called Jesus of Nazareth. §AQ I am called Jesus of Nazareth. §B I suffered the hard death. §C Thomás.
N 109 †,[...],...
N 110 M §A,þorolfr : gærþi : kirku þesa ÷: askrimr ÷ hakon ÷ ælikr ÷ pal ¶ æinriþi ÷ siønti ÷ þorolfr §B þorer ÷ ræist §C olafr,"Þórolfr made this church. Ásgrímr, Hákon, Erlingr, Páll, Eindriði, Sjaundi, Þórulfr. §B Þórir carved. §C Ólafr."
N 111,†M [furru ræþir],†M ... interprets(?)
N 112 M,ri,...
N 113 M,askrimr,Ásgrímr
N 114 M,þmþr s s þ : gærþi mik,"Þormóðr of Þorpr, ...'s son made me."
N 115 M,m^a^r^i^a,Mary
N 116 M,fuþork,<fuþork>
N 117 M,i^h^s^u^s,Jesus
N 118 M,oau/a^tua/t^aua,...
N 119 M,þo(-),...
N 120 M,þ,...
N 121 M,þorolfr : kærþi : kirkiu þesa : en : kæræ:stæin : ua^r filakr : ok þæir : kuna^r : uiþa^r : æyint^r : æirikkr : kuna^r : nu hæfi ek ristit : alra a^lfr uar ok,"Þórulfr made this church and Geirsteinn was (his) partner and Gunnarr, Víðarr, Eyvindr, Eiríkr, Gunnarr: now I have carved all. Alfr was also."
N 122 M,þa^r e^r a^lr : sem unir : æiki er : sliht sem| |m(u)(n)(i)(r) (:) (þ)o^(r)þ(r) (:) (r)(æ)--t^ ^(r)ua^r +,One feels complete where one feels satisfaction; nothing is comparable to desire. Þórðr carved runes.
N 123 M,þeta hefir æyitr,Eyvindr has this ...
N 124 M,uiþ aui {PI},"Víðarr. Hail [Mary], (Our) Father(?)"
N 125,...,...
N 126,†M [+ þissa ÷ kloko ÷ leto ÷ stæypæ a^luer ÷ prest^r ÷ i ÷ sig(d)a^le ÷ o^k ÷ þr(d)^r ÷ bo^n(d)e ÷ a -a^uku(m) ÷ st(æ)ypti ÷ to^ue ÷ þo^rr÷so^(n)],"†M Ôlvir, priest of Sigdalr and Þórðr, the husbandman of Haugar, had this bell cast. Tófi Þórðr's son cast (it)."
N 127 $,× laku,...
N 128,†M [sailgærþr hyilir her guþ gætie ¶ þina ¶ aslakr markaþi mik],†M Salgerðr rests here. God protect you. Áslakr marked me.
N 129 M,gæirmuntr gerþe mik,Geirmundr made me.
N 130 M,[÷] þ(o)r(g)autr : fifil : m(i)k : g(e)rþ(e),Þorgautr Dandelion made me.
N 131 M,un þu m(e)r als kþrs,Grant to me all good.
N 132 M,ltlsssiiikutramsstltttll,...
N 133 M,haluoar ÷ a mik,Hallvarðr owns me.
N 134,†M [iesus],†M Jesus
N 135 M,a^u^æ ÷ maria ÷ grakia ÷,"Hail Mary, (full of) grace"
N 136 M,per ies,through Jesus.
N 137,litiluism,...
N 138,a sikriR,Sigríðr owns.
N 139 §A,aiiiiiiiiiiiiia/niiiiiiiiiiiiin §B ubi k,... §B Ubbi made.
N 140 $ §P,auarþR faþi (u)lR §Q auarþR faþi --lR,Hávarðr Faithful coloured. §Q Hávarðr ... coloured.
N 141 M,irk^e,...
N 142,†M [+ aue : maria : gracia : plena : dominus : tecum : benedicta : tu : in : mulieribus : æ^þ : b : f : u : tui : {A}],"†M Hail Mary, full of grace. The Lord is with Thee: blessed art Thou among women, and blessed is the fruit of your womb. {Amen}."
N 143,†M [+ dehtera domini f^eck uirtutem dehtera domini ehlauit me dehtera],"†M The right hand of the Lord did mighty work, the right hand of the Lord raised me up, the right hand"
N 144 M,n hiukri(þ) u,... nurse! ...
N 145,†M [...],†M ...
N 146,†M [ko^ra ÷ neris÷sun ÷ reist ÷ mik],†M Kári Neriðr's son carved me.
N 147 M,-m-rn/mmrn,...
N 148 M,ra^n^na^r : biskop : uigþi : kir:kiu : þessa : þa : fygþi : honom : fylgþi : þa : þorþr : ka^palæin ¶ ok : æina^r : na^fr : o^k þro^ntr : mo^kr : ok : þorstæin : ra^uþi : ok þo^nt^r : kin : o^k han : ræist : runa^r : þesar,"Bishop Ragnarr dedicated this church. He was then assisted, then assisted by Þórðr the Chaplain and Einarr Nave-borer/Auger and Þróndr the monk and Þorsteinn Red and Þróndr Chin, and he carved these runes."
N 149 M,...eta : er : guþas : hus · æk · guþ · blæsi · þan · er · gera · let · æk · sua · huæn · þan [·] som · up · hæl(t)(a)(r),This is God's house and may God bless he who had (it) made and whosoever maintains (it).
N 150 M,+ aslagr : pr(e)str · reit · runa^r þessa^r,Áslakr the priest wrote these runes.
N 151 M,þostæin bengæir ræit runar þessar sutah þan er nesr net iolom,Þorsteinn Sore-spear wrote these runes on the Sunday which is closest ... Christmas.
N 152 M,olafar -...lsr,Ólafr ...
N 153 M,...,...
N 154 M,... ...aþr ræist runar þesar er hæitir kætil suæisun i aby + þormo^þr hilt mer meþan han mæirkti mik · kætil smiþr,That man carved these runes who is called Ketill Sveinn's son of Ábýr. Þormóðr held me while he marked me. Ketill the smith.
N 155 M,hæila se a^þ uote,Rock-slab be as witness!
N 156 M §A,iotna sk... §B tr,giants(') ... §B Lord(?)
N 157 M,+ o^kmole : ræisl ru^na^r þesa^r - u^k biþr þø^rs a^lma^ka^n kuþ ÷ at ha^n ta^ke ÷ ¶ uiþr s-l kamas : er þesse slæin tikr ibir +,"Ôgmundr carved these runes, and prays to the almighty God that he receive the soul of Gamall, whom this stone lies over."
N 158 M,+ unnulfer perþ(e) kloko þe(s)sa :,Unnulfr made this bell.
N 159 M,a-r--s ÷ ræse runar þesar um| |meærþi ÷ þeta it fysta purþari(a)n ÷ muþ --,"Andrés(?) carved these runes and made this, the first door-hinge. God (be praised?) ..."
N 160 $ §A,× þorolr × rit × ¶ sa skal × raþa × ru--(r) ... §B þorolr storols...,Þórulfr wrote. He shall interpret (the) runes ... §B Þórulfr Stórulfssonr
N 161,†M [her : huilir : pet^r : prest^r :+],†M Here rests Pétr the priest.
N 162,knubr × reist (×) stein (×) þena (×) sunr (·) þorleis (·) sunr ...,"Gnúpr, son of Þorleifr, son of ... raised this stone."
N 163 $,arnk^airs × sunir × ris-u × elu þesa × (e)(f)(t)ir × þiuþulb × (b)roþor koþmontr × rist × runar × þesar (a)uk × þeir × onlo(t)r mrs--,"Arngeirr's sons raised this rock-slab in memory of Þjóðulfr, (their) brother. Guðmundr carved these runes, he and Ôndóttr from Mœri(?)."
N 164 M,---r · (o)(n) · (g)ripr · (g)unar,"... Ánn(?)/Ónn(?), Grípr, Gunnarr."
N 165 M,ru(n)(a)r ...,Runes ...
N 166 M,...,...
N 167 M,... ¶ ...llllliiiii fuþ(o)r(k)(h)... ...,... ... <fuþorkh...> ...
N 168 M,------sb-------------------(h)us---u---n,...
N 169 M,þesar runar ræist uistæin hæil ea en ræist øuk su^a ba sa in r(æ)þar,"Vésteinn carved these runes. Hail both he who carved, and he who interprets (the runes)."
N 170 M,÷ sigurþr ÷ ialssun : ræist : runar : þesar : lo^uga^r:dagen : æftir : botolfs:mæso : e^r : a^n : flyþi : higat : o^k · uildi : æigi : ga^ga : til · sæta^r : uiþ : su^ærri : fo^þ^ur:bana : sin : o^k : brøþra :÷,"Sigurðr Jarl's son carved these runes on the Saturday after Bótulfr's-mass when he fled here and did not want to undergo reconciliation with Sverrir, the slayer of his father and brothers."
N 171 M,... h-lu-rþr · krenske · ræist uinar þesr · sæl er · sa er sui(k)(i) · -(f)yla · so^rh · r(e)ika^r · tohe · græitis · sot · at · kæte · ge^lt^r æiþa^r · þæs · (a)^lt^ri · era · fenbra^uhþum · flahþa · fa^lner · niþr · meþ · a^ulu · ha^uka^r · ba^lts · a^uk · ha^lta · huhstriþi · byr·...,"... Hallvarðr from Grenland (lower Telemark) carved these runes. Never is he fortunate, the brute who betrays: (he can) expect to get sorrow on the hair-part's turf (ie on his head); (he will) pay for this (broken) oath. The breeze-blown skis ( = ships) of Baldr's hawks ( = the warriors) (ie the sea-warriors) are not all felled through the baleful deeds of ogresses, and (they) hold the memory of battle."
N 172 M,÷ þæsse : kirka : æ^r (:) uig^d (:) sa(k)^t(s) (:) (o)l(a)^u(e) (:) ko(n)o^g(e),This church is dedicated to Saint Ólafr the King.
N 173 M §A,math(e)us §B lukas §C mar(k)us §D ioh(a)(n)(n)(e)s,Matthew §B Luke §C Mark §D John
N 174,†M [mi(:)m æ(:)lifu : neta^r : til : botolps:søku : (o)ltiþ s a],"†M Memorandum: eleven nights until Bótulfrs-vigil, S-... A-...'s anniversary-of-death."
N 175,†M [÷ h(e)^r : likar ÷ þors-ouar ÷ þnr...iun],†M Here lies Þor-... ...
N 176,†M [arnæ],†M Árni
N 177,†M [olai],†M ...
N 178 M,ane þostæisun (k)æirþi mik : en halæikr kæutasun a mik ¶ hæilum hotom kere han soa : þeta oar : ristit koal suta nar koalt,Árni Þorsteinn's son made me and Háleikr Gautr's son owns me. Thus he did with healthy hands. This was carved ... Sunday towards evening.
N 179 M,hake ÷ beanar÷sun ÷ a mik ÷ suæn ÷ os-(u)-dar÷sun ÷ slo ÷ mik ÷ osofar ÷ ræs÷t ÷ mik ÷ auk ÷ læiste ÷ oþesndhen ÷ nesta ÷ eptir ÷ olafs÷foku ÷ a seta ÷ are ÷ rikes ÷ f(o)s ÷ firþulhs ÷ hæra ÷ mahnusar ÷ norihs ÷ konohs,"Haki Bjôrn's son owns me, Sveinn Ásmundr's son hammered me, Ásulfr carved and read me on the first Wednesday after Ólafr's-vigil in the sixth year of the reign of our worthy Sire Magnús, King of Norway."
N 180 †,[... : reisti : stein : þe(n)(a) : e(f)(t)ir : (h)(i)k...],... raised this stone in memory of ...
N 181 M,her li(k)(a)r þ(o)læfar sun (k)[una(s) (a) birt- +],"here lies Þorleifr, son of Gunnarr(?) of Birti(?)."
N 182,$M fuþorkhniastlbmy ¶ ÷÷ þeir ÷ gærþo ÷ runar þæsar ¶ finr ÷ auk olafr,"$M <fuþorkhniastlbmy> They made these runes, Finnr and Ólafr."
N 183 M,o^not^r : a mik : a ho^no^m,Ônundr of Hornar owns me.
N 184,arn×[stin] × risti × stin × þi[na] × iftir × bior × [s]un × sin × [sa × uar] tuþr × i liþi × þ[(o)s × knutr soti × iklot +] ¶ × in is ko[þ],Arnsteinn raised this stone in memory of Bjórr his son who died in the retinue when Knútr attacked England. God is one.
N 185 †,[+ kuþ hiabi s(a)l ma(h)niltar],May God help Magnhildr's soul.
N 186 †,[þo(l)afr : s(t)a(l)a : sunr rasti : stain : aftir (o)laf : il(o)nssun (o) (b)uk(l)onti :],"Þorlafr Stáli's son raised (the) stone in memory of Ólafr of Byggland, Erlendr's son."
N 187,ialbi koþ onto -...,May God help (his) spirit ...
N 188,kunitr : kerþ snalt :,Gunnhildr made the spindle-whorl.
N 189 M,kun^nar girþi mik hlhi a mik,Gunnarr made me. Helgi owns me.
N 190 M,...,...
N 191 M,ra raist,Hreiðarr(?) carved.
N 192 M,ek uilta kusa may þ(a) er fahst er i^ ^þ^haiminum,I wanted to choose the maid who is the fairest in the home of the giants(?).
N 193 M,k(u)na^(r) h...,Gunnarr ...
N 194 M,kuni,Gunni
N 195 M,þer er huit haur,Rest is hard for you.
N 196 M,--r----------(r)---------h--,...
N 197 M,--þ------e---(m)...,...
N 198 M,uifil bo hir,Vifill lived here
N 199 M,ai-----,...
N 200 M,s þ,Salmundr(?) Þorgeirr's(?) son
N 201 M,fuþorkhniastblmøæ hi,<fuþorkhniastblmøæ> ...
N 202 M,fuþorkhniastbm-,<fuþorkhniastbm->
N 203 M,fuþorkhniastblmæø,<fuþorkhniastblmæø>
N 204 M,fuþor,<fuþork>
N 205 M,fuþ,<fuþork>
N 206 M,-...or-...,...
N 207 M,fuþ(o)rkhn,<fuþorkhnias>
N 208,(þ)---(a)r--n--- ÷ ---(s)--þ ÷ þitak-rtu ÷ in kunar ÷ (r)(a)---- ÷ s-a-- ÷ þono (b)ru(þ)ur sin,... ... <þitak-rtu> and Gunnarr raised this stone [in memory of] their brother.
N 209 $,a(f)t þuri niriþs| |sun is| |stain sa,This stone is in memory of Þóri Neriðr's son.
N 210 $,× aRintr × karþi × kirkiu × þesa × kosunr × olafs × hins × hala × a oþali × sinu ×,"Eyvindr, godson of Ólafr the Slippery/Crooked/Holy made this church on his allodial land."
N 211,auintr : risti : stin : þina aftir : kunuat : sun sn,"Eyvindr raised this stone in memory of Gunnhvatr/Gunnvaldr, his son."
N 212 M,her skipter : mørkone,(This) divides here the (outlying-)forests.
N 213,ranuauk : raisti : stain : aftir : akmunt hrabisun : uar sin : skokr : b[arþi],"Rannveig raised the stone in memory of Ôgmundr Hreppir's son, her husband. Skógr struck (the runes)."
N 214 M,rist : (a)inriþi (:) (a)t [:] u(s)tæn (:),Einriði carved in memory of Eysteinn.
N 215,†M [gunr : rioas:sun : ligr : hr],†M Gunnarr Bjôrn's(?) son lies here.
N 216,†M §A [pkrus ÷ paullus : an(t)ræas markus : maria ÷ mathius uukis : iohannisi t(æ)tra÷krama÷ton ÷ ag(l)a ÷ akios ÷ annail ÷ missæai ÷ iesuk ÷ gristi ÷ gu...] §B [maria s m · hila ÷ iesus ÷ krists ÷ tit(r) hakon],"†M §A Peter, Paul, Andrew, Mark, Mary, Matthew, Luke, John, Tetragrammaton, 'agla' (= Thou art strong in eternity, Lord), holy, Emmanuel?/Adonai? (Lord), Messiah, Jesus Christ, God. §B Fortunate Mary, the holy maiden. Jesus Christ. Tetragrammaton. Hákon."
N 217,... risti stin þina,... raised this stone
N 218,†M [ra^ngn(e) (s)],†M Ragni(?) the priest(?).
N 219,†M [ranu^aig],†M Rannveig.
N 220,†M [ilþa],†M ...
N 221 M,l(i)k(i) (m)unu l(i)fa (:) hn(t)a,"Long may (they) live, defend!(?)"
N 222,... ...i : staina : þis(a) ¶ haftir : --...,... raised these stones in memory of ...
N 223 $ §A,kautr : r(b)[isti ÷ stan ÷ þa^na :] §B (+) aft : staina(r) [÷ bruþur : sin × in ÷ ulfrikr ÷] §A [srkþukr k],"Gautr raised this stone §B in memory of Steinarr, his brother. And Ulfríkr §A the Sorrow-stricken made."
N 224,biorn : kl(a)... ... ...ruþur : sin +,Bjôrn ... ... his brother.
N 225 §A,þurir : harþar:sunr : raisti : stain : þina : ¶ aft : oskarþi : kuon : sina : (t)u(t)ur : kunars (:) §B bruþur : halka : o : klabi +,"Þórir Harðr's son raised this stone in memory of his wife Ásgerðr, daughter of Gunnarr §B (the) brother of Helgi of Kleppr."
N 226,(h)iþi(n) (:) ... bau(þ)... ...,Heðinn ... Bôðvarr ...
N 227,†M [artiþ : er ÷ ikibrha^r : kara:totr : þru : nom : æpter : krosmesst : um · uarst ¶ + huær (:) sa : maþ-r ÷ runar : þec : sar : þa : sy-e : bater : no-ter : fyrer : søl : heþnar : haalbe ÷ kuþ : þæim : er : suæ : kerer],"†M Ingibjôrg Kári's daughter's anniversary-of-death is three nights after Cross-mass in spring. Whoever the man who sees these runes may be, may he sing Our Father for her soul. May God help him who does thus."
N 228,hailki ÷ rais(t)(i) (s)(t)(a)in þon ÷ aft kaitil bruþur sin,Helgi raised this stone in memory of his brother Ketill.
N 229 M,fuþorkhniasl-...,<fuþorkhniastbmly>
N 230 §A,arnktil : kita : rit : runar §B auktktil kkka^r : iitb/iito runa-,Arnketill Pike / Tabby-cat wrote runes §B ... ... ... ...
N 231 M,+ artiþa(:)t(a)hr : s(t)(æ)ins ... ¶ + suæins : er : siøu notom æft[ir ÷ høl-...],Steinn's anniversary-of-death-day ... <suæins> is seven nights after All-hallows mass.
N 232 M §A,[+ kyþa : a^ntaþish : tu]æm natum [fyrir :] ka-[ntaha · rlo : ahmutr] §B [+ st-...n (:) antaþesk (:) æi]ni ÷ not ÷ æftir] × bøn...us÷mæsu] §C [þo--io... htaiask : tio þiom · farir ol^u ×],Gyða met her end two nights before Rogation day ... Ôgmundr §B Steinunn met her end one night after Benediktus-mass §C ... met her end ten nights before Ólafr's-vigil.
N 233 §A,... ...ina : ok (l)... (þ)ena §B ...(t) : ker(a) ...,... stones and ... this §B had made ...
N 234,+ a(r)(t)iþ : (a)nbiarnar :,Arnbjôrn's anniversary-of-death.
N 235,sikriþ : antaþisk fim notom fRri botolf...,Sigríðr met her end five nights before Bótulfr's(-mass) ...
N 236 §A,(m)a(l)(i) : es : a : s(t)ain(i) : þesu(m) : a- ... §B uorb ÷ likia : hol(f) : til -... §C : at : aign : auk : at : oþli : (e)- : --,"The agreement on this stone is, that ... §B half of the warping-line lie to ... §C as property and as allodial land ... ..."
N 237 † §A,[u(n) ri(s)(t)i : s(t)in þinsi : iftir ¶ : al : b----- ma : sin : ulf(r)k(r) : -iu] §B [+ (h)ialbi : kuþ : sal : þ(i)- ¶ ra(þ) rt],Ónn raised this stone in memory of <al> ... his kinsman-by-marriage. Ulfríkr cut (the runes). §B May God help your soul(?). Rightly interpret.
N 238 †,[... ...i(s)t run(a)r (þ)isar · u(n) · ... · su(n) (a)(f)t ...],... Ónn ... son carved these runes in memory of ...
N 239,þur(b)(i)(u)(r)(n) : skalt : ra(i)sti s(t)n (þ)(o)n(a) aft : s(o)i-÷þuri : sun : sin : is o : (t)on(m)arku (:) (f)il,"Þorbjôrn Skald raised this stone in memory of <soi->þórir, his son, who fell in Denmark."
N 240 M,+ artiþa:tahr : biarnar : ulfkæis:sunar : ¶ er : tuæim : notom : fyrer : mario:... ¶ stæin,The day of the anniversary-of-death of Bjôrn Ulfgeirr's son is two nights before Mary's [mass]. Steinn ...
N 241 †,[...þursin],...
N 242,...,...
N 243 †,[...],...
N 244,× skarþi : risti : stin : þana : iftir :: biafa : sun : sin : harþa : kuþan : man :,"Skarði raised this stone in memory of Bjalfi, his son, a very good man."
N 245,þurmuþr · risti : stin : þono aft : þrunt : sun sin,"Þormóðr raised this stone in memory of Þróndr, his son."
N 246 $,hans,...
N 247 M,-(l)(h)usmin ræisto stæin þana æf(t)ir skarþ^a (:) (æ)(n) (:) þæir tr(u)(k)(o) ¶ -rfi hans,The drinking-companions raised this stone in memory of Skarði when they drank his funeral-feast.
N 248,$M §A + esse krucem tomini fugite pa^rtes atu^erse : uicit leo · de tribu iuta ratiks ta^uit §B kuatuo^r grana : in penta^lum : kuo (f)on... ...-i aa^ro^n · iessus · kristus §C ma^rikus ma^þeus lukas ioh--hannes §D tetragramato^n ÷ atpha e^t o ÷,"$M §A Behold the cross of the Lord; flee, you hostile powers. The lion of the tribe of Juda, the root of David, has conquered. §B Four letters on the forehead-plate that Aaron bore on his forehead, Jesus Christ. §C Mark, Matthew, Luke, John. §D Tetragrammaton. Alpha and Omega."
N 249 M,× k(o)^lbiørn : het ma^þ(r) : (e)(r) (b)(i)(o)(k)e : her,The man who lived here was called Kolbjôrn.
N 250,†M [ø^yulfr r r],†M Eyjulfr carved runes.
N 251,× katil : raisti : stain : þina : haftir : iuruni : kunu : sina : tutur : uþurm,"Ketill raised this stone in memory of Jórunn, his wife, Úþyrmir's(?) daughter."
N 252,al(f)---ir : (b)r(i)str : raisti : stain : þina : aft : arlik ¶ trot(i)n : (s)(i)(n) : -(s)-(i)(n)(u)(a)s : --(a)--(n)-------- : (i)s (h)an (:) (b)ar(i)þ¶is(k) : uiþ ¶ ol(a)if,<alf---ir> the priest raised this stone in memory of his lord Erlingr ... when he fought with Óleifr.
N 253 M,... ...luarc ÷ er : æine : not :: æfter : ¶ ... ...hra : mæso:tah : bruse : ræist :,Hallvarðr's anniversary-of-death is one night after All-hallows mass-day. Brúsi carved.
N 254 M,-imu(n) : prester : læ(t) : (b)e... ... ...sso,Símun the priest had (me) struck(?) ... mass.
N 255,aRt/aa^nt,...
N 256,†M §P [÷ aotam ÷÷ biku ÷+÷ euæ ÷÷ kaim] §Q [÷ addam ÷ bi ÷ gus ÷+÷ eu(a) ÷ kaim],"†M §P Adam ... Eve, Cain."
N 257 M §A,... uiþ : a^nlat : sit ÷ -... §B ...es ÷ kirkio : þæsse · til : ke^rþa^r ... §C ...t(e) : til : uista^r : ua^l-... §D ... ...l : dyrþa^r : o^uk : ga^f : til : se^gs : ...,"... at his demise ... §B ... to the making of this church ... §C ... to provision ... §D ... to magnificence, and gave six to ..."
N 258 M,þessa^r : runar : reist : eind^riþ(i) : prest^r : io^ns:so^n : o^k : b(i)(þ)(i)t : fyr(i)r : mik,Eindriði Jón's son the priest carved these runes and prayed for me.
N 259 $,(×) (þ)(u)(r)(m)(u)(þ)[r : auk] (:) (þ)(u)(r)(k)(a)(r)þ(r) : (r)-is-u : s(t)ain : [þi(n)(a) a(f)tir k(a)u...],Þormóðr and Þorgarðr/Þorgerðr raised this stone in memory of Gautr.
N 260 §A,soenki × resti × sten × þena × §B ... (þ)ront × boroþur × sin ×,"Sveinki raised this stone §B in memory of Þróndr, his brother."
N 261,$M [artiþa^rtahe^r osolfs a hælhalante ÷ e^r feo^ro^u no]...m æfte^r halua^rs÷m(æ)...,$M Ásulfr of Helgaland's anniversary-of-death-day is four nights after St. Hallvarðr's mass. [St. Hallvarðr's mass = 15 May]
N 262 M §A,adonai in : ici §BP k-a^n krtto §BQ ... m s a krtto §C m a^b li i,"Adonai (Lord) ... behold §BP ... Credo. §BQ Saint Michael receive my/ his / her soul. Credo. §C Matthew, the apostle, Luke, John."
N 263 M §A,i--^khitdiush §BP ba^kmik §BQ ba^kmsk §C kr{U} §D ... §E ... §F serbens a^ri(e)s leo §G ue^rmis §H a^reto^n §I {OLAUUS} §K {JHVH},"... §BP ... §BQ ... §C cross(?) §D ... §E ... §F serpent, ram, lion, §G worm §H Arreton (divine) §I Olaus §K Jehovah"
N 264 M §A,[biþer : kiþi-] §BP + biþir firir · sial · [ranuils ·+] §BQ + biþir firir · sial · [ransual a^u-],Pray for §BP Pray for Randviðr's(?) soul. §BQ Pray for Ragnvaldr's soul ...
N 265 M,fr · gregorius,Brother Gregorius
N 266,†M [kuiaæ iariu nisir],†M Michael next (after) Mary.
N 267 M,-- (:) (t)-----f-k---(u)a^k(a)(l)--(a)u(a),... ...
N 268 M,suæin {P}res{T}r : {LET} br-- mik,Sveinn the priest had me struck.
N 269 M §A,...gr ÷ erlin... ¶ ...e hans §B ...ghr ÷ e... ¶ ...on ÷ k-e...,Erlingr's day of anniversary-of death ... his §B Erlingr's day of anniversary-of-death ... ...
N 270 M §A,ha^ra^lr §B ko^n^u^nkr leifr §C ur,Haraldr §B King Leifr §C ...
N 271 §A,+ arlantr : ris(t) : runar : þisa(r) §B + aftir : alui : faþur (+),"Erlendr carved these runes §B in memory of Ôlvir, (his) father."
N 272 M,ketil : seti : stein : þena : ebtir/eptir : fin : mak : sin,"Ketill placed this stone in memory of Finnr, his kinsman-by-marriage."
N 273,× þormoþr : r(a)isti : st(a)in : þ(a)na :× aftir : þormoþ : suiþanta : foþur sin (×),"Þormóðr raised this stone in memory of Þormóðr the Stinging /(Earth-)Scorcher, his father."
N 274 M,ormo^r gun:ilta^rsun (g)ær(i) mæk,Ormr Gunnhildr's son made me.
N 275,†M §A [a^f · uilirr ÷] §B [ka^rtur ÷ o^mmunt...r÷(s)],†M §A Here(?) rests §B Garðr Ôgmundr's son.
N 276 M,østæin baþ þæs (a)t þæna stæin sky^lti læ-... ...,Eysteinn ordered that this stone should be laid ...
N 277,†M [+ tn ÷ artiþ : æikikiarkrar ÷ ir ÷ þrimr ÷ iattim ¶ firæ ÷ mariu÷messo ÷ i ÷ kostu],†M ... Ingibjôrg's anniversary-of-death is three nights before Mary's-mass in Lent.
N 278 M,mar(k)(u)(s) markþi,Markus marked.
N 279 M,[+ ir]tiþ æiriks er · þa : er fim no--- er -...--,Eirikr's anniversary-of-death is when it is five nights ...
N 280,†M [+ ...eþ hui--- ma^rkuæia],†M Here rests Margréta(?).
N 281,†M [+ ...riahp · ioru---r -- m-----k noiam æ(p)tir brþt- ·],†M The day of Jôrundr's anniversary-of-death is ... nights after Bartholomew-mass(?).
N 282 §P,ui × t-... §Q ...-l × i(s),... ... §Q ... ...
N 283,t ou^arkar × karþir × is × kuinn×(k)... ...,... Bodily harm (will be) charged where woman's inviolability (is threatened).
N 284,sikat ' ... ... ni × uritar × uritar × uilki × ...,"I do not see ... ... nor wrong, absolutely not wrong ..."
N 285 M,...,...
N 286 M §P,aka^l ia §Q aka^lit,invocation ... §Q the invocation
N 287 M §A,+ þo^r(b)erker ÷ erlens÷son ... §B ...nuo^ru ÷ ko^no ÷ sna §A ÷ þri÷m nottom ÷ æftir ÷ b(o)... ... §B ...(r)ar : en fi(þ)r gerþi +,"Þorbergr Erlendr's son ... §B Gunnvôr, his wife. §A Three nights after Bótulfr's-mass(?) ... §B Gunnvôr. But Finnr made."
N 288 M,uikigr-,Víkingr.
N 289 M §A,(t)rotin^n : um a^lla : fram ÷ o^k þu styrk : mik : til a^l^lra go^þra : lut... §B ...otin^n : iis÷us krist^ur ÷ sa (i)r bæþe : er guþ o^k : maþa^r : høyr : a^kal^l mit : -... §C ... þik : o^k biþia mer : miskuna^r : uiþa^r : þi(k) o^k ma^riu (:) mo^þ(o)(r),"Lord above all! and You strengthen me for every good lot. §B Lord Jesus Christ, who is both God and man, hear my invocation ... §C ... You and pray for mercy for me from You and Mary, (Your) mother."
N 290 M §A,× rani × §B fuþorkhniast,Hrani §B <fuþorkhniastbmly>
N 291 M §A,hagon ræist mig o^g en suæinen a mig §B ba^rþ a mæ(g) mart a fa^n n þææm er ræist mig,"Hákon carved me, but the lad owns me. §B Bárðr owns me. He found much to put upon him(?) who carved me."
N 292 M,fuþo,<fuþork>
N 293 M §A,isakr þor(e)-r a mik i ro^ni §B -- §C isakr §D fuþorkhnisa,Ísakr. Þórir in Róin(?) owns me. §B ... §C Ísakr §D <fuþorkhnisa>
N 294 M,fuþor,<fuþork>
N 295 M,-(o)(k)(k)(f)(a)---æ(f)-/-(o)(k)i(m)(a)---æ(g),...
N 296,†M [orm : iati : iþ : k(l)þri : þisu : (þ)ah : þorra : k-],†M ... ... ... ... ... ... ... ...
N 297 M,her : nid^ri ÷ firir ÷ huilir ÷ iumfru ÷ ma^rgretta ÷ bidir ÷ pate^r ÷ nosd^e^r ÷ firir ÷ henna^r : saal ÷,Here below rests the virgin Margréta. Pray Our Father for her soul.
N 298 M,ilo u(e)n(:)r tuan þr hulf oisk ÷ ok fpkl þr t(e)k þo(g)u,"The dove resists evil where he fears (the sky's) vault, and the bird there takes shelter."
N 299 M,hip---,...
N 300,... ...(a)isti : kumlu : þita : af(t)... ...,... raised this monument in memory of ...
N 301 M §A,pa^l æi(n)(a)^(r)so^n : ræist : run(a)^(r) (:) þæs... §B ... stæin þæna æ(f)tir ...,Páll Einarr's son carved these runes §B ... this stone in memory of ...
N 302,†M [ba^l ræist runa^r þesar um þrilri/þrilrk],†M Páll carved these runes at (the time of the) Trinity(?).
N 303 M §A,{A ABCDEFGHIKLMNOPQR} §B {STVXYZ AMOR VINI OOM} §C {CD...AB} §D a ' f...,... abcdefghiklmnopqr §B <stvyz> Love conquers all §C ... §D ... ...
N 304 M,hika ihkiporh (þ),"Helga, / Holy(?) Ingibjôrg ..."
N 305 M,askautr,Ásgautr
N 306 M,alf^a e^t ...,Alpha and Omega.
N 307 M,aue maria gracia btena dominus lecum benedicla lu in mutie,"Hail Mary, full of grace. The Lord is with Thee: blessed art Thou among women."
N 308 M,kuþ,God
N 309 M,(t)r(o)ten min ty mer til þes at ek fa bet^ra,"My Lord, assist me so that it gets better for me."
N 310 M,mai/ma(n),...
N 311 M,mai --,... ...
N 312 M,nikol(a)^uc ÷ -------- ÷ (p)rec(b)iter ÷ in : lerþal +,Nikolaus ... Minister in Leradalr.
N 313 M,nieu kri,... ...
N 314 M,sa^nkte : nikula^us : kirkia,Saint Nikulás' church.
N 315 M,i : my/m<n>,... ...
N 316 M,h...esk : dy...,... ...
N 317 M,...er er ioron : ia^rþaþ,Jórunn is interred here.
N 318 M,--(u)(k)-(ø)mr · huh-r · se(n)(d)ir · uin sinum astsaml(e)ha kuæþiu,... ... sends his friend a loving greeting.
N 319 M,(h)a^(l)(d)i (÷) hin ÷ hæ^lhi ÷ d^roten ÷ ho^n(d) ÷ yuir (÷) brynio^lfs ÷ on÷d ÷ þ^at ÷ se (÷) satt,May the holy Lord hold (His) hand over Brynjulfr's spirit. May it be true.
N 320 M,[ha^ld](i) (÷) (h)(i)(n) (÷) hæ^lhi ÷ d(r)oti(n) ÷ h,may the holy Lord hold (His) hand
N 321 M,ar,...
N 322 M,hin,the
N 323 M,mag hin hilg,Magnús the Holy.
N 324 M,lofaþum,praised
N 325 M,blæcaþer s,blessed he (who)
N 326 M,b^eine,Beini
N 327 M,maria,Mary
N 328 M,-----(r)--(k)--ir,...
N 329 M,r(o)a^r ru(e),Hróarr ...
N 330 M,× a^rnfiþr ræist mik,Arnfinnr carved me.
N 331 M,ga^ut^e,Gauti
N 332 M,k b s,... ... ...
N 333 M,blæs,blessed(?)
N 334 M,+ askrimr +,Ásgrímr
N 335 M,or------------,...
N 336 M §A,ion §B ion,Jón §B Jón
N 337 M,a^rne prestr ui(l) hafa ig<u>,Árni the priest wants to have Inga.
N 338 M §A,(a)(s) -(b)(m)-(y) : (h)(m)(k) : (m) §B {ABCDE(F)GHLIKMOPQ (H)},<hnias tbmly> ... ... §B abcdefghlikmopq ...
N 339 M,t mir,... me(?)
N 340 M,-r-uþ-,...
N 341 M,io^n,Jón
N 342 M,ornesi,Órnes
N 343 M,a^ue,Hail
N 344 M §A,lige^r i : pa^le^ ^lifir hæimsleha hin^n er bæþ undir ser beleitir sdundum §B þa^r munu matka^r ma^rher ga^uga sem a duni søfe^r dote^r at^l^la,"(He) lies on the bench, lives foolishly; he who beds underneath him is sometimes soaked. §B There will many maggots swarm, as Atli's daughter sleeps on down."
N 345 M §A,gut^rit ÷ in nomine ÷ pat^ris ÷ et fili ÷ et §B spiri¶¶tu ÷ santo ÷ amen ÷ tominus iesus crit^us ame,"Guðríðr. In the name of the Father and of the Son and §B of the holy Spirit, Amen. Lord Jesus Christ. Amen."
N 346 M,guþ hia^be þer trautto,May God help you ...
N 347 M,+ hafe maria krasia blena tomius stekum benatit|a| |t|aus in mulieribus æþ be,"Hail Mary, full of grace. The Lord is with Thee: blessed art Thou among women and blessed is."
N 348 M §A,emanuel sabaoþ aþo¶nai usion agios oþan¶naþos ælæison ¶ alfa æþ o §B messias soþer §C filæhs artifæhas ¶ deus iesus saluat¶or agios oþonna¶þos ælæison aæl ¶ (g)aagelai ag(e^)la,"Emanuel, Sabaoth, Adonai (Lord)(from the five names of God in Messias, Soter, Emanuel, Sabaoth, Adonai) ... Holy, Immortal, Have mercy, Alfa and Omega. §B Messias, Soter §C fortunate, maker, lord Jesus the saviour. Holy, Immortal, Have mercy ... ... agla ('agla' = Thou art strong in eternity, Lord)."
N 349 M §A,+ bono bena fin bona bena §B bæiofæ,"good, favourable ... good, favourable §B ..."
N 350 M,þettas {K}ir{K}ia^n a {K}irkiuuelle,This is the church of Kirkjuvôllr.
N 351 M,þo^rir · ræist · runa^r · þessa^r · þan · olaus·mess·o^æpþa^n ¶ ...r han · fo^r · he^r um ¶ ÷ bæþe^ ^ge^rþo^ ^no^(r)ne^r · uæl · o^k · il^la · mikla · møþe ¶ g skapaþu · þær mer,"Þórir carved these runes on the eve of Olaus-mass, when he travelled past here. The norns did both good and evil, great toil ... they created for me."
N 352 M,raþ ret þu runar ¶ uh blint (e)s lo at,Interpret the runes rightly! ... Blind is(?) ... the owl's(?) nourishment(?) (ie obscure are the words of the owl).
N 353 M §P,<hor--> §Q <hor> --,adultery-(?)... §Q whore ...
N 354 M,-,...
N 355 M,pati,gossip
N 356 M,{K} æ ' b {K},"Lord have mercy, blessed is he who(?)"
N 357,$M kirkia^n a^ ^kirkiuuelli a mik,$M The church of Kirkjuvôllr owns me.
N 358 M,kuþ styþi huæn er mik styþer til utfærþar,May God support whosoever supports my expedition.
N 359 M §P,{K} l §Q pl,May God reward(?) §Q ...
N 360 M,r<a>n t^r<yll>,Ragnarr(?) the Stout.
N 361 M,kn(u)(a)(s),...
N 362 M,m(a)tig biorn siriþ,Mighty/Talkative Bjôrn and Sigríðr
N 363 M,trnralaba^la^lisa^rnþa^la^ln,...
N 364 M,tistil mistil ok <h>n þiriþi þistil,"'tistill', mistletoe and - the third - thistle."
N 365 M,tistilsmiso<h>nþrl(e)--,...
N 366 M,tilsbnr,...
N 367 M,tis,...
N 368,$M klemetr · ræist ru(^n)ar þesar sunutah þan er nestr e^r æpt(e)r iol guþ gæte (h)ans o^k in hælka m(æ)r,$M Klemetr ræist these runes on the Sunday which is next after Christmas. May God and the holy maiden protect his.
N 369 M,-(u)(þ) fani sal þira bæikia,May God welcome both of their souls.
N 370 M,cl,...
N 371 M,dbc,...
N 372 M,------------/...,...
N 373 M,m^a^ria,Mary
N 374 M,-,...
N 375 M,mnri,Mary
N 376 M,n : iþ : rh : i,... ... ... ...
N 377 M,ka^nuli,Knútr's
N 378 M,kirkia ÷ sa^nkus ÷ kalikr,Church. Sanctus-bell. Chalice.
N 379 M,fuþorkh,<fuþorkhnias>
N 380 M,kir,...
N 381 M,hi banaþo ...,the forbidden / accursed ...
N 382 M,besse,Bessi
N 383 M,a^u^e m^a,Hail Mary
N 384 M,þe^nna (:) sta^(f) : (g)a^f : siþhriþ : a hu... ...irir so^lo a^r^ndo^rs o^k se^r til misku^na^r,Sigríðr of Hváll gave this staff for mercy towards the souls of Arnþórr and herself.
N 385 M,asuin,...
N 386 M,olafr kunukr skaut mili stæina þe(s)a,King Ólafr konungr shot between these stones.
N 387 M,ionsmæsodahr er nu,Now is the day of Jón's-mass.
N 388 M,ek t^rui a guþ,I believe in God.
N 389 M,petronile,Petronilla
N 390,†M [+ koþ trotin hialli ia(l)o + k(æ)tila +],†M May Lord God help Ketill's soul.
N 391,†M [+ hær huilir : unþir : a^rn¶finþr ÷ iaua^r(t)c:son],†M Hereunder rests Arnfinnr Jatvarðr's son/Hávarðr's son.
N 392 M,loka^r fa^l loka^r sin i loka^rspo^nom,Lokarr ('plane') concealed his plane in the plane-shavings.
N 393 M,nu · er · ba^lm·sunua^fta^n ¶ troten· hia^be · þæim| |manni · ¶ er · þesa^r · runa^r · ræist · sua þæim · ¶ er · þær · ræþr +,(It) is now the eve of Palm Sunday. May the Lord help the man who carved these runes; likewise he who interprets them.
N 394 M,fuþorkhains,<fuþorkhnias>
N 395 M,a^ue ma,Hail Mary
N 396 M,kuþ min ok hi ælak ma^ria,My God and the holy Mary.
N 397 M,kirkiu,church
N 398 M,su^nr,son/south
N 399 M,glo^ri-,Glory
N 400 M,hælh(e),Helgi
N 401 M,sol(i) si-,alone be(?)
N 402 M,au- --r--...,Hail Mary(?)
N 403 M,styllaug,Styrlaugr
N 404 M,sa^n^ta^ ^mic,Saint Michael
N 405 M,... m(a^)rtiri(b)us : l^eti(m)ini · e{X}ult^ent · iusti · mirabilis (a)...,... You rejoice with the martyrs! The righteous exult with wonders ...
N 406 M §A,a ÷ ra^n §B mac,... ... §B ...
N 407 M,synri,southerly(?)
N 408 M,r^ ^r ra^r,Interpret the runes rightly!
N 409 M,(m)-(t)---(i)(k)/(h)-(d)---(i)(k),...
N 410 M,fu,<fuþork>
N 411 M,guþ hia^lpe þæim er mik ræist in þat ua haukr,May God help he who carved me and that was Haukr.
N 412 M,ma^ria,Mary
N 413 † §A,[+ krur : biria:suar : risti : stin : þina| |at : nu-... ...] §B [katils:sunar : is : nir : uas : naukuin : is : itin : sia : stinr +],"Grímr Bersi's son raised this stone in memory of Þór-... ... §B Ketill's son, who was cut down here where this stone stands."
N 414 M,÷ --n ÷ (s)(s)(r) (a)(a)^(r)(b),... ... ...
N 415 M,...(r) rist,... carved
N 416 M,eirikr,Eiríkr
N 417,+ þur... lit raisa krus þina aft-- -----,Þórðr had this cross raised in memory of ...
N 418 M,...r · uaskor · s(o)nr · þores · a ...,"... the intrepid, son of Þórir of ..."
N 419 M,kristr : hialb : os : uæl,"Christ, help us well."
N 420 M,þo^rþr,Þórðr
N 421 M,atres,Andrés
N 422 M,her : lago þeir men er komo af ¶ risalade meþ lo^þnu skipi af (g)ulli ¶ o^k þet er i þesum steini,Here lie the men who came from Risaland with ships laden with gold. And that is in this stone.
N 423 M,... ...-þe runa^r þæ-...,... struck(?) these runes
N 424 M,ai(k)--... · -(o)^rtir ÷ ra(-)--,... ... ...
N 425 M,ræist : ramr : iotun · ru^n(a)^r,The strong giant carved the runes.
N 426 M,okhænta-,...
N 427 M,ømotr (:) ræst · þæir (:) --þo : sa--,Ôgmundr carved. They passed(?) ...
N 428 M,sa ma^þr : resti : runar : þæsar : er uas : utanb...,That man carved these runes who was outside/without ...
N 429 M,kliþie æi a : mi(k) : gose,Ever rejoice: Gási owns me.
N 430 M,h(e)(r) (e)r gull o^k uilur un(d)ir,Hereunder are gold and enchantment.
N 431,þair luþin auk þ(u)...,Loðinn and Þor-...
N 432 M,(e)(m)(h)r...,...
N 433 M,ura^n---ais/ury---ais,...
N 434,†M [ko^r r mik],†M Kárr carved me
N 435 M,rrr---,...
N 436 M,hantria,affliction of the hand(?)
N 437 M,...a : yfir : leh : þo^ro : ko^no : sin... ¶ ... (t)omasmesso^ ^þ...,... over the burial-place of his wife Þóra ... Thomás-mass ...
N 438 M,io^n gaf hæinnr-,Jón gave to Heinrekr.
N 439 M,þo^rotr risti r(u)(n)(a)r þesar,Þóroddr carved these runes.
N 440 M,þo...r(u)...r,...
N 441,†M [...],†M ...
N 442 †,[-------r : r-...],... ...
N 443 M,øst<ain> : <ra>i<st> :,Eysteinn carved.
N 444 M,r,...
N 445 M,lit guþ^rs uit · ek ·,I want (to go) to God.
N 446 M,+ ek : biþ : firi : guþrs : sakar : yþr : lær^þa : men^n : er ¶ uarþuæita : staþ : þæn^na : ok : al^la : þa : er : raþa : ku^n^nu ¶ bøn : mina : min^nick : sa^lo : min^na^r : i hælgum : bønom : en ¶ ek : et : gun^na^r : ok : gærþi : ek : hus : þæt^ta + ua^lete,"I pray for God's guilt to you learned men who are in charge of this place, and all of you, who can interpret my prayer: remember my soul in holy prayers. And I was called Gunnarr and I made this house. Farewell!"
N 447 M,+ iuar · (e)(f)--r/(s)(m)--r : ke^rþe · mik · en · maria · a · mic,Ívarr .../the smith(?) made me but María owns me.
N 448,†M [biorg simunar(d)oter : (i)...],†M Bjôrg Símun's daughter ...
N 449,þurir : auk : hal(u)arþr : rai(s)(t)(u) · stain : þins(i) · aft u(l)f(l)iu(t) ... ¶ tualf · uintr · ha(f)(þ)i : (k)r(i)(s)(t)(i)(n)·(t)umr : (u)iri(t) · (i) n(u)riki ...,Þórir and Hallvarðr raised this stone in memory of Ulfljótr(?) ... Christianity had been twelve winters in Norway ...
N 450 U,siklis nA hli,The jewellery is protection from (the) needs.
N 451 M,kætil a,Ketill owns.
N 452 M,snalt^r,spindle-whorl
N 453 §P,utar raisti stain aft(i)(r) (a)(u)rn fauþur sin §Q utar raisti stain aft (:) (b)(i)(a)(u)rn fauþur sin,"Óttarr raised the stone in memory of Ôrn, his father. §Q Óttarr raised the stone in memory of Bjôrn, his father."
N 454 M,÷ eirikur ÷ þossteis÷son,Eiríkr Þorsteinn's son
N 455 M §A,inga §B ...s ÷ asmunda^r÷so^n ÷ a mik,Inga §B ... Ásmundr's son owns me.
N 456 M,i^o^n,Jón
N 457 M,+ {HER ÷ HVILIR · BRYNILDR ÷ ENDRIDA ÷ (D) P(R)EST ÷ EN ...[RI]DI PRET : GEIRALDA:SUN : BAS ÷ FA}þer ÷ henær ger... ¶ --- : h--(r) (·) (e)r ¶ (m)ik : ser : sY-ggi ¶ fi(r)ir · hen(æ)- (:) --,"Here rests Brynhildr, Eindriði the priest's daughter, and Eindriði the priest, Geiraldi <BAS>'s son, her father, made me. Whoever sees me, sing for her [soul]!"
N 458,u^al,choice/good
N 459,þu,serf(?)
N 460,$M þtæ : ska^rfa^þi : ulæf : fa^rby^nsun,$M Olafr/Oleifr Farbjôrnsson joined this together.
N 461 M,unak mæy(i)u -----latre oælens fulku i fæsta ha(f)þe,I loved the arrogant maiden ... had(?) maintenance(?) in pledge(?)
N 462 M,liut--(r) : ouk : iohan : erusk : uinir,Ljótgeirr and Jóhan are friends with each other.
N 463 M,fuþorkhniastbml-,<fuþorkhniastbmly>
N 464 M,krimr : a,Grímr owns.
N 465 M,b(i)rn,Bjôrn
N 466 M,fuþorkhniaslbm--,<fuþorkhniastbmly>
N 467 M,ik ' fan ÷ knif(p) ',I found the knife.
N 468 M,asa,Ása
N 469 M,sakum r,guilt / for the reason that ...
N 470 M,lafra^ns a,Lafranz owns.
N 471,†M §P [þorualr sigurþr ristit ru--ar þisi] §Q [þorualr ÷ sigurþr ÷ ristit ÷ runor · þesa ÷],†M §P Þorvaldr (and) Sigurðr carved these runes §Q Þorvaldr (and) Sigurðr carved these runes
N 472,†M [þ--æ--þæ(u)ru--r---],†M ...
N 473 M,ion : (o)- · ---(a)(r) (÷) uatu (o)la(s)(u)--u-(o)- h(e)r : r sim--n ÷ ame(n) --,Jón and Ívarr(?) kept vigil here on the eve of Ólafr's-vigil. Símon interpreted. Amen ...
N 474 M,ifiu,...
N 475 M,guþ a mik,God owns me.
N 476 M,tr...,...
N 477 M,i(o)-i(s)(k)(y)-- (·) ...(o)n : res ¶ mek · ma^ria,... ... carved(?) me. Mary.
N 478 M,guþ · ok : hin : hiælgi : olafr : kongr (:) hialpe (:) þæim (:) mane (:) er : þesar : runar : ræist : meþr : sinu : hæilahu : arnaþar:orþe,May God and the holy King Ólafr with their holy intercessions help the man who carved these runes.
N 479 M,fae,...
N 480 M,ala brum,early in spring(?) /budding(?)
N 481 M,-uar -- (:) --l(l),Ívarr ... ...
N 482 M,huriag,...
N 483 M,(p)ila^l--,pilgrim/piller(?)
N 484 M,maria,Mary
N 485,†M [...- þu run...],†M Interpret the runes!
N 486 M,iæk · hiæk hæ(l),I cut the rock-slab.
N 487 M,sigurþr ar,Sigurðr ...
N 488 M,-i(u)(n)sk (m)oiþr,heavenly(?) mother(?)
N 489 M,he^r ÷ huilir ÷,here rests
N 490,†M [---- þo^rs:da^g -------------------],†M ... Thursday ...
N 491 M,heþen ranæih,"Heðinn, Rannveig"
N 492 M,r(e)rurir(e)rærøry,...
N 493 M,(k)uþ ta^ki sa^l ketil^lss,May God take Ketill's soul.
N 494 M,kuþ kæti þin ærlingr sikmuntarson nu o^k iafna^n,"May God protect you, Erlingr Sigmundr's son, now and always."
N 495 M,amu(n)(t)(i),Ámundi
N 496,†M [sei kþ a^ ^m],"†M God, see over me."
N 497 M,þess(i)r ÷ suku i fi¶orþ ÷ ¶ ioan æirikr ¶ lo^þenn bkb ¶ ka^pa^læin ¶ p-(r) : ---a^r,"These sunk in the fjord: Jóhan, Eiríkr, Loðinn the Bishop(?), Chaplain ... ..."
N 498 M,fuirkul/fþirkþl,...
N 499 M,------þkb--n---þ...r--lgu(þ)...,...
N 500 M,kætil,Ketill
N 501 M,--(k)(t)r,...
N 502 M,niku(l)(a)(s) ua^r h(e)^r in(e) (e)^r -- -(r),"Nikulás was inside here, before he travelled."
N 503 M,griot^ga^rþr,Grjótgarðr
N 504 M,kuþ ÷ ha ÷ s(e)tu,May God have the soul(?)
N 505 M,stæin,Steinn
N 506 M,amute han risti mik guþ sihni han,"Ámundi, he carved me. May God bless him."
N 507 M,ame ¶ oyin,Amen. In the name ...
N 508 $,uilhialmr,Vilhjalmr
N 509 M,fu,<fuþork>
N 510 M,... þo^rstæn ¶ ...(s)t run...r ...,... Þorsteinn carved runes ...
N 511 M,...- up(l)iotr| |ræist runa^r þesar,... Ulfljótr carved these runes
N 512,†M [... æihu : hæl^lur (:) þesar],†M ... own these rock-slabs.
N 513,fuþo^rkhnia,<fuþorkhnias>
N 514,barþr,Bárðr
N 515,(k)rimr,Grímr
N 516,khr...str,Christ
N 517,barþr r---,Bárðr carved.
N 518,barþr,Bárðr
N 519 $,... [rutsm](a)urkum : uisa : birt (a)t ¶ ... [biaurn(u)]... × ristu × ru(n)(a)r : þisar,... (they) show clearly (the way) to Ruðsmark/the (border)markers of the clearings. ... (and) Bjôrnulfr carved these runes.
N 520 †,[(b)irkr (a)u- ---r],Bergr and
N 521 M,[u](n)di[r a^us](t)(a)-(u)-(r)(þ)re o^rf er gul g-(y)-- niu a^lna --þr,Gold is hidden nine ells below under the eastern corner.
N 522 M,...ohr,...
N 523 M,--------- --is(t)^ ^ru(n)(a)r,... carved runes.
N 524 M,her er f^e fo^lget untir st-ni þess(u)m,Wealth is concealed here under these stones.
N 525 M §A,f §B f,... §B ...
N 526 M,petr a mi,Pétr owns me
N 527 M,he^r sto^þ k^no^r uti,The cargo-ship stood outside here.
N 528 M,-uþorkhniastbmly,<fuþorkhniastbmly>
N 529 M,rumfa^re,Traveller to Rome
N 530 M,ua^lþr ok is r þir(i) ru(m)fa^re,"The pauper(?) went in this wagon, the traveller to Rome."
N 531 M,a^ue ma^ria gracia,"Hail Mary, (full of) grace."
N 532 M,her sto^þ ro^þ(a^)(r) --rt^rat^(u)ba,The rudder stood here ...
N 533 M,fuþo(r)k --,<fuþork> ...
N 534 M,(k)iæte guþ þes er k o^(l)ma^þa,May God protect him whom I enraged.
N 535 M,' margret · a · mek ·,Margrét owns me.
N 536 M,her ÷ huilr (:) sra ÷ -l-metter ÷ prester : faþer ÷ marga(r)... ¶ ...(þ) (s)(a)(l)læ iui ÷ rani ÷ akku ÷ biþir ÷ pater ÷ noster ÷ firrit sol han ¶ þorsstein ¶ gerþe mi,"Here rests Sir Klemetr the priest, Margaréta's father. Peace(?), fortune(?) for Hrani's(?) widow(?). Pray Our Father for his soul. Þorsteinn made me."
N 537,a^krþos/k^arþos,.../Farm-sprite(?).
N 538 M,rooo,...
N 539 M,abcþ(e)fghik(l)(m)(n)op(u)rstø(y),abcdefghiklmnopurstøy
N 540 §A,furu- trikia frislats a §B uit auk uiks fotum uir skiftum,We travelled to meet the valiant men of Frisia §B (and) we divided the spoils of the fight.
N 541,ranuaik a kistu þosa,Rannveig owns this chest.
N 542,kasi -,Gási [owns].
N 543 §A,... ...n : þino : ift atla : fus... §B ...- s(t)(i)ns : auk suis(t)u... ...,"... this stone in memory of Atli, (his) foster- §B ... ...-steinn's / Steinn's and sister ..."
N 544,...- : --in : þana : ...,... this stone ...
N 545 M,þo^la{K}r ÷ a mik,Þorlakr owns me.
N 546 M,klkr,bell-ringer(?)
N 547,†M [abctefkhiklmnopqbstuhy-øæ ifæb ÷ grþe mik son ÷ þores ÷ sindras],"†M <abc> Ívarr made me, son of Þórir Sindri's son."
N 548 M,...,...
N 549 M,+ olafr : let : læg... ... ... ... ... ...ur sins : have hu^æær e^r ræþr þæssa list himinrikis : uisst,Ólafr had this stone laid over ... his father/brother. May each who interprets this riddle have the provisions of Heaven.
N 550 M,...,...
N 551 M,þe(t) : sæ(k)ir : biskup : at : þi,This (is what) the bishop says about that.
N 552 M,...,...
N 553 M,{KUIK}na ÷ {KK}a ÷ a (m)ik ÷,The church of Kviknar owns me.
N 554 M,--- (g)æte þin klemetr o^k a^l(^l)er hælger men(^n) (þ)at se --t,... may Klemetr and all holy men protect you. May it be true(?).
N 555 M,p · patær ÷,... Father.
N 556 M,+ æ(g)h-,...
N 557 M,patær,Father.
N 558 M,-uþorkhniastblmy,<fuþorkhniastblmy>
N 559 M,fuþorkhniastb(m)l(y),<fuþorkhniastbmly>
N 560 M,...kiu,church(?)
N 561 M,maria,Mary
N 562 M,maria,Mary
N 563 M,m^a^r^i^a,Mary
N 564 M,þ(a) ÷ um ÷ þat ÷ su(m)(a)(r) (÷) ---- (:) (þ)(æ)ir : brøþr : ælling(r) (:) (o)k : auþun : hokoa : til : kirkiu : þessar : er : ærlinkr : i(a)... ...(l) : i · niþar:ose ÷,"That was the summer which the brothers Erlingr and Auðun had (the wood) cut for this church, when Earl Erlingr fell in Nidaros."
N 565 M,-ri(s)t aaa mik,Christ owns(?) me.
N 566 M,(g)ys a mik þiat ek erfiþar,Kiss me because I am troubled.
N 567 M,fuþ,<fuþork>
N 568 M,hlbiork,Hallbjôrg
N 569 M,÷ kekhnke ÷ ekng ÷ pddadrdtkkd ÷ ednnr ÷ ardd ÷ skpsdd :÷ kfididmsdefkeddatafisif :÷ ¶ : t(o)tas ¶ ÷ ego ÷ dini ÷,... ... ... ... ... ... ... ... I ...
N 570 M,pater noster k(i) (e)(s) in slis,Our Father who art in Heaven.
N 571 M,non siþ,Be not.
N 572 M,kekhnke,...
N 573 M,æ t þ f f s s a n t æ t þ f f s s a n t,"One, two, three, four, five, six, seven, eight, nine, ten, eleven, twelve, thirteen, fourteen, fifteen, sixteen, seventeen, eighteen, nineteen, twenty."
N 574 M,kekhnke,...
N 575 M,ra^þ rett ru(^n)a^r þesar,Rightly interpret these runes!
N 576 M,sku-a æih(i),Do not hurry!
N 577 M,þet--,this(?)
N 578,...-r,...
N 579,i muntlauku,in the handbasin
N 580 M,asiuh nayr ay ' (e)s raon þ rey^ras,"Beloved, nourish (me) (= spiritually) for ever! (Human) decay is a trial."
N 581 M,ma^rka^rita^r : eiriks(:)totto^r : olafs sylua^r:smiþs :,"Margarét Eiríkr's daughter's, Ólafr the silversmith's."
N 582,halha · a snalt þenan,Helga owns this spindle-whorl.
N 583 M,÷ þæssa^r ÷ run^ne^r ÷ rest ÷ eiriker ÷ ba^r--r ÷ fe(i)(t) þa^n^n ÷ ueter ÷ (æ)r ÷ ho^n^n ÷ ua^r reist ÷ uallet^e ÷,Eiríkr the priest carved these runes. He made (them) that winter when it (the church) was carved (= built). Farewell!
N 584 M,þæssa^r : runa^r,These runes
N 585 M,-f(r)-(þ)(r) · -a-t- · ku-(n) --u-,... ... ... ...
N 586 M,(o) gu(þ) e^r alt m(a)(t)i : a(r)la kæt(e) · (r)-a-- r-n-rso-ar han^n ræis- ru^na^r,"O God, who since the beginning has presided over all, protect ... Ragnarr's son. He carved runes."
N 587 M,s(a)-----(s)(a) : i : (h)(a)s(i)ra : minum : i : biorh(u)-(n) (a)r : m(i)r : kæ(i)nti : (r)(o)(k) (:) at (:) (h)(o)mni : (m)(i)l,"... ... ... mine(?) in Bjôrgvin, who knew me ... that ... ..."
N 588 M,ælntir,Erlendr
N 589 M,bal(i) brat(i) rist,Páll the Proud carved.
N 590 M,þo^rir,Þórir
N 591 M,olafr,Ólafr
N 592 M,þossæin,Þorsteinn
N 593 M,fuþ(o)rkhniastblme(æ),<fuþorkhniastblmeæ>
N 594 M,samson,Samson
N 595 M,æltriþ a,Eldríðr owns.
N 596,...kat : þurunr -----,... Þórunnr ...
N 597 M,þo ¶ o^l^a^f,... Ólafr
N 598,+ lofrikr · a · mot : þta :,Lofríkr owns this stamp.
N 599,+ askel · lo benek : þen,Áskell owns this penny (ie. stamp).
N 600,olafr kunukr,King Ólafr.
N 601,aslak,Áslakr
N 602 §P,kunar · a · mot þita §Q kunar a mot þisa §R kunar : a : mot þisk §S kunar : mot þisa,Gunnarr owns this stamp. §Q Gunnarr owns this stamp. §R Gunnarr owns this stamp. §S This Gunnarr's stamp.
N 603 M §A,... -g(r)(e):gie : igni:bus : ka^l(e)sko : æius : koti:die : in amo^re : græs:ko ... §B ...--(s) : agam : teneri : uirgo : sik · agamus : ambos : (s)umus ... §C ...-n--a : lusis : agone : Yilum·ena : kuæruli : tæria (r)-... ...,"I am becoming inflamed with the fires (of love) for the exquisite maiden, and grow daily (more) in love with her ... §B ... §C ... with life's(?) despondency. Philomena lamenting struggles with Tereus ..."
N 604 M §A,d^ucite ÷ diskrete : uita^m ÷ ku^e ÷ --(n)-... §B uæst^ra ÷ salus ÷ mete : siþ : næcia : ...,"Lead a life discreetly, which ... §B May your (good) health know no bounds ..."
N 605 M,amor uin,Love conquers.
N 607 M §A,ru·ma · kapud · mundi §B ut ÷ uar ÷ ek i kær,"Rome, capital of the world. §B I was out (there) yesterday."
N 608 M §A,midet ÷ h(u)c §B (i)on :,Heal this(?). §B Jón(?)
N 609 M,÷ (o)n^n(o)^(r) deo (u)en-aþ meo,Let honour(?) come(?) to my(?) God(?) ...
N 610 M,fæcumisi,...
N 611 M,÷ furin^ns uita^lis paritir,raging(?) - vital(?) - in like measure(?)
N 612 M,uenit,He came.
N 613 M,oleæ,oil
N 614 M §A,ari : a §B santi : ula^b- ...,Ari owns. §B Saint Ólafr's / Ólafr may send ...
N 615 M,pater ÷ noster ÷ kui| |is in selo ÷ santaf(i)setur ÷ nomen tum ÷ aþf(e)n(i)aþ reno-,"Our Father who art in Heaven, hallowed be Thy name. [Thy] kingdom come."
N 616 M §A,÷ þo^rgisl : ut^løa^ubr ÷ ma^(n)us : sihurþr : ha^r(o)^ld^r : --... §B ...- : a^rnuþr ÷ sihurþr : iøn : sihurþr : klumr : §C b batær : nøstær,"Þorgísl, Úthlaupr(?), Magnús, Sigurðr, Haraldr ... §B ... Arnviðr, Sigurðr, Jón, Sigurðr, Glúmr §C ... Our Father"
N 617 M §A,a(u)e (m)aria gracia (p)lena tominus tekom §B benetikta t^u in mulieribus æþ benetikt^us §C fruktus uentris tui amen,"Hail Mary, full of grace. The Lord is with Thee: §B blessed art Thou among women, and blessed is §C the fruit of your womb. Amen."
N 618 M §A,...s : æt : benedikdus : fruktus : §B ...(k)us : uilelmus,among women and blessed is the fruit §B ... Vilhelmus
N 619 M,aue maria kracia blena,"Hail Mary, full of grace."
N 620 M,aue maria,Hail Mary
N 621 M,aue maria,Hail Mary
N 622 M,÷ au^e ma^ria,Hail Mary
N 623 M §A,a^ue ma^ria §B {K}b/b{K},Hail Mary §B ...
N 624 M,a^u^e ma,Hail Mary
N 625 M,aue,Hail
N 626 M,ma^ria,Mary
N 627 M,kiri alæisun : krist alæison,"Lord, have mercy; Christ, have mercy."
N 628 M §A,sisesisisesilsisiþaniralat §B dihsse dominos domios sede a dæhstris m(e)oe,"... §B The Lord said unto my Lord, Sit thou at my right hand."
N 629 M §A,+ ka^ute : tie · kinit^r · suermo: in·mokulata · ga^ute §B k-- ... §C ga^ute : kue : genuisti : eterni · lumi(n)- §D k[l]-... ...,"Rejoice, Mother of God, immaculate Virgin, rejoice §B ... §C Rejoice, Thou who created clarity from eternal light §D ..."
N 630 M,rec iudeorum in nomini patris nacarenus,"King of the Jews. In the name of the Father, Nazareth."
N 631 M §A,maria ÷ peperit ÷ cristum ÷ elisabet ÷ peperit ÷ iohan^nem ÷ baptistam ÷ in ÷ illarum §B u^(e)nerac(i)o-(e) ÷ sis ÷ absoluta ÷÷ æcsi ÷ inkalue ÷ dominus te ÷ uacat ÷ ad ÷ lu,"Mary bore Christ, Elisabeth bore John the Baptist. Receive redemption in veneration of them. §B Go out, hairless one (= child). The Lord calls you into the light."
N 632 M §A,÷ in nomne (p)at^ric æ^þ fi(l)i æ^þ cprit^uc| |ca^nti am^en : surraa §B pia sruc æ^þ pasio sricte ??i m(a) pacmauit æ^þ casrobat §C ?(a)^l(r) ?i?(e) (d)(e)i cin medisina cin medisina mii o §D cagine la^uit febrac (a)(d)(i)(k)oui(a)(d) fu(i) (m)(a) uecca^re lr,"In the name of the Father and of the Son and of the Holy Spirit, Amen <currat> §C May God's Five Wounds be (my) medicine. May my medicine be §B Holy Cross and Christ's passion. He who moulded and washed me §D with Holy Blood. May he expel the fever which strives to torment me."
N 633 M §A,? uiþ auhum : to^bias : sannat : okulus : istas ominnis f(a)-?fau?fao?? §B sidra^k : missa^k : æ^þ og : benagog myl o^gum : eomos uiþb(l)o^þ,"For the eyes. Tobias heals the eyes of this person. ... §B Shadrach, Meschach and Abdenago ... ... ... ..."
N 634 M §A,o a^lfa kristu^s et a^lfa §B ie¶¶sus et ma^ria ma^rcus §C mateus lucas §D iohannes mateus lucas,"O Alpha, Christ and Alpha. §B Jesus and Mary. Mark, §C Matthew, Luke, §D John, Matthew, Luke."
N 635 M,{M}(a){THEU}c {M}(a){RCUS LUS}? ??a{NNE}c,"Matthew, Mark, Luke, John."
N 636 M §A,÷ a÷g÷l÷a ÷ guþt ÷ sateor ÷ a(r)(e)... §B rafael : gabriel : (m)---... §C uasus krst : mariua : gæt min (f)...,"Agla. ('agla' = Thou art strong in eternity, Lord). God. Sator, arepo.(= from the 'Devil's Square' palindrome: Sator, Arepo, Tenet, Opera, Rotas). §B Raphael, Gabriel, Michael. §C Jesus Christ. Mary, protect me ..."
N 637 M §A,teo^nesius · ioha^nes · serafiho^n §B --us masifia^nesus : tenisius o §C sussbissusbirumæþano^le,"Dionysius, Johannes, Serapion, §B Malchus, Maximianus, Dionysius ... §C ..."
N 638 M §A,suspissuspiriure(s)(n)^oli ok a^r¶ton ÷ iio[h]a^nis ma^rkus ma^þios lukas o^ræei §B þ(o)(y)s(o)(i)(p)ie(æ)eþnnkoapnac(s)ia ¶ a^ue ma^ria (t)isus kristr a^ue ma^ria,"... and arreton (divine). John, Mark, Matthew, Luke. Pray! §B ... Hail Mary. Jesus Christ. Hail Mary."
N 639 M §A,suebsicuisubiriumeþo^n(l)(i)um §B agla delaon ·,"... §B agla ('agla' = Thou art strong in eternity, Lord) ..."
N 640 M §A,sator ÷ arebo ÷ teneþ ÷ obera ÷ rotas §B æekræ r÷kre ærman numænsiknumt æram r §C æekræ r:kre ærman numænsiknumt æram §D koncummatum æct ¶ klas a,"Sator, Arepo, Tenet, Opera, Rotas (= from the 'Devil's Square' palindrome). §B <acre acre ærnem> ... <ærnem> ... §C <acre acre ærnem> ... <ærnem> §D It is fulfilled. Klas owns."
N 641 M §A,...--(a)--(n)pan(t)^kno ÷ kae ÷ amen in(q)^ninikolaia ÷ nknaa §B ...n-- (u)a-ete in domino §C onalcuilia,... ... Amen. Nikolai(?) ... §B ... Fare well in the Lord! §C ...
N 642 M §A,benatit ÷ ¶ ÷ marhret ¶ ÷ a÷g÷l÷a÷l agla ÷ -l^nbastii §B ÷ ag÷l÷a ÷÷÷ (b)a · flkarel ÷ ¶ ÷ a÷g÷la ¶ ÷ (b)ara^þoles ÷,"Benedit, Margret. Agla, agla ... §B agla ... ... agla ('agla' = Thou art strong in eternity, Lord) ..."
N 643 M §A,÷ a÷g÷l÷a ÷ a÷g÷l÷a ÷ §B ÷ a÷g÷l ÷ laua : loahki,"agla agla §B agla ('agla' = Thou art strong in eternity, Lord) ... ..."
N 644 M §A,þu irt ør §B bo(b)(i)nafibobæshaf(i)(b)(o)...,You are crazy. §B ...
N 645 M §A,...(r)(o)(a)s · u · uas · r · bas : la^ua^re : ma^riuas ¶ na^u^þ §B ...,... ... vessel ... ... to wash ... need(?) §B ...
N 646 M §A,amoþ : oþo : oþum : roma §B lus : rota : kyua : mus,... ... ... ... §B ... ... ... ...
N 647 M,...-(o)^r(e)aa · þn(i) : tsemut(o)muinok : ioigannisabsic(a)^msic,... ... ... ...
N 648 M §A,÷ hau÷grimi : felag ÷ sinum ÷ sen÷dir ÷ þorer ÷ fagr ÷ (k)æiþ÷iu ÷ guþs ÷ ok ÷ si÷nn^a ÷ san:na^n : flaskap ÷ ok uinato mart skorter §B mik felag eki : er · mun:gatet æin÷ki : fis:ka^r:nir ÷ uil ÷ ek : at ÷ þu · uitir ÷ en ÷ ægi : kræf §C þu biþ : bondan^n koma suþr til^l uar ok sia hut os liþr egga ha^n til en kræf þu eiskis luta mer ok ægi la þu §D þostæin lan^k uita sen mer hacka nokora eu ÷ sigriþ þæru nokos þa bioþ henne hiit þu mer ekki ueta hyþ ua^laþi,"Þórir the Fair sends to Hafgrímr his partner his own and God's greeting, and true partnership and friendship. I am lacking much, §B partner; there is no beer, nor fish. I want you to know this, and not make demands. §C Order the husbandman to come south to us and see how we are suffering. Urge him to it, and don't make demands for more lots from me; and do not let §D Þorsteinn Long know. Send me some gloves. If Sigríðr is in need of anything, then offer her. Promise that you will not beat me (at all) for my poverty!"
N 649 M §A,÷ lun(a)næyu hu(i)spræyiu sinni sint-... ... §B guþs ok sinna ek uil at otu kapp-... ... §C skreiþar er þu fær nokkora mor...---... ---- §D eigi er oftyr,"... sends to Lunaney, his wife, ... §B his and God's. I want Ótto the champion / chaplain ... §C stock-fish, (for) which you will get some russet(?) cloth(?) §D ... is not overpriced."
N 650 M §A,÷ æin^nriþi ÷ þeta ÷ at| |tu mer at gia^l^lda ÷ tua mæla ok ÷ þriu sa^lld ÷ en ahngarstihi ÷ sihta^n mæla §B en þu ska^l^lt ÷ æin^ndriþi ÷ taka ÷ þat ko^nn ÷ sem ÷ berþor ÷ a mer at luka ÷ eihi min^na ÷ en sehsta^n mæla §C ska^l^lt| |tu ta^ka ÷ eþa ÷ el^lihar : tak þu ehi ÷ en ÷ fa^þur min^n ÷ biþ ek ÷ a(t) ha^n^n kil^lti ÷ mer ÷ þriu sa^l^ld ÷ i,"Eindriði! This you owe in payment: two measures and three casks, or else(?) sixteen measures. §B And you should, Eindriði, take the corn which Bergþórr has to discharge. (You should take) no less than sixteen measures §C or otherwise take nothing. And I order my father that he pay me three casks ..."
N 651 M,þo^rkæl myntære senter þer pipar,Þorkell Moneyer sends you pepper.
N 652 M,: sikurþr ha^lfan ask : æirikr,Sigurðr: half an 'ask' (unit of liquid measure). Eiríkr.
N 653 M §A,helga · aon...-(æ)(k)(e)-... §B (f)(o)(l)(t)(æ)^(l)... ÷ gu^nna^r : pa^rfæ- : pu^nd : ogmundr · -- · oæ--...,Helga/Helgi/holy ... §B ... Gunnarr the Small(?): pound. Ôgmundr ... ...
N 654 M §A,bet^r^ ^let| |t^uær mærkr · o^la^fr : þreta^n bu^(n) §B suærþo^lfr --- enku lo...,"Pétr let (gave) two marks, Ólafr thirteen pounds. §B Sverðolfr ... nothing discharged."
N 655 M §A,· (k) · barþr · t^ra^uan : ha^luan : a^nan : øyri : hein:rekr : tuær : ærtogar : brek · i ¶ uihi §B ingimundr : sauþr : ha^lfa : þriþiu : ærtog ¶ uihi §C h- ¶ (h) §D uihi,"Paid(?): Bárðr: scarcely one and a half öre. Heinrekr: two ertogar, fradulently. Vígi / Acknowledged. §B Ingimundr the Sheep: two and a half ertogar. Vígi / Acknowledged. §C ... ... §D Vígi / Acknowledged."
N 656 M §A,-- halluarþe sloþa þrim (p)-... ... §B loþne faus haluan niunnda æyri ok h-...,... To Hallvarðr the Slothful: three pounds(?) ... §B To Lodinn the Reckless(?): eight and a half öre and ...
N 657 M §A,... mankerþ : t^ueir : øurar §B ... ...n:kerþ : tueir : øura^r,... conscription-levy: two öre. §B ... conscription-levy: two öre.
N 658 M,gus... ...amur seætr kuæþiu,Gussir(?) the Dark(?) sends greetings.
N 659 M §A,... ...(r) : þe^r : g(e)^uæþiu^(a) §B ...(k) : hene : klofa,... sends you greetings. §B ... her gloves.
N 660 M,arni,Árni
N 661 M,arne a,Árni owns.
N 662 M,a^rni a,Árni owns.
N 663 M,a^rni,Árni
N 664 M §A,arni §B an,Árni §B Ánn
N 665 M,askær a,Ásgeirr owns.
N 666 M,æuþ-...,Auðr / Auð-...
N 667 M,binitikt : a,Benedikt owns.
N 668 M,be^rgsæin,Bergsveinn
N 669 M,biani a,Bjarni owns.
N 670 M,botlæifr æ,Bótleifr owns.
N 671 M,br--tr a,Brandr owns.
N 672 M §P,bura(l)mar : a §Q bu ra(u)mar : a,Storeman-Almarr owns. §Q Búi the Oaf owns.
N 673 M,þiþrik,Didrik
N 674 M,æinar : a,Einarr owns.
N 675 M,æinar a mik,Einarr owns me.
N 676 M,æinriþi,Eindriði
N 677 M,æinriþi,Eindriði
N 678 M,ænri a sek þ(e)na,Eindriði owns this sack.
N 679 M,æirikr a,Eiríkr owns.
N 680 M,æirekr a,Eiríkr owns.
N 681 M,æirekr a,Eiríkr owns.
N 682 M,æirikr,Eiríkr
N 683 M,ærikr a,Eiríkr owns.
N 684 M,æirikr a,Eiríkr owns.
N 685 M,æltia^rn · a,Eldjarn owns.
N 686 M,ællendr,Erlendr
N 687 M,øiulfr a sek þena,Eyjulfr owns this sack.
N 688 M,eo^lfr a ik,Eyjulfr/Þólfr owns me.
N 689 M,østæin a,Eysteinn owns.
N 690 M,æyuintr,Eyvindr
N 691 M,fiþr a,Finnr owns.
N 692 M,fiþ^r,Finnr
N 693 M,fþr æ,Finnr owns.
N 694 M,fitr : a : tæta tre,Finnr owns this wood.
N 695 M,kisl,Gísl
N 696 M,guþmunr : a,Guðmundr owns.
N 697 M,kuþmutr a,Guðmundr owns.
N 698 M §A,kunar a §B þ u,Gunnarr owns. §B ... ...
N 699 M §A,kuna^r a §B a,Gunnarr owns. §B owns(?)
N 700 M,guna^r a,Gunnarr owns.
N 701 M,kunnar : a,Gunnarr owns.
N 702 M,gunar a,Gunnarr owns.
N 703 M,ha^lta^n a,Halfdan owns.
N 704 M §A,halto^r §B ka^rs so^nr a,Halldórr §B Kárr's son owns.
N 705 M,...alkisl a,Hallgísl owns.
N 706 M,inkiatr · a mik,Ingjaldr owns me.
N 707 M,ioa^n,Jóan
N 708 M,ifar a,Ívarr owns.
N 709 M,ifar a,Ívarr owns.
N 710 M,ka^l,Karl
N 711 M,ko^lbi(ø)n a,Kolbjôrn owns.
N 712 M,liutr a,Ljótr owns.
N 713 M,lucia : grims : toter : a,Lucia Grímr's daughter owns.
N 714 M,munan,Munán
N 715 M,nigulas a mik,Nikulás owns me.
N 716 M,olafr a,Ólafr owns.
N 717 M,urmr a,Ormr owns.
N 718 M,urmr,Ormr
N 719 M,ormrik,Ormríkr
N 720 M,palne a,Palni owns.
N 721 M,ra...,...
N 722 M,rannr a : ka^rn : þætta,Ragnarr owns this yarn.
N 723 M,runulfr,Rúnulfr
N 724 M,samr a,Sámr owns.
N 725 M,samr a,Sámr owns.
N 726 M,sih:bal : a,Sigbaldr(?)/Sigvaldr(?) owns.
N 727 M,sihuatr r,Sighvatr/Sigvaldr carved.
N 728 M,(s)(i)go^lfr a,Sigolfr owns.
N 729 M,sigriþ a,Sigríðr owns.
N 730 M,sihurþær,Sigurðr
N 731 M,...(i)hurþr,Sigurðr
N 732 M,simun : a mik,Símun owns me.
N 733 M,suhþ,...
N 734 M,sehuni a,Sægunni owns.
N 735 M §A,couæk a þræþr þisa §B ho^f : fimta mo^rk,Sôlveig owns these threads. §B Four and a half marks.
N 736 M,sørkfiþ · a,Sørkviðr(?) owns.
N 737 M,tiutr,Ljótr/Þjóðarr
N 738 M,tona,Tonna
N 739 M,þ,...
N 740 M,þo,...
N 741 M,÷ þo,...
N 742 M,þþ þ,... ...
N 743 M,þura a mik,Þóra owns me.
N 744 M,þoral,Þóraldr
N 745 M,þo^rbio^rn a,Þorbjôrn owns.
N 746 M,þorgæir : a,Þorgeirr owns.
N 747 M,: þo^rgils : a :,Þorgísl owns.
N 748 M,þyrkils a,Þorgísl/Þyrgísl owns.
N 749 M,þo^rgrimr · þufa,Þorgrímr the Clump.
N 750 M,þurha^la^r a,Þórhallr owns.
N 751 M §A,þorer : a mik §B (r)aþ,Þórir owns me. §B <raþ>
N 752 M,þurkæt (a),Þorkell owns.
N 753 M,þorlakr a mik,Þorlakr owns me.
N 754 M,þo^rmo^þr,Þormóðr
N 755 M §A,þorstæin §B (s)iuhorþr,Þorsteinn §B Sigurðr
N 756 M §A,þorstæin §B sirhorþr,Þorsteinn §B Sigurðr
N 757 M,þostein : a mek,Þorsteinn owns me.
N 758 M,þostin,Þorsteinn
N 759 M,þo^ruaþr,Þorvarðr
N 760 M,okmundr,Ôgmundr
N 761 M §A,aulrekr §B heinrekr,Ôlrekr §B Heinrekr
N 762 M,oluir a,Ôlvir owns.
N 763 M,...--(s)(æ)-(s)(i)(n) a mik,... owns me.
N 764 M,þa-(a)-al^l,...
N 765 M,pona,...
N 766 M,a,...
N 767 M,+ k,...
N 768 M,r,...
N 769 M,ra,...
N 770 M,bl/br/bu,...
N 771 M,ku,...
N 772 M,k,...
N 773 M,de^(l)us,...
N 774,=N_A111,=N_A111
N 775,=N_A114,=N_A114
N 776,=N_A110,=N_A110
N 777,=N_A109,=N_A109
N 778,=N_A108,=N_A108
N 779,=N_A112,=N_A112
N 780,=N_A134,=N_A134
N 781,=N_A147,=N_A147
N 782,=N_A127,=N_A127
N 783,=N_A159,=N_A159
N 784,=N_A152,=N_A152
N 785,=N_A168,=N_A168
N 786,=N_A250,=N_A250
N 787,=N_A148,=N_A148
N 788,=N_A135,=N_A135
N 789,=N_A158,=N_A158
N 790,=N_A138,=N_A138
N 791,=N_A163,=N_A163
N 792,=N_A129,=N_A129
N 793,=N_A133,=N_A133
N 794,=N_A128,=N_A128
N 795,=N_A251,=N_A251
N 796,=N_A249,=N_A249
N 797,=N_A271,=N_A271
N 798,=N_A160,=N_A160
N 799,=N_A164,=N_A164
N 800,=N_A144,=N_A144
N 801,=N_A246,=N_A246
N 802,=N_A248,=N_A248
N 803,=N_A131,=N_A131
N 804,=N_A179,=N_A179
N 805,=N_A136,=N_A136
N 806,=N_A146,=N_A146
N 807,=N_A178,=N_A178
N 808,=N_A165,=N_A165
N 809,=N_A244,=N_A244
N 810,=N_A177,=N_A177
N 811,=N_A303,=N_A303
N 812,=N_A275,=N_A275
N 813,=N_A139,=N_A139
N 814,=N_A117,=N_A117
N 815,=N_A156,=N_A156
N 816,=N_A173,=N_A173
N 817,=N_A189,=N_A189
N 818,=N_A126,=N_A126
N 819,=N_A124,=N_A124
N 820,=N_A153,=N_A153
N 821,=N_A154,=N_A154
N 822,=N_A157,=N_A157
N 823,=N_A155,=N_A155
N 824,=N_A272,=N_A272
N 825,=N_A162,=N_A162
N 826,=N_A169,=N_A169
N 827,=N_A273,=N_A273
N 828,=N_A294,=N_A294
N 829,=N_A142,=N_A142
N 830,=N_A187,=N_A187
N 831,=N_A283,=N_A283
N 832,=N_A281,=N_A281
N 833,=N_A145,=N_A145
N 834,=N_A150,=N_A150
N 835,=N_A240,=N_A240
N 836,=N_A188,=N_A188
N 837,=N_A190,=N_A190
N 838,=N_A243,=N_A243
N 839,=N_A280,=N_A280
N 840,=N_A282,=N_A282
N 841,=N_A328,=N_A328
N 842,=N_A327,=N_A327
N 843,=N_A279,=N_A279
N 844,=N_A175,=N_A175
N 845,=N_A181,=N_A181
N 846,=N_A161,=N_A161
N 847,=N_A170,=N_A170
N 848,=N_A270,=N_A270
N 849,=N_A302,=N_A302
N 850,=N_A166,=N_A166
N 851,=N_A183,=N_A183
N 852,=N_A252,=N_A252
N 853,=N_A171,=N_A171
N 854,=N_A149,=N_A149
N 855,=N_A167,=N_A167
N 856,=N_A141,=N_A141
N 857,=N_A116,=N_A116
N 858,=N_A239,=N_A239
N 859,=N_A256,=N_A256
N 860,=N_A257,=N_A257
N 861,=N_A258,=N_A258
N 862,=N_A298,=N_A298
N 863,=N_A176,=N_A176
N 864,=N_A172,=N_A172
N 865,=N_A180,=N_A180
N 866,=N_A184,=N_A184
N 867,=N_A130,=N_A130
N 868,=N_A140,=N_A140
N 869,=N_A182,=N_A182
N 870,=N_A186,=N_A186
N 871,=N_A241,=N_A241
N 872,=N_A192,=N_A192
N 873,=N_A143,=N_A143
N 874,=N_A125,=N_A125
N 875,=N_A253,=N_A253
N 877,=N_A191,=N_A191
N 878,=N_A304,=N_A304
N 879,=N_A132,=N_A132
N 880,=N_A137,=N_A137
N 881,=N_A174,=N_A174
N 883,=N_A278,=N_A278
N 884,=N_A336,=N_A336
N 885,=N_A333,=N_A333
N 886,=N_A334,=N_A334
N 887,=N_A341,=N_A341
N 888,=N_A223,=N_A223
N 889,=N_A338,=N_A338
N 890,=N_A339,=N_A339
N 891,=N_A340,=N_A340
N 892,=N_A329,=N_A329
N 893,=N_A337,=N_A337
N A1 M §A,...glamar(o)--(r)(a)(i)(l)-(i)naohao(o)(g)lama^rku ¶ ...---tha-(m)thi--pppalfai... §B + a + imisanma^ko^u §C +' agl(a) ma^ræm(i)taim(æ)r---...f(o)glama^r-- ¶ agla m(o)^(r)mi(t)(a)imæ + §D airia ÷ miso^n,"... ... §B ... ... §C Agla ('agla' = Thou art strong in eternity, Lord) ... Agla ('agla' = Thou art strong in eternity, Lord) ... §D ... ..."
N A2 M §A,...krcbnakrctinakrcætþøsomorþkuekatþersmstamariakua(a) se(r)þ(þ)(r)(k)(h)(i)na(u)(l)-... §B ...-kuslukseuhneimaþiustomenmostkeskritutmmuttrotminhtmæltrþaeþsaihstamum...,... ... §B ...
N A3,þunrau----,...
N A4 M,þorbhr þo^rstæinssu^nr bar stæin,Þorbergr Þorsteinn's son carried the stone.
N A5,$M §A ÷÷÷÷÷÷÷÷÷÷ §B (u)(i)olkp(u)sisteiust(y)isis §C -rku^(u)s nukaus mælkus §D t¶¶itragramalon amui(n),"$M §A ... §B ... §C Mark, Luke, Matthew(?). §D Tetragrammaton. Amen."
N A6 M,-l ¶ fuþ(o)rkhniastblmy ¶ ----,... <fuþorkhniastblmy> ...
N A7 M §A,nikulos a^n ko^no^ ^þeiri uæl er gyriþ hei(t)er stiufdoter ÷ §B pit(a)srahnu,"Nikulás loves well the woman called Gýríðr, step-daughter of §B Pitas-Rôgnu."
N A8 M,+ akla +,"Agla ('agla' = Thou art strong in eternity, Lord)."
N A9 M,a ria k,Hail Mary full of grace
N A10,...--s · -- · sin · -...,... ... his ...
N A11 $ §A,-uki : os^a : b : r^aisþ^a : u^ar : aft : -^t-a^þ : -(i)- : nafis §B : þo : is : o(s)(i) : --- : þ^aþa^n : (a)(u)- -u^a : staina : þisa : -----,... §B ...
N A13,× þurir × raicti × ctain × þana × aftir × (i)kul × bruþur cin,"Þórir raised this stone in memory of Ígull, his brother."
N A14,=Bo_Peterson1992,=Bo_Peterson1992
N A15 M,fuþo^rkhnias(t)bmly,<fuþorkhniastbmly>
N A16 M,þosten a^ ^mik,Þorsteinn owns me.
N A17,...,...
N A18 M §A,fuþorkhniastblm --(æ)istþ(n)iobuþ(t)(æ) §B itubþæaya^nana(e)iasaiastaþn,<fuþorkhniastblm> ... §B ...
N A22,...ti · marki,placed/raised the landmark.
N A23,+ akli × ricti × ctin aiftir × ulf ----¶r cin ×,Akli raised the stone in memory of Ulfr his brother.
N A24 M §A,-(i)um nam ik þita þ(i) (:) fe fu fa fø §B fuþo`r´khnieø-sbpmtlæy §C fat-atratkatnatpatbatmat,I learned this therefore: fe fu fa fø. §B <fuþork...> §C ...
N A25 M,fuþorkhn(i)(l)(t)(m)(y),<fuþorkhniltmy>
N A27 M,kuþ ÷ maria,God Mary.
N A28 M,(p)atærnostær,Our Father
N A29 M,kþur,...
N A30 M,iuar,ívarr.
N A31 M,ri(k)^(r)(a)^r · a m(a)(g),Rikarðr owns me.
N A32 M §A,÷ þoraaklarakaramttoi ÷ §B ÷ ai(a)rakaramttoi ÷ a^klakuþi ÷ §C ÷ akla ÷ rakaramattokuþ ÷ §D ÷ aiarakaramttoii ÷ kuþi ÷,"... §B ... ... §C Agla ('agla' = Thou art strong in eternity, Lord) ... §D ... ..."
N A33 M §A,uak(a)t : hæfi ek ala not · ok æ-h- -... §B ængi st^riþa nu sem ia^rlsins m(i)n(n) -...,"I have kept vigil all night, and not ... §B battle now, as the earls men ..."
N A34 M,o^la^fr a mik,Ólafr owns me.
N A35,$M §A (b)(e)n(e)(t)iktuc a §B fuþo,$M §A Benedictus owns (me). §B <fuþork>
N A36 M §A,an sa × þer × es × risti × runa þesar × þortis §B þora ek kan kilia,"He who carved these runes loves you, Þordís! §B Þóra! I can beguile (any woman)."
N A37 M,karl,Karl.
N A38 M,utarkr · reis,... ...
N A39,$M §A æilifr · uiri·uæhr · a mek · mit : stæin:grimr : ha^fum : mælt : ma^rt : o^kka^r imilli : firir : þa so^k : at ek : uil : nema : a^f þi : runa^r : §B eaa^uo : knor : ek : spu:r þek : uilt · tu · gifta · mer · æina·þa · en · þa^r er : <þisar> mrthkiiiiissssstttttiiiiilllll · §C æ t þ f f s s a n t æ t þ f f s s a n t §D : þa^u : ero : bæþe : i buþ : saman : kla^uua:kare : o^k : ko^na : uilia^lms : hæil^lþu : hæil^l · sæl · þu · þa §E -------,"$M §A Eilífr the Worthy owns me. We two, Steingrímr and I, have spoken much between ourselves for the reason that I want take/learn runes of it. §B ... ..., I ask you: do you want to marry me, one of these these: mistletoe, ploughshare, 'tistill', 'histill', casket. §C One, two, three, four, five, six, seven, eight, nine, ten, eleven, twelve, thirteen, fourteen, fifteen, sixteen, seventeen, eighteen, nineteen, twenty. §D They are both lodging together, Clumsy-Kári and Vilhjalm's wife. Hail! Hail and good fortune to you then! §E ..."
N A41 M,kYs mik,Kiss me.
N A42 M,+ kkaa(n)^(n) +,...
N A43 M,bm(t)(o)^(k),...
N A44 M,sbita,stick/(wooden) pin
N A45 M,ø^þøæøæøææ,...
N A46 M,kusm,...
N A47 M,...uo...,...
N A48 M,(k)hrþar,...
N A49 M,-t · þo · uar · en · fl(a)-,... it was nevertheless ...
N A50 M,l-þur,Lóðurr
N A51 M §A,onp{N}(þ) §B akla ÷ a ÷ ak(l)-,"... §B Agla ('agla' = Thou art strong in eternity, Lord) ... agla ('agla' = Thou art strong in eternity, Lord)"
N A52 M §A,-(k) · (b)ilr §B ------- §C þoir §D latir,... ... §B ... §C ... §D ...
N A53,sak(s)i : kirþi kous ¶ þaka firir · sal(o) mouþor sinar ¶ þou(r)riþi · bru þisa +,Saxi made this bridge for the soul of his mother Þorríðr as thanks to God.
N A54 M,f(u),...
N A56 M,aa,...
N A57 M,amundi a mik,Ámundi owns me.
N A59 M,suanpora-,...
N A60 M,ø þo^rgæir,... Þorgeirr
N A61 M,guþ er als,God is all (powerful).
N A62 M §A,f...-...(r)(k)(h)...(s)(t)b(m)my §B fuþ(o)---(h)...--(s)(t)-my ÷,<fuþorkhniastblmy> §B <fuþorkhniastblmy>
N A63,$M aue maria gracia plena dominus tekum benedicta tu in mulieribus,"$M Hail Mary, full of grace. The Lord is with Thee: blessed art Thou among women."
N A64 M §A,unas §B øl ælæntr ¶ þusi,"Únáss §B ... Erlendr, Giant(?)."
N A65 M,? <fuþoo>,fuþork
N A66,$M miiii,$M ...
N A67,$M Ya^nba^lþm^mt,$M ...
N A68 M,fu,...
N A69 M,b,...
N A70 M,-tatifb-,...
N A71 M §A,markus maþios lukas rafelesen §B gafeles gabeles iohanes §C faofaifaufauaonima §D suspespisuskurusifihsusam,"Mark, Matthew, Luke, Rafael §B ... ... John ... §C ... §D ..."
N A72 M §A,÷ pate^r nostær gui §B es i clis maþeu ÷ §C markus lukas §D au maria gracia,"Our Father who §B art in Heaven. Matthew, §C Mark, Luke. §D Hail Mary, (full of) grace."
N A73 M §A,... --niam o^rta^n(t)o kom- §B -ro §C -facie(t) sta^n(t) o^r-,... quoniam (h)ortando com-... §B ... §C faciet stant(?) or-...
N A74 M §A,-a^ua^rþær : cender : g(u)----- : (g)-(þ)ærs : kueþiu : ok sina^ ^uigan §B ok nu er min fuler uili : at : biþia þin : ef þu uilt : æihi meþ §C -b(æ)ini : ue(r)- : ---a : þit ra^þ : ok lat (s)(e)hia mer §D þin uilia,"Hávarðr sends Guny/Gunnhildr(?) his friendship and Gods greeting. §B And now it is my full desire to ask you (for your hand in marriage), if you do not want to be with §C Kolbeinn. Think over your intentions ... and have me told §D your desire."
N A75 M,a^k an kuþ,I love God.
N A76 M,nynþba^l,...
N A77 M §A,kyr(e)r(o)ta ioha^n¶¶næs §B marcus §C lu¶¶cas matþias pax §D porta^ndis salus,"... John, §B Mark, §C Luke, Matthew. Peace §D for the bearer! Health! (and happiness to the bearer)!"
N A79 M,øþar,...
N A80 M,her(h)-,...
N A81 M,kunnar,Gunnarr
N A82 M,· h · ·,...
N A83 M,recl(e)t^ku^æ,...
N A84 M,munaman-k(þ)(a)-(s)(u)(r)--(y)--(u)r---auhr(f)(o)(t),...
N A85 M,kuþ gæ,May God protect.
N A86 M,guþ g,May God protect.
N A87 M,gud gæte,May God protect.
N A88 M,ur(þ) · · b(u)ra^p,... ...
N A89 M,knucmæsodahr --------,Knútrs-mass-day ...
N A90 M,· ah,...
N A91 M,sih^urþr ÷ reist^ ^r^una^r þessa^r,Sigurðr carved these runes.
N A92 M,nikolas,Nikulás.
N A93 M,æias(b)ii,...
N A94 M,þaii,...
N A95 M,ehla,...
N A96 M,þo^rs-æino-su(h)--(r)i-a--rþaþrs--aþæirhæilirbaþ(i)simþatr(s)(i)t,...
N A97 M,þorgarima^r : hla:sun : ræ(s)t : runa^r þesa^r,Þorgrímr Hallasonr/Hallssonr carved these runes.
N A98 M §A,(+) þo^re^r ka^lfr ræst runa^r þesa^r a^lsua^lta^nt kuþ bæini firi §B h^onom,Þórir Calf carved these runes; may almighty God aid §B him.
N A99 M,(y)u(n)þ,...
N A101 M,-hihæltrinra hans,... his
N A105 M,aue,Hail
N A106 M,(r)ifro^n(r),...
N A108,M? iknuar,M? ...
N A109 M,iæuyasrtin,...
N A110 M,is ur ar : ræiþ(^iuar) <rais>...,"Íss, úr, ár, reið (= Ívarr) carved."
N A111 §AP,kambr : kuþr uasi a §AQ kambr : kuþr uasi a §B ifir/if(a)r a,Good comb for tangles. §AQ The good comb. Vási owns. §B Ívarr owns.
N A112 M,...-(u)--...(h)a ÷ a kapalæin,... owns the chaplain / the chaplain owns ...
N A113 M §A,fu §B a^n^n,<fuþork>(?) §B ...
N A114 §A,-ilium §B (f)/?,þiljum/viljum §B ...
N A115 M,þkxmcr,...
N A116 M,-ha,...
N A117,$M §A gy÷þa ¶ g(u)(þ):r(u)(n) §B æld÷riþ §C fuþorkhniastbml(y),"$M §A Gyða, Guðrún §B Eldríðr §C <fuþorkhniastbmly>"
N A118 M,o^c^æ,Ása
N A119 M,otr,Oddr(?)
N A120 M,...ra^u^nsbe^r(e^gr)e^næ^er(ki) r^una^r,... runes
N A121,$M §A ÷ ka^þ(a^n^n)`n´a^þ`k´m`a´a^þ`k´a^þþ^þþnþa^þnp ÷ §B ÷ nkhpna^þa^þn(a^n^n)my`k´rp÷n÷ §C (y) + kr`k´a^þka^þþ^þþynhpnra,$M §A ... §B ... §C ... ...
N A122 M §A,... --kop kredo -- hel(y) --- §B -t^ren^n soter ag-- §C - æi(a) deus- §D agla lond^u §E agla ala-,"... Jacob(?), Credo ... Hely ... §B ... Soter, Agios §C ... Eia. Deus §D Agla <londu>, §E Agla, Agla. ('agla'= Thou art strong in eternity, Lord)."
N A124,$M §A þarai + §B --u ÷÷÷ fao ÷÷,$M §A ... §B ... ...
N A125 M,--(k),...
N A126,$M ÷ abcdefghiklmnopkrstu,$M abcdefghiklmnopqrstu
N A127,$M arni a,$M Árni owns.
N A128,$M §A kolbiorn a §B culr,$M §A Kolbjôrn owns §B of Sullr(?) / the swelling(?)
N A129,$M hoskulr a,$M Hôskuldr owns.
N A130 M §A,nt^(n)rmnt^n þly(s) §B (a^n) n,... ... §B ... ...
N A131,$M §A ÷ þora : a mik : ok ho^n §B g(e)rþi mik --- §C (m),$M §A Þóra owns me and she §B made me. ... §C ...
N A132 M,(k),...
N A133 M,iluhi a,Illugi owns.
N A134 M,antres a mik,Andrés owns me.
N A135 M,kunar ÷ a,Gunnarr owns.
N A136 M,þo^r(þ),Þórðr/Þórr
N A137 M,k,...
N A138 M,halr · a,Hallr owns.
N A139,$M §A iorn fuþor----astblmeø (e)hane §B fuþorkhniaslblmeø,$M §A Jórunn/Ôrn fuþorkhnniastblmeø Hani §B <fuþorkhniastblmeø>
N A140 M §A,kroa^l · · þ · · §B kkþþrraaan^n ·,... ... §B ...
N A141 M,m(o)...,...
N A142,$M §A sa skYli : runar : rista : ir (r)a (u)(i)l : §B (c)unni : þat^ ^uirr : mo^rgum : ma^nni : at §C so,"$M He should carve runes who can understand(?) them well; it happens to many a man, that ...(?)."
N A143 M,iiþi,...
N A144,$M §A × §B þ(o),$M §A ... §B ...
N A145,$M §A spyr actriþi h-... §B --- act -...,$M §A Ask Ástríðr ... §B ... love ...
N A146,$M krekores,$M Gregores
N A147 M,ari a,Ari owns.
N A148 M,ærligr a,Erlingr owns.
N A149 M,klaso...,...
N A150 M §A,illt er mer nu · iYar · goþa : kuþ : bø-(-) : þ(e)r · - §B ek · hugi : at · firir · se komet · o^pt · (r)(o)-(-)(t)(a)(o)(l)-f(s)d-,"I am in a bad way now, Ívarr, concerning friendship/earnings. God prayer(?) ... ... §B I think that ??? often stands in ...'s way."
N A151 M,u^n u,... ...
N A152 M §A,barþr a §B ha^llkrimsso^nr,"Bárðr owns, §B Hallgrímsson."
N A153 M,... ...po tnþt opera rotas,"Sator, Arepo, Tenet, Opera, Rotas (= from the 'Devil's Square' palindrome)."
N A154,$M §A ÷ a÷g÷a^l÷a ÷ §B a÷glal a^gla ÷,"$M §A Agla ... ('agla' = Thou art strong in eternity, Lord) §B Agla Agla"
N A155 M,fifafufofyfi,...
N A156,$M §A kina : ræist runar þesa^r : friakoælt §B × fþuorkhniactbmly × lio(n)a §C þat er mônôþruo^rmônôþrti,$M §A Ginna/Gína carved these runes. ... §B <fþuorkhniactbmly> §C That is ...
N A157,$M §A ÷ a^gla ÷ a^gla ÷ §B ÷ a^gla ÷ a^gla ÷ §C ÷ --(a)^(r)iu(f)(a)^(u)(a)l(a) + (e)l ÷ §D ÷ (a)gla ÷÷ --(a)ia^gios,"$M §A Agla Agla ('agla' = Thou art strong in eternity, Lord) §B Agla Agla §C ... §D Agla ..."
N A158 M §A,a §B kuna^r a,... §B Gunnarr owns.
N A159 M,a^rni a,Árni owns.
N A160 M,(t)(u)rfi auk burkr,Torfi and Bôrkr.
N A161 M,s(e)kr min,My victory
N A162,$M §A (æ)(r)i sa (e)a (e)r i sa sa sik sa sa (e)r i sa sa §B ælæt^r ræit^ ^runa^r þ(e)sa^r : (m)ah(i)it(r),"$M §A ... §B Erlendr(?) wrote these runes, magister(?)."
N A163 M,hrifla a,Hrifla owns.
N A164 M,þiuþar ÷ a,Þjóðarr owns.
N A165 M,fuþorkhniastbmly,<fuþorkhniastbmly>
N A166 M §A,l(y)kil s(k) §B s(k),key ... §B ...
N A167 M,þo,...
N A168 M,a barþr sihurþarsonr,Hagbarðr Sigurðarsonr owns.
N A169,$M iuar : ræist : runar : þæsar : her : ero : þaer : uer : uaromn þorstæin-,$M Ívarr carved these runes. Here they are ... our Þorsteinn/þorsteins..
N A170 M,lutr,amulet
N A171 M,...æcur,...
N A172 M,iurlurukiaikuaitu,...
N A173,$M §A bater · nuster · kui es in seli : santibisetur §B suæen : ouþunar : sunr : ræist : r`u´nar : þesar §C fuþorkh,"$M §A Our Father who art in heaven, hallowed be §B Sveinn Auðun's son carved these runes. §C <fuþorkhnias>"
N A174,þ,...
N A175,...-lt · es · uer · ...,... ... ...
N A176 M,ku- : n · ---(i)i,... ... ...
N A177,M? ...as tbmly,M? <hniastbmly>
N A178 $ §A,--n : þurkrimr ÷ kuþmutr ÷ suin ÷ §B ----(h) : krimr §C -h(a)lki(a)---,"... Þorgrímr, Guðmundr, Sveinn §B ... Grímr §C ..."
N A179,$M kirir a,$M Gyríðr(?) owns.
N A180 M §A,(×) irik : ak : iui : kumukis-irl(t)il × §B × (r)-(u) : i(r)(n)uhi------(r)uar(n)(i)sr,Eirík and ... ... §B ... ...
N A181,$M -(i)rþ(e)unana,$M ...
N A182 M §A,...ifr : lota : ahtuaþr : bryþn- §B ...(i) : fiortif : iohanko-...,... ... ... ... §B ... ... ...
N A183,skraþi,...
N A184 M §A,kari : kral : s(r)fuyu (×) §B × uras(t)anrþaanik,... ... ... §B ...
N A185 M,...,...
N A186,(e)na^r(k)--r(s) · (s)(n)--(l)(t),... ...
N A187 $,þurkair (r)a(i)s(t),Þorgeirr carved.
N A188,$M ia^urusalem nekoe kon(k)(r)idit^ur ino^riu^m a^m^e^n,$M Jerusalem! Not even in the barn / to the attic does it congregate / is it admitted(?). Amen.
N A189 M §A,fuþor §B iuar a suirþ,<fuþork> §B Ívarr/Jóarr owns the sword.
N A190 M §A,il(i)r : men : æro : þeir : er a:mela §B os,Evil men are they who slander/criticize §B us.
N A191 M,kkk · kk · kkkk · k,... ... ... ...
N A192 M,- × -þu(u) × þ,... ... ...
N A193 M,amb(a^l),...
N A194 M §A,-pa^rsin- --ka^r(e)t^ro(s)s------ ¶ -(e)gents-sumote · in^lu---s-nka(k)e-- ¶ -o^rdan · go^rdin · ingo^r--- §B -k(a)--k---,"... ... ... ... Gordan, gordin, ingordan. §B ..."
N A196 M,a^lrf(e)(t)i(n)n(æ),...
N A197 M §A,fuþ §B +,cunt §B ...
N A198 M,þorþr × ræit i runar,Þorðr carved in the runes.
N A200,$M §A fro §B <raþ> <þat>,$M §A Alleviation/Help/Relief §B Interpret that/this!
N A201 M,(k)(k)i(k)fr,...
N A202 M,-(u)(i)þrr(i)tyir,...
N A203 M,fuþorkhniastblmy,<fuþorkhniastblmy>
N A204 M,asa,Ása
N A205 M,fuþorkhniastbmly,<fuþorkhniastbmly>
N A206 M,æirika^r rit mer : runa^r,"Eiríkr, write me runes!"
N A207 M §A,a(a)---(s) §B lonk(i)aaiu : rumkrira(o)m-(r)u-e(i)u(i) §C a------ s(o)(n)ut(i)s s(o)pie akie æþ kienkie l(a)tus,... §B ... §C ... health's(?) from(?)/visdom(?) ... and ... side(?)
N A209 M,intiberc min -e-seta nada mi{K},"My Ingibjærg(?), show me grace."
N A210 $,þurfriþr,Þorfríðr/Þorfriðr
N A211,þura,Þóra
N A212,sluþi,Slóði
N A214 M,(i)(k)ih : þ(e)rþuk,... ...
N A215 M,maksnaksba{H},...
N A216 M §A,fuþorkhniastbmly §B fuþoi §C -bi(o)-(t)(a),<fuþorkhniastbmly> §B <fuþoi> §C ...
N A218,$M asb(i)(o)n,$M Ásbjôrn
N A219 M,ssþlrþnmrr(s)sræni(s)(s)k,...
N A220 M,-(i)s iuii-s,... ...
N A221 M,uæ,...
N A222 §A,-bkrain ÷+ kul · rasti · stn · þin¶¶a §B fYr · shot · hok salu : þuris o- §C (u)(k) þr stati r (h)at þosi baþ(i) - §D -(n)l(h) : an þa man biþh : hislar,... Koll raised the stone §B for Þórir's spirit and soul ... §C rune(?) may stand(?) there(?) in memory of(?) both of them ... §D ... and then one prays ...
N A223 M §A,-(r) · asck · ga §B -(t)bua · ui §C -a · læggia §D -- · man · ok §E --ota · glæþ,... ... ... §B ... ... §C ... ... §D ... ... ... §E ... ...
N A224 M,...,...
N A225,$M cubiærn ÷ hn cahþ fyrct lhnknæ,$M Sigbjôrn he said first ...
N A226 M,...,...
N A227 M,a^ni a,Árni owns.
N A231,$M §A ... ...(æ)ins · sonar ¶ ckula : sonar · §B ... ...-r · þesar · þa es han for (a)...,"$M §A ... Sveins son, son of Skúli §B ... these runes(?) when he travelled ..."
N A232,urs ibi(r)s (u)r aukuin · ur i isu biu(k)u,u (wild ox) / y (yew-tree) is cut over y (yew-tree). y (yew-tree) in the curved soapstone(?).
N A233 M,a^ui,Hail
N A234 M,fuþor^k,<fuþork>
N A235 M,uþ(n),...
N A236 M,iilliin,sole of the foot(?)
N A237 M,ar,...
N A238 M,k.../...a,...
N A239 M,-ks,...
N A240 §A,× uintau(g)a ÷ a^lokaþ s þita × §B uitauki · loka-,Window <alokaþs> this §B window closed.
N A241 M,sn,...
N A243 M,lat mik s(o)fa i nad · a(t) ...,"Let me sleep in grace, ..."
N A244 M,fuþorkhni(a)stmly,<fuþorkhniastbmly>
N A245 M,: iuuku---,...
N A246 M,þorkisl a,Þorgísl owns
N A247 M,...,...
N A248 M,þorer a ÷ miserere min,Þórir owns. Take pity on me!
N A249 M,urmr a sek,Ormr owns the sack.
N A250 M,brantr a,Brandr owns.
N A251 M,ufæikr a,Ófeigr owns.
N A252 M,--(n)iþ,...
N A253 M,(y)isa-rs,...
N A254 M,...,...
N A255 M,(n)nuun : in : (n),... ... ...
N A256 M §A,urna : þoisar §B unt ÷ rist,... these(?) §B ... carved
N A257 M,(t)iua · a^uaft,... ...
N A258 M §A,× una ek · mhiu · en beþr · §B · en beþr,I love the maiden even better! §B Even better.
N A259,$M kuibrantr,$M Guðbrandr/Gulbrandr
N A262 M,hil(i)uri,...
N A263 M,sihurþ-,Sigurd
N A264 M §A,rrm^þ(r)a^m^þc §B a^nm^uha^r,... §B ...
N A265 M,fuþ,...
N A266 M §A,þra^nt^(þ)þ(m^n)(a^n)h §B iþhnnf-rrh-,... §B ...
N A267 M,nsa,...
N A268 M,- · nsnælla : la^ncbyh(þ) : uiþiþ : ira-,... ... settlement ... ...
N A269 M,þorir a(u)r-(e),Þórir ...
N A270 M,ruhta,'type of stringed instrument'
N A272 M,isisa ÷ isisa --,... ... ...
N A273 M,+ æ(u)kil risti runar þissa(r),Auðkell carved these runes.
N A274 M,...,...
N A275 M,fþr,...
N A276 M,...,...
N A277 M,...,...
N A278,(l),...
N A279,$M §P × --- (:) (k)us : mik mir ir ... §Q × ---kus : mik · m(e)rir,$M §P ... kiss me. Me is ... §Q ... me more.
N A280,(a)irikr · kerþi sbitu ÷ o : hafi,Eiríkr made the needle at sea.
N A281,rif raþ i l far auk rist nok huast,...
N A282 $,ek ' an ' ikeu ' (u)(i)-,I love the widow well.
N A283 §A,(s)(a) : risti sa at sumarlakan tak hr(u)... §B uksi a uit ame,He carved ... summer ... §B ...
N A284 M §A,÷ aaa · þ^þþ^þ^þþ^þ^þ^þ--aaaaaa :· a^gla ÷ mikael · ga^br¶¶iel §B · rafael ÷ raguel ÷ omnæs a^ngeli æþ §C a^r¶¶ka^ngeli ÷ pa^ntasero^n : gunla^(u)g ÷ p n a §D a^ga i,"... Agla ('agla' = Thou art strong in eternity, Lord) Mikael, Gabriel, §B Rafael, Raguel. All the angels and §C archangels ... Gunnalug pater noster, amen. §D ..."
N A285 M §A,... ¶ ... ¶ ... ¶ ... §B ... ¶ ... ¶ ...,... ... ... ... §B ... ... ...
N A286 M,na^leuila(s),...
N A287 M,fuþo`r´khniastblm,<fuþorkhniastblmy>
N A288 M,fu,<fuþork>
N A289,$M ------ur--n : sin,$M ... his/her/their
N A290 M,fu,<fuþork>
N A291 M,iaþ,...
N A292 M,...k · misak · eþ aptinako,"Shadrach, Meschach and Abdenago."
N A293 M,fuþorkhniastblmy,<fuþorkhniastblmy>
N A294,× <(u)(l)(f)(r)> : <(r)(i)(s)(t)(i)> · --,Ulfr carved ...
N A295 M,kia(þ),...
N A296 M,+ (h)er : ligr : k---lr : er : halr ...,Here lies Gunnhildr/Gunnvaldr who (this) rock-slab / crooked ...
N A297 M,asla^kr(·)s (·) þil (·) riti : ok: þokel suærþ,"Áslakr, who wrote (on) this plank and Þorkell (on the) sword."
N A298 M,æieþin (k)...,... ...
N A299 M §P,i(k)(i)(i) §Q i(f)(s)(i) §R ike a,... §Q ... §R Ingi owns.
N A300 M,arni,Árni
N A301 M §A,ki §B k i,... §B ... ...
N A302 M,(a)^gætir,famous /protector / he protects
N A303,$M -u(þ)(o)(r)(k),$M <fuþork>
N A304 M,iiii iii ii i kkk kkkkkkkk kkk k,... ... ... ... ... ... ... ...
N A305 M,as-akr,Áslakr
N A306 M §A,ottar a §B klokær m^(a)^(þ)^r,Óttarr owns. §B clever man.
N A307 M,ion ÷ ihu,Jón <ihu>
N A308 M,(þ)m-þih-,...
N A309 M §P,an(m)(l) §Q an (k)(u),... §Q love(s)(?) God(?)
N A310 M,fuþo,<fuþork>
N A311 M,...,...
N A312 M,karl · ricti,Karl carved.
N A313 M,nis,...
N A314 M,????????????,...
N A315 M,??????,...
N A316 M,??????,...
N A317 M,ufr,Ulfr(?)
N A318 M,þut,hum(?)
N A319 M,sigrit : hth(a),Sigríðr ...
N A320,$M ÷ (g)unar · nem · þa · -(u)--- : h(æ)-o--...,$M Gunnarr learn these ... ...
N A321 M §A,kales : fales : akla §B h akla,"<kales fales> agla ('agla' = Thou art strong in eternity, Lord) §B ... agla"
N A322 M §A,huæsso : for · ma^l · þet · er þu · reist : i kroskirkiu ¶ væl er þa §B o^le er oskôynt^r a^uk st^roþen i racen þor : uæl : fo^r : þet,How did that statement which you carved in the Church of the Cross sound? Well(?) it is then(?) §B Óli('s rear) is unwiped and (he is) fucked in the anus ... that sounded good.
N A323 M §A,kuþ : giti §B þæs er mik §C (p)-(r) ouk iu- §D þæs ær þik,May God protect §B those who §C carry(?) me and ... §D those who for you(?)
N A324 M,þæta risti ?,... carved this.
N A325,ckalti : raicti : kri(þ)(i)--a,Skáldi raised ...
N A326,+ stain × i-,Steinn ...
N A327 M §A,kank : hrapn · nar (h)-... §B (m)- ÷ no(þ) : matit,I know Hrafn/the raven corpse/reach ... §B ... ... couldn't.
N A328 M,kirstr hio,Christ/Gestr cut.
N A329 M,birdor,Bergþórr/Berdor
N A330 M §A,???u??h?????? §B ?ruu??? ?rrf??urf?þ?????hu?,... §B ... ...
N A331,...r : a : mot ...,Gunnarr owns [this] stamp.
N A332 M,okt(a)(l)(a)me(i)-...,...
N A333 M §A,kloba §B bræstotir bylar þer §C ...(æ)þ(s)...,Gloppa/Kloppa §B Priest-daughter pour out for you. §C ...
N A334 M §A,bæþi -- §B (r),both(?) ... §B ...
N A335 M,...(r) þessom : ...,... these ...
N A336 M,uininiu,...
N A337 M,i?,...
N A338 M,f-(b)o--,<fuþork>
N A339 M,ko,...
N A340 M,a^(þ)þþa,...
N A341 M,(y)-a(o)a,...
N A342 M,??????????,...
N A343 M,kþ,...
N A345 §A,???? §B ????,... §B ...
N A346,...(k)aþ at : auri : akn-...,... ... øre(?) / at the muddy area(?) ...
N A347 M,÷ sægs : o^k æyrir,Six (marks?) and (one?) øre
N A349,$M §A ... (þ)rius(t) ha^n a^ld^rr(e)h -... §B ...iustha^na^l · t^(þ)r(æ)h(u),$M §A ... thrives(?) he() never(?) ... §B ... ...
N A350 U,...ez...,...
N A351,†M [...aærta(þ)e + ...],†M ... ...
N A352 M,{EIDK}ln{DK},...
N A353 §A,??? §B ??? §C ??? §D ??? §E ??? §F ???,... §B ... §C ... §D ... §E ... §F ...
N A354 M,a^ue ma^ria,Hail Mary.
N A355 M,-(a)(u)/-(o)/(r),...
N A356 M,...-unu : o^rmar,... snakes/Ormarr
N A358 M,ha^fr : prest^r,Hafr the priest
N A359 M §P,orac... §Q oras ...,... §Q pray/hours ...
N A360 M,...,...
N A361 M,þorkæir,Þorgeirr
N A362 M §A,+ esse krusem tomi¶ni : fugite pa^rtes ¶ at^uerse uisit le(o) ¶ te t^ribu iuta -----... ----... ¶ kua(t)^uo^r gra^na in pen¶talum in--... ¶ fo(n)te t^utit : ¶ aaron : iesus + §B -(o)hannes ¶ ma^rkus ¶ maþeus ¶ lukas §C -a^gla al¶pha et ¶ o + - :,"Behold the cross of the Lord; flee, you hostile powers. The lion of the tribe of Juda, the root of David, has conquered. Four letters on the forehead-plate that Aaron bore on his forehead, Jesus. §B John, Mark, Matthew, Luke. §C Agla. Alpha and Omega ..."
N A363 M,a^ue ma^ria,Hail Mary.
N A364 M,þo,...
N A365 M,a^þ,...
N A366 M,þo^re(r),Þórir
N A367 M,-------,...
N A368 M,illan ÷ (k)u-...,Wretched ...
N A369 M,...,...
N A370 M §A,... spir... ... §B ... ...-it^us s... ... ¶ ...(u)m--...,... spirit ... §B ... holy(?) spirit(?) ... ...
N A371 M,(i)(a)(m)(i)(a)^s : afyln--furbisken fu,... ... ...
N A372 U,aallu...,<alualu>
N B1 M §A,øystein ÷ a mi §B hærmaþr §C haæþrmþr §D (m)aria : §E hærmaþr,"Eysteinn owns me, §B the warrior, §C the warrior. §D Mary, §E warrior."
N B3 M §A,+ ^a^u + §B + ma,"Hail, §B Mary!"
N B4 M,ioa^n a,Jóhan owns.
N B5,=N_630,=N_630
N B6,=N_642,=N_642
N B7,=N_622,=N_622
N B8 M,-(n)ma^nþkalm^næruþka(t)-,...
N B9 M §A,<fuþor> §B þbiss,<fuþor> §B ...
N B10 M,tar,...
N B11 M §A,÷ felleg : er : fuþ : sin : bylli §B ÷ fuþorg lbasm,"Monstrous is the cunt, may the penis serve. §B Cunt-perverse/nymphomania ..."
N B12 M,inra,...
N B13 M §A,(m)-kæl · petr · ioanes · andres · lafranc · tomas · olafr · klemet · nikulas · aller hælger §B men giæte min · not ouk dah lfs mins ouk salo kuþ se mik ok s(i)hni §C <kuþ> <kifi> <o>s <byr> <ok> <kafo> <mar>i<a> §D h(i)-lbe mer <klim>et hialbe m(e)^r alle gc hlk(e)r h(i)(a),"Mikjáll, Pétr, Jóhannes, Andrés, Lafranz, Thomás, Ólafr, Klemet, Nikulás. May all holy §B men protect me by night and day, my life (ie body) and soul. May God see me and bless me. §C May God give us good wind, and Mary good luck. §D Help me, Klemet, help me, all of Gods holy (men)."
N B14,=N_773,=N_773
N B15 M,iuair fuþo,Two fuþorks ?
N B16,=N_766,=N_766
N B17 M §A,f·uþork : hnias · tbmly §B ost : min : kis : mik §C (-) ki,"<fuþork> <hnias> <tbmly> §B My beloved, kiss me. §C ... ..."
N B18 M §A,--kl ÷ kolota ÷ ko^lahbohaso^lar ÷ fiartar ÷ tahs(a)- §B nuka ÷ æld(e)riþsua^nahiþa^r ÷ sa^u(d)ælakumlyn(h)uita^n ÷ h(a)- §C --þr ÷ inliossa ÷ (l)og ÷ (r)ostirriþ ÷ atbiþa : a^þyþ(e)nþu(æ)t- §D -(-)kuiþi §E þækanukabækiiar,... ... ... ... ... §B ... ... ... ... §C ... ... ... ... ... ... §D ... §E ...
N B19 M,-(y) : (k)æyrfi : ar-,... ... ...
N B20 M §A,(f)uþorhniastb-m- §B (f)--(o)(r)(k)(h)(n)-(a)(s)-(b)l(m)-,<fuþorhniastb-m-> §B <f--orkhn-as-blm->
N B21,=N_714,=N_714
N B22 M §A,ykmartm-lf--munm--- §B (f)----,... §B ...
N B23,=N_708,=N_708
N B24 M,i(æ)kkkkimmk ·,...
N B25 M §A,okui §B srþlt^rssþ : smnmuursmnmuh,... §B ... ...
N B26 M §A,frþoræsamær §B fuþorkhn §C kuþorkhnisætbmly,... §B <fuþorkhn> §C <kuþorkhnisætbmly>
N B27 M §A,i÷a÷ss÷tbm÷ly÷c ÷ §B ÷÷÷,<iasstbmlyc> §B ...
N B28 M,fuþorkhniastbmly,<fuþorkhniastbmly>
N B29 M §A,foro^þlam(e)uþarunka^rat`s´yriaþun-- §B ÷ foro^þlameuþarunkratspyriiarunkr(u)(r)(o)--(r)-------(r)-(r)(u)----,... §B ...
N B30 M,--l--t : --hrar : a a^l(a) · luti,... in all parts.
N B32 M,(r)-- · (æ)ihi · -a--s · (a^f) · þæri · hirþ ilom · þoa · ek · som --,... not ... from the retinue ... even if I who ...
N B33,=N_625,=N_625
N B34 M,salt,salt
N B35 M §A,<aba> §B fuþorthniaslbtmyiæ §C fuþorkhniastblmeycoæø,... §B <fuþorthniaslbtmyiæ> §C <fuþorkhniastblmeycoæø>
N B36,=N_607,=N_607
N B37,=N_676,=N_676
N B38 M §A,grimr a ia §B fuþorkhniastbmly §C grimr,Grím owns ... §B <fuþorkhniastbmly> §C Grímr
N B39 M §A,smiþur ÷ saa^rþ ÷ uiktisi §B af ÷ snæltu÷benum,"Smiðr fucked Vígdís §B of the Snelde-legs (ie, the Snelde-legs folk)"
N B40 M,r-(-),...
N B41 M §A,fuþorkhniastm(b)- §B lnrNsþrsr,<fuþorkhniastmb-> §B ...
N B42,=N_616,=N_616
N B43,=N_760,=N_760
N B44 M §A,(s)ra(a)n h(i)r §B ioan tua þorkil æ(y)ri ana^rt^uær þioþkæir §C fuþorkhniastbmly,"... §B Jóhan, two, Þorkell øre ... Þjóðgeirr. §C <fuþorkhniastbmly>"
N B45 M,kuþ ?,God ...
N B46 M,æ t þ f f s s a n t æ t þ f f s s a n t r-(s)t^rt-k(s)(e)hme^r,"One, two, three, four, five, six, seven, eight, nine, ten, eleven, twelve, thirteen, fourteen, fifteen, sixteen, seventeen, eighteen, nineteen, twenty ..."
N B47,=N_710,=N_710
N B48 M,· ttttt · iisiiii · llllll · rrrrr · -i-,... ... ... ... ...
N B49 M,hælhi ola^fr a,Ólafr the holy owns.
N B50,=N_644,=N_644
N B51 M,--sf,...
N B52,=N_688,=N_688
N B53 M,-bæis,...
N B55 M,her · færr · ha^fdiæfr,Here sails Hafdjarfr/the seabold.
N B56 M,ra^þ| |þ^u fi f(e)mbul --,"Interpret for wealth, great-"
N B57 M,eikils · yti·blôkum,(For the) sea-kings launching-horses (= ship)
N B58 M,-- naþr ulata -,... ... ... ...
N B59 M,æikari ÷ ioramr ÷ iai,... ... ...
N B60 M,kkkrrrkkkrrrrkkkrrrr-<þo(r)>-,...
N B61,=N_663,=N_663
N B62 M,- sa(þ)- ÷ a- -,... ... ... ...
N B63,=N_662,=N_662
N B64 M,yniltr,...
N B65 M §A,æ(e)r(e)gir §B (f)(u)þ(o)rkhnias-b--y,... §B <fuþorkhnias-b--y>
N B66 M,fuþorkhniastbmly ÷ asa ÷ ion ÷ sigriþ ÷ þok,"<fuþorkhniastbmly> Ása, Jón, Sigríðr, thanks(?)"
N B67,=N_721,=N_721
N B68 M,- (u)kr ÷ ilant^linui,... ... ...
N B69,=N_610,=N_610
N B70,=N_669,=N_669
N B71,=N_605,=N_605
N B72,=N_758,=N_758
N B73,=N_631,=N_631
N B74 M,-(f)þuk · an : æ(i)(l)eira : af(m)-,... ... ... ...
N B75,=N_624,=N_624
N B76 M,tmrm,...
N B77 M,þorer,Þórir
N B78 M §A,ba §B ba,... §B ...
N B79 M,(k)---r,...
N B80,=N_720,=N_720
N B81 M,hall(e),Halli(?)
N B82 M §A,(m) §B (m),... §B ...
N B84,=N_608,=N_608
N B85,=N_621,=N_621
N B86 M,o fuþorkhniastbmly,... <fuþorkhniastbmly>
N B87 M §A,(f)uþ §B -uþrokhlinsmyl,<fuþ> §B <-uþrokhlinsmyl>
N B88 M,- -(f) siþir ÷ a^lin ua^r (e)^k þa^r (e)r amær upl(e)ndkær b(e)do nu : u(e)^r(þ) (e)(k) u(þ)--,[Norska] ... om sider. Født ble jeg der opplendinger spente buene. Nå blir jeg ...
N B90 M,f,...
N B91 M,goþr uar æin lutr,One piece was good.
N B92 M,ilohe,...
N B93 M,olafr olafr,Ólafr Ólafr
N B94 M,fuþ(o)-,<fuþo->
N B95,=N_655,=N_655
N B98,=N_761,=N_761
N B99 M,at(a^r)i sk^yldi a^uþ foltu| |una þæims lifom u--,Never should the woman (= I) love them who resisted magic.
N B100 M,-(ø)rgNiæcdpY ÷ fu ÷ fo ÷ fi ÷ fy ÷ uf ÷ uþ ÷ (u)-,... ... ... ... ... ... ... ...
N B101 M §A,---- §B þuic(m) §C -a-(o)nþ-at-(e)ta--(r)-,... §B ... §C ...
N B102 M,---- · -kista : -(u)--,... ... ...
N B103 M,iþ-,...
N B104 M §A,... ... §B ÷ bot:ildr : halk:ala : igb÷iorh : §C -------(t)e(u)-a----n---n §D ioron^(n) :,... ... §B Bóthildr Hallkatla Ingibjôrg §C ... §D Jórunn
N B105,=N_753,=N_753
N B106,=N_634,=N_634
N B107 M §A,------- §B fuþh(a)--fk,... §B ...
N B108 M,ul,...
N B109 M,-ufar,...
N B110 M,-a--- · sa-(n)(a)--(æ)-ts-r(a)(-^r)m(a)þ--,... ...
N B112 M,yuþorkhniactbmly,<yuþorkhniactbmly>
N B113 M §A,(b)- §B --h--,... §B ...
N B114,=N_657,=N_657
N B115 M §A,l §B þorfinr §C fuþor(k)hniastbml,... §B Þorfinnr §C <fuþorkhniastbml>
N B116 M,þora : sæh : m(e)r,[Norska] Si meg mengden.
N B117,=N_709,=N_709
N B118 M §A,u^n þu · mær · a^n (e)^k · þær · gunnild^r · kys mik §B kan ek þik,"If you love me, then I love you. Gunnhildr! Kiss me, §B I know you well."
N B119 M,f(u)(þ)(o)r(k)hn(i)a(s)-----,<fuþorkhnias>
N B121,=N_733,=N_733
N B122 M,ingiriþ ' i(e)ngo(o^m),"Ingerid, Inga"
N B123 M §A,þat er mælt (a)(þ) -----------------s----(b)(þ)- §B ÷ ---þæn(e)s-(b)--------(æ)no-----(r)æ^(þ)n--(k)-----,It is said that ... §B ...
N B124 M §A,fuþ(o)(r)khn(i)as-(b)(m)- §B -bþ--þ-----,<fuþorkhnias-bm-> §B ...
N B126 M,br,...
N B127 M,æ---æ-n---(r)þ(a)^(n)þ · am^unda · ha^ra^ll ·,"... Amundr, Haraldr"
N B128 M,ha^lua^rþr ÷ haua^r,Hallvarðr Hávarr
N B129 M §A,kuna^r §B fuþorkhniastblmy,Gunnarr §B <fuþorkhniastblmy>
N B130,=N_618,=N_618
N B131,=N_679,=N_679
N B132 M §A,s(k)þ §B kolbein kupu læstr ko^lbe(i)(n) f(i)n(a)o-os(-)-,... §B Kolbeinn ... Kolbeinn
N B133 M,gut(r)(æ)l--,...
N B134 M,(b),...
N B135 M,÷ m(e)^þ : hui : g(e)k : gasi,... ... ... ...
N B136 M §A,-kkns(e) · tsim · h · anhola^u §B (æ)rþr ÷ æinha^uns(a)^ka^(n)ha--,... ... ... ... §B ... ...
N B138 M,a,...
N B139,=N_681,=N_681
N B140 M,--sihønt^um : e(n^u)i ÷ þrumu(e)--,... ... ...
N B142 M §A,-uþ(o)(r)-hn(i)(a)s-(b)--y §B -(u)þ(o)(r),<fuþorkhniastbmly> §B <fuþork>
N B143 M,ktr^am,...
N B144 M,·,...
N B146,=N_750,=N_750
N B147 M,g(-)m(-)-,...
N B148,=N_724,=N_724
N B149 M §A,gya : sæhir : at þu : kak hæim §B þa^nsak : a^b(a)kista^n : rþis,Gyða says that you should go home. §B ... ... ...
N B150 M,-(l) : e- : (k)-(þ),... ... ...
N B151,=N_725,=N_725
N B152,=N_670,=N_670
N B153 M,þirokotoioio^r,...
N B154,=N_742,=N_742
N B155,=N_717,=N_717
N B156 M,--sat ÷ (k)ut^lbæni(n)t,... ...
N B157,=N_680,=N_680
N B158 M,ssiuæ ÷ irniþ : a<n>a,... ... ...
N B159,=N_613,=N_613
N B160 M,--(u)þ(r)(ub)m · ikma(e)k,... ...
N B161 M §A,-(u)at(r)um · (ø)ia^r · (i)(þ)------ §B -- · - · - : -(s)- · -- --,... ... ... §B ... ... ... ... ... ...
N B162,=N_673,=N_673
N B163 M,--uþur,...
N B164,=N_719,=N_719
N B165 M,--m r,... ...
N B167,=N_745,=N_745
N B168 M,þorguna a^n þeta,Þorgunna owns this.
N B169,=N_674,=N_674
N B170 M §A,-(b)mly §B -(r)uararar : arisataoarþkkaø(t)ototo,... §B ... ...
N B171 M §A,-(k)minum ÷ sot- §B --m(n) §C + uældrnotok(d)- §D okmæyiarsih-,... ... §B ... §C ... §D ...
N B172 M §A,h(a)^(n)(s)(a)^rþþ b §B h-ua^rþrm §C þnb,... ... §B ... §C ...
N B173,=N_672,=N_672
N B174 M,-y--,...
N B175,=N_697,=N_697
N B176,=N_712,=N_712
N B177 M §A,þorir- §B fuþorkhniastbly-,Þórir. §B <fuþorkhniastbly>
N B178 M,mr,...
N B179,=N_695,=N_695
N B180 M,mtaioi,...
N B181 M §A,ma^þr : ska^l ho^nom^n : hæift : n(e)(n)- : --(a)t : uist - §B slit : uiha : lô^utomk : hio ek : g(e)rþ-(N)g : (r)-- §C n : fôurum : sNyra : knæfa : þøy(k)-- -- : k(r)aka §D (:) -- §E uak(e) : hyka^þ : fylk(i)a : manat : hirþum : -,... ... §B ... §C ... ... §D ... §E ... ...
N B182,=N_713,=N_713
N B183 M,hæ,...
N B184 M,fanabælti iok biacku þina,May the belt from Fana increase your beauty(?).
N B185 M,h,...
N B187 M §A,---an §B -kata(d) · kunak · tsap · æ-n(r)iþi ÷ aiku(i) : þr-,... §B ... ... ... ... ... ...
N B188 M,fuþorkh,<fuþorkh>
N B189 M §A,-mraeþrmnþm- §B -knmertyoaokm-,... §B ...
N B190 M,n^u er skøra mykyl kaLdhørþa^rþiri,Now is a great uproar. ...
N B191 M,fuþorkh ss ----,<fuþorkh>
N B192 M,slika^ ^uilda · ek · mina sem þu est,Just as you are is how I wanted mine.
N B193 M,n-(k)oloþ ÷ næmþr --,... mentioned ...
N B194,=N_700,=N_700
N B195,=N_648,=N_648
N B196,=N_665,=N_665
N B197,=N_698,=N_698
N B198,=N_756,=N_756
N B199,=N_762,=N_762
N B200 M §A,þorkæl anpiorh(s)ta^fan §B þor(i)r §C halstæin : anpion : guna-(r)- §C gu^nnar ÷ pupahæinrækirr(-^r)(u)n,"Þorkell ... §B Þórir, §C Hallsteinn ... Gunnarr §C Gunnarr ..."
N B201,=N_643,=N_643
N B202,=N_769,=N_769
N B203 M,÷ bot haf þu ÷ uillkomm-,"You shall have a cure, welcome."
N B204,=N_715,=N_715
N B205 M §A,ala^rþra^fbrimum ¶ fo^lkua^rþr : a^fa^kapma^rkua^rþra^f(b)a^u(u)(f)- §B ah(e) a^f a^l^labogo^k-,... Folkvarðr ... §B ... av ...
N B206 M,þar : er runar · r · -,There(?) are(?) runes(?) ... ...
N B207,=N_641,=N_641
N B208 M §A,a-sk-----(s)----- §B k-(s)l- -- §C --as-blmy--,... §B ... ... §C <--as-blmy-->
N B209,=N_730,=N_730
N B210,=N_739,=N_739
N B211 M §A,hamar kunkal(u) §B (k)(u)(n)---,... ... §B ...
N B213,=N_702,=N_702
N B214 M §A,(y) §B þþiþiþiiþiknikinikinink-b-- §C (a)^nihi,... §B ... §C ...
N B215 M §A,heþen : ræit : runa : þorbiorh ÷ þorer : §B þoralte,"Heðinn carved the runes. Þorbjôrg, Þórir §B Þoraldi"
N B216,=N_754,=N_754
N B217 M,--ra,...
N B218 M,: þus : ris : (t)--ka--ro^(u)-þr-a s(a)^(b)-o^þ -o-,... Sabaoth ...
N B219 M,botofar : seh : mer,Bótolfr sees me.
N B220,=N_689,=N_689
N B221 M,- a(s)a -,... Ása(?) ...
N B222,=N_704,=N_704
N B223 M,-- (a^u)st^r,... east(?)
N B224 M,--,...
N B225 M,-(l)t^þosr,...
N B226 M,--o^(n),...
N B227 M,-nnnlnnnnn,...
N B228 M,a^lþi,...
N B229 M,(b),...
N B230 M,olo(l)-,...
N B233,=N_620,=N_620
N B235,$M <raþ> <þa->,$M Interpret that/this!
N B236,=N_772,=N_772
N B237 M,--u : - : -ar--(a)-(s)(r)(o),... ... ...
N B238,=N_649,=N_649
N B239 M,...(i)(s)(æ)(i)...,...
N B240 M,b,...
N B242 M,o^ruæria^rg,...
N B243 M §A,-(n)ar a §B gunar (a)-,... owns. §B Gunnarr owns.
N B244 M §A,+ f §B if §C guþrs sakar,... §B ... §C ... ...
N B245 M,æinar · sikr · a mek (a)inar sikr · e mak,Einarr the Greedy(?) owns me. Einarr the Greedy(?) owns me.
N B246 M,erlinkr · r`a^u´(þ)r · (a^b) · kareh,Erlingr the Red ... ...
N B247,=N_661,=N_661
N B248,=N_632,=N_632
N B250 M,fu(þ),...
N B251,=N_633,=N_633
N B252 M,imi stæin hæitti a^ldri røykr riuki : a^ldri sæyþir soþni : ut yl : in^n kyl imi stæin hæitti :,"[Norska] Ime varmet steinen. Aldri skal røyken ryke. Aldri skal maten bli kokt. Ut med varmen, inn med kulda! Ime varmet steinen."
N B253 M,(s)uæin,Sveinn
N B254 M,fuþorkhniast(b)mly · : arne,<fuþorkhniastbmly> Árni.
N B256,=N_716,=N_716
N B258,=N_646,=N_646
N B259 M §A,· §B ÷ llnn<(þ)>ifN : n : · : (n) ÷ ns ÷ i §C (l)ur ÷ nt{P} · ÷ · nessk : · ·,... §B ... ... ... ... ... §C ... ... ...
N B260 M,l b(e)ry : r(n)ir,... ... ...
N B261,=N_746,=N_746
N B262 M,østin a mik : iloa^rk(e)n,Eysteinn owns me. ...
N B263 M §A,seuuruiriarþuimerkatkatgrisa §B -þi,... §B ...
N B264 M,bþ,...
N B266 M,þorþr fuþorkhniastblmy <þorþr>,Þorðr <fuþorkhniastblmy> Þórðr
N B267 M,nub,...
N B268 M,(u)l,...
N B269,=N_741,=N_741
N B270,=N_611,=N_611
N B271 M §A,------r §B fþye §C u(r) fl ÷ næiþu,... §B ... §C ... ... ...
N B272,=N_660,=N_660
N B273 M §A,ohmuntr- §B -(b)--y,Ôgmundr §B ...
N B274 M §A,mrþa^ris §B mrai,... §B ...
N B275 M,---(u)(u)-f(o^k)-(a^þ)fs-(r)-a^þ(i)(n)----(e)(m),...
N B276 M,-ml-,...
N B277 M §A,(o)(n) a^rra(m)(r) §B (a)(t),... ... §B ...
N B278 M,·,...
N B279,=N_651,=N_651
N B280 M §A,(f)uþorkhniastblmy §B (u)(k),<fuþorkhniastblmy> §B and(?)
N B281 M §A,si(m)un keuk- §B - æ,Símon(?) ... §B ... ...
N B282 M,f,...
N B283,=N_726,=N_726
N B284,=N_647,=N_647
N B285,=N_612,=N_612
N B286 M,f,...
N B287 M §A,æ t þ f f s s a n t æ t þ f (f) §B grþþ----- · · · rau(i)(i)ua^lg<ar(a)i> §C <arii> · <a(o)a>,"One, two, three, four, five, six, seven, eight, nine, ten, eleven, twelve, thirteen, fourteen, fifteen §B ... ... §C ... ..."
N B288 M,-s(e)ta · þo^rlæifr (i)sopr,... Þorleifr ...
N B289 M,· o(r)i(þ)(b)na : tel : ek : io(þ)(r)nu : (-)l(i)(t) : (u)(a)(t)-,... ... ... ... ... ...
N B290 M,a--ua-(r)(r)--e--þ-rþ-,...
N B291 M §A,subær §B sbak rsbte mik sb-,... §B peace(?) ... eks-/miks-(?) ... over/above
N B292 M,g : e : u : o : þ : n,... ... ... ... ... ...
N B293 M,þ^þa^l(p)i,...
N B294 M,eon(u)isimerriþrþn(i),...
N B295 M,mrai ÷,...
N B296,=N_604,=N_604
N B297,=N_722,=N_722
N B298 M,f(u)þ(o)r-h--,<fuþor-h-->
N B300 M §A,bæþora ælikr a {P(A)PI}-- §B hiu(þ)ih hiu-,... Erling owns ... §B ... ...
N B301 M,fuþorkhniastbmty,<fuþorkhniastbmty>
N B302,=N_727,=N_727
N B303 M §A,pantalion §B sihriþ : æirikr : guþrun : (o)i,"... §B Sigríðr, Eiríkr, Guðrún ..."
N B304 M,--iær : ilta,... ...
N B305 M,(u)bh,...
N B306 M,(a)(i)(i)(k),...
N B307 M §A,þo^rkis §B -rkhniaslbmly,Þorgísl §B fuþork
N B308 M,(m)ynta : (e)k : myklu o^pda^r miô^þ:ra^nci koma na^la,If (only) I might come nearer the mead-house much more often.
N B309,=N_735,=N_735
N B310,=N_627,=N_627
N B311 M §A,×· uini (o) ··· (k)(e)(a) -- §B ··· §C ·· (f)---(a)---(a) · (a) ima-- §D (a),... ... ... ... §B ... §C ... ... ... §D ...
N B313 M §A,fuþo-- §B (k)---,<fuþork> §B ...
N B314 M,(a)-(-)-(k)(u)nt(e)k---(æ)-(k)-(u) · a(u)þun-p ·,... ...
N B315 M,falt of(g)ama^l,[Norska] Eldgammelt sammenfoldet stykke.
N B316,=N_736,=N_736
N B317 M,sbaþe : bit^ri(t^l)ititidah-,... ...
N B318,=N_683,=N_683
N B319 M,-bmytu,...
N B321,=N_734,=N_734
N B322,=N_686,=N_686
N B323 M,(b)(a) ·,...
N B324,=N_656,=N_656
N B325 M,-uþor-ha---lb-y,<-uþor-ha---lb-y>
N B326,=N_740,=N_740
N B327 M,-(k)uþnrun,...
N B328 M,-(u)-k(u)þ(u)----(t^u)----,...
N B329 M,÷ uin : a (e)k : uæs : (a)(t)^ ^(l)a^una : ueret,I ought to reward the friend for the verse.
N B330,=N_603,=N_603
N B331 M §A,- þu^ul^lan(e)nnkll · §B illlnlnm ·· l^lu^u(u)lauit^t^ty,... ... §B ... ...
N B332 M,nnþnnnþ,...
N B333 M §A,sira : ion ¶ s(e)n^ndir : gun^nari : huit : ku(i)þiu guþrs o^k §B sina hakon^n ...,Sire Jón sends Gunnar White Gods and his greeting. §B Hákon ...
N B334 M,loþin,Loðinn.
N B335 M,moldaæm--,...
N B336 M §A,-ric : a¶m--- §B -rik¶r : --,... ... §B ... ...
N B337,=N_637,=N_637
N B338 M,--þþþkkk · l · l · l · ¶ · · bbb · (i)(i)(i) · (s)(s)(s) · ttt · nnn ÷,... ... ... ... ... ... ... ... ...
N B339,=N_696,=N_696
N B340,=N_752,=N_752
N B341,=N_629,=N_629
N B342 M,-þieariþ^þ,...
N B343 M,þure,Þóri(?)
N B344,=N_723,=N_723
N B345,=N_691,=N_691
N B346 M,-(n)(u)þ(u)æn,...
N B347 M §A,i-i- -- §B ifar : gilk : ku^riþ,... ... §B ... ... Gyrid(?)
N B348 M,þurk(e)^l a,Þorkell owns.
N B349,=N_694,=N_694
N B350,=N_677,=N_677
N B351 M,f,...
N B352 M,(i) (i)(n)(n)(i)(n)(æ),... ...
N B353,=N_718,=N_718
N B354 M,môtakma^þi,...
N B355 M,--(t)-u(i)smeþfôrelehkona,...
N B356,=N_664,=N_664
N B357,=N_751,=N_751
N B358,=N_763,=N_763
N B360,=N_747,=N_747
N B361 M,<stan>a<r>,Steinarr(?)
N B362 M,ma,Mary
N B364 M §A,-anm-a §B þostæin §C sslt^rltsþ §D -(e)(s)l-(a)^(r)(e)þ,... §B Þorsteinn §C ... §D ...
N B365 M,gun^na^r · a · mik · k · a-,Gunnarr owns me ... ...
N B366 M,-ara^r(o)-,...
N B367 M,kuþ,God
N B368 M §A,þes : uil · ek · biþia ÷ þik : at| |t^u ÷ fa^r · ¶ o^r : þema : po^l:o^ke ÷ sntd : rit ÷ til ÷ s¶yst^ur ÷ o^la^us ÷ hæt^usuæins ÷ h¶o^n : e^r ÷ i ÷ bia^ruin : at^ ^n:unu:set^ri §B o^k læita : ras ÷ uiþ : ha^na ÷ o^k ¶ uiþ : prønbr ÷ þina er þu : uil¶dir : sætas : æki : at| |t^u : s(y)sni : ¶ iarls ÷ at^u : kena : nu · r(æ)t^u ·,"I would ask you this, that you leave your party. Cut a letter in runes to Ólafr Hettusveinn's sister. She is in the convent in Bergen. §B Ask her and your kin for advice when you want to come to terms. You, surely, are less stubborn than the Earl."
N B369 M,· þirbio^rn,Þorbjôrn
N B370,=N_619,=N_619
N B371 M §A,fuþorkhni(a)- §B olafr · kyst(i) · (d)(t)(k)-,<fuþorkhnia-> §B Olaf kissed ...
N B372,=N_659,=N_659
N B373 M,r-(þ)(u)mina(e)mþuma(t)finamysmi(s)næsima lirunum,... ...
N B374,=N_770,=N_770
N B375,=N_615,=N_615
N B376,=N_703,=N_703
N B377,=N_755,=N_755
N B378 M §A,ra^u ra^Fr · asa · on (:) - §B fuþorkhnias(t)-,... ... ... ... ... §B <fuþorkhniast->
N B379 M,kyrþir a lykil,Gyrðir owns (the) key.
N B380 M §A,hæil ÷ se þu : ok : i huhum : goþom §B þor : þik : þig÷gi : oþen : þik ÷ æihi :,"Hail to you and good thoughts. §B May Þórr receive you, may Óðinn own you."
N B381 M,-ø r,... ...
N B382 M,· ka^ntuþ(e)t(t)-,...
N B383 M §A,fuþorkhniastbmly §B fuþorkhniastbmly,<fuþorkhniastbmly> §B <fuþorkhniastbmly>
N B384 M,...<o> : <sim> <libi> : <sinu>,... as his/her life.
N B385 M,sigriþ a mek,Sigriðr owns me.
N B386 M,---(r)- (:) -d-(l) (:) --lmþ--(r) (:) d-(r) (:) (u)- (:) (l)---,... ... ... ... ... ...
N B387 M,onun--,Ônundr.
N B388,=N_699,=N_699
N B389,=N_614,=N_614
N B390 M,inkebiørk uni mer þa (e)r (e)k uar i sþafa^kri,Ingibjôrg loved me when I was in Stavanger.
N B391 M,mtpkrgbiiiiiiissssssstttttttiiiiiiilllllll,"mistletoe, ""tistill"", ""pistill"", casket, ploughshare, ""gistill"", ""bistill"""
N B392 M §A,lsrlrsþ÷ §B sihurþr ko^þ(i)-,... §B Sigurðr ...
N B393,=N_701,=N_701
N B394,=N_640,=N_640
N B395 M,ion,Jón.
N B396 M,fuuki,...
N B397,=N_711,=N_711
N B398 M §A,t^rut §B h(g)g gua^na^r a §C (a)(þ) : (a)(n)(n),... §B Gunnarr owns. §C ...
N B399 M §A,--(r)- : (a)(þ)-- : (a)(r)(a)(n) (:) (s)(ø)---- §B (a)^(g)t^um : rataba^rum : rat : aft(o)- §C (o)ld(r)(i)hg(i),... and(?) ... §B act/deed(?) ... ... §C ...
N B400 M,þorir,Þórir
N B401 M §A,-----(k)(r)m-(r)-(r)-(r)m(r)-(k)---(æ)-(r)umekhæyra ÷ f(a)t-- §B - · (a)--(e)h(a)--hæ--(g)o-ase(g)e(g)hæiman(g)orh(i)unu · (m)-,... ... §B ... ... ...
N B402 M §A,f · - §B þora---,... ... §B Þóraldi
N B403 M,guþ : er : alt : ma : blese : sigurþ : prest : er : mek · a,"May God, who presides over all, bless Sigurr the priest, who owns me."
N B404,$M sese · se · sese · snot · uliota ·,$M ... ... ... ... ...
N B405 M §A,(a)(i) munma^rtseritþinu §B munmart`s´e,... ... §B ...
N B406 M §A,nas n §B rrþrr þþþurþurrr,... ... §B ... ...
N B407,=N_636,=N_636
N B408,=N_757,=N_757
N B409 M §A,fuþorkhia §B f(u)-,<fuþorkhia> §B ...
N B410 M,÷ geukaukcuk : liui : a mik : en guþ : bl(i)sci þik,"... ... owns me, and God may bless you."
N B411 M,þorbiorn · guþm,"Þorbjôrn, Guð..."
N B412,=N_653,=N_653
N B413 M §A,-(o)lua §B k · ræiþar : munr : rit---,... §B ... ... ... ...
N B414 M §A,halua(r)- §B fuþ-,Hallvarðr §B <fuþork>
N B415 M §A,(i)(a)t----------tamkl--(þ)ha(r)i-fr(e)n^n--- §B hiaim (k)orh (c)-------------------(a)--------- §C ----------------a--a- solin,... §B ... ... ... §C ... ...
N B417 M,þetta ræist blinder ma^þer til þin h(y)-,A blind man carved this to you ...
N B418,=N_652,=N_652
N B419,=N_748,=N_748
N B421 M,(f) · (a)(k)(q),... ...
N B422 M §P,a mi §Q a mi,"owns me. §Q Hail, Mary!"
N B423 M,uemud^r a mik,Vémundr owns me.
N B424 M,fuþorkhniaslbmty,<fuþorkhniaslbmty>
N B425 M §A,ar n · §B r,... ... §B ...
N B426 M,---t · f-m : (b)-ft---(s)(a)-,... ... ...
N B427 M,tok : anremnik,... ...
N B428,=N_732,=N_732
N B429 M,--e-erg--r--o----g,...
N B430,=N_768,=N_768
N B431 M,guþ : blæci : yþr : ranuæih,"God bless you, Rannveig."
N B432,=N_650,=N_650
N B433,=N_707,=N_707
N B434 M §A,ion silkifuþ a mek en guþormr fuþcllæikir §B ræist mik en : ion fuþkula ræþr m(e)k,"Jón Silky-cunt owns me, and Guðþormr Cunt-licker §B carved me, and Jón Ball-cunt interprets me."
N B435,=N_767,=N_767
N B436 M,-(p)pppppppppp-,...
N B437,=N_692,=N_692
N B438,=N_658,=N_658
N B439 M,fuþorkhniastblmy ÷ kyþa ÷ ua ÷ (s)(i)(k)urþr ÷ un ÷ ra^nuæih ÷ ane ÷ un ÷ -,"<fuþorkhniastblmy>, Gyða ... Sigurðr ... Rannveig ... ... ..."
N B440,=N_609,=N_609
N B441 M,- ÷ bbb ÷ bb ÷ b ÷ ll ÷ l ÷ <fu>-,... ... ... ... ... ... ...
N B442 M,(h)(s)(a)(i),...
N B443 M,f : ff : fffo : oo : oooh : hh ÷ hhha : aa : aaab : bb : bbb,... ... ... ... ... ... ... ... ... ... ...
N B444,=N_645,=N_645
N B445 M,-fomi ¶ þart ÷ fuþorkh¶niastblmy ¶ bursima^ria^rsfofafi,... ... <fuþorkhniastblmy> ...
N B446,=N_705,=N_705
N B447 M §A,(b)kotris §B f asa,... §B ... ...
N B449 M,fuþ,...
N B450 M,fuþorkhna(i)tblml · yboi--,<fuþorkhnaitblml>
N B451 M,kuaa,...
N B452 M §A,an e s i §B -hh- · · · - : m-þ-- · -i,... ... ... ... §B ... ... ... ...
N B453 M,k(u)?f(o)b : aþ(o),... ...
N B454 M §A,{AVR}o{V} §B {AVROVE},... §B ...
N B455 M,ymym,...
N B456,=N_759,=N_759
N B457 M,k · k · k · k · k · a · a · a · a · arrrrsssss,... ... ... ... ... ... ... ... ... ...
N B458 M,innþþn,...
N B459 M,{BIOM^N},...
N B460 M §A,r^y §B (o^r) §C ra^þ^(u)(a)yþ(i)r,... §B ... §C ...
N B461 M,--no(k)æla : þa : børøtek · kønu,... ... ... ...
N B462 M §A,suæin : riste : runar : þæsar : ôk pa^þ §B (e)^luucio rata,Sveinn carved these runes and asked §B Lúcia ...
N B463 M,a--þ--(n) · þorþr,Auðun(?). Þórðr.
N B464,=N_671,=N_671
N B466 M,arni : katu : leia,Árni(?) ... ...
N B467 M §A,-(u)na^rikæþir(e)t(e)o^k(e)ui §B --ma^þræritrun(a)(-)-,... §B ...
N B468,=N_706,=N_706
N B469 M,halbiar(h),Hallbjôrg
N B470 M §A,-iillll §B unas,... §B ...
N B471,=N_628,=N_628
N B472,=N_690,=N_690
N B473,=N_667,=N_667
N B474 M §A,-<----> §B ---<--> · hunst^urþil §C m r^r §D m m,... §B ... ... §C ... ... §D ... ...
N B475 M,fuþ,<fuþ>
N B476 M,-(n)^(þ)^(r)(n)^(þ)^(r)n^þ^rn^þ^rn^þ^rn^þ^rn^þ^rn^þ^r,...
N B477,=N_668,=N_668
N B478,=N_744,=N_744
N B479 M,fuþ(o)(r)(k)----,<fuþork---->
N B480 M,--(l)(i)(n) · meþ knifi · s--(u)m · (þ)-n-(æ)--(n)-(u)--,... with his knife ...
N B481,=N_738,=N_738
N B482,=N_682,=N_682
N B483 M,r þ,... ...
N B485 M,pkn,...
N B487,=N_771,=N_771
N B488 M,a^r^þ`(þ)^(n)´m^r,...
N B490 M,fuþork ÷ hnias ÷ tblmye,<fuþork> <hnias> <tblmye>
N B491 M,ha^lkat^la,...
N B492 M,uar,...
N B493 M,bylli min un mer an ek þer af astom a^u^k af <allum> <huha>,[Norska] Min elskede/skjenkesvenn: Elsk meg! Jeg elsker deg med hele mitt hjerte og med all min hug.
N B494 M §A,a^ne a mek §B a^lueþa^r--,Árni owns me. §B ...
N B495 M §A,--------hæt snh--k- §B ÷ (e)--(n)(g)(e)-(h)(a)-- e^n ek ma^n h- §C ÷ be^r i briost m(e)^r s(u)a^(r)-,... ... §B ... ... ... §C ... ...
N B497 M,(u),...
N B499 M,(a)^þorbærkr : ræist,Þorbergr carved.
N B500 M,-(b)-(k) : (n)(æ)(r)--hli(o)þa : h(o)rn : (r)(i)(n)a(r) : (r)(i)lm(i)nu : dul^ld(r),... ... ... ... ... ...
N B501 M,samsun,Samson
N B502 M,(a)^(u)(a)^(b),...
N B503 M,r(o)(u)þ(a),...
N B504 M,-þ^nþ^nþ^nþ^nþ^nþ^nþ^nþ^nþ^n --,... ...
N B505 M,h ------(o)^um(u)-(u)(r),... ...
N B506,=N_737,=N_737
N B508 M,fuþorkhniastbmly,<fuþorkhniastbmly>
N B509 M §A,-ririaoio §B --þam(a)l,... §B ...
N B510 M,-(r)n a sæk --,... owns the sack ...
N B511 M,bø,...
N B512 M,mb(æ) ÷ rmb(æ) ÷ (u^u)br,... ... ...
N B513,=N_749,=N_749
N B514,=N_666,=N_666
N B515 M,(-)(k)(u)(r)(r) a m(i)k,<-kurr> owns me.
N B516 M §A,her skal san (o)a k(e)r(m)(e)t til þes er þu læter i(s)(u)t §B utaflarmersut- §C si- §D er þ-,Here will ... ... ... until you let ... §B ... §C ... §D ...
N B518 M,g-(t) a mik,Gunna(?) owns me.
N B520 M,+ ikibiorh-,Ingibjôrg
N B521 M,fuþ,<fuþ>
N B522,=N_765,=N_765
N B523,=N_684,=N_684
N B526 M,÷ otar ÷,Óttarr
N B527,=N_729,=N_729
N B528,=N_639,=N_639
N B529 M §A,fræsstatt : æin^nuiat : -e^l(s)s-a : tæ-na · øter : fe^k : sin^nas-- §B e^(u)ifdahr : --or : (k)ahrra : -o(k)(s)(e)t^um : s-in^na : sno-(a)(s)(t) §C ÷ o--e^la : e-nda : laten^n : ea(t)(k)al-la : -atale- : aeten^nekæi-a §D ta^l(s)ha : oter : en(þ)(e)(æ) : l- : -(g)l^l-(o)ssei : fat : e^r(h)ae^r · (m)(a)(æ)t,... ... ... ... ... ... ... §B ... ... ... ... ... ... §C ... ... ... ... ... ... §D ... ... ... ... ... ... ... ...
N B530 M,æsþrþ : nsrlrlrrr-(r),... ...
N B531,=N_764,=N_764
N B532 M,fuþ(a)(i)rkhnios,<fuþairkhnios>
N B533 M §A,-(h)niastbmly ÷ c §B -(æ)dpc ÷ halle ÷ ma^rga^reta,"<-hniastbmly> ... §B ... Halli, Margareta."
N B534 M §A,---r §B -(r) · (i)(r) · þ(ø)(þ)-,... §B ... ... ...
N B535 M,---(o) ka^n ek : sæhia : þer ÷ sem þu ma^nt ÷ rôyna ÷ af ÷ mer : at ek ÷ skal : una : þer ÷ ænku ÷ uær en mer : u-,"... I can say to you, as you will experience with me, that I will love you no less than myself. ..."
N B536 M §A,-uaria §B -uaria,... §B ...
N B537,=N_731,=N_731
N B538,=N_685,=N_685
N B539 M,ær-a--rr--r--nar-,...
N B540 M,kis þu mik,Kiss me.
N B541,=N_638,=N_638
N B542 M,++ mero^kar · o^kfle,... ...
N B543,=N_617,=N_617
N B544,=N_635,=N_635
N B546 M §A,÷ dadudodidedydædø ÷ gagugogigegygægø ÷ cac-(c)(o)(c)-(c)(e)----(c)(ø) §B ÷ iaiuioiiieiyiæiøhahuhohihehyhæhøsasusosisesysæsø,... ... ... §B ...
N B547 M,+ nn(a)ne--(r) · (þ)sssssh ·· iiiii(r) · (r) · (þ) · mþ(r),... ... ... ... ... ...
N B549 M §A,-s(t)a^þ : þor(k)(e)þr : na^rfas^u^n : §B -(þ)(s)u^n : (æ)læ(n)(d)^r : b-^r(k)(i)sun : sih^urþr : hælhas^un : §C ki,"... Þorgarðr(?) Narfasonr §B ...-sonr Erlendr Birgisonr(?), Sigurðr Helgasonr §C ..."
N B550 M,---- øs(i)asris,... ...
N B551 M,sigurþr| |rib(e) ræist runar,Sigurðr Ribbi(?) carved the runes.
N B552 M,ila hefer sa maþr er -(e)-(e)r sliga go(n)o (s)ein(i)uer,Evil has the man who has such a woman ...
N B553,=N_743,=N_743
N B554 M,-(n)(l)(s)tmil(h)uhaþ--,...
N B555,=N_675,=N_675
N B556 M §A,-<b> þþþ · -- §B -u mik man ek þik,"... ... ... §B you me, I love you."
N B557 M,skeke,...
N B559 M,(g)a^r,...
N B560 M,ri,...
N B561 M §A,--(t)ul^lotansn(a)- §B -(æ)tiumar(t)ah ÷ traum ÷ runar ÷ afa ÷ t^ua^u-,... §B ... ... ... ... ...
N B562 M §A,(s)(n)ar(o)`(þ)´m(e)þika^r(i)(s)o(s)arnauþ §B ilot^nliomra^rra(e)sit^nrco^ntsegha^þr,... §B ...
N B563,=N_606,=N_606
N B564,=N_678,=N_678
N B565 M,iokair,Jógeirr
N B567,=N_687,=N_687
N B568 M,---h--s,...
N B569 M,-akboi · hæY(i)ratan(i)lan`s´kiæik/(s)u(i)rki(n)(i)sgrausuarþiohs--,... ...
N B570 M,hn for at fruþum,... ...
N B571 M,----m(þ)-n-(r)(o^u)u--æ---hl-ah(a^n^n)(s)(t^r)a^umdaensf^ha^ri(a)^n ÷ asgæ-n^n-,... ...
N B572 M §A,þeta : ræist æirrikr : baki : um : not f §B þeta ræist a^rne (t)-(þ)(r),This carved Eiríkr ... ... §B This carved Árni ...
N B573,=N_626,=N_626
N B574 M,øm,...
N B576 M,(b)(i)(a),...
N B577,=N_623,=N_623
N B578 M §A,b §B (þ),... §B ...
N B579 M,ha^lfor-,...
N B581 M,ui,Hail!(?)
N B582 M,(-)c(d)efghiklmn(o)pk(r)stux(y)(-),abcdefghiklmnopqrstuxy-
N B584 M,sæst ÷ niþær ÷ o^k · rat ÷ runa^r ÷ ris ÷ up · o^k · fis : uit ÷,"Sit down and interpret the runes, stand up and fart!"
N B585 M §A,na^u(þ) §B na^(u),need §B need
N B586 M,æirikr,Eiríkr
N B587 M,a^nne,...
N B588 M,oiai,...
N B589 M,ir,...
N B590 M,brirsr,...
N B591 M,kuþmriusua,...
N B592 M §A,÷ fuþorkhniastbmlyfuþ(o)rkhn`i´a f §B fuþo(b)khniarmlyfuþorkhni`s´abmly,<fuþorkhniastbmlyfuþorkhnia> <f> §B <fuþobkhniarmlyfuþorkhnisabmly>
N B593 M §A,uiþælkinen(e)a^lmat(e)æssi §B + gessukamtsogessukae §C (s)unaifanuuiifYi + §D pagissunarnuii +,... §B ... §C ... §D ...
N B595,=N_728,=N_728
N B596 M §A,þisielapriudt^ro(t) · eslæmæ dux : ixtlutrþi : naAl §B maukrs · kkmaæsamianus · man martiliitnus muintttloilusi §C ok(c)(A)a(æ)^l(a)^kþæ? dtroke (t)omane deoi meos konsomatm æst naA(l) §D tiu netr eeero fra e(o)hnesikuatoeh markus tlh^fas oa^fanss §E naal §F naAl,"... leader(?) ... §B ... Maximianus, Malchus, Martinianus (= three of the Seven Sleepers of Ephesus) ... §C ... Determine(?), Lord, my God. It is fulfilled. ... §D Ten nights are from ... Mark, Luke, John. §E ... §F ... ..."
N B597 M,riste,carved(?)
N B598 M §A,d^um · das : ka^rus · e^ris : da^re : des-- §B ...ris :,"As long as you give, you will be held dear; if you abandon giving, §B you will be despised."
N B599 M §A,styrkaa^r : iua^r : io^n : þo^re^r : ha^ua^rþr : finþr : sikkurþr : io^n : a^rnne : -- §B þo^rmo^þr : baa^rþ^r : o^la^lfr : ko^lbio^rn : asla^kr : ællænt^r : ko^lbæin : sikkurþr : -(r)- §C ro^lfr : æina^r : þo^rþr : ha^lkæl : o^la^fr : ællæ`n´t^r : bia^rnni : þor(r) : sikkurþr,"Styrkárr, Ívarr, Jón, Þórir, Hávarðr, Finnr, Sigurðr, Jón, Árni, ... §B Þormóðr, Bárðr, Ólafr, Kolbjôrn, Áslakr, Erlendr, Kolbeinn, Sigurðr, ... §C Hrólfr, Einarr, Þórðr, Hallkell, Ólafr, Erlendr, Bjarni, Þórr, Sigurðr"
N B600 M,fuu,...
N B601 M,gl(o)ria in eksælsis deo,Glory to God in the highest.
N B602,=N_654,=N_654
N B603 M,haldor hfuþorkhnias,Halldórr. <hfuþorkhnias>
N B604 M §A,ar sol maþr ur nauþ tur ræiþ §B gleme ÷ æie ÷ (g)ein(e)r ÷ beime^r · god,"year, sun, man, aurochs, need, Týr, riding §B ... ... ... ... ..."
N B605 M §A,imulil amo^r §B u¶¶iciþ omnia oþ,Love §B conquers all; also(?)
N B606 M,mka^nþkkþnkl/ki,...
N B607 M,---(r)-rfirþet^reroruerrerruyermruunruiouþiu(r)-,...
N B608 M,(s)(i)mun,Símon.
N B609 M §A,ætþraralar(t)barrararalralh §B hliþlilialal(n)ial(n)i(þ)ui(þ)ihnlil(n)i §C hlþanlralararararaþrr §D hlllaualuailþllualalralolai §E aralrau^utþaialuhlo(n)laaualu(t)la §F huaaþouiþihrara(u)llhl(l),... §B ... §C ... §D ... §E ... §F ...
N B610 M,-- (n)na(m^m) sek,... ... sack
N B611 M,aue ma-,"Hail, Mary!"
N B612 M §A,h(a)siin §B fui,... §B ...
N B613 M,a mik,... owns me.
N B614 M,--- -- (-)---(i) : þi-(r)m-o^btu(l)(i)(i)mi,... ... ... ...
N B615 M,frþo(k)(b)hniasl{B}-my,fuþork
N B617 M §A,uat-l---(l)--asiksasai(r)isasa §B (e)kuaitu,... §B ...
N B620 M,þo,...
N B621 M,i(p)ikia,...
N B622 M,fan ek bæin : athat,I found the bone ...
N B623 M §A,-- ÷ dominus ÷ te-- §B - benedictus ÷ -,... The Lord is with you ... §B ... blessed ...
N B624 M,ø,...
N B626 M §A,--riþ : a mik §B (m),...-rið owns me §B ...
N B627 M,þo(r)ib(a)-,...
N B628 M §A,rannuæih ÷ rauþu (s)(k)a--(u) : st^erþ §B þat : se : mæira : in : man^ns:-æþr ÷ ok : min^na : en §C hæstræþr §D a,You will fuck Rannveig the red. §B It will be bigger than a mans prick and smaller than a horses prick.
N B629 M,asgri¶mr a,Ásgrímr owns.
N B630 M,þ þþ---,... ...
N B632 M,i(u)m,...
N B633 M,k,...
N B634 M,s(n)ry(n)(n)(i)(i)(s),...
N B635 M,ro(i),...
N B637 M,ku,...
N B638 M,sæ,...
N B639 M,-nfiþr a,Arnfinnr owns.
N B640 M,siguþrr,Sigurðr
N B641 M,þos,...
N B642 M,(f) (i)r,... ...
N B643 M,ikii(i)-------,...
N B645 M,-u(þ)s · ui(l)(a)k · m(æ^r)k · ami(n)ium,... ... ... ...
N B647 M,(f)(a)(f)(o)-o-o--o--a---þ-- §B fufafefifoþoþaþiþu §C fund ÷ pund ÷ rund ÷ gund ÷ lund ÷ hind ¶ sund ÷ þond,"... §B ... §C fund, pund, rund, gund, lund, hind, sund, ..."
N B648 M,-(k) b-gn^nn^n,... ...
N B649 M,si-(g)i a,Siggi owns.
N B650 M,ha^luarþ(r)r : a mik,Hallvarðr owns me.
N B652 M §A,kuþion §B pan,... §B ...
N B653 M,lm,...
N B654 M,r : (i)-imrsoræar : lit,... ... ...
N B656 M,-mbbm?,...
N B657 M,arne,Árni
N B658 M §A,fuþ (s)fb(s)(y)l(u)miþ §B mi(k)(s)---a-ki,<fuþork> ... §B ...
N B659 M §A,... §B ...,... §B ...
N B660 M,aspiørg ÷ hit pæsta parn ÷ ¶ -urat^a(r)...ranæ,Ásbjôrg the best child. ...
N B661 M,aouk,...
N B662 M,f,...
N B663 M,fuþork ænmb--...,<fuþork> ...
N B664,$M §A (a)bra(b)-(l)raba §B ---- (b)-r--ra-,$M §A abrabalraba §B ... barkalrar(?)
N B665 M,...,...
N B666 M,a^u^þ/a^{P}/a^þ,...
N B667 M,r^n,...
N B668 M §A,þor §B me^lt^n^n/me^lt^o,Þórr/Þor-... §B ...
N B669 M §P,si um baþ i(k) §Q sium baþ i(k) §R + (i)umbaþik §S ÷ umbaþik,"Look after, I begged/prayed ? §Q Let us see, I begged/prayed ? §R ... §S ..."
N B671 M,maen ?,... ...
N B672 M,<þþ>,...
N IK1,$U §P a(h)l--i-þizaieiu-diuhliaflha-(a)hdtiai--ielifia^nit §Q þiz aie i(r)(i)(o)d i uhliafl h(a^h^a) (l)(i)d tiade eli (a)i(g)a i tah(e),"$U §P ... §Q The slave-woman, rosy-cheeked, full of yule-power (=intoxicated), may lead the horse to the pasture! It became apparent that the old one had a retinue in the tún (=his own homestead)."
N IK24 U,alu,ale
N IK124,$U ?{COT} ÷ {SSIS}ïï{S}d ÷ {III}---{SC}i?,$U ... ... ...
N IK131 U,ano an^a,"Anno, Anna"
N IK177 U,nl ¶ aelwao,... ...
N IK214 U,tg,...
N IK231 U,d ¶ ... ¶ lliii,... ... ...
N IK244 U,u^duuz/h^duuzi,.../...
N IK331 U,tau liiu,... ...
N IK343 U,n-l-,...
N KJ15 U,þiz(i) d(a)(þ)--...,this ...
N KJ16 U,e^k^ ^e^rila^z,I the eril.
N KJ17,$U iaz ' AA| '| |' |Arb'e ¶ wh'w^ ^wid ult(i) ¶ wk ' hu ¶ Al'klz,"$U Great-grandmother assigns inheritance to the young (woman), very tender towards the owner of the farm HoltaR and (her) household."
N KJ17A,$U ek wiz wiwio writu i runoz^ ^asni,"$U I, Wiz, for Wiwja ingraved the runes."
N KJ18,=N_450,=N_450
N KJ29B,$U uh(a^ ^a)ure^ ^ab uk^uinu aik^ud^ ^þinu ui ÷ ¶ uea^ ^a(l)u þak^ ^uiu hnf þit i au^ke^ ^k^unu ui ÷,"$U Young woman, departed from earth, ever-born in your sanctuary (= eternally reincarnated in your holy abode in the other world). I receive/have recieved the holy ale and sanctify the horn so that (ale) will there (in the horn) increase in the fanous sanctuary (= holy abode in the other world)."
N KJ31 U,raunija(z),Raunijaz (= Tester)
N KJ37 U,lina lauka^z f,"linen (and) leek, property"
N KJ38 U,d-[-]fioþi l l l l l l l l l l,"... linen (and) leek, linen (and) leek, linen (and) leek, linen (and) leek, linen (and) leek"
N KJ39 U,ek ad-...,I Anda-...
N KJ40,$U hAl mAz ¶ mA unA ¶ Alu na Alu nanA,"$U Leaning maiden may repose, attain everything, be pleased with everything."
N KJ44,$U wada,"$U [protection against] want, need, difficulty"
N KJ48 U,(k)a[-]a alu,"Kala, ale."
N KJ49 U,aluko,Aluko
N KJ49B U,tor¶wite,"Toðrwite (= the one who ensures the livelihood, growth, yield)"
N KJ50,$U wate h^ali hino horn^a ¶ h^ah^a skaþi h^aþu ligi,"$U May the horn wet this stone. May it harm the hey/gras, but lie (peacefully) in a fight."
N KJ51,$U e^ ^a,"$U Horse, god."
N KJ51B U,ea,...
N KJ53 U,ek aljamark(i)z ¶ baij-z,"I, the foreigner/Aljamarkiz. Warriors(?)."
N KJ55 U,ek hagustald(a)z þewaz godagas ¶ (e)- -----z,"I, Hagustaldaz/young warrior, the retainer of Godagaz, I the eril."
N KJ55B,†U [uulf¶þalfï],†U ...
N KJ55C U,--hiþ ¶ run------r-d,... ...
N KJ55D U,eaïu,...
N KJ56,†U [e^k irilaz wiwila ÷],"†U I, the eril Wiwila."
N KJ57 U,alu,ale
N KJ58,$U hiwigaz ¶ saralu ¶ ek winaz ...,"$U Hiwigaz (and) Saralu (are buried here) I, the workman, ..."
N KJ60 U,... flagdafaikinaz ist ¶ ... magoz minas staina ¶ ... ...daz faihido,"[This place] is menaced by fiends. [I, N.N., set] my son's stone. [I], ...daz, coloured [the runes]."
N KJ62 U,-eþrodwe^ngk,...
N KJ63 U,... ...daga-(t)(i)z runo faihido,"I, Godagastiz, coloured the rune."
N KJ64 U,ek þirbij(a)z r(u)... ...,"I, Þirbijaz the rune(s) ..."
N KJ65 U,ek gudija ungandiz i h...,"I, the priest who is immune to magic/Ungandiz, in Huglo."
N KJ68 U,rhoAl(t)z f(a)(i)-- ...,"Hroaldz, (I) painted ..."
N KJ69 U,ek wagigaz irilaz agilamudon,"I, Wagigaz the eril, (son of) Agilamundo."
N KJ71 U,e^k irilaz hrozaz h^rozez o(r)te þat azina ut alai(f^u) dz ¶ rmþï,"I the eril Hrozaz, (son of) Hrozaz worked up this stone för Ailifo ... ..."
N KJ72,$U §A ek wiwaz after · woduri¶de witad^ah^alaiban : worahto : (r)... §PB --z woduride : staina · ¶ þ(r)ijoz dohtriz d^alidun ¶ arbija| |a(r)jostez arbijano §QB ...z woduride : staina · ¶ þrijoz dohtriz d^alidun ¶ arbija sijostez arbijano,"$U §A I, Wiwaz, made the runes after Woduridaz, my lord. §QA For me, Woduridaz, three daughters, the most distinguished of the heirs, prepared the stone. §QB <...z> (= Wiwaz)(?) (erected) the stone for Woduridaz. Three daughters shared the inheritance, the closest family heirs."
N KJ74 U,iuþingaz ¶ (e)k wakraz : unnam ¶ wraita,"Iuþingaz (rests here). I, Wakraz, understand how to write."
N KJ75 U,hadu(l)aikaz ¶ ek hagustadaz ¶ h^(l)aaiwido magu minino,"Handulaikaz (lies here). I, Hagustaldaz, buried my son."
N KJ76 U,birgñgu (b)(o)r(o) swestar minu ¶ liubu mez wage,"Funeral. Boro, my sister, dear to me, Wagaz."
N KJ77 U,asugas(d)i(z) -lai-- : aih-- so--(a)- -i -oru(m)(a)--ib-,Ansugastiz the bowlegged. I have a right to compensation from Wormalaibaz.
N KJ78 U,hnab^(u)das hlaiwa,Hnabudaz' grave.
N KJ79 U,...an ¶ waruz,...'s stone circle.
N KJ81 U,igijon halaz,Ingijo's rock.
N KJ82,†$U [wajaradas],†$U Wajaradaz' (monument).
N KJ83 U,keþan,Keþa's (monument).
N KJ84 U,...-iz haiwidaz þar,... buried here.
N KJ88 U,laiþigaz,Laiþigaz
N KJ89 U,mairlñu,Marilingu
N KJ90 U,widugastiz,Widugastiz
N KJ91 U,ladawarijaz,Landawarijaz
N KJ92 U,harazaz,Hrazaz
N KJ93,†U [þaliz],†U Þaliz
N KJ94 U,tAitz,Taitz
N KJ101,$U §A (m)in wArb nAseu wilR mAde þAim kAibA i bormoþA huni huwAR ob kam hAr(i)(e) a hi(t) lat gotnA fiskR oR (f)(i)(r)(n)Auim su(w)(i)made fok(i) af -a----gA land(e) §B A-- is (u)(r)(k)(i) §C ni s solu sot ukni sAkse stAin skorin ni ---- maR nAkdan is n(A) wrinR ni wiltiR manR l(a)gi-,"$U §A The corpse-wave threw itself over my beloved ones, the tholes broke for them in the drill-tired mast-top. Who brought the host over to the other country? The man-fish from the current at Firney swam in the spray from the land with the shining fields, §B he who wrought riches and happiness! §C Not in the sun, and not with sword, may one come to the chiselled stone; not may the man who cries over a naked corpse, (nor) not mentally disturbed men, come to (this) site."
N T1,=N_A111,=N_A111
N T2,=N_A114,=N_A114
N T3,=N_A110,=N_A110
N T4,=N_A109,=N_A109
N T5,=N_A108,=N_A108
N T6,=N_A112,=N_A112
N Viking2011;28 U,kelbaþewas : s^(t)ainaz : aaasrpkf ¶ aarpaa : inana na(b)oz ¶ ek naudigastiz ¶ ek erafaz,"KelbaþewaR's (memorial) stone – <aaasrpk|aarpaa> – within the (wheel) hub/(log cabin) corner/???. I Naudigastiz, I Erfaz."
FR 1,...-----i- uikuf(i) uni ruo,... may grant peace to Vígulf.
FR 2,$M þo^rkæl ÷ o^no^nda^r su^n ¶ a^ustma^þr af ruha¶la^nde × bygþe (÷) þe(n)¶a : sa^þ ÷ fyst ×,"$M Þorkell Ônundr's son, man of the east from Rogaland, lived in this place first."
FR 3,$M §P mklobi u §Q ---o--...u,$M §P ... ... §Q ...
FR 4 $,fuþorkhniastb(m)...,<fuþorkhniastbmlR>
FR 5,$M ... (i)(s)l(i) ¶ ...(g)isl(a) ¶ ...m(e)r,$M ... Íisli(?) ...-gísl/Gísl-... ...
FR 6,$M (g)(e)fas a mik,$M Kefas(?)/Cephas(?) owns me.
FR 7 M,÷ olaf(r),Ólafr
FR 8,$M §A + -(i)ksharþr §B þuiufu- §C þi(n)-...(u)-,$M §A Vígsharðr(?) §B ... §C ...
FR 9 M §A,l(i)ni §B (-)arkr §C (t)a(i) §D fu,... §B ... §C ... §D <fuþork>(?)
FR NOR1995;7,=FR_8,=FR_8
GR 1 M,÷ el^likr · sikuaþs : so^n:r · ok · baan^ne : torta^r son : ¶ ÷ ok enriþi · os son : laukardak·in : fyrir · gakndag ¶ hloþu · ua^rda te · ok rydu : ??????,"Erlingr Sighvatrs son and Bjarni Þorðr's son and Eindriði Oddr's son, constructed these cairns the Saturday before Rogation Day, and ..."
GR 2 M,laiþi ink^ibiarkar,Ingibjôrgs grave.
GR 3,$M ... ...r øssur : asbiæ?na^r s^on(·),$M ... rests/in memory(?) of Ôssurr Ásbjôrn's son.
GR 4 M,uigdis : m^ : ^(d) : h¶uilir : her : gl¶eðe : guþ : sal : he¶nar:,Vígdís ... daughter rests here. May God gladden her soul.
GR 5,$M §P ... ---(i)r : si(g)u(o)^r (:) ¶ ...--- ¶ ----r- : §Q ... ...(þ)(u)r : sin : ua^r ÷ ¶ ... -- so--r ÷,$M §P ... ... Sigvôr ... ... §Q ... her/his father/brother <uar> ... ... ...
GR 6 M,maria,Mary
GR 7 M,maia,Mary
GR 8 M,kYþ almat(i)kr kæ kYþliba^r ¶ uæl,"Almighty God, protect Guðleifr well."
GR 9 M,þurlibr ÷ kor¶þi krYs t^ana ¶ til| |lu^fs o^k (t)^yr^ku^n(a)(r) ¶ kYþi o^lmokku¶m,Þorleifr made this cross to praise and worship almighty God.
GR 10 M,maia,Mary
GR 11 M §P,ma^ria : mika(l) ¶ a mik br(i)kil ¶ torir §Q ma^ria : mika(i) ¶ a mik brakil ¶ torir,"Mary, Mikjáll owns me, Brigit(?). Þórir. §Q Mary, Mikjáll! Brakil/Brigit owns me. Þórir."
GR 12,$M §PA (P)maa^(l) §PB ikla tet^rakram^a esus so(a)i(a) o^nlote Pater ksra(t)o^n §PC filii ¶ (i)(o)¶ia(i) §QA (P)m a a^l §QC filii(s) (o) §QB ikla tet^rakrama esus soaiao^nlote P(æ)(i)erksraio^n §RA ?ma a^u §RB ikla tet^rakram^a esus so aia o^n lo te Pater ks r a(t)o^n §RC filii i(a)^(t),"$M §PA ... §PB Agla ('agla' = Thou art strong in eternity, Lord), Tetragrammaton, Jesus, soter(?) ... Father, arethon(?) §PC son/of the son ... §QA Beginning Alpha(?) and(?) §QC end(?) Omega. §QB Agla, Tetragrammaton. Jesus ... pantocrathon. §RA Mary, Hail. §RB Agla, Tetragrammaton, Jesus, soter, Lord, on lo God, Father, Christ, King, Lord. §RC of the son ..."
GR 13 M,ma^ria : ilYihi-- ¶ iY i(Y)a^nis fa^þi(i)(r) ¶ (-)isu tius (·) mius ilYi ¶ Yk sunr Yk anti,"Mary, Eloihim, John, John, father, Jesus, my God, Eloi, and the son and the spirit."
GR 14,$M (·) isus · kristr (·) (h)ialbi ¶ -ristus (n)atus ist nubis,$M May Jesus Christ help. Christ was born for us.
GR 15,$M + þæsi : kona : uar : lagþ ÷ firi : borþ : i : grøna¶laz : haf(e) : ær : guþu(e)h : het,"$M This woman, who was called Guðveig, was laid overboard in the Greenland sea."
GR 16,$M ...(l)·dur : a : mik ÷ (t),$M <...ldur> owns me ...
GR 17,$M §P r·o·k·n÷... §Q ÷ (a)·k·o·r...,$M §P Rôgnvaldr §Q ...
GR 18,$M §P ...ge-... §Q ...ue -...,$M §P ... §Q Hail ...
GR 19 M,...-þ-...,...
GR 20,$M ...(i)l : d...,$M ... ...
GR 21 M,g^r^i (u),Grímr(?) ...
GR 22,$M §P g^(l)n^r? §Q g^lþ^rt^u,$M §P ... §Q ...
GR 23 M,a^ue,Hail
GR 24 M §A,-g^(n) §B + ^k^u,... §B ...
GR 25,$M §P bi^a^r^n^i §Q b?,$M §P Bjarni §Q ...
GR 26,$M §P + ^(a)^r §Q ?,$M §P ... §Q ...
GR 27 M,... (k)u...,... ...
GR 28 M,ku,...
GR 29,$M §P ?? §Q io^{P},$M §P ... §Q ...
GR 30,$M §P ? ¶ (o)(a)(d) §Q + ^(r)? ¶ (a)(l),$M §P ... ... §Q ... ...
GR 31,$M §P (a)^lau §Q (o)^lau,$M §P ... §Q Ólafr(?).
GR 32 M,???????,...
GR 33 M,...ri(a),Mary
GR 34,$M aue mari(a) : grasia blna,"$M Hail Mary, full of grace."
GR 35,$M §P hæl(k)i ? §Q hæl(k)i (y)(-),$M §P Helgi ... §Q Holy(?) ...
GR 36 M §A,fuþork(h)---l????? §B fi,<fuþorkhniastbmly> §B ...
GR 37,$M §AP +· i:g·ura(a) mari÷a §AQ +· i?g·ur-- mar÷ia §B (a)^(n),$M §AP ... Mary §AQ ... Mary §B ...
GR 38,$M §P talkr<k>u(d)(i)o^ræ §Q talkr <k>ut (k) o^ ^ræ §R (t)a(l)kr<k>u(t)(i)o^r-,$M §P ... §Q Dálkr made the keg and carved (the runes). §R ...
GR 39,$M §P (t)brþrfk §Q -(a)^(n)rþrk(i)k §R t(y)(r)þrik,$M §P ... §Q ... §R Þjóðríkr
GR 40 M,bunt,pound/...
GR 41,$M §P (a)^(l)(l)a^ruk^r §Q (a)^lla^rur,$M §P ... §Q ...
GR 42 M,liþuadr,Liðvarðr/Liðvandr
GR 43,$M §PA ÷ ilon ÷ (æ)(l)rikum : nonim ÷ ilon ¶ illy : þ : ilon : r : br · sabaot : zion §PB ilion : giun : a^þ:o(n)ay : luc : (i)a(i)r :¶ gr(a)maton : saba:ag : mizial : gabrel §PC rafa(e)l §QA ÷ elon ÷ (a)^Priqum : nonem ÷ elon ¶ il(i)y : þ : (e)lon : r : a^br sabaot : sion §QB (e)lion : giu(n) : a^þ:onay : luc : -a(t)ra¶(g)r(a)maton : saða:ag : misia(l) : gabr(e)e^l §QC rafa(e)l,$M §PA Elon ... ... Elon ... ... Elon ... ... Sebaoth Zion §PB Elion ... Adonai lux(?) ... grammaton Sebaoth(?) Michael Gabriel §PC Rafael. §QA Elon ... ... Elon ... ... Elon ... ... Sabaoth Zion(?) §QB Elion ... Adonai lux tetragrammaton Sadai(?) Michael Gabriel §QC Rafael.
GR 44,$M §P (t)u(t)^(l)(t)u §Q (i)u-(i)u,$M §P ... §Q ...
GR 45,$M §P k(o)(t)ahe(t)l(e)rkan-t- §Q k-(t)ahe(d)(s)(i)rk(a)-(s)t-,$M §P ... §Q ...
GR 46 M,þat : uin:(i)uin:iuinuin ÷ (þ)(a)(t)(i)...,That ... ...
GR 47,$M §P it §Q ki §R ?,$M §P ... §Q ... §R ...
GR 48 M,na,...
GR 49,$M §AP -nu- §AQ · (i)(n)u · §B --,$M §AP ... §AQ ... §B ...
GR 50 M,ar...---rirkisa,...
GR 51,$M (m)aria m(e)mor (e)- tu u(e)bit ti suo auo ¶ i ko^n miki sm oi(a)ii,"$M Mary. You are mindful of the word of your servant, in which you gave me hope(?)."
GR 52,$M uok^nim,$M ...
GR 53 M,...rfulsar (·) (s)-(u)--...,... ...
GR 54 M,kæmt,...
GR 55 M,mra- ¶ klia^r,Mary(?) Loom-weight.
GR 56,$M ÷ fledin : t^udo : une deus · meus : omnis : {P}atris · e^þ selo · (e)^þ in teram · num(i)m^numnat^ur,$M ... ... He is called my one God of all lands in heaven and on earth(?).
GR 57,$M §P ---- §Q aki a,$M §P ... §Q Áki owns.
GR 58 M,to,...
GR 59 M,----,...
GR 60 M §A,------------ §B hæltri,... §B ...
GR 61 M,liot^r a mk,Ljótr owns me.
GR 62 M §A,(?)tr(a)tiseli(d)es- §B s:(i),... §B ...
GR 63 M,+ þurfinna +,Þórfinna.
GR 64,†M §A [sboa¶n ¶ sbon] §B [r],†M §A Spoon spoon. §B ...
GR 65 M,...- : ask-(-)...,... ...
GR 66 M §PA,(e)aloorunittri÷þukirþi §PB roast §QA (e)aloorunittri ÷ þu kirþi¶r §QB oast,... §PB ... §QA ... You(?) did(?) §QB fear(?).
GR 67 M,+^ ^g^unnar a^+,Gunnarr owns.
GR 68 M,magne,Magni
GR 69 M,k^ua^ra(d)i,...
GR 70 M,... ...rþe sikri...,... made(?) Sigríðr(?)/to Sigríðr(?).
GR 71 M,bæn,bone(?)
GR 72 M,g·i,...
GR 73 M,ki,...
GR 74 M,?(?)+/t^ki+,...
GR 75 M,maria ¶ saitl,Mary ...
GR 76 §A,+ o : sa ÷ sa ÷ sa ÷ is ÷ osa ÷ sat + bibrau ÷ haitir ÷ mar ÷ su ÷ is ÷ sitr ÷ o ÷ blan-- §B ---- ¶ fuþorkhniastbml(R) ¶ - §C ...aaal??? · ?????? · ??? · ?? · ??????aaaaa??? · ??? · ??? · ??? · ??? · ????(?)... §D ----,"On the sea, the sea, the sea, is the ambush of the Æsir/where Ása sat. <bibrau> is the name of the maid who is sitting on The Blue One/Ones (= the blue vault(s) of heaven)(?). §B ... <fuþorkhniastbmlR> ... §C ... ... ... ... ... ... ... ... ... ... §D ..."
GR 77 M §A,----so-t--(-) §B kar--(l)(u)--,... §B ...
GR 78 M §A,snimt is at ulask §B aulsllutkusi,It is too early to ... §B ...
GR 79 M,(·) iariara,...
GR 80 M §A,iø/øi §B {E},... §B ...
GR 81 M,??+,...
GR 82 M §A,k(i)lt-- §B ba^(l)(k)(l)(a),... §B ...
GR 83 M §A,---k(o)- (:) -- (:) --- (:) g- (:) ---k(o)i (:) (a)^þ(i)Pþa : sank:u(b) : §B glr : o^ra : sank ÷ siesi(t),"... ... ... ... ... ... holy(?) §B ... pray/mouths, holy(?) ..."
GR 84 M,+ t^o^r,Þórr(?)
GR 85 M,+^ ^b^ardr -,Bárðr [owns].
GR 86 M,sbors(t)ol,tail-chair(?)
GR 87 M,...- : -a : (d)ur,... ... ...
GR 88,$M ÷^ ^ko(-),$M ...
GR 89 M,... o(r)(a) P(r)¶o no(b)-- (u)-- ¶ ... (s)(o)g(t)(t)-(l)gran ¶ ... rfae^l,... pray for us ... ... ... ... Rafael.
GR 90 M,i(u)(a)r(þ) ÷ h-- ¶ (s)----...,Ívarr(?)/Ívarðr(?) ... ...
GR 91 M,fin,Finnr(?)
GR 92 M,g^u(e)(+),...
GR NOR1997;10A M,iii(k)þin · m(b)(o)?iii??,... ...
GR NOR1997;10B M,bia^urk,Bjôrg
GR NOR1998;10 M §A,: hier hafa høliba^uruar har¶t tial^ltaþan^nstaþan^nrartatan^n §B hy¶¶(g)i ag laþ gotalyþum la(g)hara^þ ¶ an^nstaþan^nuaruriþum ræfuil,Here(?) the praising trees (= warriors)(?) have(?) ... §B ... I have(?) the people of the landhorses (= sea warriors) ... Ræfils(?)
GR NOR1998;11 M §A,(t)tiiiiuiuiit(þ)iiiþiiui(i) §B (s)mirin,... §B ...
GR NOR1999;7 M §A,fuþork §B -stbmly,<fuþork> §B <hnias><tblmy>
GR NOR1999;8 M,to^r(d)(u),...
GR NOR2001;8 M,bo(k)bra,...
GR NOR2001;9A M,nau^ar : ha^l(d)os :,Halldórr's auger.
GR NOR2001;9B M,kylbæ,club/mallet
GR NOR2001;9C,=GR_88,=GR_88
IS IR;73,$M hier ÷ huiler ÷ (b)(r)eti-- (÷) orms ¶ dotter ÷ lese (÷) þu (÷) paternoste¶r ÷ fyrer ÷ sal ÷ hennar,$M Here rests Brettifa Ormr's daughter. Read Our Father for her soul.
IS IR;75,$M her huil(e)r ma...,$M Here rests Margrét(?)/Magnús(?).
IS IR;76 M,her ÷ huilir (:) marg(r)...,Here rests Margrét.
IS IR;78 M,her ÷ h(u)...-(r) ÷ ingibrig ÷¶ ...of÷s ÷ dote(r),Here rests Ingibjôrg Loptr's daughter.
IS IR;101,†M [her h... ... ¶ ok : inghir ...],†M Here rest ... and Ingiríðr ...
IS IR;102A,†M [her ÷ huiler ÷ d... ...¶er ÷ hennar sa...],†M Here rests ... for her soul.
IS IR;102B M,her ÷ huiler ÷ iuar : ualgards ÷ son : suein ÷ o(k) ¶ annar ÷ air ÷ sem ÷ gud ÷ þeira ÷ sal ÷ hafi '÷,"Here rests Ívarr Valgarðr's son, a lad, and also Ari(?); may God have their souls."
IS IR;107 M,her ÷ huiler ÷ gils ÷ ions ÷ son ÷ gils ÷ sonar,"Here rests Gísl, son of Jón Gísl's son."
IS IR;109,$M + her ÷ huiler ÷ pall ÷ haldors ÷ son ¶ sem ÷ gud ÷ hans ÷ sal · hafe,"$M Here rests Páll Halldórr's son, may God have his soul."
IS IR;110,†M [(þ)orsteinn : þo],†M Þorsteinn <þo>
IS IR;111,†M [her : huiler : semundr :¶ gamla : son :,†M Here rests Sæmundr Gamli's son.
IS IR;114,†M [her ÷ huiler ÷ þordr : ualga¶rds ÷ son ÷ gud : hans ÷ sal ÷ hafe ÷],†M Here rests Þórðr Valgarðr's son; may God have his soul.
IS IR;116,†M §P [her ÷ huiler kudmuntr ions| |son kud ha¶... ...lu haf...] §Q [hier huiler kudmuntur ions| |son gudmunds| |sonar · hai],"†M §P Here rests Guðmundr Jón's son; may God have his soul. §Q Here rests Guðmundr, son of Jón Guðmundr's son ..."
IS IR;118,†M [gautr sigmu... ...],†M Gautr Sigmundr's son.
IS IR;119,†M [her (÷) huiler ÷ ion ÷ o÷la... ...],†M Here rests Jón Ólafr's son.
IS IR;120 M,her ÷ huiler ÷ hallbiorg ÷ -...,Here rests Hallbjôrg ...
IS IR;121 M,hier ÷ huiter ÷ hatur (÷) (h)ra^na s^o^n,Here rests Hallr Hrani's son.
IS IR;126 M §A,...(r) hui...e(r) (u)nder þ(o)...(g)ils ... §B eiiolf(s) (s)...,Hereunder rests Þorgísl ... §B Eyjulfr's son.
IS IR;129,†M [her huiler unndir uatgerdur gunnars dollir og bidid firir mer],"†M Hereunder rests Valgerðr Gunnarr's daughter, and pray for me."
IS IR;131,†M [+ her huiler margreta geirm... ...],†M Here rests Margréta Geirmundr's daughter.
IS IR;132 M,+ hier ÷ liggur ÷ undir ÷ gamaliel ÷ þorleifs ÷ son +,Hereunder lies Gamalíel Þorleifr's son.
IS IR;138 M,her ligr hallr ara son,Here lies Hallr Ari's son.
IS IR;142 M,her ÷ ligur ÷ þo^rþr ÷ iuars? ÷ son,Here lies Þórðr Ívarr's son.
IS IR;146,†SENTIDA ¬,†SENTIDA ¬
IS IR;147 M,her ÷ huilir ÷ sira ÷ ma(r)(t)einn ÷ prestr,Here rests Sir Marteinn the priest.
IS IR;149,M? §A ... ...(l)ir hlad^kerdr þorlaks dot §B ... ...ir (·) ioceip · maknus · son (·) bid · fyrir,"M? §A Here rests Hlaðgerðr Þorlakr's daughter. §B Here rests Jósep Magnús' son, pray for (him)."
IS IR;155 M §A,... ... ÷ udir ÷ hialti ÷ gudm(u)... ... §B ... ... sigmundr ÷ prest^r ÷ gudmu(n)... ...,"Hereunder rests Hjalti Guðmundr's son. §B Here rests Sigmundr the priest, Guðmundr's son."
IS IR;157,†M [... helga ...],†M ... Helga / Helgi's ...
IS IR;166 M,... (u)(i)(g)dis ÷ arna ÷ dott(e)(r) ÷ gud ÷ fride ÷ hennar ÷ sal ¶ ÷ er ÷ hennar ÷ artid ÷ tueim ... (n)(o)ttum ÷ fi(r)(i)(r) (÷) (m)(a)(r)... ...,... Vígdís Árni's daughter. May God repose her soul. Her anniversary-of-death is two nights before Mary's ...
IS IR;174 M,her [÷] huiter [÷] hall[dora ÷ þo](g)ils : d,Here rests Halldóra Þorgísl's daughter.
IS IR;176 M §A,her ÷ huitir ÷ sigrid ÷ hrafns ÷ doller ÷ kuinna ÷ biarnar ÷ bondda §B semundz ÷ sonar ÷ gud ÷ fride ÷ hennar ÷ sat ÷ lit ÷ godrar ÷ uonnnar ÷ §C huer ÷ er telrid ÷ tes ÷ bid ÷ firir ÷ btidre ÷ sal ÷ syagge ÷ sigand ÷ ues,"Here rests Sigríðr Hrafn's daughter, wife of Bjôrn the husbandman, §B Sæmundr's son. May God repose her soul to good redemption. §C Whosoever reads this lettering, pray for this gentle soul. Sing the blessed verse."
IS IR;181 M,... rikia kYnYng ÷ her grapin ÷ er ua {D}^reka þænna,... powerful king here buried /engraved who slaughtered this dragon.
IS IR;200 M,... [h](u)iler ' biorn,Here rests Bjôrn.
IS IR;205 M,...(k) hnias tbmly,fuþork hnias tbmly
IS IR;207A M,þo^ra ÷ a mig,Þóra owns me.
IS IR;207B M,: maria fuþorkhniastbmly,Mary. fuþorkhniastbmly
IS IR;208,$M boat tiat mik ' inkialt^r ' kærþi,"$M Páll had me, Ingjaldr made."
IS NOR1986;6 M §A,...krhknhinai(s)... §B ...-rssþnlþerlrnr-...,<krhknhinais> §B ...
IS NOR1994;20 $ §A,...ab : fer : kui : -... §B ...iiluek--... §C ...---at(e) : ast :,... ... ... ... §B ... §C ... love(?).
IS RunaIslandi16 M,+ her ÷ huiler ÷ ion : gils ÷ son fins ÷ sonar · les : eina : p-ter · noster · firir · hans · sal ·,"Here rests Jón, son of Gísl Finnr's son. Read one paternoster for his soul."
IS RunaIslandi28 M §A,... grimr grimr ... §B ...--a----n--r : -m-... ¶ reanus,... Grímr Grímr ... §B ... ... ...
IS RunaIslandi48 M,...ynk ÷ pa...,... ...
IS RunaIslandi52 M,ingiridr,Ingiríðr
IS RunaIslandi59 M,{S} : {TOR}leic{O}i · æei · fili,{Sigillum} Þorleikr ...'s son.
IS RunaIslandi64 M,iua^nha,Jóhanna(?)
IS RunaIslandi66 M,bly,lead
IS RunaIslandi68 M,{REPFA}stvr,...
IS RunaIslandi71 M,m^a^r,Mary
FI NOR1998;14,...si : raþi : ma... ...- · þorfas... ...,... interpret man(?) ... Þorfastr ...
FI SAO1987;38 §A,botui §B (h)eui a mik,Bótvé §B Hegvé owns me.
Sh 1,... (k)(r)(i)(m)(r) + ...,... Grímr(?) ...
Sh 2,...-- + --...,... ...
Sh 3 §A,...þi---- (+) -ftir + foþur (:) sin (:) þurbio-... §B f,... in memory of his father Þorbjôrn. §B ...
Sh 4,...r : ra(i)s(t)(i) : s... ...,... raised the stone ...
Sh 5,...-- : -(k)ku--...,... ...
Sh 6 M,+ þenna staen --...(n)-(n)(i)o-...,This stone ...
Sh 7 M,...-uko^ktu,...
Or 1,k(o)(þ) <f>a <h>(n) r,... ... ... ...
Or 3,--ka---r (r)es- run--,... carved the runes.
Or 4,<n>r<o><(i)(n)>,...
Or 5 †,[<o>],...
Or 6,????????? ????? filibus ra^nru,... ... Philippus runes(?).
Or 7,<im> -,... ...
Or 8,× ------ × (r)(a)-(s)-- ...,... raised(?) ...
Or 9,...----- ----- --...,... ... ...
Or 10 M,ik ir girgia koþ (l)(i)uf (:) s-... ...,No(?) church is pleasing(?) to(?) God(?) as(?) ...
Or 11,fuþork-,<fuþorkh>
Or 12,---,...
Or 13 §A,<iba> §B r-r,... §B ...
Or 14 M,þorst--n (æ)inar(s) (s)unr : ræist : ru-ar þ(i)sar,Þorsteinn Einarr's son carved these runes.
Or 15,...-ta : bain : uas · (i)-(u)--...,This bone was ...
Or 16,...,...
Or 17,...n × in : osk(a)-- : r... ...,... and Ás-... carved(?) ...
Or 18 §A,þurfinr : r---- ----- : --n- : --... ... §B ...,Þorfinnr raised(?) the stone(?) in memory of(?) ... §B ...
Or 19,...----ssr...,...
Or 20,...þ--br-(u)...,...
Or 21 §A,... §B ...,... §B ...
Or 22 M §A,...-rasab-... §B ...y-iþik-...,... §B ...
Or 23 M,... -(s) in silis| |santifi(t)s(i)tor ÷,... art in heaven hallowed
Or Barnes1 M,þat ir uikin^kr ... -a^ ^kom utir hir til,That is a viking/Víkingr ... then came here underneath.
Or Barnes2 M,?o^lfr ko^lbæins so^nr ræest^ ^ru^nar þesa^r haut,Eyjulfr Kolbeinn's son carved these runes high.
Or Barnes3 M,þorer fomir,Þórir Fómir(?).
Or Barnes4 M,þat · man · sat · er (·) ek · sæhe · at fe · uar · ført · a brot · þrim · notom · uar fe · brôt · ført · hæltr · æn þæir br(e) hôh þ(e)na,"That which I say will be true, that wealth was brought away. Wealth was brought away three nights before they broke this mound."
Or Barnes5 M,uemuntr ræist,Vémundr carved.
Or Barnes6 M,fuþork hnias tbynu,fuþork hnias tbynu
Or Barnes7 M,otar fila ræist runar þisar,Óttarr <fila> carved these runes.
Or Barnes8 M §A,...h(a) -r m-r (s)--t (a)t f- -r --r f-l--t -r-(t) u(i)l sæhia f--r som (o)tr §B orka sonr sahþi a runom þæim ir han rist-,... is said to me that wealth is concealed well enough here. Few say as Oddr §B Orki's(?) son said in those runes which he carved.
Or Barnes9 M §A,ingibiorh · hin fahra · æhkia §B môrhk · kona · hæfer · faret · lu(t) in her mihgil oflate §C ærlikr,"Ingibjôrg, the fair widow. §B Many a wife has travelled stooping in here. A great show-off. §C Erlingr"
Or Barnes10 M §A,þorny sarþ §B hælhe ræist,Þorny fucked. §B Helgi carved.
Or Barnes11 M,a-isris,<a-isris> (... carved?)
Or Barnes12 M,-h--(n)tr ... ...--(k),Ôgmundr carved ...
Or Barnes13 M,r-(s)- (o)rm- -(n) y-(i),Ormr the <yri> carved.
Or Barnes14 M,iorsalamin burtu hauk þ(æ)--,Jerusalem men (crusaders) broke this mound.
Or Barnes15 M,-r--- ræist runar þesar,... carved these runes.
Or Barnes16 M §A,(t) arnfiþr ræist runar þesar so^nr stæins §B þ(u)-st --t,"Arnfinnr, Steinn's son, carved these runes."
Or Barnes17 M §A,[o^framr sih]urþa^r sonr §B ræist r[u]n[ar] þæs(a)^r,"Óframr, Sigurðr's son, §B carved these runes."
Or Barnes18 M,arnfiþr matr ræist^ ^runar þæsar,Arnfinnr Food carved these runes.
Or Barnes19 M §A,hærmuntr harþeksi ræis §B ru^n¶¶Bar,Hermundr Hard-<eksi> carved §B runes.
Or Barnes20 M §A,<þisar runar> §B rist sa maþr · er · runstr er · fyrir §C uæstan haf §D mæþ · þæiri øhse · er ate · kôukr · trænils| |sonr fyrir · sunan lant,That man who is most rune-skilled west of the sea carved these runes §D with that axe which Gaukr Trandill's son owned in the south of the country (= Iceland).
Or Barnes21 M,igikærþ ir kynæna in u^ænsta,Ingigerðr is the most beautiful woman(?)
Or Barnes22 M,binitit k(i)rþi kros þæ(n)a,Benedikt made this cross.
Or Barnes23 M §A,sia · hôuhr · uar · fyr · laþin : hælt^r · loþbroka^r · syner · hænar §B þæir uôro · huater · slit uôro · mæn · sæm þæir uôro fyre ser,"This mound was constructed before Loðbrók's. Her sons, §B they were daring; such were men as they were of themselves (= they were the sort of people you would really call men)."
Or Barnes24 M §A,iorsalafarar brutu orkôuh · lif mtsæilia ia^rls §B ræist,"Jerusalem-travellers broke Orkhaugr. Hlíf, the earl's houskeeper, §B carved."
Or Barnes25 M,utnorþr : er fe · folhit · mikit,In the north-west is great wealth concealed.
Or Barnes26 M,· þat ua^r lôko er her uar fe folhket miket,It was long ago that great wealth was concealed here.
Or Barnes27 M,sæl er sa er fina ma þan ôuþ hin mikla,Fortunate is he who can find the great riches.
Or Barnes28 M,· ôkôn æin ba^r fe yr ôuhi þisum,Hákon alone carried wealth out of this mound.
Or Barnes29 M,simon,Símon
Or Barnes30 M,sih(r)(-),Sigríðr
Or Barnes31 M,...(?),...
Or Barnes32 M,sihriþ,Sigríðr
Or Barnes33 M,...(?),...
Sc 1 †,[...mkitil : þa...],Grimketill(?) ...
Sc 2,malbriþa a stilk ÷ ...,Melbrigða owns the pin ... / Melbrigða stilkr owns [this] ...
Sc 3 M,(+) (n)[ik]ul(o)(s) (:) [a] (h)(æ)[n]e [:] ræist (:),Nikulás of Hæn carved.
Sc 4 M,su(æ)in,Sveinn
Sc 5 M,ono(n)tr : r(a)-st : ru,Ônundr carved the runes.
Sc 6 M,amudar,Ámundr
Sc 7 M,uiglæikr s-alla^re ræi-s(t),Vígleikr [the king's] marshal carved.
Sc 8,...-ir : þur(:)kirþu : s(t)i-(a)r ¶ ...-r (:) is (:) kurs : s-- (:) ristr ¶ ...- (:) --,"In memory of Þorgerðr, Steinarr's daughter(?), this cross is raised. ... ..."
Sc 9 M,ioan,Jóan
Sc 10 §A,... (k)rus : þine : til : kuþ-e--... §B ...(i) : k(r)u(s) : ...,... this cross for(?) ... §B ... cross ...
Sc 11,... ...-þi ÷ ubirlak þita ÷ aft : ikulb ÷ foþur (s)in,"... made this overlay in memory of Ingulfr, his/her father."
Sc 12 M,ola(b)r,Ólafr
Sc 13 M,(m),...
Sc 14,× kali × ouluis × sunr × laþi × stan × þinsi × ubir × fukl × bruþur ...,"Kali, Ôlvir's son, laid this stone over Fugl, (his) brother."
Sc 15,... ...unil-i (:) kunu : s(i)(n)... ...,... Gunnhildr his wife ...
E 1 M,+ rikarþ : he : m^e : i{w}r(o)kt^e : {7} : to : þis : me:r{Ð} : {3}er : -- : m^e : brokt^e,Ricarþ he made me. And to this splendour ... brought me.
E 2 $,: k-na : let : legia : st¶in : þensi : auk : tuki :,Ginna(?)/Gína(?) had this stone laid and (i.e. with) Tóki.
E 3 M §A,tolf(i)n urait þ-sar| |runr a þ-sa stain §B ai-,Dólgfinnr carved these runes on this stone. §B ...
E 4,kamb : koþan : kiari : þorfastr,A good comb Þorfastr made.
E 6 M,hnirm,...
E 7 †,[...-(k)(i) : -...],... ...
E 8,...--... ¶ ...---ebel : ok : ...,... ... and ...
E 9 M,... kml : leta : þena : kirk : -ub-rt : masun : --- : ----... +,... Gamall(?) ... this church. Hubert the mason/Már's son produced(?) ...
E 10 †,[...an--...]/[...naþ-...],...
E 11,†M [dotbrt],†M Dotbert
E 12,...(R) : auk : ol:-... ... ¶ ...-usk--...,... and Ól-... ... ...
E 13 $ §A,...-þ:þu:uur:uur ¶ risti §B runaR : tr...,Þórr(?)/-Þórðr(?) carved §B runes ...
E 14 $,wufri(k),Wulfric/Ulfríkr
E 15 §A,fuþorkhniastbmm §B fu,<fuþorkhniastbmlR> §B ...
E 16,------l × hitir × stin × ...,... is called stone/Stein ... / ... heats the stone ...
E 17 M,r--n(a)lt,Ragnvaldr
E 18,× oþen · ok · einmtalr · ok : þalfa ' þeir ¶ (') ielba ' þer uolflt ' ok ' kiriuesf ',"Óðinn and Heimdallr and Þjálfa, they help you, Úlfljót, and ..."
E 19,... ...isti : krus : -... ¶ ...ir : mol:mu... ...,... raised (this?) cross in memory of Maelmuire ...
E DR419 $,kuril sarþuara far þu nu funtin istu þur uigi þik þorsa trutin iuril sarþuara uiþr aþra uari ·,"Gyril wound-causer, go now, you are found. Thor hallow you (to perdition), lord of giants (demons), Gyril wound-causer. Against blood-poison (literally: blood-vessel pus)."
IM AndreasVIII,†$ [--uban : sun : m-r--ns : -a-:s-- : -rus : þ---a : -ftir : -ufu : ku--u : sin- : -u:--r : uf-- (:)],"†$ ... son of ... raised this cross in memory of ..., his wife, ...'s daughter."
IM MM99 $,... (þ)[an](a) : [aft] (u)(f)(a)ik : fauþur : sin : in : kautr : kar[þ]i : sunr : biarnar f(r)(a) : (k)(u)(l)(i) [:],"... this [cross] in memory of Ófeigr, his father, but Gautr made (it), the son of Bjôrn from Kollr."
IM MM101 $,× mail:brikti : sunr : aþakans : smiþ : raisti : krus : þano : fur :¶ salu : sina : sin:bruku in : kaut ×¶ kirþi : þano : auk ¶ ala : i maun ×,"Melbrigði, the son of Aðakán the Smith, raised this cross for his sin ... soul, but Gautr made this and all in Man."
IM MM102 $,... [kru](s) : þna : af[tir : ...],... this cross in memory of ...
IM MM106 $,oulaibr ÷ liu(t)ulbs| |sunr : r[ai](s)[ti k]rs · þ-na : ai(f)(t)ir · ...-b : sun [s]in,"Áleifr/Óleifr, Ljótulfrs son raised this cross in memory of Ulfr, his son."
IM MM107 $,... in o(s)(r)(u)(þ)(r) : raist : runar : þsar × ¶ ----- -,... and Ásrøðr carved these runes. ... ...
IM MM110 $,...--þur ...,... ...
IM MM111 $,...,...
IM MM112 $,(þ)(u)(r)... : raisti : krus : þono : ift : ufaak : sun : krinais,"Þorsteinn raised this cross in memory of Ófeigr, the son of Krínán."
IM MM113 $,[... ...ai]s[t]i : [k]rus : þaina : aftiR ...,... raised this cross in memory of ...
IM MM118 $,[t]ruian : sur [t]u(f)kals : raisti krs þina : a(f)[t] aþmiu... : kunu si[n...],"Druian, Dufgal's son raised this cross in memory of Aþmiu[l], his wife."
IM MM121 $,ka-,...
IM MM123 $,... : [ai](f)(t)(i)(r) · (m)(u)... · (u)...,... in memory of <mu-> ...
IM MM126 $,[k](r)i(m) : risti : krus : þna : ift : rum(u)... ...,Grímr raised this cross in memory of Hróðmundr ... his ...
IM MM127 $,[... ... ...un · si]n : in : onon : raiti ¶ --- · aftir þurb-...,... ... his son and raised(?) another ... in memory of Þorb-...
IM MM128 $,þurualtr ÷ (r)[aisti] (k)(r)(u)(s) ÷ (þ)[...],Þorvaldr raised (this) cross.
IM MM129 $,... (k)rims : ins : suarta ×,... (of) Grímr/-grímr the Black.
IM MM130 $,mal:lymkun : raisti : krus : þena : efter : mal:mury : fustra : si(n)e : tot(o)r : tufkals : kona : is : aþisl : ati + ¶ ...etra : es : laifa : fustra : kuþan : þan : son : ilan +,"<Mallymkun> raised this cross in memory of <Malmury>, his foster(-mother?), Dufgal's daughter, the wife whom Aðísl owned (= was married to). (It) is better to leave a good foster-son than a wretched son."
IM MM131 $,sont:ulf : hin : suarti : raisti : krus : þona : aftir : arin:biaurk · kuinu : sina (u) [·] k : au [·]: (o)ks/(b)ks,Sandulfr the Black erected this cross in memory of Arinbjôrg his wife. ...
IM MM132 $,+ iualfir : sunr : þurulfs : hins : rauþa : ris(t)i : krus : þono : aft : friþu : muþur : sino +,"<iualfir>, the son of Þórulfr the Red, raised this cross in memory of Fríða, his mother."
IM MM133 $,----,...
IM MM135 $,þurlibr : nhaki : risti : krus : þono : aft [:] fiak : s(u)[n] (s)in : (b)ruþur:sun : habrs × {IHSVS},"Þorleifr the Neck raised this cross in memory of Fiak, his son, Hafr's brothers son. {<ihsvs>}"
IM MM136 $,utr : risti : krus : þono : aft : fro(k)(a) [: f](a)(þ)[ur sin : in :] (þ)[urbiaurn : ...],"Oddr raised this cross in memory of Frakki, his father, but ... ..."
IM MM138 $,... ...(n) roskitil : uilti : i : triku : aiþsoara : siin,... but Hrosketill betrayed the faith of his sworn confederate.
IM MM139 $,þurbiaurn : risti : krus : þ(o)-...,Þorbjôrn raised this cross.
IM MM140 $,... ...(u)s : þense · efter · asriþi · kunu sina · (t)(u)(t)ur · ut... ...,"... this cross in memory of Ástríðr, his wife, Oddr's daughter ..."
IM MM141 $ §A,...(a) sunr × raisti × if(t) [k](u)[i](n)(u) (s)(i)(n)(a) × §B murkialu × m... §C × uk ik at × auk raþ ik r...t × §D a^læns §E kru... §F isu krist §G þuriþ × raist × rune... ×,...'s son raised (this) in memory of his wife §B Myrgjôl ... §C I examine (the runes) and I interpret (them) rightly.(?) §D in agreement(?) §E Cross §F Jesus Christ §G Þúríð carved the runes.
IM MM142 $ §A,heþin : seti : krus : þino : eftir : tutur : sino ¶ lif... ¶ lifilt §B arni : risti : runar : þisar §C sikuþr,Heðinn placed this cross in memory of his daughter Hlíf(hildr). Hlífhildr. §B Árni carved these runes. §C Sigurðr.
IM MM144,$M + krisþ : malaki : ok baþr(i)k : (a)þ(a)(n)man (×) ¶ ÷ [...nal] · sauþ · a... · iuan · brist · i kurnaþal ·,"$M Christ, Malachi, and Patrick. Adamnán ... Joán the priest in Kornadalr."
IM MM145,$M (i)(u)an + brist + raisti + þasir + runur +¶ [f]uþor(k)(h)niastbml +,$M Jóan the priest carved these runes. fuþorkhniastbml
IM MM159 †,[...],...
IM MM175 $,kuan sunr × mailb---ak... + kirþi + lik+tinn i(f)tir + ¶ + kuina sina +,"<kuan>, son of <mailb---ak...> made the tomb-stone(?) in memory of his wife."
IM MM176 $,...,...
IM MM193 $,...----...,...
IM MM200 $,...---r--nr · kirþi · l...,... made ...
IR 1,tomnal selshofoþ a soerþ| |þeta,Domnall seal's head owns this sword.
IR 2,(þ)(u)rgri- [÷] risli + ¶ (k)rus þina,Þorgrímr erected/carved this cross.
IR 3,-(i)r (·) r(i)(s)ti (·) st(i)- (·) --n- -m(u)-(u)--- (r)(i)(s)t(i) ...,... erected this stone. ... carved ...
IR 4 §P,kirlak- §Q kirlak -,Geirlak §Q Geirlak owns.
IR 5,on a a?su ??,Ónn owns Ása.
IR 6 §A,so[þ]r miþ [f]ris... §B ...u(m)-oþ · sis : is-m--...,A truthful man among the Frisians. §B ... ... ...
IR 7 §AP,[stil(t)(i)r-] §AQ [stil(i)(n)r-] §B [stili(n)r ka...],... §AQ Stillingr 'The quiet one'/Stílingr 'The chap with the stylus' §B Stillingr 'The quiet one/Stílingr 'The chap with the stylus'
IR 8,nubR nubþi-,Gnúpr drooped.
IR 9 §A,teli --... ¶ sua : sua... §B ...(i)--ir ehhe ¶ tal,... ... ... ... §B ... ... ...
IR 10 §AP,(s)(a)- riti sanat kaolu a^mn -... §AQ (s)(a)- rit is anat i saolu a^mn -... §AR (s)(a)- riti| |is a| |an ati saolu a^mn -... §B a(i)kua(i)tu,... by writing heals the crazy woman. Amen ... §AQ ... writing is something different in the soul. Amen ... §AR let ... write who owns and experienced happiness/luck. Amen ...
IR 11 §A,fuþork × hniastbmlR §B fuþorkhniastbmlR,fuþork inscription §B fuþork inscription
IR 12,hurn : hiartaR · la : a ys aR,The deer's antler lay at the river mouth.
IR 13,...,...
IR 14,fuþor u^n/n^u,fuþork Unnr
IR 15,r,...
IR 16,- sb---,... stick(?)/pin(?)
F NOR2001;10 M,ormr (:) kæit : a : høys þena,Ormr the goat(?) owns this walrus-cranium.
NL ABÄG1984;76 M §A,þuyh §B (s)uærri §C ?,... §B Sverrir(?) §C ...
NL Aarb1987;194 M,agerot(r)(a) : mosel- ¶ mahtelt ok pætær r--,... Mosel(?) Mekthildr(?) and Pétr ...
NL NOR1987;16,$M ænua^rs,$M Ernvarr's(?)/Ernvarðr's(?)
DE DR415,$M t·þ·i·m·n·h/<boalin> · a·l·a·s·n·o/<systir> · b·n·h/<min> · <raþ> <þa->,"$M Pálín, my sister, interpret this!"
DE EM85;370,kobr,comb
DE EM85;534 $,pa a · knif · koþa...,Pái owns a good knife.
DE StOl1 §A,þorki §B fuþo ¶ ...(s)a,Þorkell/Þorgeirr/Þorgísl §B <fuþork> ...
DE StOl2 §A,urn §B urn ¶ ???,Ôrn/eagle §B Ôrn/eagle ...
DE StOl3,faksi,Faxi/horse
DE StOl4 §A,abi : bataba : iestaba §B kukr : kuc kutu ¶ kys,"... ... ... §B Prick kiss the cunt, kiss!"
DE StOl5,sinkn :,...
DE StOl6 M,ber min : erinde : þat : ik : ei : hafa : skyrte,Convey my messages so I don't get [any] <skyrte>
DE StOl7 M §A,... -ak : eigi : ha : a : hafi : uti : heltr : tak : hu... §B ...uran : marum,"Don't take(?) the shark/oar(?) out at the sea, rather take the <hu...> §B <...uran> <marum>"
DE StOl8 M,fuþorkhniastbmlR,<fuþorkhniastbmlR>
DE VK;297,tu...,...
PL MLUHM1962-63;326 §A,fuþ §B kur,<fuþork>/pussy §B Kúrr(?)
PL NOR2003;19,(i)on a taf(l),John owns the gamepiece/game.
PL VK;296,????????????,...
LV RR1987;248,...- ÷ runar ÷ þesar ÷ o -...,... these runes in ...
RU Melnikova2001;181 §A,????i????? §B ????????????,... §B ...
RU Melnikova2001;189,????????????,...
RU Melnikova2001;196 §A,þamuþ runaR is ¶ (o)(m)(u)þalþm(k)fa §B unþRuþi(o)þa(t) ¶ haþaRnaki(f)a(k),... runes(?) ... ... §B ... ...
RU Melnikova2001;251,...khniastbmlR,<fuþorkhniastbmlR>
RU NLT2004;5,... ...(t) ufir uf uaRiþR hali ual-(R) ri-s fron(m)ona -rot fibulsini bluka,... (and) steered - surrounded by the slope - down to the fertile pastureground - across the valiant men's neigbourhood a great following of plows.
UA Fridell2004;15 M §A,si{X}riþ §B f f,Sigríðr §B ... ...
UA Fv1914;47 $,krani : kerþi : (h)alf : þisi : iftir : kal : fi:laka : si(n),"Grani made this vault in memory of Karl/Káll, his partner."
By Fv1970;248,(a)lftan ---t----l-a-----,Halfdan ...
By NOR1999;26,arni,Árni
By NT1984;32 $ §A,... : (h)(i)(a)(k)(u) þ(i)(r) (h)(i)lfniks (m)i(n) -----... ¶ ... (e)(n) i hafn þesi þir (m)(i)(n) i-ku runar at (h)a(u)-sa buta -...(h)(u)(a)-... ¶ ... --þ^u s^uiar þ(e)ta| |a l^einu ¶ ... f...- aþr gailt^ ^uan kear(u)- §B tr(i)ki(r) ÷ ris(t) r(u)(n)(i)(r) ... §C (:) a(s)(m)un(t)r × ri(s)(t)(i) (×) ... ...(n)(a)r þisar × þair × is(k)-... ... (þ)(u)(r)l(i)f(r) ---- auk × - (×) -...-o-...---(t)-... ¶ -ufru(k)...r...(s)--...--...uanf(a)(r)(n) ×,"... they cut(?), the troops men ... but in this harbour the men cut runes in memory of Haursi, a ... vigorous(?) husbandman ... Swedes arranged(?) this on the lion ... He fell(?)/perished(?) before he could gain payment. §B Valiant men carved the runes ... §C Ásmundr carved ... the runes, they Áskell(?) ... Þorleifr(?) ... and ... ... ..."
IT UOÅ1979;229 M,andres ¶ gerdi mik,Andrés made me