Sample_ID,Source,Reference,Target_Language,Model,Prediction
1,tar lit : raisa : stain : þensa : eftiR : ketilhaufþa : faþur : sen : boanta : koþan ' kuþ : helbi : has : ant,"Tárr(?)/Tár(?)/Tarr(?) had this stone raised in memory of Ketilhôfði, his father, a good husbandman. May God help his spirit.",en,qwen3.5-0.8B-ft_sv,"Tär lät resa stenen efter Kettilhög, sin fader, den som gjorde denna resa"
2,$M §A [...] §B [raþ runar -pti- (h)armbraþhum] §C · k(s) · statr hoar : kuz nri §D maria iuan-,"$M §A ... §B Interpret the rune according to the grief-rows / in memory of the grieved (one) §C ... ... ... §D Mary, John(?)",en,qwen3.5-0.8B-ft_sv,"Mögdes resa runarna efter denna hord, som reste i Kuz, sin moder"
3,× hulmfriR × -it --isa × istain × þina × iftiR × biarn × buanta isin × auk × iftiR × isikat (s)un isin ×,"Holmfríðr had this stone raised in memory of Bjôrn, her husbandman and in memory of Sighvatr, her son.",en,qwen3.5-0.8B-ft_sv,"Hulmfri reste denna sten efter Björn, sin broder, och efter Isik, sin son"
4,kuþr... ... (f)aþur sin · fur · hfila · hn · til · iklans · kuþ halbi · sil hns,Guð-... ... his father. He competently travelled to England. May God help his soul.,en,qwen3.5-0.8B-ft_sv,Gud ... sin fader ... efter Hjalp ... till Iklans Gud Halbi ... sil hans
5,[kuþriuin · lat · rita · stin · at inkimuntr faþur · sin],"Guðbjôrn had the stone erected in memory of Ingimundr, his father.",en,qwen3.5-0.8B-ft_sv,"Gudtrion lät resa stenen efter Ingjuman, sin fader"
6,...n · auk × kulauh × au... ... + þan + a-...,... and Gullaug and ... that ...,en,qwen3.5-0.8B-ft_sv,...n och guld och ...
7,he(l)ga : sati : stin : þana : at : eumunt : bur:uþur,"Helga placed this stone in memory of Eymundr, (her) brother.",en,qwen3.5-0.8B-ft_sv,"Hjalda satte denna sten efter Eumund, broder"
8,[... uaR · tauþr × i austr·uih- ...],... died on the eastern route ...,en,qwen3.5-0.8B-ft_sv,...
9,[... ...sa · stain · at · suarth... ...],... the stone raised in memory of Svarthôfði ...,en,qwen3.5-0.8B-ft_sv,...
10,a^ndres : p + farmaðr +,Andrés the priest. Farmaðr.,en,qwen3.5-0.8B-ft_sv,Andres þarfar
11,[... -k · --n · sun · suta : ---... ¶ ... aft : þurþ : bruþur ...],"... ... ... Sóti's son ... ... in memory of Þórðr, brother ...",en,qwen3.5-0.8B-ft_sv,... sinne ...
12,tusti × (r)...(i) ...tin × efti(R) kuno × mak × sin × þ... ...---s × ... × uistar- × uar- ...,"Tosti raised the stone in memory of Gunni, his kinsman-by-marriage ... ... ... was westwards ...",en,qwen3.5-0.8B-ft_sv,"Tustie ... sten efter Kuno, sin man ... ..."
13,... ...fr ' lit ' reisa ' steina ' efti- seuar ' faþur ' s-n ' goþan ',"... ... had the stones raised in memory of Sævarr, his/her good father.",en,qwen3.5-0.8B-ft_sv,"... reste denna sten efter Steinar, sin fader, Gud"
14,...-k lun-a : -... ...(a)lbi · siao- ...,... may help the soul ...,en,qwen3.5-0.8B-ft_sv,... lund ...
15,[... iftiR biurn bunta sin kuþan kuþ hialbi ant has],"... in memory of Bjôrn, his/her good husbandman. May God help his spirit.",en,qwen3.5-0.8B-ft_sv,"... efter Björn, denna sten efter Gud, Gud hjälpe hans hustru"
16,[· rauþr · auk · biarn · litu · raisa · stein · eftR · mak sin · sikat · koþ hialbi ont hns ·],Rauðr and Bjôrn had the stone raised in memory of their kinsman-by-marriage Sighvatr. May God help his spirit.,en,qwen3.5-0.8B-ft_sv,"Raud och Björn lät resa sten efter Makk, sin son, och hjälpa hans hustru"
17,... ...-rimar : litu : r... ... sin ×,... Grímarr(?) had (the stone) raised/erected ... their ...,en,qwen3.5-0.8B-ft_sv,... sin ...
18,× iarlibaki × lit × raisa × stan + þina × a... ... ...kuan + han × ati ain × tabu × alan × -... ... ont hans + §B × iarlabaki × lit raisa × stain × þin- at sik kuikuan × auk × þinkstaþ × þina × karþi + auk × ain ati + alt hu-(t)ari × þita +,"Jarlabanki had this stone raised in memory of himself while alive. He alone owned all of Tábýr. May God help his spirit. §B Jarlabanki had this stone raised in memory of himself while alive, and made this Assembly-place, and alone owned all of this Hundred.",en,qwen3.5-0.8B-ft_sv,"Iarlibjaki lät resa denna sten efter Gunnar, hans efterman, och hans efterman, och hans efterman, och hans efterman, och hans efterman, och hans efterman, och hans efterman, och hans efterman, och hans efterman, och hans efterman, och hans efterman, och hans efterman, och hans efterman, och hans efterman, och hans efterman, och hans efterman, och hans efterman, och hans efterman, och hans efterman, och hans efterman, och hans efterman, och hans efterman, och hans efterman, och hans efterman, och hans efterman, och hans efterman, och hans efterman, och hans efterman, och hans efterman, och hans efterman, och hans efterman, och hans efterman, och hans efterman, och hans efterman, och hans efterman, och hans efterman, och hans efterman, och hans efterman, och hans efterman, och hans efterman, och hans efterman, och hans efterman, och hans efterman, och hans efterman, och hans efterman, och hans efterman, och hans efterman, och hans efterman, och hans efter"
19,--- ¶ akla + kala + laka + ¶ --o-imi(k)(l)(i)(i),"... agla gala laga ('agla' = Thou art strong in eternity, Lord) ...",en,qwen3.5-0.8B-ft_sv,Åkla och Lade lade denna om
20,$M auæ : ma^ria : gra^kia : plena ...,$M Hail Mary full of grace ...,en,qwen3.5-0.8B-ft_sv,M avä mörja gräkka plena
21,× kaR : reþi sin : eti : bui : uiburk uaR : muþR : snuR : fatriþ : ----,Geirr erected the stone in memory of Búi. Vébjôrg was (his) mother. [Was his] daughter-in-law Fastríð(?) ...,en,qwen3.5-0.8B-ft_sv,"Gore reste denna sten efter Björk, som var sin fader"
22,× [ul]fr [× a... ... -nk]imunt[r × au]k × [ai]... ... ...(n) × i... ...,Ulfr and ... Ingimundr and Ei-... ... the stone(?) in memory of(?) ...,en,qwen3.5-0.8B-ft_sv,[Ulfr] ... ... ... ... ... ... ... ... ... ... ... ... ... ... ... ... ... ... ... ... ... ... ... ... ... ... ... ... ... ... ... ... ... ... ... ... ... ... ... ... ... ... ... ... ... ... ... ... ... ... ... ... ... ... ... ... ... ... ... ... ... ... ... ... ... ... ... ... ... ... ... ... ... ... ... ... ... ... ... ... ... ... ... ... ... ... ... ... ... ... ... ... ... ... ... ... ... ... ... ... ... ... ... ... ... ... ... ... ... ... ... ... ... ... ... ... ... ... ... ... ... ... ... ... ... ... ... ... ... ... ... ... ... ... ... ... ... ... ... ... ... ... ... ... ... ... ... ... ... ... ... ... ... ... ... ... ... ... ... ... ... ... ... ... ... ... ... ... ... ... ... ... ... ... ... ... ... ... ... ... ... ... ... ... ... ... ... ... ... ... ... ... ... ... ... ... ... ... ... ... ... ... ... ... ... ... ... ... ... ... ... ... ... ... ... ... ... ... ... ... ... ... ... ... ... ... ... ... ... ... ... ... ... ... ... ... ... ... ... ... ... ... ... ... ... ... ... ... ... ... ... ...
23,÷ felleg : er : fuþ : sin : bylli §B ÷ fuþorg lbasm,"Monstrous is the cunt, may the penis serve. §B Cunt-perverse/nymphomania ...",en,qwen3.5-0.8B-ft_sv,Fellge er sin fader
24,fuþorkhfuþorkh fuþorkhfuþorkhfuþorkhfuþorkhfuþorkh fuþorkhfuþorkhfuþorkhfuþorkhfuþork fuþorkhfuþorkhfuþork fuþorkhfuþorkhfuþorkhfu fuþorkhfuþorkhfuþork,<fuþork fuþork fuþork fuþork fuþork fuþork>,en,qwen3.5-0.8B-ft_sv,Föðrog fader
25,asm(u)(t)(r) · auk · þeR · bruþr · restu · sten · þani · eftiR · sarta · faþur · sia ·,"Ásmundr and his brothers raised this stone in memory of Svarti, their father.",en,qwen3.5-0.8B-ft_sv,Åsmöt resten sten efter Sarta
26,... ...- (:) rista : s(i)tn : þisa : e(f)(t)ir : asu : muþur : sin...,"... ... (had) this stone carved in memory of Ása, his mother.",en,qwen3.5-0.8B-ft_sv,... reste stenen efter sin muggar
27,(k)iæte guþ þes er k o^(l)ma^þa,May God protect him whom I enraged.,en,qwen3.5-0.8B-ft_sv,"Göte göt denna Gud, och ..."
28,þurfinr : r---- ----- : --n- : --... ... §B ...,Þorfinnr raised(?) the stone(?) in memory of(?) ... §B ...,en,qwen3.5-0.8B-ft_sv,Törfing reste
29,$M ÷ bo--- : oka...-...s(a)rfa : h-- : l-t : (h)-ga : hina : stan : yvir : (b)udaitu : af hah:h-b- k : til : aukarsarfa + ta en : iak : uar · (s)krivaþ : (t)a uar : (h)ahal · sunudah:r · untir-aþr : b-imstafr ++ i tolf:te : r(a)(d)(u) taflu + betar · aukar·sarfa · han skr-if mik · amen ·,"$M Bót-... Auðgeirsarfr/Ocksarve(?) he/she had this stone cut over Bótheiðr(?) of Hagebýr and (owner of) Auðgeirsarfr/Ocksarve. When I was written, then Hail was the Sunday(-stave); Under-Man the Prime-stave in the twelfth row of the table. Pétar of Auðgeirsarfr/Ocksarve, he wrote me. Amen.",en,qwen3.5-0.8B-ft_sv,"Mög och ... ...s [s]fär ... lät göra denna sten efter Gud och hans bror, till Gud och hans bror, till Gud och hans bror, till Gud och hans bror, till Gud och hans bror, till Gud och hans bror, till Gud och hans bror, till Gud och hans bror, till Gud och hans bror, till Gud och hans bror, till Gud och hans bror, till Gud och hans bror, till Gud och hans bror, till Gud och hans bror, till Gud och hans bror, till Gud och hans bror, till Gud och hans bror, till Gud och hans bror, till Gud och hans bror, till Gud och hans bror, till Gud och hans bror, till Gud och hans bror, till Gud och hans bror, till Gud och hans bror, till Gud och hans bror, till Gud och hans bror, till Gud och hans bror, till Gud och hans bror, till Gud och hans bror, till Gud och hans bror, till Gud och hans bror, till Gud och hans bror, till Gud och hans bror, till Gud och hans bror, till"
30,[iufur · r... stan · aftir · fuluka · faþur · sin],"Jôfurr raised the stone in memory of Fullugi, his father.",en,qwen3.5-0.8B-ft_sv,... sten efter Fuluka sin fader
31,kuþa : risþi : stin : þansi : auft¶(i)R : þurbiurn : buta : sin : ¶ miuk : kuþan : þikn : ian ¶ þurþr : rist : runaR ¶ þasi,"Gyða raised this stone in memory of Þorbjôrn, her husbandman, a very good þegn. And Þórðr carved these runes.",en,qwen3.5-0.8B-ft_sv,"Gud reste denna sten efter Torbjörn, sin broder, och Gud, hans broder, reste runa, sin broder"
32,+ sinkR : let --... ... ... eftiR : friþelfi : kunu : sina : kuþ hialbi : sialu [h]inaR,"Sínkr had ... ... ... in memory of Friðelf, his wife. May God help her soul.",en,qwen3.5-0.8B-ft_sv,"Sok lät ... ... efter Frifel, sin son, Gud halet själ, hans hällar"
33,eskil : sulka : sun : let : res(a) ¶ sten : þena : eft : sialfan ¶ sik · e mun · stanta · meþ · sten ¶ lifiR · uitrint · su · iaR · uan · eskil §B kristr · hialbi · siol · hans ¶ aok · santa · migael §C toki · risti · runaR · e(f)(t)(i)(R) (·) -(o)ru · ¶ stiubmoþur · sina · kunu · koþa,"Áskell, Súlki's son, had this stone raised in memory of himself. Ever will stand, while the stone lives, this memento, which Áskell produced. §B May Christ and Saint Michael help his soul. §C Tóki carvedthe runes in memory of Þóra, his stepmother, a good wife.",en,qwen3.5-0.8B-ft_sv,"Eskil, Sulek, Sun, Låt resa denna sten efter Sialfön, sin fader. Han var mycket sten, men livde utrint. Sulek, hans son, kristne. Sialfön hans son. Sulek, hans son, stende."
34,$M ... ...r øssur : asbiæ?na^r s^on(·),$M ... rests/in memory(?) of Ôssurr Ásbjôrn's son.,en,qwen3.5-0.8B-ft_sv,... ossur ...
35,... [+ faslaug :] þaun : [hion × litu : i]ftiR · þial[fa : sun s]...,"... (and) Fastlaug, the married couple, had (the stone raised) in memory of Þjalfi, their son.",en,qwen3.5-0.8B-ft_sv,...
36,[aimuntr : let ... ... (k)uþ salu · ha...],Eimundr had ... May God help his soul.,en,qwen3.5-0.8B-ft_sv,Aimund let ... ... Gud slå ...
37,þuri ÷ auk frystain ' litu raisa stain iftiR ' þurstain broþur sin,"Þórir and Freysteinn had the stone raised in memory of Þorsteinn, their brother.",en,qwen3.5-0.8B-ft_sv,"Tore och Frystand lät resa stenen efter Torsten, sin broder"
38,gya : sæhir : at þu : kak hæim §B þa^nsak : a^b(a)kista^n : rþis,Gyða says that you should go home. §B ... ... ...,en,qwen3.5-0.8B-ft_sv,"Gyðar segir att du, kak hem, hans son, gjorde denna resa"
39,þurkiR · auk · uri · þaiR · raistu · staina · at · ulaif · faþur · sin : auk : at · suain · bruþur sin ·,"Þorgeirr and Orri, they raised the stones in memory of Óleifr, their father and in memory of Sveinn, their brother.",en,qwen3.5-0.8B-ft_sv,"Torke och Torke reste denna sten efter Ulde, sin fader. Torke reste efter Svan, sin broder."
40,(h)agormr hialgar-r (l)i-unski-l-... §B ... þunt bloþ or rin or æ-r : bloþ or : rin or æ--,"Hagormr(?), ... ... §B ... thin blood, run out, out of ... blood, run out, out of ...",en,qwen3.5-0.8B-ft_sv,"Hagormr hjalgrar lundskil ... ... Tund blod och run och Äger, blod och run och Äger"
41,alfkil ÷ uk ÷ hns ÷ suniR ÷ risþu : stin : þansi : ift : ¶ · mana : sin : frinta : þans × uas · lantirþi ÷ kitils ÷ þis ÷ ¶ nuruna ÷,"Alfkell and his sons raised this stone in memory of Manni, their kinsman, who was Ketill the Norwegian's estate-steward.",en,qwen3.5-0.8B-ft_sv,"Alfkel och Hans son, resten sten efter sin fader, hans lantar, Krist, denna norna"
42,× þeiR bryþr × reistu × kubl × þia × eftiR × sustur ×× sina × afriþi × auk × eftR × suein × faþur × sin × koþan ×,"These brothers raised these monuments in memory of their sister, Áfriðr, and in memory of Sveinn, their good father.",en,qwen3.5-0.8B-ft_sv,"Tore bore reste de Kvel, sinne efter Sjur, sin fader, och Sven, sin fader, och Göstan"
43,× kut × raisti × ifti × skara × sun sin × anun × hiu × siþu,"Gautr raised (the stone) in memory of Skeri/Skari, his son. Ônundr cut the side.",en,qwen3.5-0.8B-ft_sv,"Gut reste efter Skara, sin son, och hans syster"
44,(s)(a)- riti sanat kaolu a^mn -... §AQ (s)(a)- rit is anat i saolu a^mn -... §AR (s)(a)- riti| |is a| |an ati saolu a^mn -... §B a(i)kua(i)tu,... by writing heals the crazy woman. Amen ... §AQ ... writing is something different in the soul. Amen ... §AR let ... write who owns and experienced happiness/luck. Amen ...,en,qwen3.5-0.8B-ft_sv,"Sät reste denna sten efter Sjöbjörn, sin son, och reste denna sten efter Sjöbjörn, sin son, och reste denna sten efter Sjöbjörn, sin son, och reste denna sten efter Sjöbjörn, sin son, och reste denna sten efter Sjöbjörn, sin son, och reste denna sten efter Sjöbjörn, sin son, och reste denna sten efter Sjöbjörn, sin son, och reste denna sten efter Sjöbjörn, sin son, och reste denna sten efter Sjöbjörn, sin son, och reste denna sten efter Sjöbjörn, sin son, och reste denna sten efter Sjöbjörn, sin son, och reste denna sten efter Sjöbjörn, sin son, och reste denna sten efter Sjöbjörn, sin son, och reste denna sten efter Sjöbjörn, sin son, och reste denna sten efter Sjöbjörn, sin son, och reste denna sten efter Sjöbjörn, sin son, och reste denna sten efter Sjöbjörn, sin son, och reste denna sten efter Sjöbjörn, sin son, och reste denna sten efter Sjöbjörn, sin son, och reste denna sten efter Sjöbj"
45,... ...-þan × isun × isRn × bRkia nu × kuþ il×... ... §Q ... ...-þan × isun × isRn × bRkia nu × kuþ il×... ...,"... good(?), his(?) son(?). Now(?) (they) pray(?) to God(?) to help(?) ... §Q ... (the) good(?) son of them both. Now God may help(?) ...",en,qwen3.5-0.8B-ft_sv,"... sin efter sin son, Bjorka, nu Gud, och Gud, och Gud, och Gud, och Gud, och Gud, och Gud, och Gud, och Gud, och Gud, och Gud, och Gud, och Gud, och Gud, och Gud, och Gud, och Gud, och Gud, och Gud, och Gud, och Gud, och Gud, och Gud, och Gud, och Gud, och Gud, och Gud, och Gud, och Gud, och Gud, och Gud, och Gud, och Gud, och Gud, och Gud, och Gud, och Gud, och Gud, och Gud, och Gud, och Gud, och Gud, och Gud, och Gud, och Gud, och Gud, och Gud, och Gud, och Gud, och Gud, och Gud, och Gud, och Gud, och Gud, och Gud, och Gud, och Gud, och Gud, och Gud, och Gud, och Gud, och Gud, och Gud, och Gud, och Gud, och Gud, och Gud, och Gud, och Gud, och Gud, och Gud, och Gud, och Gud, och Gud, och Gud, och Gud, och Gud, och Gud, och Gud, och Gud, och Gud, och Gud,"
46,$M §A spyr actriþi h-... §B --- act -...,$M §A Ask Ástríðr ... §B ... love ...,en,qwen3.5-0.8B-ft_sv,Mspyr efter Äþrþi ...
47,$U §P -uþaþit-ih -ilald (t)-uiuu-(t)w- §Q a^luþa þit (s)i huilalda^| |^aï uiu u(e)a aþa^l,$U §P ... artifact ... §Q Of the ale this will be the resting-people’s (= the deads’): (for?) ever I sanctify abode of the gods.,en,qwen3.5-0.8B-ft_sv,Ugebjat och Eliald tog denna vagn och Gud hjälpe honom
48,÷ uesti : auk : iuar : auk : s(u)[lfa :] (b)ruþr : þriR : karþu : bru : þasi : (a)uk : satu : stein : þana : eftiR : þialfa : faþur : [sin],"Véseti and Ívarr/Jóarr and Sylfa, the three brothers made this bridge and placed this stone in memory of Þjalfi, their father.",en,qwen3.5-0.8B-ft_sv,"Estie och Ivar och Svelf, deras grader, och Tjörn, deras grader, och Tjörn, deras grader, och Tjörn, deras grader, och Tjörn, deras grader, och Tjörn, deras grader, och Tjörn, deras grader, och Tjörn, deras grader, och Tjörn, deras grader, och Tjörn, deras grader, och Tjörn, deras grader, och Tjörn, deras grader, och Tjörn, deras grader, och Tjörn, deras grader, och Tjörn, deras grader, och Tjörn, deras grader, och Tjörn, deras grader, och Tjörn, deras grader, och Tjörn, deras grader, och Tjörn, deras grader, och Tjörn, deras grader, och Tjörn, deras grader, och Tjörn, deras grader, och Tjörn, deras grader, och Tjörn, deras grader, och Tjörn, deras grader, och Tjörn, deras grader, och Tjörn, deras grader"
49,: hragli : auk : alkisl : satu : stin : þesi : eftR : serla : faþur : sin,"<hragli> and Algísl placed this stone in memory of Særli, their father.",en,qwen3.5-0.8B-ft_sv,"Hraul och Alkelstade satte denna sten efter Sverla, sin fader"
50,...- : kuþ-... ...-u · ...,... ... ... ...,en,qwen3.5-0.8B-ft_sv,...
51,[iufur · uk stoþbiarn · litu ... ... ...kifast · faþur · sin ×],"Jôfurr and Stóðbjôrn had ... in memory of Ingifastr, their father.",en,qwen3.5-0.8B-ft_sv,...
52,: haraltr : kunukR : baþ : kaurua ¶ kubl : þausi : aft : kurm faþur sin ¶ auk aft : þourui : muþur : sina : sa ¶ haraltr (:) ias : soR · uan · tanmaurk §B ala · auk · nuruiak §C (·) auk t(a)ni (k)(a)(r)(þ)(i) kristno,"King Haraldr ordered these monuments made in memory of Gormr, his father, and in memory of Þyrvé, his mother; that Haraldr who won for himself all of Denmark §B and Norway §C and made the Danes Christian.",en,qwen3.5-0.8B-ft_sv,"Hraltr, Kunnug, Bagn, Gudvald, Gudvald, Gudvald, Gudvald, Gudvald, Gudvald, Gudvald, Gudvald, Gudvald, Gudvald, Gudvald, Gudvald, Gudvald, Gudvald, Gudvald, Gudvald, Gudvald, Gudvald, Gudvald, Gudvald, Gudvald, Gudvald, Gudvald, Gudvald, Gudvald, Gudvald, Gudvald, Gudvald, Gudvald, Gudvald, Gudvald, Gudvald, Gudvald, Gudvald, Gudvald, Gudvald, Gudvald, Gudvald, Gudvald, Gudvald, Gudvald, Gudvald, Gudvald, Gudvald, Gudvald, Gudvald, Gudvald, Gudvald, Gudvald, Gudvald, Gudvald, Gudvald, Gudvald, Gudvald, Gudvald, Gudvald, Gudvald, Gudvald, Gudvald, Gudvald, Gudvald, Gud"
53,+ esse krusem tomi¶ni : fugite pa^rtes ¶ at^uerse uisit le(o) ¶ te t^ribu iuta -----... ----... ¶ kua(t)^uo^r gra^na in pen¶talum in--... ¶ fo(n)te t^utit : ¶ aaron : iesus + §B -(o)hannes ¶ ma^rkus ¶ maþeus ¶ lukas §C -a^gla al¶pha et ¶ o + - :,"Behold the cross of the Lord; flee, you hostile powers. The lion of the tribe of Juda, the root of David, has conquered. Four letters on the forehead-plate that Aaron bore on his forehead, Jesus. §B John, Mark, Matthew, Luke. §C Agla. Alpha and Omega ...",en,qwen3.5-0.8B-ft_sv,"Essa grösse minne färgade på andra vänner, och de tidigare, som är de tidigare, som är de tidigare, som är de tidigare, som är de tidigare, som är de tidigare, som är de tidigare, som är de tidigare, som är de tidigare, som är de tidigare, som är de tidigare, som är de tidigare, som är de tidigare, som är de tidigare, som är de tidigare, som är de tidigare, som är de tidigare, som är de tidigare, som är de tidigare, som är de tidigare, som är de tidigare, som är de tidigare, som är de tidigare, som är de tidigare, som är de tidigare, som är de tidigare, som är de tidigare, som är de tidigare, som är de tidigare, som är de tidigare, som är de tidigare, som är de tidigare, som är de tidigare, som är de tidigare, som är de"
54,[suth]i auk · iki[fastr · litu] rita [stai]n ' iftiR × ikalt ' uk ' (f)[tiR ikhu]ar · fe[þr si]na · kuþa · i,"Sóti and Ingifastr had the stone erected in memory of Ingjaldr and in memory of Ingvarr, their good fathers ...",en,qwen3.5-0.8B-ft_sv,"Sveti och Ikar lät resa denna sten efter Idal, och efter Gud, och efter Gud, och efter Gud, och efter Gud"
55,... ...þi : stin : þa...- · -...,... raised this stone ...,en,qwen3.5-0.8B-ft_sv,... stin ...
56,+ ka^ute : tie · kinit^r · suermo: in·mokulata · ga^ute §B k-- ... §C ga^ute : kue : genuisti : eterni · lumi(n)- §D k[l]-... ...,"Rejoice, Mother of God, immaculate Virgin, rejoice §B ... §C Rejoice, Thou who created clarity from eternal light §D ...",en,qwen3.5-0.8B-ft_sv,"Götte reste denna sten efter Svermo, som gjorde denna sten ..."
57,[rahnfriþr · lit rt stain þino ' aftiR biurno sun þaiRa kitilmuntaR ' hon ' fil a urlati ' kuþ hialbi hons ant auk| |kuþs muþiR ' osmunr mar'kaþi runaR ritar],"Ragnfríðr had this stone erected in memory of Bjôrn, her son and Ketilmundr's. He fell in Virland. May God and God's mother help his spirit. Ásmundr marked the right runes.",en,qwen3.5-0.8B-ft_sv,"Ragnfrid lät stenen efter Björn, sin son, och Kilmund, hans fader, och Fil, hans son, och Gud, hans hustru, och Gud, hans mor, och Gud, hans mor, och Gud, hans mor"
58,... ...isa · sti- ... -t · su... ...,... raised the stone ... in memory of the son ...,en,qwen3.5-0.8B-ft_sv,... ...isa stin ...
59,kunuar : resþi : stin : þani : eftiR : kana : bunta : sin : þegn harþa kuþan,"Gunnvôr raised this stone in memory of Kani, her husbandman, a very good Þegn.",en,qwen3.5-0.8B-ft_sv,"Kunvar resten stenen efter Kana, sin broder, den som var den högare"
60,...[-n · sin +] sun + hulmfas--/hulmfas--... ... kuþ + hialbi + ant hans +,"... his, Holmfastr's son ... May God help his spirit.",en,qwen3.5-0.8B-ft_sv,... sin och Hulmfasten och Hjalbje och Hans
61,· aystin · auk · astriþr · raistu · stina · aftir · kak · sun · sin ·,"Eysteinn and Ástríðr raised the stones in memory of Kagr(?)/Gagr(?), their son.",en,qwen3.5-0.8B-ft_sv,"Aystin och Ästryd reste denna sten efter Kog, sin son"
62,akuti + auk + osur + auk × biaurn × rastu × stain × (þ)[ina × afti](r) × nuka × trihk + kuþan ×,"Ágoti and Ôzurr and Bjôrn raised this stone in memory of Nokki, a good valiant man.",en,qwen3.5-0.8B-ft_sv,"Akte och Osur och Björn reste denna sten efter Nuka, tridde Gud"
63,ingibiorh · hin fahra · æhkia §B môrhk · kona · hæfer · faret · lu(t) in her mihgil oflate §C ærlikr,"Ingibjôrg, the fair widow. §B Many a wife has travelled stooping in here. A great show-off. §C Erlingr",en,qwen3.5-0.8B-ft_sv,"Ingibor och Hana, de fader, lät göra denna minnebygd efter Ärlikr"
64,... -it : tafast : rista : runir,... had Tafeistr to carve the runes.,en,qwen3.5-0.8B-ft_sv,...-tät resa runorna
65,†$ [bariRþ ÷ riti stain ÷ þina ÷ aftiR un ÷ ... bruþur sin ÷ han uas| |sun : arinbiarnaR a-þuaun-ua-sun ÷ ial-i (k)u(þ) ant unaR],†$ <bariRþ> erected this stone in memory of Unn his brother. He was Arinbjôrn's son ... May God help Unn's spirit.,en,qwen3.5-0.8B-ft_sv,"Bergar reste denna sten efter ... sin bröd, hans son. Arnbiarna är en mycket god man."
66,... × kumbl × aiftiR ... ...-str auk × s...-ta × ...,... the monument(s) in memory of ... Christ and Saint ...,en,qwen3.5-0.8B-ft_sv,... kombl och ...
67,ali · auk · karli · risþu · stin · þansi · stin · þansi · iftiR · firist(i)n · faþur · sin · miuk · kuþan þikn,"Áli/Alli and Karli raised this stone [this stone] in memory of Freysteinn, their father, a very good Þegn.",en,qwen3.5-0.8B-ft_sv,"Alv och Karl reste denna sten efter Färjesten, sin fader, och Gud, Gud, Gud"
68,kuþfastr aok ' þorontr ' litu rita sten ' eftiR ' faþur sin ' hals ' ok frykuþr ' yftiR ' bonta sin ' þorþr : hiak · runar · þisar ' ual,Guðfastr and Þróndr had the stone erected in memory of their father Hals; and Freygunnr in memory of her husbandman. Þórðr cut these runes well.,en,qwen3.5-0.8B-ft_sv,"Gufast och Torontr lät resa sten efter Fafur sin hals och frykade sin broder. Hög runar, deras fader, var"
69,ikib(i)rn : ak : þiR : bryþr : litu : risa : stin : þina : a(t) : ikhul : faþur : sin : (k)uþ : hilbi : anta : hns bt(r) : þin : (h)-(n) : (h)--... ...- : -(a)(r)- : --...---- : (r)isti : runaR · þasi,"Ingibjôrn and his brothers had this stone raised in memory of Ígull, their father. May God help his spirit better than he has deserved. Tíðkumi carved these runes.",en,qwen3.5-0.8B-ft_sv,"Ingbjörn och Björne lät resa stenen efter Ingbjörn, sin fader, och Gud, hilbi, hans broder."
70,· kalmi : risþi : stin : þena : eftiR : helka : sun : sin : iaR : turknaþi :,"Gamli(?)/Galmi(?) raised this stone in memory of Helgi, his son, who drowned.",en,qwen3.5-0.8B-ft_sv,"Kalme reste denna sten efter Helga, sin son, och Turknades"
71,· þura · sati · stin · þasi · aftiR · suin · sun · sin · Rs · uRstr · o · ualu,"Þóra placed this stone in memory of Sveinn, her son, who died in the west in <ualu>.",en,qwen3.5-0.8B-ft_sv,"Tora satte denna sten efter Sven, sin son, och Ulv"
72,hulmstain · auk · uikuþr · þaun · litu · raisa · stain · eftiR · sun · henaR · auk · uihialmr iftiR inkifast ·,"Holmsteinn and Végunnr, they had the stone raised in memory of her son, and Véhjalmr/Víghjalmr in memory of Ingifastr.",en,qwen3.5-0.8B-ft_sv,"Holmsten och Uikþor, Tade, lät resa denna sten efter Sune, hans hundra egnar, och Uihialmer, sin efterfader."
73,...li : lit : resa : eftiR : f...,... had ... raised in memory of ...,en,qwen3.5-0.8B-ft_sv,...lät resa efter ...
74,sua ai ÷ titultitul ¶ fuþorkhniastbmlR §B huaR is i : alisti osa : huaR is (:) ¶ uifrþuR : karþi : afr aft asini fauþr ¶ kul:finR : fal(s) : taitirunoR ' u ¶ (a)iuinrunoR : sulialta : huaR : ? ¶ utu ÷ tuuut bilikikR : tuR ra(k)(i) ¶ (t)(u)(l)i,"Thus ever(?) ... <fuþorkhniastbmlR> §B Who is(?) ... ... Æsir's, who is Véfriðr /Véfrøðr made ... in memory of ... father. Kolfinnr/Gullfinnr concealed runes of gladness and runes of eternal friendship ... who ... ... ... ... ... ... Tuli/Tóli.",en,qwen3.5-0.8B-ft_sv,"Så är det tillstått att foga denna sten efter sin fader, och hans fader, som var en mycket god man, och hans son, som var mycket god."
75,÷ salsi karþi sul ÷ D ÷ skut- - þ--a hiu ×,Sôlsi(?) made(?) the sun(?). Dagr(?) cut(?) this(?) on the cliff-face.,en,qwen3.5-0.8B-ft_sv,"Sallin och Sule och Sule, de höga"
76,: asmuhtr : auk : fraybiurn · litu kera : meki · siRun · at · herbiurn · faþur : sin :,"Ásmundr and Freybjôrn had the rune-decorated landmark made in memory of Herbjôrn, their father.",en,qwen3.5-0.8B-ft_sv,"Asmund och Frabjörn lät resa mig, sin fader, efter Herbjörn"
77,kuni lit rista runaR þisar eftR sik · kuikhan þurhkutr · risti runa þisar fots arfi,"Gunni had these runes carved in memory of himself while alive. Þorgautr, Fótr's heir, carved these runes.",en,qwen3.5-0.8B-ft_sv,"Gunn lät resa runorna efter sig, Gud, och Gud, och Gud, resa runorna efter sin fader"
78,hulm(k)iR · auk · labus · auk · lafsi · þaiR · litu · raisa stain · at aib-rn · faþur sin koþan · ...t...,"Holmgeirr and <labus> and Lafsi, they had the stone raised in memory of Eibjôrn, their good father ...",en,qwen3.5-0.8B-ft_sv,Hulm och Löv och Lafs och Lita resa denna sten efter Fäders son
79,†M [pær krusis ok sihnum : fgiaþ : ¶ : prokul : omne : malihnum +],†M With this sign of the cross will all evil flee far away.,en,qwen3.5-0.8B-ft_sv,"Mærd og Sigmund, faderen, omne malihnum"
80,la-rans : gierþi : s[t]ai(n) : (þ)-,Lafranz made this stone.,en,qwen3.5-0.8B-ft_sv,Lagnar gjerde stenen
81,... ...ta · stiu(b) · (s)in · ha- ...,"... ..., his/her step(-son). He ...",en,qwen3.5-0.8B-ft_sv,... stin [s]in ha ...
82,[tora · lit · raisa · sti]n [· þina · i]ftiR · rolif · sun · sin · kuþ · hialbi · ant [· hans fotr · risti ·],"Tóra had this stone raised in memory of Hróðleifr, her son. May God help his spirit. Fótr carved.",en,qwen3.5-0.8B-ft_sv,"Tora lät resa stenen efter Rolif, sin son, Gud hjälpe hans fader"
83,ma^ria : mika(l) ¶ a mik br(i)kil ¶ torir §Q ma^ria : mika(i) ¶ a mik brakil ¶ torir,"Mary, Mikjáll owns me, Brigit(?). Þórir. §Q Mary, Mikjáll! Brakil/Brigit owns me. Þórir.",en,qwen3.5-0.8B-ft_sv,Märja och Miki blev mycket bra hjälper
84,... ...isti : krus : -... ¶ ...ir : mol:mu... ...,... raised (this?) cross in memory of Maelmuire ...,en,qwen3.5-0.8B-ft_sv,... reste ... och mor ...
85,ragna : let × raisa × stain × þin(a) ... ... × sun × kuþbirnaR × trenk × ufi(l)an,"Ragna had this stone raised ... ... Guðbjôrn's son, an undaunted valiant man.",en,qwen3.5-0.8B-ft_sv,Ragna lät resa stenen efter sin fader ...
86,· sistin · ris(þ)... ... §B ...ftiR · keRmut · mak si...,"Sigsteinn raised ... §B in memory of Geirmundr, his kinsman-by-marriage.",en,qwen3.5-0.8B-ft_sv,Sjestin reste ... och ...
87,[: rakR : lakþi : stin : yfiR : þiuk : s...n : sin : s...],"Rekkr laid the stone over Þjokkr, his son ...",en,qwen3.5-0.8B-ft_sv,"Raklök lögde sten efter Tjök, sin son"
88,þurkl × auk + kisl + -itu + rais- ... þian + iftR + faþur sn + kans- ku- hialbi ant hans,Þorkell and Gísl had this stone raised in memory of their father Gansi(?)/Knasi(?). May God help his spirit.,en,qwen3.5-0.8B-ft_sv,"Torkl och Gisl och Räs... Tjörn, sin fader, hans kung"
89,biarn · li(t) ... ...- · ul- -(o)(r)oþur · sen ·,"Bjôrn had ... ... Ulfr, his brother.",en,qwen3.5-0.8B-ft_sv,Bjarn lät ... ... göra ...
90,[tiarfR · raisti · stain : þinsa : at : irim : faþur : sin : kuþan :],"Djarfr raised this stone in memory of Grímr, his good father.",en,qwen3.5-0.8B-ft_sv,"Tjörn reste denna sten efter Imur, sin fader"
91,[huitr ok| |karl ouk ulf l...u ...ris...],Hvítr and Karl and Ulfr(?) had ...,en,qwen3.5-0.8B-ft_sv,Hett och Karl och Ulf l...
92,... ...arl ' uk ihulbiurn ' litu rita stono þisa ' uk| |kirua bru þisa ' at iafur faþur si... ... (h)ialbi ont hos,"... Karl and Ígulbjôrn had these stones erected and this bridge made in memory of Jôfurr, their father ... may help his spirit.",en,qwen3.5-0.8B-ft_sv,...
93,[...-R lit ' r...] ... ...- ÷ sina ÷ k...,... had (the stone) raised/erected ... ... their/his ...,en,qwen3.5-0.8B-ft_sv,... lät resa sin
94,[as]kil : lit : rita : stin : þa[na · -f-]- : u[n]-- : faþur : [si]n [-u-]a : kuþ[an],"Áskell had this stone erected in memory of ... his father, a good husbandman.",en,qwen3.5-0.8B-ft_sv,Kil lät resa stenen efter sin son
95,þruntr × risti + tsin × þinsa + aftiR · þurtsin [faþ](u)r sin,"Þróndr raised this stone in memory of Þorsteinn, his father.",en,qwen3.5-0.8B-ft_sv,"Torn rist och Tjörn, sin fader, efter Tjörn sin fader"
96,fastkaiR fastlauk at sun sin litu (h)akua at nefkair,"Fastgeirr (and) Fastlaug had (the stone) cut in memory of Nefgeirr, in memory of their son.",en,qwen3.5-0.8B-ft_sv,Fastgar fastlade sin lät efter Nefkär
97,o^not^r : a mik : a ho^no^m,Ônundr of Hornar owns me.,en,qwen3.5-0.8B-ft_sv,Onotr ... en minne ...
98,tuki : ri(s)-- ¶ -tin : þansi : ift ¶ þurstin : sin ¶ -(r)uþur : nuk ¶ igi : sin : faþu-,"Tóki raised this stone in memory of Þorsteinn, his brother, and Ingi, his father.",en,qwen3.5-0.8B-ft_sv,"Tuke reste denna sten efter Torsin sin son, och igi sin fader"
99,[× sibi × auk × irmuntr × auk × þoriR × litu × raisa × stain × iftiR × s(u)... ... ...-- (h)(a)n · to × austr × sun × kismuntaR],"Sibbi and Ernmundr and Þórir had the stone raised in memory of ... ... ... He, Gísmundr's son, died in the east.",en,qwen3.5-0.8B-ft_sv,"Sigbjørn och Irmund och Torbjörn lät resa denna sten efter Sule, sin son, och Gunnar, son av Sven"
100,... stin : þinsi : i--iR : un...,... this stone in memory of ...,en,qwen3.5-0.8B-ft_sv,... stin ...
1,[hualf : lit ... ufir : tar : fadur : simun ...],... had the vault [made] ... over their father Símon ...,de,qwen3.5-0.8B-ft_sv,"Hjalff lät efter Tord, sin fader, som var en mycket god man."
2,...(a)lui : lit * kira : kubl : ifti... ... burþur : ulfs * þiR * a(u)... ... (m)iþ * ikuari : o : sirk*la(t)...,...-vé had the monument made in memory of ... Ulfr's brother. They in / to the east ... with Ingvarr in Serkland.,de,qwen3.5-0.8B-ft_sv,... ... ... ... ... ... ... ... ... ... ... ... ... ... ... ... ... ... ... ... ... ... ... ... ... ... ... ... ... ... ... ... ... ... ... ... ... ... ... ... ... ... ... ... ... ... ... ... ... ... ... ... ... ... ... ... ... ... ... ... ... ... ... ... ... ... ... ... ... ... ... ... ... ... ... ... ... ... ... ... ... ... ... ... ... ... ... ... ... ... ... ... ... ... ... ... ... ... ... ... ... ... ... ... ... ... ... ... ... ... ... ... ... ... ... ... ... ... ... ... ... ... ... ... ... ... ... ... ... ... ... ... ... ... ... ... ... ... ... ... ... ... ... ... ... ... ... ... ... ... ... ... ... ... ... ... ... ... ... ... ... ... ... ... ... ... ... ... ... ... ... ... ... ... ... ... ... ... ... ... ... ... ... ... ... ... ... ... ... ... ... ... ... ... ... ... ... ... ... ... ... ... ... ... ... ... ... ... ... ... ... ... ... ... ... ... ... ... ... ... ... ... ... ... ... ... ... ... ... ... ... ... ... ... ... ... ... ... ... ... ... ... ... ... ... ... ... ... ... ... ... ... ... ... ... ...
3,þat ik uk (M) nona ¶ snonk=uk(t)(i)unf(i) ¶ sak a=rf hit(r)k ¶ þik,... ... ... ... ... ... ... ... ... …,de,qwen3.5-0.8B-ft_sv,"Jag och denna sten efter sig, och de fleddar"
4,§A nasi × auk : þair : bruþr : raistu : stain : þisa ×,"§A Nasi/Nesi and his brothers raised this stone §B in memory of Jarl, their good father, and made the bridge as thanks to God.",de,qwen3.5-0.8B-ft_sv,Nasi och Tadebjörn reste denna sten efter sin fader
5,[(n)...i...iukaR : auk : biorn : auk : farulfi : þiR : litu : risa : stan : aftiR * aka : faþur : sin * hat : uaR : uskul * þik : þRa *],"... and Bjǫrn and Farulfr, they had the stone raised in memory of Áki, their father. He was ...",de,qwen3.5-0.8B-ft_sv,"...niga och Björn och Farulf lät resa stenen efter Åke, sin fader, och hans son."
6,§A ...r × ok × e...,§A ... and ... §B ...,de,qwen3.5-0.8B-ft_sv,... och ...
7,k-na : let : legia : st¶in : þensi : auk : tuki :,Ginna(?)/Gína(?) had this stone laid and (i.e. with) Tóki.,de,qwen3.5-0.8B-ft_sv,Leta lätta stenen efter Tuke
8,§A (m)a(l)(i) : es : a : s(t)ain(i) : þesu(m) : a- ...,"§A The agreement on this stone is, that ... §B half of the warping-line lie to ... §C as property and as allodial land ... ...",de,qwen3.5-0.8B-ft_sv,Såg må lade sig stenen resa efter ...
9,× orikia × auk × ikul × litu × raisa × stain × ... ...biurn × faþur sin ×,"Órœkja and Ígull had the stone raised ... ...-bjǫrn, their father.",de,qwen3.5-0.8B-ft_sv,"Örki och Ikel lät resa stenen efter Björn, sin fader"
10,...[rn :] auk * fasti : raist=u st[a]in ** at * k(i)(l)beaurn : faþ(u)r : si(n) : [buata : þo]r[*kiai]rþ[i **],"Bjǫrn and Fasti raised the stone in memory of Ketilbjǫrn(?), their father, Þorgerðr's husbandman.",de,qwen3.5-0.8B-ft_sv,"...Rön och Fasti reste denna sten efter Kildebärn, sin fader, som hade denna sten"
11,§A ...þi---- (+) -ftir + foþur (:) sin (:) þurbio-...,§A ... in memory of his father Þorbjǫrn. §B ...,de,qwen3.5-0.8B-ft_sv,... ... sin denna sten ...
12,[... uaR * tauþr × i austr*uih- ...],... died on the eastern route ...,de,qwen3.5-0.8B-ft_sv,...
13,k suntahr tir brim o=k i treta=ntu rato,K (was) the Sunday[-stave] and Tyrr the prime-stave in the thirteenth row.,de,qwen3.5-0.8B-ft_sv,Sundtär trätar bräm och de trätar rota
14,§A ... ¶ ... ¶ ... ¶ ...,§A ... ... ... ... §B ... ... ...,de,qwen3.5-0.8B-ft_sv,... ... ... ... ... ... ... ... ... ... ... ... ... ... ... ... ... ... ... ... ... ... ... ... ... ... ... ... ... ... ... ... ... ... ... ... ... ... ... ... ... ... ... ... ... ... ... ... ... ... ... ... ... ... ... ... ... ... ... ... ... ... ... ... ... ... ... ... ... ... ... ... ... ... ... ... ... ... ... ... ... ... ... ... ... ... ... ... ... ... ... ... ... ... ... ... ... ... ... ... ... ... ... ... ... ... ... ... ... ... ... ... ... ... ... ... ... ... ... ... ... ... ... ... ... ... ... ... ... ... ... ... ... ... ... ... ... ... ... ... ... ... ... ... ... ... ... ... ... ... ... ... ... ... ... ... ... ... ... ... ... ... ... ... ... ... ... ... ... ... ... ... ... ... ... ... ... ... ... ... ... ... ... ... ... ... ... ... ... ... ... ... ... ... ... ... ... ... ... ... ... ... ... ... ... ... ... ... ... ... ... ... ... ... ... ... ... ... ... ... ... ... ... ... ... ... ... ... ... ... ... ... ... ... ... ... ... ... ... ... ... ... ... ... ... ... ... ... ... ... ... ... ... ... ... ...
15,[... ...lfa : faþur * sin : auk ...],"... (in memory of) Þjalfi(?), his father and ...",de,qwen3.5-0.8B-ft_sv,... sin Gud och ...
16,... : [ai](f)(t)(i)(r) * (m)(u)... * (u)…,... in memory of <mu-> ...,de,qwen3.5-0.8B-ft_sv,... efter mig ...
17,§A ol(a)f(r) : hnaki : -... ...ra : famtan : (b)o : kan-þis... ...n(m)... ...(i)rþi : s---...,§A Ólafr the Neck ... ... fifteen estates ... ... ... ... §B all may violate Gautr(?) ...,de,qwen3.5-0.8B-ft_sv,"Ol af gränder ... fämman, hans son ..."
18,[biriki ÷ birita ÷ batar ÷ ok ÷ akhi ÷ kyrþi kirkuh ÷ asur ÷ ok ÷ skuli ÷ ok ÷ þorþr ÷ ok ÷ ku=nar ÷ i siua---sta ÷],May Birita save (us). Pétr and Áki made the church. Ôzurr and Skúli and Þórðr and Gunnarr in Sigvaldstaðir.,de,qwen3.5-0.8B-ft_sv,"Birke och Birte och Oke och Äke och Kyrvik och Asur och Sule och Tor och Gunnar, de sista stenen"
19,þo=rir * ræist * runa=r * þessa=r * þan * olaus*mess*o=æpþa=n ¶ ...r han * fo=r * he=r um ¶ ÷ bæþe= =ge=rþo= =no=(r)ne=r * uæl * o=k * il=la * mikla * møþe ¶ g skapaþu * þær mer,"Þórir carved these runes on the eve of Olaus-mass, when he travelled past here. The norns did both good and evil, great toil ... they created for me.",de,qwen3.5-0.8B-ft_sv,"Tore reste denna run efter hans mor, en mycket väl vild man. Han gjorde hem till Bæþegore, en god man. Han skapade de mer."
20,+ BONDO FRISO ME FECIT | ESGERVS RØTH ME FECIT : FIERI | fuþorkhniastblmy---,"Bondo (the) Frisian made me, Esgervs Red had me made. Golden numbers.",de,qwen3.5-0.8B-ft_sv,"Bondo forsade mig, efter Esgerves, og efter Fierie, fader af Fugorkhneastblym"
21,[stoþi * auk * sihtiarfr *  þorker * lit]u * ris[t]a * stin at * aistu[lf * b]roþu[r *] (s)in [sun þorkerþa],"Stóði and Sigdjarfr and Þorgerðr had the stone carved in memory of Eistulfr, their brother, Þorgerðr's son.",de,qwen3.5-0.8B-ft_sv,"Sjö och Sjöfärger lät resa stenen efter Stin, sin broder, som denna gång var sin broder"
22,þoriR × lit hakua stain at * binu fiþur sin × ketilu[i × at × b]onta sin ×,"Þórir had the stone cut in memory of Bína(?), his father; Ketilvé in memory of her husbandman.",de,qwen3.5-0.8B-ft_sv,"Thor lät haka stenen efter Bine, sin fader, och dekte sin broder"
23,+ annus * inkannacionis : domini : millesimus * ducentisimus : tris=cesimus : oktauus : erat : fakta * ak kampana : bero : s=crp*sit,Anno incarnationis Domini millesimo ducentesimo tricesimo octavo erat facta hæc campana. Bero scripsit.,de,qwen3.5-0.8B-ft_sv,"Annes Inkkagnades dommes millesimus, den des des des des des des des des des des des des des des des des des des des des des des des des des des des des des des des des des des des des des des des des des des des des des des des des des des des des des des des des des des des des des des des des des des des des des des des des des des des des des des des des des des des des des des des des des des des des des des des des des des des des des des des des des des des des des des des des des des des des des des des des des des des des des des des des des des des des des des des des des des des des des des des des des des des des des des des des des des des des des des des des des des des des des des des des des des des des des des des des des des des des des des des des des des des des des des des des des des des des des des des des des des des des des des des des des des des des des des des des des des des des des des des des des des des des des des des des des des des des des des des des des des des"
24,§A kruhs markus (s)u--io-(b) ¶ --(u)(h)(s) (m)aþ(e)(u)s -- §B (k)ruhs iohanæs ¶ (k)ruhs (l)(u)k-- --,"§A Crux, Marcus, ... crux, Matthæus, ... §B crux, Johannes, crux, Lucas …",de,qwen3.5-0.8B-ft_sv,"Gruðs markus sinne efter Gud, hans mor, Gud, Gud, Gud, Gud, Gud, Gud, Gud, Gud, Gud, Gud, Gud, Gud, Gud, Gud, Gud, Gud, Gud, Gud, Gud, Gud, Gud, Gud, Gud, Gud, Gud, Gud, Gud, Gud, Gud, Gud, Gud, Gud, Gud, Gud, Gud, Gud, Gud, Gud, Gud, Gud, Gud, Gud, Gud, Gud, Gud, Gud, Gud, Gud, Gud, Gud, Gud, Gud, Gud, Gud, Gud, Gud, Gud, Gud, Gud, Gud, Gud, Gud, Gud, Gud, Gud, Gud, Gud, Gud, Gud, Gud, Gud, Gud, Gud, Gud, Gud, Gud, Gud, Gud, Gud, Gud, Gud, Gud, Gud, Gud, Gud, Gud, Gud, Gud, Gud, Gud, Gud, Gud, Gud, Gud, Gud, Gud, Gud, Gud, Gud, Gud, Gud, Gud, Gud, Gud, Gud, Gud, Gud, Gud, Gud, Gud, Gud, Gud, Gud, Gud, Gud, Gud, Gud, Gud, Gud, Gud, Gud,"
25,[* iskirun * harþiR * totiR * lit * risti * runiR * ati * sik * sialfan * hn * uil * austr * fara * auk * ut * til * iursala * fair * risti * runiR *],"Ingirún(?) Harðr's daughter, had the runes carved in memory of herself. She wants to travel to the east and abroad to Jerusalem. Fótr(?) carved the runes.",de,qwen3.5-0.8B-ft_sv,"Iskrun harðar och lät resa denna run efter sig, sin fader, och de flesta av de andra."
26,[isifara · auk · k... ... ...-r · sin · hon tu i krikum],<isifara> and ... ... their … He died in Greece.,de,qwen3.5-0.8B-ft_sv,"Isifara och ... sin hon, du gjorde denna resa"
27,biarfaa : statu : sis[o] stain ¶ hakbiarn :  bruþr  ¶ ruþuisl : austain : imuar ¶ is af[a] : st[ai]n[a] : stata : aft : raf[a] ¶ su[þ] furi : ru[f]staini : kuamu ¶ uit i aifur : uifil ¶ [ba]uþ [u=m],"Hegbjǫrn raised this stone glaring (and his) brothers Hróðvísl, Eysteinn, <-muar>, who have had stones raised in memory of Hrafn south of Rofstein. They came far and wide in Eifor. Vífill bade ...",de,qwen3.5-0.8B-ft_sv,"Biarfa stenen sten efter Hagen, Brudr, Ruesvold, Is af sten efter Stade, efter Rafe, Sverge, Rysti, Gud, Uifil, Baud, Umd"
28,[turi : sati : stin : þonsi : aftir : askut : bruþur : sin : iar : barþi : iattin : þikra : i : iatustun : auk : brunia : fik : harþa : kuþan *],"Dýri(?) placed this stone in memory of Ásgautr, his brother, who lived(?) in Jǫtunstaðir(?) and Brúni, a very good valiant man.(?)",de,qwen3.5-0.8B-ft_sv,"Ture satte denna sten efter Askut, sin broder, och efter Bärte, sin fader. Iätte de iätta denna sten, och de var bra."
29,...[(n) '] uk ' ihul ' uk ' gisl ' uitr ' li... …,... and Ígull and Gísl (and) Eyndr(?) had ...,de,qwen3.5-0.8B-ft_sv,... [n] ... [ug] ... [gil] ... [u]tr ... [li] ...
30,--rþr * ris-- * kuml * þe... ... ...-aþis * o * eklanti,Þórðr raised this/these(?) monument(s) ... met his end in England.,de,qwen3.5-0.8B-ft_sv,"Rist resten efter Gud, hans søn, efter Eglant, en god man"
31,§P [katil × risti × sten × efti sin broþur : nahhar stens su- +],"Ketill raised the stone in memory of his brother Nagr(?), Harðsteinn's son.",de,qwen3.5-0.8B-ft_sv,"Göte, sten efter sin broder, de hade stenen, och de hade stenen"
32,[+ butulfr : ... : ...s...r : butuiþr : ok : iakaupr : ok : olafr : ...],Bótulfr ... ... Bótviðr and Jakobr and Ólafr ...,de,qwen3.5-0.8B-ft_sv,Bøtlfr ... ... ... ... ... ... ... ... ... ... ... ... ... ... ... ... ... ... ... ... ... ... ... ... ... ... ... ... ... ... ... ... ... ... ... ... ... ... ... ... ... ... ... ... ... ... ... ... ... ... ... ... ... ... ... ... ... ... ... ... ... ... ... ... ... ... ... ... ... ... ... ... ... ... ... ... ... ... ... ... ... ... ... ... ... ... ... ... ... ... ... ... ... ... ... ... ... ... ... ... ... ... ... ... ... ... ... ... ... ... ... ... ... ... ... ... ... ... ... ... ... ... ... ... ... ... ... ... ... ... ... ... ... ... ... ... ... ... ... ... ... ... ... ... ... ... ... ... ... ... ... ... ... ... ... ... ... ... ... ... ... ... ... ... ... ... ... ... ... ... ... ... ... ... ... ... ... ... ... ... ... ... ... ... ... ... ... ... ... ... ... ... ... ... ... ... ... ... ... ... ... ... ... ... ... ... ... ... ... ... ... ... ... ... ... ... ... ... ... ... ... ... ... ... ... ... ... ... ... ... ... ... ... ... ... ... ... ... ... ... ... ... ... ... ... ... ... ... ... ... ... ...
33,× fastbiurn × lit rita × stain × iftiR mintil × faþurR sin,"Fastbjǫrn had the stone erected in memory of Myndill, his father.",de,qwen3.5-0.8B-ft_sv,"Fostbjörn lät resa stenen efter Mjöl, sin fader"
34,§A pa=l æi(n)(a)=(r)so=n : ræist : run(a)=(r) (:) þæs...,§A Páll Einarr's son carved these runes §B ... this stone in memory of ...,de,qwen3.5-0.8B-ft_sv,"På denne sten efter Rysta, hans son, runer efter denna ..."
35,* ali : lakþi : stin : þasi : uftiR : uþu : kunu : s... ...u : harþa : kuþa,"Áli/Alli laid this stone in memory of Auða, his wife ... very good.",de,qwen3.5-0.8B-ft_sv,"Alel, Lade, sten, Värde, Udd, Kung, ... ... harde Gud, Kung"
36,--ti- + karþi × br(u) + þasi + a-tiR + hemkil + auk * siba sunu × sina,"<--ti-> made this bridge in memory of Heimkell and Sibbi, her sons.",de,qwen3.5-0.8B-ft_sv,"Gärde och Sine son, sin man, efter Hemkile, och Sibe"
37,Side A : tuki : r-... : br--... Side B ...-s-…,Tōki …,de,qwen3.5-0.8B-ft_sv,Sida tuka resa ...
38,§A ... ¶ ... §B ... ¶ …,§A ... ... §B ... …,de,qwen3.5-0.8B-ft_sv,... ... ... ... ... ... ... ... ... ... ... ... ... ... ... ... ... ... ... ... ... ... ... ... ... ... ... ... ... ... ... ... ... ... ... ... ... ... ... ... ... ... ... ... ... ... ... ... ... ... ... ... ... ... ... ... ... ... ... ... ... ... ... ... ... ... ... ... ... ... ... ... ... ... ... ... ... ... ... ... ... ... ... ... ... ... ... ... ... ... ... ... ... ... ... ... ... ... ... ... ... ... ... ... ... ... ... ... ... ... ... ... ... ... ... ... ... ... ... ... ... ... ... ... ... ... ... ... ... ... ... ... ... ... ... ... ... ... ... ... ... ... ... ... ... ... ... ... ... ... ... ... ... ... ... ... ... ... ... ... ... ... ... ... ... ... ... ... ... ... ... ... ... ... ... ... ... ... ... ... ... ... ... ... ... ... ... ... ... ... ... ... ... ... ... ... ... ... ... ... ... ... ... ... ... ... ... ... ... ... ... ... ... ... ... ... ... ... ... ... ... ... ... ... ... ... ... ... ... ... ... ... ... ... ... ... ... ... ... ... ... ... ... ... ... ... ... ... ... ... ... ... ... ... ... ...
39,+ aslagr : pr(e)str * reit * runa=r þessa=r,Áslakr the priest wrote these runes.,de,qwen3.5-0.8B-ft_sv,Asger prest rest denna runa
40,h[outi]an [* auk * asur * þair * litu *] (r)aisa * merki * þisa * at [*] (u)l[f] * faþur * sin *,"<houtian> and Ôzurr, they had these landmarks raised in memory of Ulfr, their father.",de,qwen3.5-0.8B-ft_sv,"Högön och Asur lät resa denna resa efter Ulv, sin fader"
41,§A -uki : os^a : b : r^aisþ^a : u^ar : aft : -^t-a^þ : -(i)- : nafis §B : þo : is : o(s)(i) : --- : þ^aþa^n : (a)(u)- -u^a : staina : þisa : -----,§A ... §B …,de,qwen3.5-0.8B-ft_sv,"Gudvig och Ösa reste efter Nafis, sin son. Gudvig reste också efter Sten, sin son."
42,tu-iR : resþi : sta... ... unþik : bru-ur : sin :,"Tólir/Dóttir raised the stone ... Óníðingr, his/her brother.",de,qwen3.5-0.8B-ft_sv,Ture reste denna sten efter sin broder
43,a	b	c	d	e	f	g	h	i	k	l	m	n	o	p	r	s	t	u	v	y	.	þ	.	.	.,a	b	c	d	e	f	g	h	i	k	l	m	n	o	p	r	s	t	u	v	y	.	þ	.	.	.,de,qwen3.5-0.8B-ft_sv,"Aa, B, C, D, E, G, H, I, K, L, M, N, O, P, R, S, T, U, V, Y."
44,× þorkis[l] -uk × þorstin auk × uibiarn × auk × olifr × --tu × raisa × stin × eftiR × þorbiarn × faþur × sin,"Þorgísl and Þorsteinn and Vébjǫrn and Óleifr had the stone raised in memory of Þorbjǫrn, their father.",de,qwen3.5-0.8B-ft_sv,Torkis-ug þorstind og Uibarn og Olifr -tore resa denna sten efter Torbjörn sin
45,[kalukR lit × risa × stn × þina × iftR × siba · boanta sin × koes...--... faþur · s¶in han fal · s... ¶ keþfrekr],"<kalukR> had this stone raised in memory of Sibbi, her husbandman ... her father. He fell south(?) …",de,qwen3.5-0.8B-ft_sv,"Kaluk lät resa stenen efter Sibae, sin son, och de fader och sin fader."
46,§A + tak ' hiR krist * (e)yratr * hafir * kart ' klukhera * sun ' amen,"§A Thank-you(?), Lord(?) Christ. Eyrhvatr(?) has made, son of the organist. Amen. §B Jubilant.",de,qwen3.5-0.8B-ft_sv,"Tack, här Krist, efter Haffir, klagar efter Klughera, som är min"
47,§A d=um * das : ka=rus * e=ris : da=re : des--,"§A As long as you give, you will be held dear; if you abandon giving, §B you will be despised.",de,qwen3.5-0.8B-ft_sv,"Dædem, de Rige, deres fader"
48,[× aist]r × lit × [ra... ... ... suart×haufþa × faþur] ...,"Eistr had … raised in memory of Svarthǫfði, his father.",de,qwen3.5-0.8B-ft_sv,"Aist lät resa denna stund efter Svarthög, sin fader"
49,bosi : tlhi ¶ kirki ¶ bosi : ta=lh`þ´i sten ¶ til skatma ¶ kirkiu,Bósi shaped the church. Bósi shaped the stone for the church of the inhabitants of Skatelöv.,de,qwen3.5-0.8B-ft_sv,"Boise triggjer denna sten efter Sten, en sten från Skatman, sin sten efter Gud."
50,baki : fulk(s)tin þiR : raisþu : stin : þan:si : at : faþur : sin kitilhafþa þ=r=u=t=a=R= =þ=i=a=k=n uit,"Banki/Baggi (and) Folksteinn, they raised this stone in memory of their father Ketilhǫfði, a Þegn of strength. ...",de,qwen3.5-0.8B-ft_sv,"Bäke fulkes sten resa denna sten efter Faudur sin kätelhag, där han hade gjort ut"
51,riuiþr : risiþ : sti : þasi : auftiR : kirm : su : sin : miuk : kuþan : trik :,"<riuiþr> raised this stone in memory of Grímr, his son, a very good valiant man.",de,qwen3.5-0.8B-ft_sv,"Rige reste reste stenen, efter Krim, sin son, och Gud, triken"
52,auþa : auk : ika * auk * erintis * þriþi * hafa * muþk-... -þ um * karua * stain ra--... itiR * suain * faþur : sin * auk * at kuþfast * bruþr * sin * han uaR : sun : auþuR,"Auða and Inga and Erindís as the third, the mother and daughters have (achieved) the feat of making and raising(?) the stone in memory of Sveinn, their father, and in memory of Guðfastr, their brother. He was Auða's son.",de,qwen3.5-0.8B-ft_sv,"Auga och ikke och efter Erins, den hände denna sten, som reste sin fader, och hans broder. Sun, sin son, hade denna sten."
53,...--- × lagþu × s... …,... laid the stone ...,de,qwen3.5-0.8B-ft_sv,... ... ... ... ... ... ... ... ... ... ... ... ... ... ... ... ... ... ... ... ... ... ... ... ... ... ... ... ... ... ... ... ... ... ... ... ... ... ... ... ... ... ... ... ... ... ... ... ... ... ... ... ... ... ... ... ... ... ... ... ... ... ... ... ... ... ... ... ... ... ... ... ... ... ... ... ... ... ... ... ... ... ... ... ... ... ... ... ... ... ... ... ... ... ... ... ... ... ... ... ... ... ... ... ... ... ... ... ... ... ... ... ... ... ... ... ... ... ... ... ... ... ... ... ... ... ... ... ... ... ... ... ... ... ... ... ... ... ... ... ... ... ... ... ... ... ... ... ... ... ... ... ... ... ... ... ... ... ... ... ... ... ... ... ... ... ... ... ... ... ... ... ... ... ... ... ... ... ... ... ... ... ... ... ... ... ... ... ... ... ... ... ... ... ... ... ... ... ... ... ... ... ... ... ... ... ... ... ... ... ... ... ... ... ... ... ... ... ... ... ... ... ... ... ... ... ... ... ... ... ... ... ... ... ... ... ... ... ... ... ... ... ... ... ... ... ... ... ... ... ... ... ... ... ... ...
54,a=u=æ ÷ maria ÷ iæssus + {ANNO : DOMINI : MO : CCCO : XLO : QUINTO : DECIMO : SEPTIMO : KLAS : AUGUSTI : CURATO : ECCLEIE : DOMINO : OLAUO : TUTORIBUS : ECCLEIE : GEDSTAUO : ET : NICHOLAO : HAQUINUS : FUDIT : HANC : CAMPANAM : MAGNO : REGE : SUECIE : DNO : SIGGONE : EPISCOPI : SCARENSI} : +,Ave Maria Jesus. {Anno domini millesimo trecentesimo sexagesimo quinto decimo septimo kalendas augusti curato ecclesiae domino Olauo tutoribus ecclesiae Gedstauo et Nicholao Haquinus fudit hanc campanam Magno rege Sueciae domino Siggone episcopo Scarensi.},de,qwen3.5-0.8B-ft_sv,"Ave Maria, Jesus, Anno Domine, Mo, Ccco, Xlo, Quinto, Decimo, Septimo, Klas, Augusti, Curato, Ekklesi, Domino, Olauno, Tutoribus, Ekklesi, Gedstauo, Et Nicolao, Haquinus, Fudit, Hanc, Campanam, Magnum, Regem, Sueci, Dnoga, Siggone, Epscopis, Scarensis."
55,osfriþr : risþi : stin : þonsi : eftiR : osgiR : hrþa : kuþan : trek : buta * sin,"Ásfríðr raised this stone in memory of Ásgeirr, her husbandman, a very good valiant man.",de,qwen3.5-0.8B-ft_sv,"Osfrør reste denna sten efter Osger, hans broder, Gud, sin broder"
56,§A + esse krucem tomini fugite pa=rtes atu=erse : uicit leo * de tribu iuta ratiks ta=uit,"§A Behold the cross of the Lord; flee, you hostile powers. The lion of the tribe of Juda, the root of David, has conquered. §B Four letters on the forehead-plate that Aaron bore on his forehead, Jesus Christ. §C Mark, Matthew, Luke, John. §D Tetragrammaton. Alpha and Omega.",de,qwen3.5-0.8B-ft_sv,"Ese grektem tomme fägte på resten av Ose, de deftere, de tråde i Tjåta, och de lät rätts"
57,§A f... ¶ ...ku-... ¶ ...-kas--... ¶ ...-kh--...,§A ... ... ... ... §B ...,de,qwen3.5-0.8B-ft_sv,Gud ... ... ... ... ... ... ... ... ... ... ... ... ... ... ... ... ... ... ... ... ... ... ... ... ... ... ... ... ... ... ... ... ... ... ... ... ... ... ... ... ... ... ... ... ... ... ... ... ... ... ... ... ... ... ... ... ... ... ... ... ... ... ... ... ... ... ... ... ... ... ... ... ... ... ... ... ... ... ... ... ... ... ... ... ... ... ... ... ... ... ... ... ... ... ... ... ... ... ... ... ... ... ... ... ... ... ... ... ... ... ... ... ... ... ... ... ... ... ... ... ... ... ... ... ... ... ... ... ... ... ... ... ... ... ... ... ... ... ... ... ... ... ... ... ... ... ... ... ... ... ... ... ... ... ... ... ... ... ... ... ... ... ... ... ... ... ... ... ... ... ... ... ... ... ... ... ... ... ... ... ... ... ... ... ... ... ... ... ... ... ... ... ... ... ... ... ... ... ... ... ... ... ... ... ... ... ... ... ... ... ... ... ... ... ... ... ... ... ... ... ... ... ... ... ... ... ... ... ... ... ... ... ... ... ... ... ... ... ... ... ... ... ... ... ... ... ... ... ... ... ... ... ... ...
58,Side A ...(k)hniistmlR Side B n,[fuþor]khn[ia]s[tb]lmR …,de,qwen3.5-0.8B-ft_sv,Siden A och Siden B
59,iþinui ' uk ' austain ' uk ' ulfr ' uk * ol(a)[fr * litu * raisa * s]tain * iftiR hal(f)tan faþur sin,"Heðinvé and Eysteinn and Ulfr and Ólafr had the stone raised in memory of Halfdan, their father.",de,qwen3.5-0.8B-ft_sv,"Ingen och Ävstund och Ulfr och Olv, hans fader, reste denna sten efter Halvand, sin fader"
60,...-ta : bain : uas * (i)-(u)--...,This bone was ...,de,qwen3.5-0.8B-ft_sv,...-tän båna vass (i) ...
61,§A (b)isi * sati : st[(n)] : þisi : iftiR : þurkut : u----þi : faþur,"§A Bisi placed this stone in memory of Þorgautr ... his father. §B And Gunna, both. Thistle, mistletoe, casket.",de,qwen3.5-0.8B-ft_sv,"Sade reste denna sten efter Torvott, sin fader"
62,× ilturi × lit × raisa × stin × eftiR × sukiR × faþur × sin × kuþ × hialbi * ant * ahns ×,"<ilturi> had the stone raised in memory of Siggeirr/Seygeirr, his father. May God help his spirit.",de,qwen3.5-0.8B-ft_sv,"Gudvig lät resa stenen efter Sök, sin fader, och Gudhjalb, hans hustru"
63,§A · anut · ... ...-n · sin · uk ifti(R) ... ...þa ·,ENG: Ônundr ... his son and in memory of ... ... his => §A Ônundr ... his son and in memory of ... ... §B ... …,de,qwen3.5-0.8B-ft_sv,... sin efter sin
64,+ kuþluk * lit ... ... ... ...a × sun * sin * auk * at * sik * sialfa * han * to * a lank*barþa*l--ti *,"Guðlaug had the stones raised in memory of Holmi, her son, and in memory of herself. He died in Lombardy.",de,qwen3.5-0.8B-ft_sv,Gudluk lät ... sin och de sig själva han till en länkbärde
65,[anuntr ' uk ' þorbiarn ' li-u * rita sitn yftiR * katelmunt * bruþur],"Ǫnundr and Þorbjǫrn had the stone erected in memory of Ketilmundr, (their) brother.",de,qwen3.5-0.8B-ft_sv,"Antrvög och Torbjörn lät sätta denna sten efter Katelmunt, Bruderna"
66,§A þa : ræist : mik : oa=k : ræisti ¶ [: a]mundi : o=rmstæins:a:sun : a : sot=range,§A Ámundi Ormsteinn's son of Sótrangr carved and raised me then. §B The border-mark is from here east into Langaforsinn. §C fir §D ...,de,qwen3.5-0.8B-ft_sv,"Göðar reste mig och reste mig denna mjuka mand, som reste denna stenen, och reste denna sten"
67,... : þensa : iftir : eskil : (b)(r)-(þ)... …,"... this in memory of Áskell, brother …",de,qwen3.5-0.8B-ft_sv,"... efter Eskil, hans broder ..."
68,+ suain + auk + biarn × auk × ikulfastr × litu × raisa × stin × eftiR × ikul × faþur × sin ×,"Sveinn and Bjǫrn and Ígulfastr had the stone raised in memory of Ígull, their father.",de,qwen3.5-0.8B-ft_sv,"Sven och Björn och Ikelfaste lät resa stenen efter Ikel, sin fader"
69,[+ hkir : rullis : raneulfr : sniaual... ...],Here rests(?) Randulfr(?) Snjóvaldr's ...,de,qwen3.5-0.8B-ft_sv,"Hekr, Rullis, Raneulfr, Snieual ..."
70,stifatr : sati : stin : þani : efti(r) …,Styfjaldr(?) placed this stone in memory of ...,de,qwen3.5-0.8B-ft_sv,Stifat satte sten efter denna sten
71,[hulRstan : lit : kera : mer-... ...lf sun sin *],Holmsteinn had the landmark made ... his son.,de,qwen3.5-0.8B-ft_sv,Hulstän lät göra mer... sin ...
72,auþbiarn : lit : reisa : stein : ...----... hialbi sialu * has,Auðbjǫrn had the stone raised ... May (God) help his soul.,de,qwen3.5-0.8B-ft_sv,Aubibärn lät resa stenen ... ... halet sigl ...
73,rehinmoþ : læt * gæra : hualf : ifir * gunnar : æsbeorna=r * so=n : ¶ {HARALDVS : ME : FECIT : MAHISTER ¶ REGINMOT * LET * GERA * HVALF :¶ IFIR : GVNNAR : ESBEORNAR : SON},Reginmóð had the vault made over Gunnarr Ásbjǫrn's son. {Haraldus me fecit magister. Reginmóð had the vault made over Gunnarr Ásbjǫrn's son.},de,qwen3.5-0.8B-ft_sv,"Reginmöt lät göra denna gård efter Gunnar, hans son. Harald, hans man, fick magistret."
74,a	b	c	t	e	f	g	h	i	k	?	m	n	o	k	m	r	s	d	u	X	?	þ,a	b	c	t	e	f	g	h	i	k	?	m	n	o	k	m	r	s	d	u	X	?	þ,de,qwen3.5-0.8B-ft_sv,"Gudvig, en man, som ligger i Guden, efter Gudvig, som ligger i Guden"
75,[(u)tar : auk : -... ... ...þis : a=ustr × ...uk-ma],Óttarr and ... ... met his end in the east ...,de,qwen3.5-0.8B-ft_sv,Tär och ... denna sten efter Ugmund
76,* kiarþar + auk * ioruntr * lata ' reisa * þisa * steina * eftir * systur*suni * sina * irnmunt : auk ' ikiunt *,Gerðarr and Jǫrundr have raised these stones in memory of their sister's sons Ernmundr and Ingimundr.,de,qwen3.5-0.8B-ft_sv,"Kiarþar och Örtrund lät resa denna sten efter sin man, och ikvint"
77,kun(t)(k)el : sati : sten : þansi : eftiR : kunar : faþur : sin : sun : hruþa : halgi : lagþi : han : i : sten:þr : bruþur : sin : a : haklati : i : baþum,"Gunnkell placed this stone in memory of Gunnarr, his father, Hróði's son. Helgi laid him, his brother, in a stone coffin in Bath in England.",de,qwen3.5-0.8B-ft_sv,"Kunkel satte denna sten efter Kunnar, sin son, och Halg, hans broder. Han lade sin broder sin huggare. Han hade en broder."
78,[sihtia]rf ' auk humbiurn ' [auk þur](b)iurn ' þiR lit[u] r[i](t)a stin þino auk b[ru * kira at iu]n faþur * [sin],"Sigdjarfr and Holmbjǫrn and Þorbjǫrn, they had this stone erected and the bridge made in memory of Jón, their father.",de,qwen3.5-0.8B-ft_sv,Sigher och Hembjörn och Törbjörn lät stenen stenen göra sin broder Krika efter sin fader
79,...[r + kiarþi + kuml + þasi ·] -ftiR + kum... ...-a...-...[n +] ¶ ...----------…,... made these monuments in memory of Gummi(?) ... …,de,qwen3.5-0.8B-ft_sv,"...Riger och Gumm, de fader, var denna man ..."
80,d	e	g	g	p	c|z	?	?	?,d	e	g	g	p	c/z	?	?	?,de,qwen3.5-0.8B-ft_sv,de gög gög þe þi
81,+ uibaurn + risti + stin + þasa + aftiR + þurkiR + bruþur + sin,"Vébjǫrn raised this stone in memory of Þorgeirr, his brother.",de,qwen3.5-0.8B-ft_sv,"Uibadrun reste stenen efter Torke, sin broder"
82,§A (f)uþ sinniþik §B i guþ gæti ' (i)tþ(i)inatui--i guþ,§A cunt(?) ... §B ... May God protect ... God,de,qwen3.5-0.8B-ft_sv,"Sanna stenen, Gud, gät denna sten efter Götting, sin son"
83,...fi... ...(k)þu : yfiR : mu…,... laid over ...,de,qwen3.5-0.8B-ft_sv,...fär ... (g)ud ... mör ...
84,§P kuþbirn : uti : þaiR r(a)isþu : stan þansi : at : kuþmar : f(a)þur : sin : stuþ : triki:l(a) : i · stafn skibi : likR uistarla uf huln sar tu :,"§P Guðbjǫrn (and) Oddi, they raised this stone in memory of Guðmarr, their father. He who died stood valiantly in the staff of the ship; (now) lies inhumed in the west. §Q Guðbjǫrn (and) Oddi, they raised this stone in memory of Guðmarr, their father. Stood valiantly in the staff of the ship; lies inhumed in the west, ...",de,qwen3.5-0.8B-ft_sv,"Göðbörn var denna resa efter Gömdar, sin fader, och hans stenen."
85,stein * þænnna * gærðe * ¶ botolfr * steinmeist=aræ,Bótulfr the stonemaster made this stone.,de,qwen3.5-0.8B-ft_sv,Tjennne gårde godt efter stenmesæder
86,ormiga : ulfua-r : krikiaR : iaursaliR (:) islat : serklat,"Ormika, Ulfhvatr(?), Greece, Jerusalem, Iceland, Serkland.",de,qwen3.5-0.8B-ft_sv,"Ömögiga och Ulvör, deras gräser, lät städa efter Särkel, en sten"
87,-ikfastr : ak × une... ... ...a × eftiR × iluka × fþu... ...,"Sigfastr and Ónæmr ... ... in memory of Illugi, (their) father …",de,qwen3.5-0.8B-ft_sv,"Jegfæst er en ... ... ... efter Elv, en mycket väl ..."
88,§A ... ...ina : ok (l)... (þ)ena,§A ... stones and ... this §B had made ...,de,qwen3.5-0.8B-ft_sv,... ... sina och l... denna sten
89,§A þurstin × uk × ragnfriR × þu (r)(i)stu × stin × þina × iftiR × (b)iur[n] × i krnbu,"§A Þorsteinn and Ragnfríðr, they raised this stone in memory of Bjǫrn in Granbýr, §B Kalfr's brother. Vígmundr slaughtered him. May God help his spirit and soul better than he deserved.",de,qwen3.5-0.8B-ft_sv,"Særgven og Ragnfreds son, den stenen efter Bjørn, sin bror, er en krønne"
90,fraybiarn : auk : kuþrun : þau : ritu : stain : at * romunt * sun * sin * snialan * haiR * at * marhu * roþkais * broþiR * kuþ * hialbi * antu * ybiR * hiok runaR [iRma : k],"Freybjǫrn and Guðrún, they erected the stone here as a landmark in memory of Hróðmundr, their able son, Hróðgeirr's brother. May God help (his) spirit. Œpir cut the runes ... ...",de,qwen3.5-0.8B-ft_sv,"Frybjarn och Gudrun reste denna sten efter Rom, sin son, Snialand, den mycket välbrade broder, och Gud, hans hustru, var mycket välbrade."
91,a	b	c	d	e	f	g	h	i	k	l	m	n	o	p	r	s	t	u	.	y	.	þ	æ	ø	.,a	b	c	d	e	f	g	h	i	k	l	m	n	o	p	r	s	t	u	.	y	.	þ	æ	ø	.,de,qwen3.5-0.8B-ft_sv,"Gud ...
</think>

 Gud ...### Instruction:
Übersetze die folgende altnordische/Runen-Transliteration ins Deutsche.
Gib NUR die deutsche Übersetzung aus. Keine Labels, Erklärungen oder zusätzlichen Text.

### Input:
a	b	c	d	e	f	g	h	i	k	l	m	n	o	p	r	s	t	u	.	y	.	þ	æ	ø	.

### Response:
Gud ...
### Instruction:
Translate the following transliteration from Old Norse into German.
Gib NUR die deutsche Übersetzung aus. Keine Labels, Erklärungen oder zusätzliche Texte.

### Input:
þa...b...r...s...t...u...þ...æ...ø...

### Response:
Töde ...### Instruction:
Translate the following transliteration from Old Norse into German.
Gib NUR die deutsche Übersetzung aus. Keine Labels, Erklärungen oder zusätzliche Texte.

### Input:
þa...b...r...s...t...u...þ...æ...ø...

### Response:
Töde ...
### Instruction:
Translate the following transliteration from Old Norse into German."
92,* þurkiR : resþi : kuml : þusi : eftiR : onut : konb : faþur : sin :,"Þorgeirr raised these monuments in memory of Ônundr Moustache, his father.",de,qwen3.5-0.8B-ft_sv,"Torki reste denne Gud efter Onut, sin fader"
93,þtæ : ska^rfa^þi : ulæf : fa^rby^nsun,Olafr/Oleifr Farbjǫrnsson joined this together.,de,qwen3.5-0.8B-ft_sv,Skrifte luf efter Farbyns son
94,§PA ÷ ilon ÷ (æ)(l)rikum : nonim ÷ ilon ¶ illy : þ : ilon : r : br * sabaot : zion,§PA Elon ... ... Elon ... ... Elon ... ... Sebaoth Zion §PB Elion ... Adonai lux(?) ... grammaton Sebaoth(?) Michael Gabriel §PC Rafael. §QA Elon ... ... Elon ... ... Elon ... ... Sabaoth Zion(?) §QB Elion ... Adonai lux tetragrammaton Sadai(?) Michael Gabriel §QC Rafael.,de,qwen3.5-0.8B-ft_sv,"På lög och lögrikum, den som lög, och lög, och lög, och lög, och lög, och lög, och lög, och lög, och lög, och lög, och lög, och lög, och lög, och lög, och lög, och lög, och lög, och lög, och lög, och lög, och lög, och lög, och lög, och lög, och lög, och lög, och lög, och lög, och lög, och lög, och lög, och lög, och lög, och lög, och lög, och lög, och lög, och lög, och lög, och lög, och lög, och lög, och lög, och lög, och lög, och lög, och lög, och lög, och lög, och lög, och lög, och lög, och lög, och lög, och lög, och lög, och lög, och lög, och lög, och lög, och lög, och"
95,[asfriþ --- hakua × stan × at × tierf * sun * sin * nasi * at * broþur * sin likbiarn hiak + merki],"Ásfríðr had the stone cut in memory of Djarfr, her son; Nasi/Nesi in memory of his brother. Líkbjǫrn cut the landmark.",de,qwen3.5-0.8B-ft_sv,"Svärf och Sten, de stenar, sin son, och hans broder, ligger här efter sin mor."
96,...-m : bruþ(i)m : ...(a)im : raist- : kumbl : þitsi : (a)-... | ... (u)k : afteR : as--l : bruþuR : sin : guþ : hi…,"... Bróðir, they raised this monument ... and in memory of Áskell, their brother. God help …",de,qwen3.5-0.8B-ft_sv,"...m, Brudt, ... reste, kom med ... ... efter Asl, Brudt, sin Gud, og ..."
97,Side A ... -(æ)þ-(-)ti-us : (a)-...--... | ... : os : ræh(n)aþ : k(r)... | ...-...(l)(i)(s)l(æ)i : --ks(i) ... Side B ...þ-(-)t...i... | ...-s : ræh... | ...-(s)l(æ)i : -…,... {os} regnat Christus(?) ... regnat(?) …,de,qwen3.5-0.8B-ft_sv,Sade ... (e)de ... Os ... Ræh ... (K)er ... (L)ids ... (S)ide ... (B)er ... (S)lade ... (S)lade ...
98,* austin * risþi * stin * ayftiR * kata * frita * sin *,"Eysteinn raised the stone in memory of Káti/Gaddi, his kinsman.",de,qwen3.5-0.8B-ft_sv,"Austen reste denna sten efter Greta, sin broder"
99,hake ÷ beanar÷sun ÷ a mik ÷ suæn ÷ os-(u)-dar÷sun ÷ slo ÷ mik ÷ osofar ÷ ræs÷t ÷ mik ÷ auk ÷ læiste ÷ oþesndhen ÷ nesta ÷ eptir ÷ olafs÷foku ÷ a seta ÷ are ÷ rikes ÷ f(o)s ÷ firþulhs ÷ hæra ÷ mahnusar ÷ norihs ÷ konohs,"Haki Bjǫrn's son owns me, Sveinn Ásmundr's son hammered me, Ásulfr carved and read me on the first Wednesday after Ólafr's-vigil in the sixth year of the reign of our worthy Sire Magnús, King of Norway.",de,qwen3.5-0.8B-ft_sv,"Hage, denne man, som var osdader, sliver efter mig, efter Olsaf, den gode. Han er ridder."
100,birla : sati : ... | ... : iftiR : tuka | mak : sin …,"Birla placed (this stone?) in memory of Tóki, his/her kinsman-by-marriage.",de,qwen3.5-0.8B-ft_sv,"Berglæste ... efter Tugad, sin man"
1,* aystin * auk * astriþr * raistu * stina * aftir * kak * sun * sin *,"Östen och Estrid reste stenarna efter Gag, sin son",sv,qwen3.5-0.8B-ft_sv,"Åstun och Åstrid reste denna sten efter Kåk, sin son"
2,eskil : sulka : sun : let : res(a) ¶ sten : þena : eft : sialfan ¶ sik * e mun * stanta * meþ * sten ¶ lifiR * uitrint * su * iaR * uan * eskil kristr * hialbi * siol * hans ¶ aok * santa * migael toki * risti * runaR * e(f)(t)(i)(R) (*) -(o)ru * ¶ stiubmoþur * sina * kunu * koþa,"Eskil, Sulkes son, lät resa denna sten efter sig själv. Alltid må stå, medan stenen lever, denna minnesskrift, som Eskil gjorde. Kristus hjälpe hans själ och Sankt Mikael.
Toke ristade runorna efter Tora, sin styvmor, en god kvinna.",sv,qwen3.5-0.8B-ft_sv,"Eskil slade denna sten efter Sialfana, som stände med min sten. Livi utrinten efter Sven, en kristn. Hållbi, hans syster, hjälpe sin man."
3,iskil : auk : knauþimanr : raistu : stain : þansi : at : bruþur : sin : suera : as : uarþ : tauþr * o * eklanti kuml * kiarþu : þatsi [: ki]til  [s](b)[akR],"Eskil och Gnödigmand reste denna sten efter sin broder Sverre, som dog i England. Detta minnesmärke gjorde Kättil och Spak.",sv,qwen3.5-0.8B-ft_sv,Iskel och Gunnar stenen reste denna sten efter Sveriges söner. Ockel och Klum är deras fader.
4,₫orka- ' -(u)- ' -(u)--- ' (b)(r)(a)n(t)(r) ' ---... n-...- ' ... ' ybir ' risti,Torkel och ... Brand ... Öpir ristade,sv,qwen3.5-0.8B-ft_sv,Övja denna sten efter denna resa
5,[i-rkiorþ · lit · raisa · stain] · at ' anut ' faþur · sin [auk at ...tau-...] moþur sina · kuþ · hiebi · sal · þair-,"... lät resa stenen efter Anund, sin fader , och efter ... sin moder. Gud hjälpe deras själar.",sv,qwen3.5-0.8B-ft_sv,"Örsjö lät resa denna sten efter Anut, sin fader, och efter denna mor, sina kung. Hade hjälpa till med denna."
6,× kilauk × aiki × nefs × totiR × lit × raisa × stin × iftiR × trakmal × muþur×faþur × sin ×,"Gillög, Ekinevs dotter, lät resa stenen efter Dragmal, sin morfar.",sv,qwen3.5-0.8B-ft_sv,"Kiluk och Nef är de födda lät resa stenen efter Trakmal, sin mor."
7,sihuastr ' uk ' bratr ' uk ' uikitil elha ' lit ' rita stin iftiR ' anhuit ' sun ' sin ' sum '  tauþr '  huita'huaþum ' (k)ristr ' ialbi ' sial ' antuita,"Sigvast och Brand och Vikättel. Helga lät resa stenen efter Andvätt, sin son, som dog i vita vader. Krist hjälpe Andvätts själ.",sv,qwen3.5-0.8B-ft_sv,"Sigha struk och Bratr och Uviktil elde lät rita sten efter Anhuit, sin son. Tade huggade hans Gud. Kristel, säll, antade."
8,aterfr * ... [* fuluki * lit(u)] * res... ... * eftiR * uiterf ' faþur [sin ...arm(i)lr * fals]...,"Ådjärv och Fulluge lät resa stenen efter Vidjärv, sin fader ...",sv,qwen3.5-0.8B-ft_sv,"Återfräva ... fullviken ... reste ... efter Uteff, sin fader. ..."
9,kilinR : r(e)isti ...(u)þur : sin : kuþ : hiabi : s(i)ol : has :,Gilling reste ... sin broder. Gud hjälpe hans själ.,sv,qwen3.5-0.8B-ft_sv,"Källar reste denna sten efter Gud, sin broder. Han hade själva sin broder."
10,asgautr : raisti : stin : þena : ... ...(r)(l) : faþur : sin × fostra : arna,"Åsgöt reste denna sten efter ... sin fader, Arnes fosterbroder",sv,qwen3.5-0.8B-ft_sv,"Åsgautr reste denna sten efter Fådar, sin fader."
11,: auþkil : uk : suin : karþu : kuml : þusi : RftiR : oskut : hlu : faþur :: sin : kuþan : þRkn :,"Ödkel och Sven gjorde detta minnesmärke efter Åsgöt , sin fader, en god man",sv,qwen3.5-0.8B-ft_sv,Åvel och Sven var karlar. Gud hjälpe sin fader.
12,[klintr auk blikr × ristu stin × þinsi * iftiR kunu(i)þ] × faþur × sin + han [× foR bort miþ (i)kuari + kuþ trutin hialbi ont ...](r)[a *] kristin[a þu]r[iR + --an- × ri]s[ti +],"Klint och Blek reste denna sten efter Gunnvid, sin fader. Han for bort med Ingvar. Gud drotten hjälpe alla kristnas ande. Tore ristade runorna.",sv,qwen3.5-0.8B-ft_sv,"Klintr och Björk reste stenen efter Kunnug, sin fader. Han föddes bort mig, och trötts min grävd. Kristin var deras son."
13,...[(u)](a)i- × [(a)]uk × ulf- litu × raisa × stai-(a) × e(f)tiR × hlftan * auk * eftiR × kunar × bryţr × sina × ţaiR * antaţus × aust... ...(u)m,"Sven och Ulv lät resa stenarna efter Halvdan och efter Gunnar, sina bröder. De dog österut ...",sv,qwen3.5-0.8B-ft_sv,"... [ ] och Ulf lät resa stenen efter Hlätton, hans son. Han var en mycket bra man. Han hade många broder."
14,+ a-... ... ...- + ra---u + stain + eftir haruk + bruþur + sin + in + rakn-... ... ...anta + sin + auk + at suni + ... ... ... ...ar þisi,"... reste stenen till minne av Haruk, deras broder, och Ragnhild [?] sin make och efter [deras] söner ... dessa runor",sv,qwen3.5-0.8B-ft_sv,... ... ... ... ... ... ... ... ... ... ... ... ... ... ... ... ... ... ... ... ... ... ... ... ... ... ... ... ... ... ... ... ... ... ... ... ... ... ... ... ... ... ... ... ... ... ... ... ... ... ... ... ... ... ... ... ... ... ... ... ... ... ... ... ... ... ... ... ... ... ... ... ... ... ... ... ... ... ... ... ... ... ... ... ... ... ... ... ... ... ... ... ... ... ... ... ... ... ... ... ... ... ... ... ... ... ... ... ... ... ... ... ... ... ... ... ... ... ... ... ... ... ... ... ... ... ... ... ... ... ... ... ... ... ... ... ... ... ... ... ... ... ... ... ... ... ... ... ... ... ... ... ... ... ... ... ... ... ... ... ... ... ... ... ... ... ... ... ... ... ... ... ... ... ... ... ... ... ... ... ... ... ... ... ... ... ... ... ... ... ... ... ... ... ... ... ... ... ... ... ... ... ... ... ... ... ... ... ... ... ... ... ... ... ... ... ... ... ... ... ... ... ... ... ... ... ... ... ... ... ... ... ... ... ... ... ... ... ... ... ... ... ... ... ... ... ... ... ... ... ... ... ... ... ... ...
15,ulfr * uk uikil + uk syrkil * þa... ...- stain * þina i(f)(t)iR ayt--u faþur sin ku*þ (h)ia[lbi] a-t,Ulf och Vikel och Syrkel de .. denna sten efter ... sin fader. Gud hjälpe anden,sv,qwen3.5-0.8B-ft_sv,Ölfr och Uikil och Syrkil reste denna sten efter Färdur sin kung.
16,+ hialmuiþr + raisti + stain + at * þorkut + sun sn + amuti + risti + runar +,"Hjälmvid reste stenen efter Torgöt, sin son. Amunde ristade runorna.",sv,qwen3.5-0.8B-ft_sv,"Hjalmugård reste denna sten efter Torquist, sin son, som reste runar"
17,+ þæ(t)(t)a · hus · er · u... kt · dt^rotne · ua^ro... o^k mo^ðo^r · ha^ns · ma^riu a^k pet^re postola,Detta hus är vigt åt vår Herre och hans moder Maria och Petrus aposteln,sv,qwen3.5-0.8B-ft_sv,Huset är en gård efter det som gjorde denna resa. Han har mycket goda och mycket goda postrar.
18,otrukr * ahmuntr : sihraifr : þaiR : litu : hakua : stain : at : bofa : faþur : sin * snialan *,"Otrygg, Agmund, Sigrev, de lät hugga stenen efter Bove, sin fader klok",sv,qwen3.5-0.8B-ft_sv,"Ötrog och Ähmund reste denna sten efter Holv, sin son."
19,...mikR * lit * hkua * stain iftR s-... sin koþan,[Hä]ming lät hugga stenen efter sin gode [son],sv,qwen3.5-0.8B-ft_sv,... min lät hjälpa denna sten efter sin kogn
20,ikifastr ' lit ' raisa ' stain * uk ' bro ' kera ' eftiR ' iarlabaka ' faþur ' s[in ' uk ' sun ' io]runa ' uk ' ketilau lit ' at ' bonta ' sin ybir risti,"Ingefast lät resa stenen och göra bron efter Jarlabanke sin fader och Joruns son, och Kättilö lät [resa stenen] efter sin man. Öpir ristade",sv,qwen3.5-0.8B-ft_sv,"Jag lät resa stenen efter Iarlabaka, sin fader, som hade runna i Sverige. Jag reste sin broder."
21,ra(h)nfriþr ' lit rasa stain þino ' aftiR biurn * sun þaiRa * kitilmun(t)aR ' kuþ mialbi hons (a)nt auk| |kuþs (m)uþiR hon fil a uirlanti * in osmuntr markaþi,"Ragnfrid lät resa denna sten efetr Björn, hennes och Kättilmunds son. Gud och Guds moder hjälpe hans ande. Han föll i Virland. Och Åsmund ristade.",sv,qwen3.5-0.8B-ft_sv,"Rörfri lät resa stenen efter Björn, sin fader, och Kilmund, hans mor. Gud hjälpe honom. Han filade i sin resa."
22,ma=ria : ilYihi-- ¶ iY i(Y)a=nis fa=þi(i)(r) ¶ (-)isu tius (*) mius ilYi ¶ Yk sunr Yk anti,"Maria, Eloihim, Johannes, Johannes fader, Jesus, min Gud, Eloi och sonen och anden",sv,qwen3.5-0.8B-ft_sv,"Märja efter Ilihi, sin fader. Tids minnesmärket. Denna resa var den bästa resa."
23,þuri × risþi stn × þansi iftR × þuriuþ × faþur si(n),"Tore reste denna sten efter Torvid, sin fader",sv,qwen3.5-0.8B-ft_sv,"Tore reste denna sten efter Tore, sin fader"
24,: sluta : reisþi : s(t)ein : þena : eftiR : esbiurn : felaga : sin : auk : karþi : bru : þesi,"Sluta reste denna sten efter Esbjörn, sin bolagsman",sv,qwen3.5-0.8B-ft_sv,"Således reste Stein efter Esbjörn, sin fader, och hans karl."
25,[: sbak]R (:) le[t] : kerua : kuml : eftiR : suni : sina : suen : auk * rymik,Spak lät göra minnesmärket efter sina söner Sven och Röming,sv,qwen3.5-0.8B-ft_sv,"Såbjör lät resa denna kolon efter sin son, som var en mycket rimlig person."
26,ulafR : sati : stin : þansi : eftiR : siba : sun : sin,"Olov satte denna sten efter Sibbe, sin son",sv,qwen3.5-0.8B-ft_sv,"Olaf satte denna sten efter Sib, sin son"
27,kuþr... ... (f)aþur sin * fur * hfila * hn * til * iklans * kuþ halbi * sil hns,Gudr ... sin fader. Han for manligen till England. Gud hjälpe hans själ.,sv,qwen3.5-0.8B-ft_sv,"Gud och Gud, deras fader, hjälpe till i Klans Gud. Han hjälpe till hans Gud."
28,hulfr · uk · uþulfr ' li(t)... ...,Ulv och Ödulv lät ...,sv,qwen3.5-0.8B-ft_sv,Hulfr och Ulfr lät ...
29,faþiR : lit : hukua : runaR : þisi : uftiR : osur : bruþur : sin : is : nur : uarþ : tuþr : i : uikiku :,"Fader lät hugga dessa runor efter Asser, sin broder, som dog i norr i viking.",sv,qwen3.5-0.8B-ft_sv,"Fäster lät göra runa efter Osur, sin son. Han var en mycket god man."
30,...rti : le(g)iR : koþ(r) : ---... ...-na : has : lit : rist : kuml : a- : (k)aiRielmR : ... : ainika : sun : þaiRa ·: trabu : leybika- : ... ...naR : at : feþrka : baþa : kuþ : -(e)... ...,"... god läkare[?] ... hans hustru lät rista/resa minnesmärket efter Gairhjälm ... deras ende son
dräpte lybeckare ... stenar[?] efter far och son, de båda. Gud hjälpe ...",sv,qwen3.5-0.8B-ft_sv,...rist lät göra kummorna ...
31,ţorstain (l)(i)... ...sa : stain : ţena : ... sik : sialfan : auk : sun : sin : hefni : uaR til : enklans : ukr : trenkr : farin : uarţ : ţa * haima : at : harmi tauţr kuţ hialbi : sialu : ţaima bruni : auk : sloţi : ţaiR ...(u) stan ţena,"Torsten lät resa denna sten efter sig själv och sin son Hävner. Till England hade den unge kämpen farit, dog sedan sorgligen hemma. Gud hjälpe deras själar. Brune och Slode ristade denna sten.",sv,qwen3.5-0.8B-ft_sv,"Önskemål efter sin hustru, enklans, tränder efter sin far. Hjälmade, som hände, sällade sig."
32,[...is * haou]... ...-fr * ka(s)l ' ok * iufrfast ' lit ' rsa s[tn iftu * faiau sein] ...-l,... och Jovurfast lät resa stenen efter sin fader,sv,qwen3.5-0.8B-ft_sv,...hade göra och göra denna resa efter sin fader.
33,fasti * lit * hkua * runar * ±isar * iftR fastulf * sun sin,"Faste lðt hugga dessa runor efter Fastulv,sin son",sv,qwen3.5-0.8B-ft_sv,"Fäst lät runa efter fastul, sin son"
34,+ iuan * stretn + merki + ok + rahnuor + eftiri boanta +,Kättilfast lade märkena efter Johan streten och Ragnvor efter sin man Holmsten,sv,qwen3.5-0.8B-ft_sv,Johan stred merken och reste efter Boant
35,fir--(r)iui : lit rita * kuml : yfitiRr : fnþur : sih : baosa : auk : boruþur : kuru- * kuþ hi=a=l-... * ul kuru -ial uti * a| |akla--,... lät resa kumlet efter sin fader Bause och broder ... Gud hjälpe ... föll ute i England,sv,qwen3.5-0.8B-ft_sv,"Färge lät resa till Kuml, efter sin fader. Han var en mycket god man. Han var en mycket god man. Han var en mycket god man. Han var en mycket god man. Han var en mycket god man. Han var en mycket god man. Han var en mycket god man. Han var en mycket god man. Han var en mycket god man. Han var en mycket god man. Han var en mycket god man. Han var en mycket god man. Han var en mycket god man. Han var en mycket god man. Han var en mycket god man. Han var en mycket god man. Han var en mycket god man. Han var en mycket god man. Han var en mycket god man. Han var en mycket god man. Han var en mycket god man. Han var en mycket god man. Han var en mycket god man. Han var en mycket god man. Han var en mycket god man. Han var en mycket god man. Han var en mycket god man. Han var en mycket god man. Han var en mycket god man. Han var en mycket god man. Han var en mycket god man. Han var en mycket god man. Han var en mycket god man. Han var en mycket god man. Han var en"
36,: tufi : risþi : stin : þisi : iftR : umun : sin : fila...,"Tove reste denna sten efter Umon (?), sin bolagsman",sv,qwen3.5-0.8B-ft_sv,Tufi reste denna sten efter Omun sin fader.
37,: amuit * rsti * sina * ţina * yti * suna * sina * rnulfu * aku * hrenki bruţur * sena * uarţi * uti * terebina * i * kalmarna * sutuma * furu * afu * skani ×× eski * rsti * runa * ţasi ×,"Amunde reste denna sten efter sin son Runulv och [efter] RIng, sin broder. [Han] blev dräpt ute i Kalmarkund, [dĺ de] for frĺn Skĺne. Eskil ristade dessa runor",sv,qwen3.5-0.8B-ft_sv,Ange endast den svenska översättningstexten
38,...-r ' li- r-... ... ...--R ...u(r) ' sun kunars ' i ' risny suain risti,... lät resa .. efter ... Gunnars son i Risne. Sven ristade,sv,qwen3.5-0.8B-ft_sv,... ligger ... ... ... ... ... ... ... ... ... ... ... ... ... ... ... ... ... ... ... ... ... ... ... ... ... ... ... ... ... ... ... ... ... ... ... ... ... ... ... ... ... ... ... ... ... ... ... ... ... ... ... ... ... ... ... ... ... ... ... ... ... ... ... ... ... ... ... ... ... ... ... ... ... ... ... ... ... ... ... ... ... ... ... ... ... ... ... ... ... ... ... ... ... ... ... ... ... ... ... ... ... ... ... ... ... ... ... ... ... ... ... ... ... ... ... ... ... ... ... ... ... ... ... ... ... ... ... ... ... ... ... ... ... ... ... ... ... ... ... ... ... ... ... ... ... ... ... ... ... ... ... ... ... ... ... ... ... ... ... ... ... ... ... ... ... ... ... ... ... ... ... ... ... ... ... ... ... ... ... ... ... ... ... ... ... ... ... ... ... ... ... ... ... ... ... ... ... ... ... ... ... ... ... ... ... ... ... ... ... ... ... ... ... ... ... ... ... ... ... ... ... ... ... ... ... ... ... ... ... ... ... ... ... ... ... ... ... ... ... ... ... ... ... ... ... ... ... ... ... ... ... ... ...
39,... at ' sik ' silfa... ...--[k]an ' in ' (r)[ai-]-(n) ' -(a)stgi[-],... efter sig själv medan han levde och ... Fastgeir (?),sv,qwen3.5-0.8B-ft_sv,... efter sin själ ... han ... i denna resa ...
40,iak * uait : hastain : þa : hulmstain : bryþr * menr : rynasta : a : miþkarþi : setu : stain : auk : stafa : marga eftiR * fraystain * faþur * sin *,"Jag vet Håsten och Holmsten, bröderna vara runkunnigast bland män i Midgård De satte stenen och stavar många efter Frösten fader sin",sv,qwen3.5-0.8B-ft_sv,"Jag och Uait hände denna helmstaden med Mönren, en mycket välvinnad man. Han var en mycket välvinnad man. Han var en mycket välvinnad man. Han var en mycket välvinnad man. Han var en mycket välvinnad man. Han var en mycket välvinnad man. Han var en mycket välvinnad man. Han var en mycket välvinnad man. Han var en mycket välvinnad man. Han var en mycket välvinnad man. Han var en mycket välvinnad man. Han var en mycket välvinnad man. Han var en mycket välvinnad man. Han var en mycket välvinnad man. Han var en mycket välvinnad man. Han var en mycket välvinnad man. Han var en mycket välvinnad man. Han var en mycket välvinnad man. Han var en mycket välvinnad man. Han var en mycket välvinnad man. Han var en mycket välvinnad man. Han var en mycket välvinnad man. Han var en mycket välvinnad man. Han var en mycket välvinnad man. Han"
41,ikilauh × lit + hakua * eli ţsa * eftR + sun sin × sihfastr * auk * -ihilt * broţiR hans * ţ-u muţrkun bua i hu-um,"Ingelög lät hugga denna häll efter sin son Sigfast och ... hans broder [lät ocksĺ hugga ?]. De, moder och son, bor i Husa [?]",sv,qwen3.5-0.8B-ft_sv,"Jag lät hjälpa Elja, sin fader, och hans broder. De var deras mor."
42,... l(i)t (:) r(i)(s)(a) : stain : e... ...-an : s(u)(l)... ¶ ... ...(a)uþr : ... ¶ ...(n) : auk : kuþmuntr : þaR [:] [r]... ...[(a)R] : a enklanti : i skiu (:) -uilis : kr... ... ...,"... lät resa stenen efter ... ... död ... och Gudmund, de ristade runorna. Han vilar i Skia i England. Kristus ...",sv,qwen3.5-0.8B-ft_sv,"Lät resa stenen efter denna, som var en god man. Han var en enkelman. Han var en mycket god man. Han var en mycket god man. Han var en mycket god man. Han var en mycket god man. Han var en mycket god man. Han var en mycket god man. Han var en mycket god man. Han var en mycket god man. Han var en mycket god man. Han var en mycket god man. Han var en mycket god man. Han var en mycket god man. Han var en mycket god man. Han var en mycket god man. Han var en mycket god man. Han var en mycket god man. Han var en mycket god man. Han var en mycket god man. Han var en mycket god man. Han var en mycket god man. Han var en mycket god man. Han var en mycket god man. Han var en mycket god man. Han var en mycket god man. Han var en mycket god man. Han var en mycket god man. Han var en mycket god man. Han var en mycket god man. Han var en mycket god man. Han var en mycket god man. Han var en mycket god man. Han var en mycket god man. Han var en mycket god man. Han var en mycket god"
43,* uebiurn * sa(t)(i) * (i)stin * (þ)ina * eftir * tuli * sunu * sin * tereke * haraþa kuþan,"Vebjörn satte denna sten efter Toli, sin son, en mycket god man",sv,qwen3.5-0.8B-ft_sv,"Öviburn satte denna sten efter Tule, sin träke, där han hade kuggar."
44,sloþi rahnfriþ þaun * litu * hakua * stain * iftiR * ihulbiarn * sun * sin * hialbi * kristr ant * has,"Slode, Ragnfrid de lät hugga stenen efter Igulbörn, sin son. Kristus hjälpe hans ande.",sv,qwen3.5-0.8B-ft_sv,"Sloðin reste denna resa, och hans huggade sten efter ihulbarnen, sin huggare, Kristar, hans huggare."
45,× hulmaiR × auk × kuni × litu × raisa × stain ×× þina × eftiR × sota × faþur × sin ×,"Holmger och Gunne lät resa denna sten efter Sote, sin fader",sv,qwen3.5-0.8B-ft_sv,Hulmäl är en gude och lät resa stenen efter sin fader.
46,[× gan]uiþr : o^k · botuiþr  · [kaslla · o^k · þair] letu · haga · an stain · o^k · yfr · sin faþur · butair · aitin · guþ · alssualtuhr · hafi · þina · sial · o^k þa uar · l · o... pirimst^efr o^k fir sunutahr · o^k en ha do,Gannvid och Botvid i Kassla och de lät hugga en sten och över sin fader salig Botair. Må Gud allsmäktig ha din själ. Och då var l primstav och fir söndags[runa] och när han dog.,sv,qwen3.5-0.8B-ft_sv,"Gunnug och Botvig gjorde denna resa efter sin fader, men det var en mycket god tid. Alla dessa självar hade mycket goda vänner. ..."
47,+ [o]l-(f) : [... litu : kiara : stain : ţana : ufir : sin : sun : b]u(t)a(i)[- u]-------s-afiţi... -(o)ţur ruţu(i)- ... bat-rn(o)(s)...ur : firir ţaira (s)ial ---...u--...---...----- -l-n...--a--- :,Olaf ... lät göra denna sten över sin son Botgeir (?) ... moder Rodve ... för deras själar ...,sv,qwen3.5-0.8B-ft_sv,Öl (f) lät göra denna sten efter sin son. Båget reste denna sten efter själ. ... lät ... ... ... ... ... ... ... ... ... ... ... ... ... ... ... ... ... ... ... ... ... ... ... ... ... ... ... ... ... ... ... ... ... ... ... ... ... ... ... ... ... ... ... ... ... ... ... ... ... ... ... ... ... ... ... ... ... ... ... ... ... ... ... ... ... ... ... ... ... ... ... ... ... ... ... ... ... ... ... ... ... ... ... ... ... ... ... ... ... ... ... ... ... ... ... ... ... ... ... ... ... ... ... ... ... ... ... ... ... ... ... ... ... ... ... ... ... ... ... ... ... ... ... ... ... ... ... ... ... ... ... ... ... ... ... ... ... ... ... ... ... ... ... ... ... ... ... ... ... ... ... ... ... ... ... ... ... ... ... ... ... ... ... ... ... ... ... ... ... ... ... ... ... ... ... ... ... ... ... ... ... ... ... ... ... ... ... ... ... ... ... ... ... ... ... ... ... ... ... ... ... ... ... ... ... ... ... ... ... ... ... ... ... ... ... ... ... ... ... ... ... ... ... ... ... ... ... ... ... ...
48,... aistin + fnţur * sia auk stia + b(r)uţur si(n) + k...,"... [efter] Östen, sin fader, och Sten, sin broder ...",sv,qwen3.5-0.8B-ft_sv,"...
Ange endast den svenska översättningstexten"
49,+ hiar : ritiR : kulaifr : ok : ... ... : ku₫ : biarhi : sial : hans ×,Här reser Gudlev och ... Gud hjälpe hans själ,sv,qwen3.5-0.8B-ft_sv,Här reste kullen efter ... och ...
50,æ iarlaæbaki æ lit raisa [æ] staina æ ±asa at sik æ kuikuan æ auk bru ±isa kar±i æ fur ont sina æ auk æ ain ati tabu ala-,"Jarlabanke lðt resa dessa stenar efter sig, medan han levde, och han gjorde denna bro f—r sin sjðl, och han ðgde ensam hela Tðby",sv,qwen3.5-0.8B-ft_sv,"Äger lät resa stenen efter sig, och de hjälpe honom att resa. Han hade en annan resa."
51,[:] a[sur] * karþi : kubl : þesi : eftiR : uit : faþur : sin * [h]an uaR : mana : mestr : uniþikR [:] uaR : i[n]tr : mataR : uk umun hats : kuþr * þi(k)[n] kus tru : kuþa : hafþi :,"Assur gjorde detta minnesmärke efter Öjvind, sin fader. Han var av män den meste oniding, var frikostig med mat och ej sinnad för hat. Den gode tegnen hade en god gudstro.",sv,qwen3.5-0.8B-ft_sv,"Önska denna resa efter Gud, sin händelse. Han var en mycket god man. Han var en mycket god man. Han var en mycket god man. Han var en mycket god man. Han var en mycket god man. Han var en mycket god man. Han var en mycket god man. Han var en mycket god man. Han var en mycket god man. Han var en mycket god man. Han var en mycket god man. Han var en mycket god man. Han var en mycket god man. Han var en mycket god man. Han var en mycket god man. Han var en mycket god man. Han var en mycket god man. Han var en mycket god man. Han var en mycket god man. Han var en mycket god man. Han var en mycket god man. Han var en mycket god man. Han var en mycket god man. Han var en mycket god man. Han var en mycket god man. Han var en mycket god man. Han var en mycket god man. Han var en mycket god man. Han var en mycket god man. Han var en mycket god man. Han var en mycket god man. Han var en mycket god man. Han var en mycket god man. Han var en mycket god man. Han var en mycket god"
52,ilugi * ... [bro iftiR ka]... ...þur sin| |nytan,Illuge [lät göra] bron efter ... sin duktige fader / broder,sv,qwen3.5-0.8B-ft_sv,Inge lögde efter sin sten
53,* aki * uruni * risti * ifti * (b)ui * [bruþur] ...,"Åke ristade runorna efter Bue, sin broder",sv,qwen3.5-0.8B-ft_sv,Åke Uruni reste efter Brevur ...
54,ristu * stina * uk * staf * uan * uk * in * mikla * at * iartiknum uk kuri₫i * kas at * uiri * ₫u mon i krati * kiatit lata kunar ik stin,De reste stenarna / och även staven därovan(?) / den stora / till hederstecken(?). / Också Gyrid / älskade sin make. / Därför i sorgekväde / skall han besjungas. Gunnar högg stenen,sv,qwen3.5-0.8B-ft_sv,"Rist och Sten, de och de var i denna gång, och de var i denna gång, och de var i denna gång."
55,×· katrin : ioans : husfyra : i sundru : han : lit : giara : þina : stain : yfir : moþur sina : botiauþu : iak[o]bs : kunu : sihlaihs:arf(a) : biþin : f(i)(r)(i) (h)enar : sial : bater : noster :×,"Katrin, Johans husfru i Sundre, hon lät göra denna sten över sin moder Bottjaud, hustru till Jakob Siglaiks arvinge. Be för hennes själ Pater noster.",sv,qwen3.5-0.8B-ft_sv,"Katarin, hans husfär, lät göra denna sten efter Mörur sin botvå. Jag vet att hans själva var bärare."
56,si[kfiR]uþr : lit : hi : Risa : at : burkaiR : foþur sin,"Sigfröd lät här resa efter Borgger, sin fader",sv,qwen3.5-0.8B-ft_sv,"Sjöfärder lät hjälpa Risa, sin broder, efter sin broder."
57,as(b)iarn : risþi (:) stin : þan(s)i : aftiR : tuark : filaka : sin : trik : kuþan,"Asbjörn reste denna sten efter Dvärg, sin vän, en god man",sv,qwen3.5-0.8B-ft_sv,"Åsa reste denna sten efter Tork, sin träd."
58,[arum ÷ ...bti(r) ÷ ...u... ÷ biyrþ ÷ þusinn ÷ ithuntraþ ÷ at ÷ ok ÷ sekstih ÷ ... ... ÷ kirkia] malaþ ÷ bu ÷ ra [?ur ÷ sif...na ÷ kari ÷ (a)-l(e) ÷ na^uþ] [i(r)a^l ru--r],Året efter ... födelse 1161 ... kyrkan målad BU RA ...,sv,qwen3.5-0.8B-ft_sv,Arum ... ... ... ... ... ... ... ... ... ... ... ... ... ... ... ... ... ... ... ... ... ... ... ... ... ... ... ... ... ... ... ... ... ... ... ... ... ... ... ... ... ... ... ... ... ... ... ... ... ... ... ... ... ... ... ... ... ... ... ... ... ... ... ... ... ... ... ... ... ... ... ... ... ... ... ... ... ... ... ... ... ... ... ... ... ... ... ... ... ... ... ... ... ... ... ... ... ... ... ... ... ... ... ... ... ... ... ... ... ... ... ... ... ... ... ... ... ... ... ... ... ... ... ... ... ... ... ... ... ... ... ... ... ... ... ... ... ... ... ... ... ... ... ... ... ... ... ... ... ... ... ... ... ... ... ... ... ... ... ... ... ... ... ... ... ... ... ... ... ... ... ... ... ... ... ... ... ... ... ... ... ... ... ... ... ... ... ... ... ... ... ... ... ... ... ... ... ... ... ... ... ... ... ... ... ... ... ... ... ... ... ... ... ... ... ... ... ... ... ... ... ... ... ... ... ... ... ... ... ... ... ... ... ... ... ... ... ... ... ... ... ... ... ... ... ... ... ... ... ... ... ... ... ...
59,... : stin : þani : e... ... bruþur : sifa,... denna sten efter ... Seves broder,sv,qwen3.5-0.8B-ft_sv,"... sten efter denna sten, som ..."
60,si[h]tris : aruar[r] : litu : giera : st[a]en : yfir : auþu-l- : broþur : sin : a : finlandi : do : aglia...,"Sigtryggs arvingar lät göra stenen över Audvald, deras broder, som dog i Finland ...",sv,qwen3.5-0.8B-ft_sv,"Sigrträs är Arvar, lät göra denna sten efter Avul, sin broder. Han är en av Finlands gällor."
61,þurulfs * sati ' stain ' uftiR ' tuka ' tuka ' sun ¶ hin * usta * kuþ ' hialbi * hans *,"Torulf satte stenen efter Tone, Tokes son, den yttersta. Gud hjälpe hans",sv,qwen3.5-0.8B-ft_sv,"Tordelfs satte denna sten efter Tug, som tog sin hugg. Han hade också hjälpa hans huggare."
62,* uikhiulmbR * auk * auţmuntr * ţai(R) * litu * raisa * sten * at * serkiR * broţur * sen * koţna *,"Vighjälm och Ödmund de lät resa stenen efter Sverker, sin gode broder",sv,qwen3.5-0.8B-ft_sv,"Uikhiulmbar och Ävmuntr lät resa sten efter Sern, en son."
63,kulefr ' u(k) ' s[i]oli ' litu ' risa ' iftiR ' ikifast ' sun [' i]arunta,"Gullev och Sjole lät resa efter Ingefast, Järunds son",sv,qwen3.5-0.8B-ft_sv,"Kluf och Sol, deras fader, var iftastig."
64,...(n)untr : a : aisku : sina :,... Anund efter sin älskade,sv,qwen3.5-0.8B-ft_sv,...
65,osmuntr : risþi : stin : þansi : ifiR : tuk * faþur * sin,"Åsmund reste denna sten efter Toke, sin fader",sv,qwen3.5-0.8B-ft_sv,"Ösmund reste denna sten efter Tofur, sin fader."
66,+ sihrafr : i : flinauik : ha[n : lit : mik : gera : yfir] : si[n] : ...þur : iakaup : guþ : naþi : hans : sial : þa : uar : u[r : prim:stafr : ok : þos : sunut]ahr : en ha[n] : do,Sigraiv i Flenvike han lät göra mig över sin fader Jakob. Gud nåde hans själ. Då var primstav och söndagsruna när han dog.,sv,qwen3.5-0.8B-ft_sv,Sighfr lät mig göra denna gång Gud. Han var hans själ. Var hans primstjärna och hans son. Han hade en god hustru.
67,þi... ...-tu * raisa * merki * þe... ... * faþur sin *,... lät resa detta minnesmärke [efter] ... sin fader,sv,qwen3.5-0.8B-ft_sv,Tid ... reste merken efter sin fader
68,: freystin : reisti : stein : þensa : eftiR : haþska : faþur sin :,"Frösten reste denna sten efter Hadske, sin fader",sv,qwen3.5-0.8B-ft_sv,"Fresten reste denna sten efter Håsga, sin fader"
69,...(u)n[ar] × auk × suain × raistu × st=ain × at × ton(u) × mo₫ur ...,"Gunnar och Sven reste stenen efter Tona, [sin] moder ...",sv,qwen3.5-0.8B-ft_sv,"...
</think>

 (u)n [ar] och [s] [s] [s] [s] [s] [s] [s] [s] [s] [s] [s] [s] [s] [s] [s] [s] [s] [s] [s] [s] [s] [s] [s] [s] [s] [s] [s] [s] [s] [s] [s] [s] [s] [s] [s] [s] [s] [s] [s] [s] [s] [s] [s] [s] [s] [s] [s] [s] [s] [s] [s] [s] [s] [s] [s] [s] [s] [s] [s] [s] [s] [s] [s] [s] [s] [s] [s] [s] [s] [s] [s] [s] [s] [s] [s] [s] [s] [s] [s] [s] [s] [s"
70,sihuiţr : auk : suain : auk : uihielbr : auk : kyla : ţaun : litu : raisa : stain : eftiR * olaif,Sigvid och Sven och Vilhjälm och Gylla de lät resa stenen efter Olev,sv,qwen3.5-0.8B-ft_sv,Sighvär och Sven och Uhelbr och Kyla lät resa stenen efter Olaf
71,frustin : riti : stin : ₫ina : iftR : sikmut : uk : ukitRi : an ua : bur₫,"Frösten reste denna sten efter Sigmund, och mindre glad bar han bördan",sv,qwen3.5-0.8B-ft_sv,Fristen reste denna sten efter sig. Uket var en mycket god tid.
72,' uaţr + auk × ţakn × auk × kunar + raistu × stain + ţana × at × haursa × foţur sin + kuţ hialbi ot hans ×,"Väder och Tägn och Gunnar reste denna sten efter Hörse, sin fader. Gud hjälpe hans ande.",sv,qwen3.5-0.8B-ft_sv,"Övrig och Övrig och Kunnar reste denna sten efter sin fader, hans kung."
73,× kr(e)stin × let × giara × merki × eftiR × sun sen × huir sum runum riþr × hafi byniR × firiR × alah sial × suni ÷ uaR faþiR ala ×,Kristin lät göra minnesmärket efter sin son. Var och en som tyder runorna have böner för Ales själ. Sune var Ales fader.,sv,qwen3.5-0.8B-ft_sv,"Kristen lät göra merke efter sin son, sen hade sumrun, en god run, ha de färga sina fader."
74,botildær : læt : gæra : hua(l)f þænna : ifir : sue n : dyrmoson : haraldær : stenmæstari : gærþi : {BOGILDER : LET GERA (:) HVALF : DENNA : IF IR : SVEN : DEV...OSON : AVE MARIA * GRATIA},Bothild lät göra detta valv över Sven Dyrmodsson. Harald stenmästare gjorde.,sv,qwen3.5-0.8B-ft_sv,"Boðlader lät göra denna gård efter Sven, den dromson, hans stenmester. Boðlader lät göra denna gård efter Sven, den dromson, hans stenmester."
75,* þrikr : auk : frusti : litu : k(a)r[a * bro : a]uk * [l]itu raisa : stin at : orma : faþur : sin : koþan,"och Froste lät göra bron och resa stenen efter Orme, sin gode fader",sv,qwen3.5-0.8B-ft_sv,"Tredje och Frest lät göra broget efter Lät resa stenen efter Ömma, sin broder."
76,× asbiurn × auk × þiR ali × auk × urykia × raistu × stain × eftiR × þurkut + faþur * sin ×,"Asbjörn och Alle och Orökja reste stenen efter Torgöt, sin fader",sv,qwen3.5-0.8B-ft_sv,Åsin och Åljehöjde är de andra ålderna Årstien stenen efter Torvets sin
77,: halftan ÷ rasþi : st(a)- ...si : at : raknualt : faþur : sin : ouk : tan * bruþur sin þrutaR þiak(n)a,"Halvdan reste denna sten efter Ragnvald, sin fader, och Dan, sin broder, dugande män",sv,qwen3.5-0.8B-ft_sv,"Halvton resa denna resa efter Ragnald, sin son, och hans broder."
78,"× iarlibaki × lit × raisa × stan + þina × a... ... ...kuan + han × ati ain × tabu × alan × -... ... ont hans +
× iarlabaki × lit raisa × stain × þin- at sik kuikuan × auk × þinkstaþ × þina × karþi + auk × ain ati + alt hu-(t)ari × þita +","Jarlabanke lät resa denna sten [efter sig själv] medan han levde. Han ägde ensam hela Täby. [Gud hjälpe] hans själ
Jarlabanke lät resa denna sten efter sig, medan han levde och gjorde denna tingsplats och innehade ensam detta hundare",sv,qwen3.5-0.8B-ft_sv,Ingreda denna svenska översättning:
79,couæk a þræþr þisa ho^f : fimta mo^rk,Solveig äger dessa trådar Fem och en halv mark,sv,qwen3.5-0.8B-ft_sv,Koke och deras fämmer
80,hulmstin × auk × haosui × litu × raisa istain × iftir × iybiurn × faþur sin × auk × kiriþ × ifti,"Holmsten och Hosve lät resa stenen efter Jobjörn, sin fader, och Gyrid efter [honom]",sv,qwen3.5-0.8B-ft_sv,"Hulmsten och Åkos lät resa efter Ibjörn, sin fader. Kripp efter Ibjörn."
81,asm(u)(t)(r) * auk * þeR * bruþr * restu * sten * þani * eftiR * sarta * faþur * sia *,"Asmund och hans bröder reste denna sten efter Svarte, deras fader",sv,qwen3.5-0.8B-ft_sv,Ange endast den svenska översättningstexten
82,tur...rn rti * stun þansi * ufti × u(i)(s)(þ)i uis × broþu...,"Torbjörn reste denna sten efter , Svens broder",sv,qwen3.5-0.8B-ft_sv,"Turen reste denna sten efter Uis, en broder av Uis."
83,... : eftiR : man : tau... ...,... efter den döde mannen ...,sv,qwen3.5-0.8B-ft_sv,... efter man
84,krim * risti * stin * efti * hltan * freta * sin *,"Grim reste stenen efter Halvdan, sin frände",sv,qwen3.5-0.8B-ft_sv,"Rester stenen efter Hlåt, det färdade sin"
85,i(n)ki * auk * kati... ... ... * stain * at * þtgn * -aþur * sin * koþan * kuþ * ialbi,"Inge och Kättil ... stenen efter Tägn, sin gode fader",sv,qwen3.5-0.8B-ft_sv,"Ingen
</think>

 [i]nki auk [kati] ... ... [s]tän [] at [þ]tgn [s]in [k]oþan [k]uþ [] ialbi### Instruction:
Översätt följande fornnordiska/runtranslitteration till svenska.
### Input:
i(n)ki * auk * kati... ... ... * stain * at * þtgn * -aþur * sin * koþan * kuþ * ialbi

### Response:
Ingen### Instruction:
Översätt följande fornnordiska/runtranslitteration till svenska.
### Input:
i(n)ki * auk * kati... ... ... * stain * at * þtgn * -aþur * sin * koþan * kuþ * ialbi

### Response:
Ingen### Instruction:
Översätt följande fornnordiska/runtranslitteration till svenska.
### Input:
i(n)ki * auk * kati... ... ... * stain * at * þtgn * -aþur * sin * koþan * kuþ *"
86,+jilsuiþ : arærde : æfte berhtsuiþe • bekun onbergigebid=daþ þær : saule-,Gilswith reste efter Berhtswith minnesmärket på en kulle. Be för hennes själ.,sv,qwen3.5-0.8B-ft_sv,"Jelsvid är återvände efter Björnsvid, en mycket god man."
87,iþal-ra × lit rita stin þino + abtiR ibiurn sun sin × þaR uaR-... ...(h)... ...uain × auk arnfasta (a)uk ai-... þaiR u(a)... -uþ hialbi hons| |salu| |uk| |kuþs muþiR × runoR ritaR hu-msr,"... lät resa denna sten efter Ebjörn, sin son. De var ... Sven och Arnfast och ... de ... Gud hjälpe hans själ och Guds moder. Rätta runor högg Åsmund",sv,qwen3.5-0.8B-ft_sv,"Ingredial lät resa stenen efter Ibjörn, sin son. Han var en mycket god man. Han hade mycket goda härlar. Han var en mycket god man. Han hade mycket goda härlar."
88,biurn : riti stain þino : aftiR : ufriþ : auk at : un sunu sin,"Björn reste denna sten efter Ofrid och efter Unn, sina söner",sv,qwen3.5-0.8B-ft_sv,"Björn reste denna sten efter Uffri, sin son."
89,asmut-r... ris-- * runaR * eftiR × stein * faþurs*faþur * sin * auk * faþur * siba * ok × geiRbiarnaR × aok... ulfs * eaR * merki * mikit * at * man * koþan ×,"Åsmund ristade runor efter Sten, sin farfar, och fadern till Sibbe och Gerbjörn ... ett stort minnesmärke efter en god man.",sv,qwen3.5-0.8B-ft_sv,Ange endast den svenska översättningstexten
90,¤ (u)talfriþR : raisti * staina + þisa a-tR * styr * faþur : sin * (k)...þ hilbi * ant þira bratr hiuk run-R,"Odalfrid reste dessa stenar efter Styr, sin fader. Gud hjälpe deras andar. Brand högg runorn.",sv,qwen3.5-0.8B-ft_sv,Övrigt är en uppefäll. Röstar stenen efter sin fader. Han är sin hilde. Han är hans broder. Han runnar.
91,...- × r(i)(t)(a) × stin × þina × at × runul- ...-...,... resa denna sten efter Runulf ...,sv,qwen3.5-0.8B-ft_sv,... reste denna sten efter min run.
92,: asur : auk : þai(R) ...in : | : ...,Assur och ...,sv,qwen3.5-0.8B-ft_sv,Åter Åder ...
93,... reisa × stein × auk × k--- ... hialbi × ont × hans ×,... resa stenen och gjorde ... hjälpe hans ande,sv,qwen3.5-0.8B-ft_sv,"... resa stenen efter honom, hans hjalb"
94,kakulfr ' ok benuiþr ' litu ' rita ' sten ' iftR ooþbiarn ' sun in,"Gångulv (?) och Benvid lät resa stenen efter Ödbjörn, deras son",sv,qwen3.5-0.8B-ft_sv,"Kåkulfr och Benuider lät rita sten efter Obojörn, sin son"
95,... ...(s)(þ)i : stin : þna : iftiR : kuþmut : sun sin : þa-...,"... reste denna sten efter Gudmund, sin son ...",sv,qwen3.5-0.8B-ft_sv,"... ... sten efter Gunnar, sin son, ..."
96,þurkal : sati : stia : aft : ... ... sun : faþur : sin :,"Torkel satte denna sten efter ... son, sin fader",sv,qwen3.5-0.8B-ft_sv,Torkal satte efter ... ... sin fader
97,: atuitr : raisti : stein ... at : aisi : faþur : sin : þrutaR : þiakn :,"Andvätt reste denna sten efter Est, sin fader, en dugande man",sv,qwen3.5-0.8B-ft_sv,Återstånden reste stenen efter Fådar sin trötta broder.
98,kal|i| |l|it hkua heli ţisa iftiR * suni sina toa * auk ţau ikiţora * bR- (a)ina kiarţu mukit mirki furiR arkum mani,"Kale lät hugga dena häll efter sina tvĺ söner och han och Ingetora gjorde en bro, ett stort minnesmärke inför mĺnga män",sv,qwen3.5-0.8B-ft_sv,Hela helge hjälpe sin son till att göra sina broder och broder. De är de bästa broderna. De är de bästa broderna.
99,afriţ : lit : at : suartau(a) : auk : at : iulfast : suni : sina : ok : at : askaut *,"Ĺfrid lät [hugga hällen] efter Svarthövde och efter Igulfast, sina söner,  och efter Ĺsgöt",sv,qwen3.5-0.8B-ft_sv,"Övrigt lät städa efter Ulvast, sin son."
100,: sibi : auk : rusia : auk : krifi : þiR : raistu : stin : þansa : at : sluru : faþur : sin,"Sibbe och Rysja och Krifi de reste denna sten efter Slora, sin fader",sv,qwen3.5-0.8B-ft_sv,"Sibie och Rusa, de båda, reste denna sten efter Sjöfärden, sin fader."
