Sample_ID,Source,Reference,Target_Language,Model,Prediction
1,tar lit : raisa : stain : þensa : eftiR : ketilhaufþa : faþur : sen : boanta : koþan ' kuþ : helbi : has : ant,"Tárr(?)/Tár(?)/Tarr(?) had this stone raised in memory of Ketilhôfði, his father, a good husbandman. May God help his spirit.",en,qwen3.5-0.8B-ft_en_10_epochs,"Tárr had the stone raised in memory of Ketilhøfði, his father, a good man, who was the husbandman of Helbi."
2,$M §A [...] §B [raþ runar -pti- (h)armbraþhum] §C · k(s) · statr hoar : kuz nri §D maria iuan-,"$M §A ... §B Interpret the rune according to the grief-rows / in memory of the grieved (one) §C ... ... ... §D Mary, John(?)",en,qwen3.5-0.8B-ft_en_10_epochs,$M §A ... §B ... §C ... ... §D ...
3,× hulmfriR × -it --isa × istain × þina × iftiR × biarn × buanta isin × auk × iftiR × isikat (s)un isin ×,"Holmfríðr had this stone raised in memory of Bjôrn, her husbandman and in memory of Sighvatr, her son.",en,qwen3.5-0.8B-ft_en_10_epochs,"Holmfríðr had this stone raised in memory of Bjôrn, her husbandman, and in memory of Ásgautr, her husbandman."
4,kuþr... ... (f)aþur sin · fur · hfila · hn · til · iklans · kuþ halbi · sil hns,Guð-... ... his father. He competently travelled to England. May God help his soul.,en,qwen3.5-0.8B-ft_en_10_epochs,"Gyðr ... this stone in memory of Hjalli, her husbandman. May God help his soul."
5,[kuþriuin · lat · rita · stin · at inkimuntr faþur · sin],"Guðbjôrn had the stone erected in memory of Ingimundr, his father.",en,qwen3.5-0.8B-ft_en_10_epochs,"Guðrøðr(?) had the stone cut in memory of Ingimundr, his father."
6,...n · auk × kulauh × au... ... + þan + a-...,... and Gullaug and ... that ...,en,qwen3.5-0.8B-ft_en_10_epochs,... and ... ... ...
7,he(l)ga : sati : stin : þana : at : eumunt : bur:uþur,"Helga placed this stone in memory of Eymundr, (her) brother.",en,qwen3.5-0.8B-ft_en_10_epochs,"Helegr had this stone placed in memory of Eymundr, his brother."
8,[... uaR · tauþr × i austr·uih- ...],... died on the eastern route ...,en,qwen3.5-0.8B-ft_en_10_epochs,... ... ... ... ...
9,[... ...sa · stain · at · suarth... ...],... the stone raised in memory of Svarthôfði ...,en,qwen3.5-0.8B-ft_en_10_epochs,... ... ... ... ... ...
10,a^ndres : p + farmaðr +,Andrés the priest. Farmaðr.,en,qwen3.5-0.8B-ft_en_10_epochs,André's farm
11,[... -k · --n · sun · suta : ---... ¶ ... aft : þurþ : bruþur ...],"... ... ... Sóti's son ... ... in memory of Þórðr, brother ...",en,qwen3.5-0.8B-ft_en_10_epochs,... ... ... ... ... ... ... ... ... ... ... ... ... ... ... ... ... ... ... ... ... ... ... ... ... ... ... ... ... ... ... ... ... ... ... ... ... ... ... ... ... ... ... ... ... ... ... ... ... ... ... ... ... ... ... ... ... ... ... ... ... ... ... ... ... ... ... ... ... ... ... ... ... ... ... ... ... ... ... ... ... ... ... ... ... ... ... ... ... ... ... ... ... ... ... ... ... ... ... ... ... ... ... ... ... ... ... ... ... ... ... ... ... ... ... ... ... ... ... ... ... ... ... ... ... ... ... ... ... ... ... ... ... ... ... ... ... ... ... ... ... ... ... ... ... ... ... ... ... ... ... ... ... ... ... ... ... ... ... ... ... ... ... ... ... ... ... ... ... ... ... ... ... ... ... ... ... ... ... ... ... ... ... ... ... ... ... ... ... ... ... ... ... ... ... ... ... ... ... ... ... ... ... ... ... ... ... ... ... ... ... ... ... ... ... ... ... ... ... ... ... ... ... ... ... ... ... ... ... ... ... ... ... ... ... ... ... ... ... ... ... ... ... ... ... ... ... ... ... ... ... ... ... ... ... ...
12,tusti × (r)...(i) ...tin × efti(R) kuno × mak × sin × þ... ...---s × ... × uistar- × uar- ...,"Tosti raised the stone in memory of Gunni, his kinsman-by-marriage ... ... ... was westwards ...",en,qwen3.5-0.8B-ft_en_10_epochs,Tosti ... ... ... ... ... ... ... ... ... ...
13,... ...fr ' lit ' reisa ' steina ' efti- seuar ' faþur ' s-n ' goþan ',"... ... had the stones raised in memory of Sævarr, his/her good father.",en,qwen3.5-0.8B-ft_en_10_epochs,"... ...-fr had the stone raised in memory of Sevarr, his father, a good man."
14,...-k lun-a : -... ...(a)lbi · siao- ...,... may help the soul ...,en,qwen3.5-0.8B-ft_en_10_epochs,... ... ... ... ...
15,[... iftiR biurn bunta sin kuþan kuþ hialbi ant has],"... in memory of Bjôrn, his/her good husbandman. May God help his spirit.",en,qwen3.5-0.8B-ft_en_10_epochs,"... in memory of Bjôrn, his brother, who was killed in battle with the Swedish army."
16,[· rauþr · auk · biarn · litu · raisa · stein · eftR · mak sin · sikat · koþ hialbi ont hns ·],Rauðr and Bjôrn had the stone raised in memory of their kinsman-by-marriage Sighvatr. May God help his spirit.,en,qwen3.5-0.8B-ft_en_10_epochs,"Raugr and Bjôrn had the stone raised in memory of their father, Siggeirr, who had lost his life in battle."
17,... ...-rimar : litu : r... ... sin ×,... Grímarr(?) had (the stone) raised/erected ... their ...,en,qwen3.5-0.8B-ft_en_10_epochs,... ...-rimar had the stone raised ...
18,× iarlibaki × lit × raisa × stan + þina × a... ... ...kuan + han × ati ain × tabu × alan × -... ... ont hans + §B × iarlabaki × lit raisa × stain × þin- at sik kuikuan × auk × þinkstaþ × þina × karþi + auk × ain ati + alt hu-(t)ari × þita +,"Jarlabanki had this stone raised in memory of himself while alive. He alone owned all of Tábýr. May God help his spirit. §B Jarlabanki had this stone raised in memory of himself while alive, and made this Assembly-place, and alone owned all of this Hundred.",en,qwen3.5-0.8B-ft_en_10_epochs,Jarlebjôk(?) had this stone raised in memory of ... ... ... ... ... ... ... ... ... ... ... ... ... ... ... ... ... ... ... ... ... ... ... ... ... ... ... ... ... ... ... ... ... ... ... ... ... ... ... ... ... ... ... ... ... ... ... ... ... ... ... ... ... ... ... ... ... ... ... ... ... ... ... ... ... ... ... ... ... ... ... ... ... ... ... ... ... ... ... ... ... ... ... ... ... ... ... ... ... ... ... ... ... ... ... ... ... ... ... ... ... ... ... ... ... ... ... ... ... ... ... ... ... ... ... ... ... ... ... ... ... ... ... ... ... ... ... ... ... ... ... ... ... ... ... ... ... ... ... ... ... ... ... ... ... ... ... ... ... ... ... ... ... ... ... ... ... ... ... ... ... ... ... ... ... ... ... ... ... ... ... ... ... ... ... ... ... ... ... ... ... ... ... ... ... ... ... ... ... ... ... ... ... ... ... ... ... ... ... ... ... ... ... ... ... ... ... ... ... ... ... ... ... ... ... ... ... ... ... ... ... ... ... ... ... ... ... ... ... ... ... ... ... ... ... ... ... ... ... ... ... ... ...
19,--- ¶ akla + kala + laka + ¶ --o-imi(k)(l)(i)(i),"... agla gala laga ('agla' = Thou art strong in eternity, Lord) ...",en,qwen3.5-0.8B-ft_en_10_epochs,... ... ... ... ... ...
20,$M auæ : ma^ria : gra^kia : plena ...,$M Hail Mary full of grace ...,en,qwen3.5-0.8B-ft_en_10_epochs,"$M Aué, mother, grace, full ..."
21,× kaR : reþi sin : eti : bui : uiburk uaR : muþR : snuR : fatriþ : ----,Geirr erected the stone in memory of Búi. Vébjôrg was (his) mother. [Was his] daughter-in-law Fastríð(?) ...,en,qwen3.5-0.8B-ft_en_10_epochs,"Karl raised this stone in memory of Búir, his brother."
22,× [ul]fr [× a... ... -nk]imunt[r × au]k × [ai]... ... ...(n) × i... ...,Ulfr and ... Ingimundr and Ei-... ... the stone(?) in memory of(?) ...,en,qwen3.5-0.8B-ft_en_10_epochs,Ulfr(?) ... ... ... ... ...
23,÷ felleg : er : fuþ : sin : bylli §B ÷ fuþorg lbasm,"Monstrous is the cunt, may the penis serve. §B Cunt-perverse/nymphomania ...",en,qwen3.5-0.8B-ft_en_10_epochs,... ... ... ... ... ...
24,fuþorkhfuþorkh fuþorkhfuþorkhfuþorkhfuþorkhfuþorkh fuþorkhfuþorkhfuþorkhfuþorkhfuþork fuþorkhfuþorkhfuþork fuþorkhfuþorkhfuþorkhfu fuþorkhfuþorkhfuþork,<fuþork fuþork fuþork fuþork fuþork fuþork>,en,qwen3.5-0.8B-ft_en_10_epochs,... ... ... ... ... ... ... ... ... ... ... ... ... ... ... ... ... ... ... ... ... ... ... ... ... ... ... ... ... ... ... ... ... ... ... ... ... ... ... ... ... ... ... ... ... ... ... ... ... ... ... ... ... ... ... ... ... ... ... ... ... ... ... ... ... ... ... ... ... ... ... ... ... ... ... ... ... ... ... ... ... ... ... ... ... ... ... ... ... ... ... ... ... ... ... ... ... ... ... ... ... ... ... ... ... ... ... ... ... ... ... ... ... ... ... ... ... ... ... ... ... ... ... ... ... ... ... ... ... ... ... ... ... ... ... ... ... ... ... ... ... ... ... ... ... ... ... ... ... ... ... ... ... ... ... ... ... ... ... ... ... ... ... ... ... ... ... ... ... ... ... ... ... ... ... ... ... ... ... ... ... ... ... ... ... ... ... ... ... ... ... ... ... ... ... ... ... ... ... ... ... ... ... ... ... ... ... ... ... ... ... ... ... ... ... ... ... ... ... ... ... ... ... ... ... ... ... ... ... ... ... ... ... ... ... ... ... ... ... ... ... ... ... ... ... ... ... ... ... ... ... ... ... ... ... ...
25,asm(u)(t)(r) · auk · þeR · bruþr · restu · sten · þani · eftiR · sarta · faþur · sia ·,"Ásmundr and his brothers raised this stone in memory of Svarti, their father.",en,qwen3.5-0.8B-ft_en_10_epochs,"Asmundr and Þórgeir, they raised this stone in memory of Sarta, their father."
26,... ...- (:) rista : s(i)tn : þisa : e(f)(t)ir : asu : muþur : sin...,"... ... (had) this stone carved in memory of Ása, his mother.",en,qwen3.5-0.8B-ft_en_10_epochs,"... ... this stone in memory of Ási, their mother ..."
27,(k)iæte guþ þes er k o^(l)ma^þa,May God protect him whom I enraged.,en,qwen3.5-0.8B-ft_en_10_epochs,... ... ... ... ... ... ...
28,þurfinr : r---- ----- : --n- : --... ... §B ...,Þorfinnr raised(?) the stone(?) in memory of(?) ... §B ...,en,qwen3.5-0.8B-ft_en_10_epochs,Þorfinnr ... ... ... §B ...
29,$M ÷ bo--- : oka...-...s(a)rfa : h-- : l-t : (h)-ga : hina : stan : yvir : (b)udaitu : af hah:h-b- k : til : aukarsarfa + ta en : iak : uar · (s)krivaþ : (t)a uar : (h)ahal · sunudah:r · untir-aþr : b-imstafr ++ i tolf:te : r(a)(d)(u) taflu + betar · aukar·sarfa · han skr-if mik · amen ·,"$M Bót-... Auðgeirsarfr/Ocksarve(?) he/she had this stone cut over Bótheiðr(?) of Hagebýr and (owner of) Auðgeirsarfr/Ocksarve. When I was written, then Hail was the Sunday(-stave); Under-Man the Prime-stave in the twelfth row of the table. Pétar of Auðgeirsarfr/Ocksarve, he wrote me. Amen.",en,qwen3.5-0.8B-ft_en_10_epochs,$M Boðhildr's son ... ... ... ... ... ... ... ... ... ... ... ... ... ... ... ... ... ... ... ... ... ... ... ... ... ... ... ... ... ... ... ... ... ... ... ... ... ... ... ... ... ... ... ... ... ... ... ... ... ... ... ... ... ... ... ... ... ... ... ... ... ... ... ... ... ... ... ... ... ... ... ... ... ... ... ... ... ... ... ... ... ... ... ... ... ... ... ... ... ... ... ... ... ... ... ... ... ... ... ... ... ... ... ... ... ... ... ... ... ... ... ... ... ... ... ... ... ... ... ... ... ... ... ... ... ... ... ... ... ... ... ... ... ... ... ... ... ... ... ... ... ... ... ... ... ... ... ... ... ... ... ... ... ... ... ... ... ... ... ... ... ... ... ... ... ... ... ... ... ... ... ... ... ... ... ... ... ... ... ... ... ... ... ... ... ... ... ... ... ... ... ... ... ... ... ... ... ... ... ... ... ... ... ... ... ... ... ... ... ... ... ... ... ... ... ... ... ... ... ... ... ... ... ... ... ... ... ... ... ... ... ... ... ... ... ... ... ... ... ... ... ... ... ... ... ... ...
30,[iufur · r... stan · aftir · fuluka · faþur · sin],"Jôfurr raised the stone in memory of Fullugi, his father.",en,qwen3.5-0.8B-ft_en_10_epochs,... ... ... ... ... ... ... ... ...
31,kuþa : risþi : stin : þansi : auft¶(i)R : þurbiurn : buta : sin : ¶ miuk : kuþan : þikn : ian ¶ þurþr : rist : runaR ¶ þasi,"Gyða raised this stone in memory of Þorbjôrn, her husbandman, a very good þegn. And Þórðr carved these runes.",en,qwen3.5-0.8B-ft_en_10_epochs,"Gúthi raised this stone in memory of Þorbjôrn, his brother. May God help his spirit. Þórðr carved the runes."
32,+ sinkR : let --... ... ... eftiR : friþelfi : kunu : sina : kuþ hialbi : sialu [h]inaR,"Sínkr had ... ... ... in memory of Friðelf, his wife. May God help her soul.",en,qwen3.5-0.8B-ft_en_10_epochs,"Sinkr had ... in memory of Friðelfr, his son. May God help his spirit."
33,eskil : sulka : sun : let : res(a) ¶ sten : þena : eft : sialfan ¶ sik · e mun · stanta · meþ · sten ¶ lifiR · uitrint · su · iaR · uan · eskil §B kristr · hialbi · siol · hans ¶ aok · santa · migael §C toki · risti · runaR · e(f)(t)(i)(R) (·) -(o)ru · ¶ stiubmoþur · sina · kunu · koþa,"Áskell, Súlki's son, had this stone raised in memory of himself. Ever will stand, while the stone lives, this memento, which Áskell produced. §B May Christ and Saint Michael help his soul. §C Tóki carvedthe runes in memory of Þóra, his stepmother, a good wife.",en,qwen3.5-0.8B-ft_en_10_epochs,"Eskil, Sólga, she had this stone cut in memory of Sialfann, her husbandman. May God help her spirit. Vintir had these runes carved in memory of Sveinn, her husbandman. §B Christ, Holy Spirit, his son. And Santa Mary. §C Tóki carved the runes in memory of Steinn, his wife."
34,$M ... ...r øssur : asbiæ?na^r s^on(·),$M ... rests/in memory(?) of Ôssurr Ásbjôrn's son.,en,qwen3.5-0.8B-ft_en_10_epochs,"$M ... ... Ross, the son of Asbjôrn."
35,... [+ faslaug :] þaun : [hion × litu : i]ftiR · þial[fa : sun s]...,"... (and) Fastlaug, the married couple, had (the stone raised) in memory of Þjalfi, their son.",en,qwen3.5-0.8B-ft_en_10_epochs,"... this son, he had the stone cut in memory of Þjalfr, his son."
36,[aimuntr : let ... ... (k)uþ salu · ha...],Eimundr had ... May God help his soul.,en,qwen3.5-0.8B-ft_en_10_epochs,Ámundr(?) had ... his son Salvi.
37,þuri ÷ auk frystain ' litu raisa stain iftiR ' þurstain broþur sin,"Þórir and Freysteinn had the stone raised in memory of Þorsteinn, their brother.",en,qwen3.5-0.8B-ft_en_10_epochs,"Þórir and Frystiinn had the stone raised in memory of Þórsteinn, their brother."
38,gya : sæhir : at þu : kak hæim §B þa^nsak : a^b(a)kista^n : rþis,Gyða says that you should go home. §B ... ... ...,en,qwen3.5-0.8B-ft_en_10_epochs,"Gyðr, you are the one who cut the horn. §B Þónsak, the raven, ..."
39,þurkiR · auk · uri · þaiR · raistu · staina · at · ulaif · faþur · sin : auk : at · suain · bruþur sin ·,"Þorgeirr and Orri, they raised the stones in memory of Óleifr, their father and in memory of Sveinn, their brother.",en,qwen3.5-0.8B-ft_en_10_epochs,"ÞorkiR and Uri, they raised the stone in memory of Ulgi, their father; and Sveinn, their brother."
40,(h)agormr hialgar-r (l)i-unski-l-... §B ... þunt bloþ or rin or æ-r : bloþ or : rin or æ--,"Hagormr(?), ... ... §B ... thin blood, run out, out of ... blood, run out, out of ...",en,qwen3.5-0.8B-ft_en_10_epochs,Hagormr and Hjalgríðlaund's son §B ... this stone or the ring or the ring ...
41,alfkil ÷ uk ÷ hns ÷ suniR ÷ risþu : stin : þansi : ift : ¶ · mana : sin : frinta : þans × uas · lantirþi ÷ kitils ÷ þis ÷ ¶ nuruna ÷,"Alfkell and his sons raised this stone in memory of Manni, their kinsman, who was Ketill the Norwegian's estate-steward.",en,qwen3.5-0.8B-ft_en_10_epochs,"Alfkiell and his son, Rísteinn, they stood in this place when they had lost their lives."
42,× þeiR bryþr × reistu × kubl × þia × eftiR × sustur ×× sina × afriþi × auk × eftR × suein × faþur × sin × koþan ×,"These brothers raised these monuments in memory of their sister, Áfriðr, and in memory of Sveinn, their good father.",en,qwen3.5-0.8B-ft_en_10_epochs,"Þórðr, Bjôrn, he made this monument in memory of his sister, Áfríðr, and in memory of Sveinn, his father."
43,× kut × raisti × ifti × skara × sun sin × anun × hiu × siþu,"Gautr raised (the stone) in memory of Skeri/Skari, his son. Ônundr cut the side.",en,qwen3.5-0.8B-ft_en_10_epochs,"Gott, raised the stone, the son of Unun. He was the son."
44,(s)(a)- riti sanat kaolu a^mn -... §AQ (s)(a)- rit is anat i saolu a^mn -... §AR (s)(a)- riti| |is a| |an ati saolu a^mn -... §B a(i)kua(i)tu,... by writing heals the crazy woman. Amen ... §AQ ... writing is something different in the soul. Amen ... §AR let ... write who owns and experienced happiness/luck. Amen ...,en,qwen3.5-0.8B-ft_en_10_epochs,... ... ... §AQ ... ... §AR ... ... §B ...
45,... ...-þan × isun × isRn × bRkia nu × kuþ il×... ... §Q ... ...-þan × isun × isRn × bRkia nu × kuþ il×... ...,"... good(?), his(?) son(?). Now(?) (they) pray(?) to God(?) to help(?) ... §Q ... (the) good(?) son of them both. Now God may help(?) ...",en,qwen3.5-0.8B-ft_en_10_epochs,"... this stone is the monument to the dead, and the burial place of the dead. §Q ... this stone is the monument to the dead, and the burial place of the dead."
46,$M §A spyr actriþi h-... §B --- act -...,$M §A Ask Ástríðr ... §B ... love ...,en,qwen3.5-0.8B-ft_en_10_epochs,"$M Spyr, the daughter of ... §B ..."
47,$U §P -uþaþit-ih -ilald (t)-uiuu-(t)w- §Q a^luþa þit (s)i huilalda^| |^aï uiu u(e)a aþa^l,$U §P ... artifact ... §Q Of the ale this will be the resting-people’s (= the deads’): (for?) ever I sanctify abode of the gods.,en,qwen3.5-0.8B-ft_en_10_epochs,$U §P -vótáðhít-... ... §Q ...
48,÷ uesti : auk : iuar : auk : s(u)[lfa :] (b)ruþr : þriR : karþu : bru : þasi : (a)uk : satu : stein : þana : eftiR : þialfa : faþur : [sin],"Véseti and Ívarr/Jóarr and Sylfa, the three brothers made this bridge and placed this stone in memory of Þjalfi, their father.",en,qwen3.5-0.8B-ft_en_10_epochs,"Vesta and Jôr and Sólfa, brothers, they were these two stones in memory of Þjôfri, their father."
49,: hragli : auk : alkisl : satu : stin : þesi : eftR : serla : faþur : sin,"<hragli> and Algísl placed this stone in memory of Særli, their father.",en,qwen3.5-0.8B-ft_en_10_epochs,"Hráglí and Alkisl placed this stone in memory of Serla, their father."
50,...- : kuþ-... ...-u · ...,... ... ... ...,en,qwen3.5-0.8B-ft_en_10_epochs,... ... ...
51,[iufur · uk stoþbiarn · litu ... ... ...kifast · faþur · sin ×],"Jôfurr and Stóðbjôrn had ... in memory of Ingifastr, their father.",en,qwen3.5-0.8B-ft_en_10_epochs,Ígufôr and Stóðbjôrn had ... ... ... ... ... ... ... ... ...
52,: haraltr : kunukR : baþ : kaurua ¶ kubl : þausi : aft : kurm faþur sin ¶ auk aft : þourui : muþur : sina : sa ¶ haraltr (:) ias : soR · uan · tanmaurk §B ala · auk · nuruiak §C (·) auk t(a)ni (k)(a)(r)(þ)(i) kristno,"King Haraldr ordered these monuments made in memory of Gormr, his father, and in memory of Þyrvé, his mother; that Haraldr who won for himself all of Denmark §B and Norway §C and made the Danes Christian.",en,qwen3.5-0.8B-ft_en_10_epochs,"Haraldr, Gunnarr's brother, made this monument in memory of Gorm, his father; and in memory of Þórví, his brother. Haraldr was the son of Ónammarr. §B Ála and Nóriðr. §C Átrí, the Christ's son."
53,+ esse krusem tomi¶ni : fugite pa^rtes ¶ at^uerse uisit le(o) ¶ te t^ribu iuta -----... ----... ¶ kua(t)^uo^r gra^na in pen¶talum in--... ¶ fo(n)te t^utit : ¶ aaron : iesus + §B -(o)hannes ¶ ma^rkus ¶ maþeus ¶ lukas §C -a^gla al¶pha et ¶ o + - :,"Behold the cross of the Lord; flee, you hostile powers. The lion of the tribe of Juda, the root of David, has conquered. Four letters on the forehead-plate that Aaron bore on his forehead, Jesus. §B John, Mark, Matthew, Luke. §C Agla. Alpha and Omega ...",en,qwen3.5-0.8B-ft_en_10_epochs,This is the cross of the Lord. ... ... ... ... ... ... ... ... ... ... ... ... ... ... ... ... ... ... ... ... ... ... ... ... ... ... ... ... ... ... ... ... ... ... ... ... ... ... ... ... ... ... ... ... ... ... ... ... ... ... ... ... ... ... ... ... ... ... ... ... ... ... ... ... ... ... ... ... ... ... ... ... ... ... ... ... ... ... ... ... ... ... ... ... ... ... ... ... ... ... ... ... ... ... ... ... ... ... ... ... ... ... ... ... ... ... ... ... ... ... ... ... ... ... ... ... ... ... ... ... ... ... ... ... ... ... ... ... ... ... ... ... ... ... ... ... ... ... ... ... ... ... ... ... ... ... ... ... ... ... ... ... ... ... ... ... ... ... ... ... ... ... ... ... ... ... ... ... ... ... ... ... ... ... ... ... ... ... ... ... ... ... ... ... ... ... ... ... ... ... ... ... ... ... ... ... ... ... ... ... ... ... ... ... ... ... ... ... ... ... ... ... ... ... ... ... ... ... ... ... ... ... ... ... ... ... ... ... ... ... ... ... ... ... ... ... ... ... ... ... ... ... ... ... ... ... ... ...
54,[suth]i auk · iki[fastr · litu] rita [stai]n ' iftiR × ikalt ' uk ' (f)[tiR ikhu]ar · fe[þr si]na · kuþa · i,"Sóti and Ingifastr had the stone erected in memory of Ingjaldr and in memory of Ingvarr, their good fathers ...",en,qwen3.5-0.8B-ft_en_10_epochs,"Sóthi and Íkfastr had the stone erected in memory of Ingjalfr, and they died in the east."
55,... ...þi : stin : þa...- · -...,... raised this stone ...,en,qwen3.5-0.8B-ft_en_10_epochs,... this stone ... ...
56,+ ka^ute : tie · kinit^r · suermo: in·mokulata · ga^ute §B k-- ... §C ga^ute : kue : genuisti : eterni · lumi(n)- §D k[l]-... ...,"Rejoice, Mother of God, immaculate Virgin, rejoice §B ... §C Rejoice, Thou who created clarity from eternal light §D ...",en,qwen3.5-0.8B-ft_en_10_epochs,... ... ... §B ... §C ... ... §D ...
57,[rahnfriþr · lit rt stain þino ' aftiR biurno sun þaiRa kitilmuntaR ' hon ' fil a urlati ' kuþ hialbi hons ant auk| |kuþs muþiR ' osmunr mar'kaþi runaR ritar],"Ragnfríðr had this stone erected in memory of Bjôrn, her son and Ketilmundr's. He fell in Virland. May God and God's mother help his spirit. Ásmundr marked the right runes.",en,qwen3.5-0.8B-ft_en_10_epochs,"Ragnfríðr had the stone raised in memory of Bjôrn, his son, Ketillmundr's heir, and the wife of the lord of the village. May God help his soul and his mother. Ósmundr cut the runes."
58,... ...isa · sti- ... -t · su... ...,... raised the stone ... in memory of the son ...,en,qwen3.5-0.8B-ft_en_10_epochs,... ...-isa ... ... ...
59,kunuar : resþi : stin : þani : eftiR : kana : bunta : sin : þegn harþa kuþan,"Gunnvôr raised this stone in memory of Kani, her husbandman, a very good Þegn.",en,qwen3.5-0.8B-ft_en_10_epochs,"Gunnvarr raised this stone in memory of Gana, his brother, a very good valiant man."
60,...[-n · sin +] sun + hulmfas--/hulmfas--... ... kuþ + hialbi + ant hans +,"... his, Holmfastr's son ... May God help his spirit.",en,qwen3.5-0.8B-ft_en_10_epochs,"... his son, Holmfastr(?) ... May God help his soul."
61,· aystin · auk · astriþr · raistu · stina · aftir · kak · sun · sin ·,"Eysteinn and Ástríðr raised the stones in memory of Kagr(?)/Gagr(?), their son.",en,qwen3.5-0.8B-ft_en_10_epochs,"Eysteinn and Ásteigrðr raised the stone in memory of Kakk, their son."
62,akuti + auk + osur + auk × biaurn × rastu × stain × (þ)[ina × afti](r) × nuka × trihk + kuþan ×,"Ágoti and Ôzurr and Bjôrn raised this stone in memory of Nokki, a good valiant man.",en,qwen3.5-0.8B-ft_en_10_epochs,"Ákiti and Ósurr and Bjôrn raised the stone in memory of Núki, their brother."
63,ingibiorh · hin fahra · æhkia §B môrhk · kona · hæfer · faret · lu(t) in her mihgil oflate §C ærlikr,"Ingibjôrg, the fair widow. §B Many a wife has travelled stooping in here. A great show-off. §C Erlingr",en,qwen3.5-0.8B-ft_en_10_epochs,"Ingibórh, fine, the wife. §B Mórhak, the woman, had her husband's wife in her mouth. §C Erlikr."
64,... -it : tafast : rista : runir,... had Tafeistr to carve the runes.,en,qwen3.5-0.8B-ft_en_10_epochs,... had the stone raised ...
65,†$ [bariRþ ÷ riti stain ÷ þina ÷ aftiR un ÷ ... bruþur sin ÷ han uas| |sun : arinbiarnaR a-þuaun-ua-sun ÷ ial-i (k)u(þ) ant unaR],†$ <bariRþ> erected this stone in memory of Unn his brother. He was Arinbjôrn's son ... May God help Unn's spirit.,en,qwen3.5-0.8B-ft_en_10_epochs,"†$ Bariðr carved this stone in memory of ... his brother, he was ... ... ... ... ... ... ... ... ... ... ... ... ... ... ... ... ... ... ... ... ... ... ... ... ... ... ... ... ... ... ... ... ... ... ... ... ... ... ... ... ... ... ... ... ... ... ... ... ... ... ... ... ... ... ... ... ... ... ... ... ... ... ... ... ... ... ... ... ... ... ... ... ... ... ... ... ... ... ... ... ... ... ... ... ... ... ... ... ... ... ... ... ... ... ... ... ... ... ... ... ... ... ... ... ... ... ... ... ... ... ... ... ... ... ... ... ... ... ... ... ... ... ... ... ... ... ... ... ... ... ... ... ... ... ... ... ... ... ... ... ... ... ... ... ... ... ... ... ... ... ... ... ... ... ... ... ... ... ... ... ... ... ... ... ... ... ... ... ... ... ... ... ... ... ... ... ... ... ... ... ... ... ... ... ... ... ... ... ... ... ... ... ... ... ... ... ... ... ... ... ... ... ... ... ... ... ... ... ... ... ... ... ... ... ... ... ... ... ... ... ... ... ... ... ... ... ... ... ... ... ... ... ... ... ... ... ... ..."
66,... × kumbl × aiftiR ... ...-str auk × s...-ta × ...,... the monument(s) in memory of ... Christ and Saint ...,en,qwen3.5-0.8B-ft_en_10_epochs,... made the monument ... ... ...
67,ali · auk · karli · risþu · stin · þansi · stin · þansi · iftiR · firist(i)n · faþur · sin · miuk · kuþan þikn,"Áli/Alli and Karli raised this stone [this stone] in memory of Freysteinn, their father, a very good Þegn.",en,qwen3.5-0.8B-ft_en_10_epochs,"Áli and Karli raised this stone in memory of Friðjôrn, their father. May God help his spirit."
68,kuþfastr aok ' þorontr ' litu rita sten ' eftiR ' faþur sin ' hals ' ok frykuþr ' yftiR ' bonta sin ' þorþr : hiak · runar · þisar ' ual,Guðfastr and Þróndr had the stone erected in memory of their father Hals; and Freygunnr in memory of her husbandman. Þórðr cut these runes well.,en,qwen3.5-0.8B-ft_en_10_epochs,"Guðfastr and Þorrundr had the stone erected in memory of their father, Hallr and Frýguðr, their brothers. They were Þórðr's sons."
69,ikib(i)rn : ak : þiR : bryþr : litu : risa : stin : þina : a(t) : ikhul : faþur : sin : (k)uþ : hilbi : anta : hns bt(r) : þin : (h)-(n) : (h)--... ...- : -(a)(r)- : --...---- : (r)isti : runaR · þasi,"Ingibjôrn and his brothers had this stone raised in memory of Ígull, their father. May God help his spirit better than he has deserved. Tíðkumi carved these runes.",en,qwen3.5-0.8B-ft_en_10_epochs,"Ingibjôrn and Þorbjôrn had this stone raised in memory of Ingihul, their father. May God help his spirit and soul. ... ... ... ... ... ... ... ... ... ... ... ... ... ... ... ... ... ... ... ... ... ... ... ... ... ... ... ... ... ... ... ... ... ... ... ... ... ... ... ... ... ... ... ... ... ... ... ... ... ... ... ... ... ... ... ... ... ... ... ... ... ... ... ... ... ... ... ... ... ... ... ... ... ... ... ... ... ... ... ... ... ... ... ... ... ... ... ... ... ... ... ... ... ... ... ... ... ... ... ... ... ... ... ... ... ... ... ... ... ... ... ... ... ... ... ... ... ... ... ... ... ... ... ... ... ... ... ... ... ... ... ... ... ... ... ... ... ... ... ... ... ... ... ... ... ... ... ... ... ... ... ... ... ... ... ... ... ... ... ... ... ... ... ... ... ... ... ... ... ... ... ... ... ... ... ... ... ... ... ... ... ... ... ... ... ... ... ... ... ... ... ... ... ... ... ... ... ... ... ... ... ... ... ... ... ... ... ... ... ... ... ... ... ... ... ... ... ... ... ... ... ... ..."
70,· kalmi : risþi : stin : þena : eftiR : helka : sun : sin : iaR : turknaþi :,"Gamli(?)/Galmi(?) raised this stone in memory of Helgi, his son, who drowned.",en,qwen3.5-0.8B-ft_en_10_epochs,"Gámla raised this stone in memory of Helgi, her son."
71,· þura · sati · stin · þasi · aftiR · suin · sun · sin · Rs · uRstr · o · ualu,"Þóra placed this stone in memory of Sveinn, her son, who died in the west in <ualu>.",en,qwen3.5-0.8B-ft_en_10_epochs,"Þóra placed this stone in memory of Sveinn, her son. He carved the runes in memory of Ólaugr."
72,hulmstain · auk · uikuþr · þaun · litu · raisa · stain · eftiR · sun · henaR · auk · uihialmr iftiR inkifast ·,"Holmsteinn and Végunnr, they had the stone raised in memory of her son, and Véhjalmr/Víghjalmr in memory of Ingifastr.",en,qwen3.5-0.8B-ft_en_10_epochs,"Holmsteinn and Vígðr, they had the stone raised in memory of their son and Vígðr in memory of Ingifastr."
73,...li : lit : resa : eftiR : f...,... had ... raised in memory of ...,en,qwen3.5-0.8B-ft_en_10_epochs,... had raised the stone ...
74,sua ai ÷ titultitul ¶ fuþorkhniastbmlR §B huaR is i : alisti osa : huaR is (:) ¶ uifrþuR : karþi : afr aft asini fauþr ¶ kul:finR : fal(s) : taitirunoR ' u ¶ (a)iuinrunoR : sulialta : huaR : ? ¶ utu ÷ tuuut bilikikR : tuR ra(k)(i) ¶ (t)(u)(l)i,"Thus ever(?) ... <fuþorkhniastbmlR> §B Who is(?) ... ... Æsir's, who is Véfriðr /Véfrøðr made ... in memory of ... father. Kolfinnr/Gullfinnr concealed runes of gladness and runes of eternal friendship ... who ... ... ... ... ... ... Tuli/Tóli.",en,qwen3.5-0.8B-ft_en_10_epochs,"Sveinn, the stone cut in the north-west. FuþorkniastbmlR §B ... ... ... ... ... ... ... ... ... ... ... ... ... ... ... ... ... ... ... ... ... ... ... ... ... ... ... ... ... ... ... ... ... ... ... ... ... ... ... ... ... ... ... ... ... ... ... ... ... ... ... ... ... ... ... ... ... ... ... ... ... ... ... ... ... ... ... ... ... ... ... ... ... ... ... ... ... ... ... ... ... ... ... ... ... ... ... ... ... ... ... ... ... ... ... ... ... ... ... ... ... ... ... ... ... ... ... ... ... ... ... ... ... ... ... ... ... ... ... ... ... ... ... ... ... ... ... ... ... ... ... ... ... ... ... ... ... ... ... ... ... ... ... ... ... ... ... ... ... ... ... ... ... ... ... ... ... ... ... ... ... ... ... ... ... ... ... ... ... ... ... ... ... ... ... ... ... ... ... ... ... ... ... ... ... ... ... ... ... ... ... ... ... ... ... ... ... ... ... ... ... ... ... ... ... ... ... ... ... ... ... ... ... ... ... ... ... ... ... ... ... ... ... ... ... ... ... ... ... ... ... ... ... ..."
75,÷ salsi karþi sul ÷ D ÷ skut- - þ--a hiu ×,Sôlsi(?) made(?) the sun(?). Dagr(?) cut(?) this(?) on the cliff-face.,en,qwen3.5-0.8B-ft_en_10_epochs,... ... ... ... ...
76,: asmuhtr : auk : fraybiurn · litu kera : meki · siRun · at · herbiurn · faþur : sin :,"Ásmundr and Freybjôrn had the rune-decorated landmark made in memory of Herbjôrn, their father.",en,qwen3.5-0.8B-ft_en_10_epochs,Ásmundr and Fraybjôrn had the stone made in memory of her father.
77,kuni lit rista runaR þisar eftR sik · kuikhan þurhkutr · risti runa þisar fots arfi,"Gunni had these runes carved in memory of himself while alive. Þorgautr, Fótr's heir, carved these runes.",en,qwen3.5-0.8B-ft_en_10_epochs,"Gunni had these runes carved in memory of himself, Guikandr's husbandman(?) carved in memory of the ravers."
78,hulm(k)iR · auk · labus · auk · lafsi · þaiR · litu · raisa stain · at aib-rn · faþur sin koþan · ...t...,"Holmgeirr and <labus> and Lafsi, they had the stone raised in memory of Eibjôrn, their good father ...",en,qwen3.5-0.8B-ft_en_10_epochs,"Hulmgeirr and Labiðr and Lafsi, they had the stone raised in memory of Ábjôrn, their father. ..."
79,†M [pær krusis ok sihnum : fgiaþ : ¶ : prokul : omne : malihnum +],†M With this sign of the cross will all evil flee far away.,en,qwen3.5-0.8B-ft_en_10_epochs,"†M Prus and Signum, the good and the most valuable ..."
80,la-rans : gierþi : s[t]ai(n) : (þ)-,Lafranz made this stone.,en,qwen3.5-0.8B-ft_en_10_epochs,Lafrang's girl ...
81,... ...ta · stiu(b) · (s)in · ha- ...,"... ..., his/her step(-son). He ...",en,qwen3.5-0.8B-ft_en_10_epochs,... the stone in memory of ...
82,[tora · lit · raisa · sti]n [· þina · i]ftiR · rolif · sun · sin · kuþ · hialbi · ant [· hans fotr · risti ·],"Tóra had this stone raised in memory of Hróðleifr, her son. May God help his spirit. Fótr carved.",en,qwen3.5-0.8B-ft_en_10_epochs,"Tórja had the stone raised in memory of Hrólf, her son, who cut the runes."
83,ma^ria : mika(l) ¶ a mik br(i)kil ¶ torir §Q ma^ria : mika(i) ¶ a mik brakil ¶ torir,"Mary, Mikjáll owns me, Brigit(?). Þórir. §Q Mary, Mikjáll! Brakil/Brigit owns me. Þórir.",en,qwen3.5-0.8B-ft_en_10_epochs,Mæri gave me the gift of the kingdom.
84,... ...isti : krus : -... ¶ ...ir : mol:mu... ...,... raised (this?) cross in memory of Maelmuire ...,en,qwen3.5-0.8B-ft_en_10_epochs,... this cross ... ... ...
85,ragna : let × raisa × stain × þin(a) ... ... × sun × kuþbirnaR × trenk × ufi(l)an,"Ragna had this stone raised ... ... Guðbjôrn's son, an undaunted valiant man.",en,qwen3.5-0.8B-ft_en_10_epochs,"Ragn's(?) son raised this stone ... his mother's son. Trefnkr's son, the friend."
86,· sistin · ris(þ)... ... §B ...ftiR · keRmut · mak si...,"Sigsteinn raised ... §B in memory of Geirmundr, his kinsman-by-marriage.",en,qwen3.5-0.8B-ft_en_10_epochs,Sistinn raised ... §B ... had made ...
87,[: rakR : lakþi : stin : yfiR : þiuk : s...n : sin : s...],"Rekkr laid the stone over Þjokkr, his son ...",en,qwen3.5-0.8B-ft_en_10_epochs,... ... ... ... ... ...
88,þurkl × auk + kisl + -itu + rais- ... þian + iftR + faþur sn + kans- ku- hialbi ant hans,Þorkell and Gísl had this stone raised in memory of their father Gansi(?)/Knasi(?). May God help his spirit.,en,qwen3.5-0.8B-ft_en_10_epochs,"Þorkl and Gísl had this stone raised in memory of their father, Gann's husbandman."
89,biarn · li(t) ... ...- · ul- -(o)(r)oþur · sen ·,"Bjôrn had ... ... Ulfr, his brother.",en,qwen3.5-0.8B-ft_en_10_epochs,"Bjôrn had ... and Ulfróðr, his son."
90,[tiarfR · raisti · stain : þinsa : at : irim : faþur : sin : kuþan :],"Djarfr raised this stone in memory of Grímr, his good father.",en,qwen3.5-0.8B-ft_en_10_epochs,"Tífarðr raised this stone in memory of Írimr, his father, Guðann's son."
91,[huitr ok| |karl ouk ulf l...u ...ris...],Hvítr and Karl and Ulfr(?) had ...,en,qwen3.5-0.8B-ft_en_10_epochs,Hvóttr and Karl and Ulfr(?) ... ... ...
92,... ...arl ' uk ihulbiurn ' litu rita stono þisa ' uk| |kirua bru þisa ' at iafur faþur si... ... (h)ialbi ont hos,"... Karl and Ígulbjôrn had these stones erected and this bridge made in memory of Jôfurr, their father ... may help his spirit.",en,qwen3.5-0.8B-ft_en_10_epochs,"... and Ingjôbjôrn had this stone erected in memory of Ingjôbjôrn's brother, and in memory of Jôfurr, their father. He was buried in Holmby."
93,[...-R lit ' r...] ... ...- ÷ sina ÷ k...,... had (the stone) raised/erected ... ... their/his ...,en,qwen3.5-0.8B-ft_en_10_epochs,... ... ... his ...
94,[as]kil : lit : rita : stin : þa[na · -f-]- : u[n]-- : faþur : [si]n [-u-]a : kuþ[an],"Áskell had this stone erected in memory of ... his father, a good husbandman.",en,qwen3.5-0.8B-ft_en_10_epochs,... had this stone raised in memory of ... ... ... ...
95,þruntr × risti + tsin × þinsa + aftiR · þurtsin [faþ](u)r sin,"Þróndr raised this stone in memory of Þorsteinn, his father.",en,qwen3.5-0.8B-ft_en_10_epochs,"Þrúntr raised this stone in memory of Þótrœrn, his father."
96,fastkaiR fastlauk at sun sin litu (h)akua at nefkair,"Fastgeirr (and) Fastlaug had (the stone) cut in memory of Nefgeirr, in memory of their son.",en,qwen3.5-0.8B-ft_en_10_epochs,"Fastgeirr Fastlaug and the son, they had the stone cut in memory of Neffgeirr."
97,o^not^r : a mik : a ho^no^m,Ônundr of Hornar owns me.,en,qwen3.5-0.8B-ft_en_10_epochs,Not the man who has a good heart.
98,tuki : ri(s)-- ¶ -tin : þansi : ift ¶ þurstin : sin ¶ -(r)uþur : nuk ¶ igi : sin : faþu-,"Tóki raised this stone in memory of Þorsteinn, his brother, and Ingi, his father.",en,qwen3.5-0.8B-ft_en_10_epochs,"Toki, ... this stone in memory of Þorsteinn, his brother. Nökkr, he fell."
99,[× sibi × auk × irmuntr × auk × þoriR × litu × raisa × stain × iftiR × s(u)... ... ...-- (h)(a)n · to × austr × sun × kismuntaR],"Sibbi and Ernmundr and Þórir had the stone raised in memory of ... ... ... He, Gísmundr's son, died in the east.",en,qwen3.5-0.8B-ft_en_10_epochs,Sibbi and Írmundr and Þórir had the stone raised in memory of S... ... ... in memory of their son Kismundr.
100,... stin : þinsi : i--iR : un...,... this stone in memory of ...,en,qwen3.5-0.8B-ft_en_10_epochs,... this stone in memory of ...
1,[hualf : lit ... ufir : tar : fadur : simun ...],... had the vault [made] ... over their father Símon ...,de,qwen3.5-0.8B-ft_en_10_epochs,"Hälfigt / Hälfigt (für) Tar, für Tard, für Simun ..."
2,...(a)lui : lit * kira : kubl : ifti... ... burþur : ulfs * þiR * a(u)... ... (m)iþ * ikuari : o : sirk*la(t)...,...-vé had the monument made in memory of ... Ulfr's brother. They in / to the east ... with Ingvarr in Serkland.,de,qwen3.5-0.8B-ft_en_10_epochs,... ... ... ... ... ... ... ...
3,þat ik uk (M) nona ¶ snonk=uk(t)(i)unf(i) ¶ sak a=rf hit(r)k ¶ þik,... ... ... ... ... ... ... ... ... …,de,qwen3.5-0.8B-ft_en_10_epochs,"ich bin nicht in Nona, Nona, Nona, Nona, Nona, Nona, Nona, Nona, Nona, Nona, Nona, Nona, Nona, Nona, Nona, Nona, Nona, Nona, Nona, Nona, Nona, Nona, Nona, Nona, Nona, Nona, Nona, Nona, Nona, Nona, Nona, Nona, Nona, Nona, Nona, Nona, Nona, Nona, Nona, Nona, Nona, Nona, Nona, Nona, Nona, Nona, Nona, Nona, Nona, Nona, Nona, Nona, Nona, Nona, Nona, Nona, Nona, Nona, Nona, Nona, Nona, Nona, Nona, Nona, Nona, Nona, Nona, Nona, Nona, Nona, Nona, Nona, Nona, Nona, Nona, Nona, Nona, Nona, Nona, Nona, Nona, Nona, Nona, Nona,"
4,§A nasi × auk : þair : bruþr : raistu : stain : þisa ×,"§A Nasi/Nesi and his brothers raised this stone §B in memory of Jarl, their good father, and made the bridge as thanks to God.",de,qwen3.5-0.8B-ft_en_10_epochs,Nazi und Þeir brachten diese Steine.
5,[(n)...i...iukaR : auk : biorn : auk : farulfi : þiR : litu : risa : stan : aftiR * aka : faþur : sin * hat : uaR : uskul * þik : þRa *],"... and Bjǫrn and Farulfr, they had the stone raised in memory of Áki, their father. He was ...",de,qwen3.5-0.8B-ft_en_10_epochs,...-...-...-...-...-...-...-...-...-...-...-...-...-...-...-...-...-...-...-...-...-...-...-...-...-...-...-...-...-...-...-...-...-...-...-...-...-...-...-...-...-...-...-...-...-...-...-...-...-...-...-...-...-...-...-...-...-...-...-...-...-...-...-...-...-...-...-...-...-...-...-...-...-...-...-...-...-...-...-...-...-...-...-...-...-...-...-...-...-...-...-...-...-...-...-...-...-...-...-...-...-...-...-...-...-...-...-...-...-...-...-...-...-...-...-...-...-...-...-...-...-...-...-...-...-...-...-...-
6,§A ...r × ok × e...,§A ... and ... §B ...,de,qwen3.5-0.8B-ft_en_10_epochs,§A ... ... ...
7,k-na : let : legia : st¶in : þensi : auk : tuki :,Ginna(?)/Gína(?) had this stone laid and (i.e. with) Tóki.,de,qwen3.5-0.8B-ft_en_10_epochs,ich habe Numa den Stuhl gebaut.
8,§A (m)a(l)(i) : es : a : s(t)ain(i) : þesu(m) : a- ...,"§A The agreement on this stone is, that ... §B half of the warping-line lie to ... §C as property and as allodial land ... ...",de,qwen3.5-0.8B-ft_en_10_epochs,"§A Mäli, es ist ein Stein, der ..."
9,× orikia × auk × ikul × litu × raisa × stain × ... ...biurn × faþur sin ×,"Órœkja and Ígull had the stone raised ... ...-bjǫrn, their father.",de,qwen3.5-0.8B-ft_en_10_epochs,Görika und Ikul/Ögul/Ögulr/Ögult/Ögultr/Ögultr/Ögultr/Ögultr/Ögultr/Ögultr/Ögultr/Ögultr/Ögultr/Ögultr/Ögultr/Ögultr/Ögultr/Ögultr/Ögultr/Ögultr/Ögultr/Ögultr/Ögultr/Ögultr/Ögultr/Ögultr/Ögultr/Ögultr/Ögultr/Ögultr/Ögultr/Ögultr/Ögultr/Ögultr/Ögultr/Ögultr/Ögultr/Ögultr/Ögultr/Ögultr/Ögultr/Ögultr/Ögultr/Ögultr/Ögultr/Ögultr/Ögultr/Ögultr/Ögultr/Ögultr/Ögultr/Ögult
10,...[rn :] auk * fasti : raist=u st[a]in ** at * k(i)(l)beaurn : faþ(u)r : si(n) : [buata : þo]r[*kiai]rþ[i **],"Bjǫrn and Fasti raised the stone in memory of Ketilbjǫrn(?), their father, Þorgerðr's husbandman.",de,qwen3.5-0.8B-ft_en_10_epochs,"... ... fasti raisteu steht ... Kildeaurn faþur, sein Bruder."
11,§A ...þi---- (+) -ftir + foþur (:) sin (:) þurbio-...,§A ... in memory of his father Þorbjǫrn. §B ...,de,qwen3.5-0.8B-ft_en_10_epochs,§A ... ... für ... ... ...
12,[... uaR * tauþr × i austr*uih- ...],... died on the eastern route ...,de,qwen3.5-0.8B-ft_en_10_epochs,... ... ... ...
13,k suntahr tir brim o=k i treta=ntu rato,K (was) the Sunday[-stave] and Tyrr the prime-stave in the thirteenth row.,de,qwen3.5-0.8B-ft_en_10_epochs,Gibt NUR die deutsche Übersetzung aus.
14,§A ... ¶ ... ¶ ... ¶ ...,§A ... ... ... ... §B ... ... ...,de,qwen3.5-0.8B-ft_en_10_epochs,§A ... ... ... ...
15,[... ...lfa : faþur * sin : auk ...],"... (in memory of) Þjalfi(?), his father and ...",de,qwen3.5-0.8B-ft_en_10_epochs,"... ... sein, ich bin ..."
16,... : [ai](f)(t)(i)(r) * (m)(u)... * (u)…,... in memory of <mu-> ...,de,qwen3.5-0.8B-ft_en_10_epochs,... ... ... ...
17,§A ol(a)f(r) : hnaki : -... ...ra : famtan : (b)o : kan-þis... ...n(m)... ...(i)rþi : s---...,§A Ólafr the Neck ... ... fifteen estates ... ... ... ... §B all may violate Gautr(?) ...,de,qwen3.5-0.8B-ft_en_10_epochs,§A Olfr/Hnaki ... ... ... ... ... ... ...
18,[biriki ÷ birita ÷ batar ÷ ok ÷ akhi ÷ kyrþi kirkuh ÷ asur ÷ ok ÷ skuli ÷ ok ÷ þorþr ÷ ok ÷ ku=nar ÷ i siua---sta ÷],May Birita save (us). Pétr and Áki made the church. Ôzurr and Skúli and Þórðr and Gunnarr in Sigvaldstaðir.,de,qwen3.5-0.8B-ft_en_10_epochs,Bieriki/Birte/Bater/Bater/Bater/Bater/Bater/Bater/Bater/Bater/Bater/Bater/Bater/Bater/Bater/Bater/Bater/Bater/Bater/Bater/Bater/Bater/Bater/Bater/Bater/Bater/Bater/Bater/Bater/Bater/Bater/Bater/Bater/Bater/Bater/Bater/Bater/Bater/Bater/Bater/Bater/Bater/Bater/Bater/Bater/Bater/Bater/Bater/Bater/Bater/Bater/Bater/Bater/Bater/Bater/Bater/Bater/Bater/Bater/Bater/Bater/Bater/Bater/Bater/Bater/Bater/Bater/Bater/Bater/Bater/Bater/Bater/Bater/Bater/Bater/Bater/Bater/Bater/Bater/Bater/Bater/Bater/Bater/Bater/Bater/Bater/Bater/Bater/Bater/Bater/Bater/Bater/Bater/Bater/Bater/Bater/Bater/Bater/Bater/Bater/Bater/Bater/Bater/Bater/Bater/Bater/Bater/Bater/Bater/Bater/Bater/Bater/Bater/Bater/Bater/Bater/Bater/Bater/Bater/Bater/Bater/Bater/Bater/Bater/Bater/Bater/Bater
19,þo=rir * ræist * runa=r * þessa=r * þan * olaus*mess*o=æpþa=n ¶ ...r han * fo=r * he=r um ¶ ÷ bæþe= =ge=rþo= =no=(r)ne=r * uæl * o=k * il=la * mikla * møþe ¶ g skapaþu * þær mer,"Þórir carved these runes on the eve of Olaus-mass, when he travelled past here. The norns did both good and evil, great toil ... they created for me.",de,qwen3.5-0.8B-ft_en_10_epochs,Gib NUR die deutsche Übersetzung aus.
20,+ BONDO FRISO ME FECIT | ESGERVS RØTH ME FECIT : FIERI | fuþorkhniastblmy---,"Bondo (the) Frisian made me, Esgervs Red had me made. Golden numbers.",de,qwen3.5-0.8B-ft_en_10_epochs,"Bondo friso me fecit, esgervs roth me fecit, fieri fuþorkhniastblmy-"
21,[stoþi * auk * sihtiarfr *  þorker * lit]u * ris[t]a * stin at * aistu[lf * b]roþu[r *] (s)in [sun þorkerþa],"Stóði and Sigdjarfr and Þorgerðr had the stone carved in memory of Eistulfr, their brother, Þorgerðr's son.",de,qwen3.5-0.8B-ft_en_10_epochs,"Herr Stóði und Sigtrafr, der er die Stein legte, ist auf die Tore der Brüder."
22,þoriR × lit hakua stain at * binu fiþur sin × ketilu[i × at × b]onta sin ×,"Þórir had the stone cut in memory of Bína(?), his father; Ketilvé in memory of her husbandman.",de,qwen3.5-0.8B-ft_en_10_epochs,"Þoriðr hat das Holz gemacht, das ich bin. Ketilvið steht auf Bontästein."
23,+ annus * inkannacionis : domini : millesimus * ducentisimus : tris=cesimus : oktauus : erat : fakta * ak kampana : bero : s=crp*sit,Anno incarnationis Domini millesimo ducentesimo tricesimo octavo erat facta hæc campana. Bero scripsit.,de,qwen3.5-0.8B-ft_en_10_epochs,"Nun ist ich der Herr, der die Welt nicht kennt."
24,§A kruhs markus (s)u--io-(b) ¶ --(u)(h)(s) (m)aþ(e)(u)s -- §B (k)ruhs iohanæs ¶ (k)ruhs (l)(u)k-- --,"§A Crux, Marcus, ... crux, Matthæus, ... §B crux, Johannes, crux, Lucas …",de,qwen3.5-0.8B-ft_en_10_epochs,§A Kruhs markus (s)u--io-(b) ¶ --(u)(h)(s) mæþ(e)(u)s -- §B Kruhs Iohanæs ¶ Kruhs Luk--
25,[* iskirun * harþiR * totiR * lit * risti * runiR * ati * sik * sialfan * hn * uil * austr * fara * auk * ut * til * iursala * fair * risti * runiR *],"Ingirún(?) Harðr's daughter, had the runes carved in memory of herself. She wants to travel to the east and abroad to Jerusalem. Fótr(?) carved the runes.",de,qwen3.5-0.8B-ft_en_10_epochs,... ... ... ... ... ... ... ... ... ... ... ... ... ... ... ... ... ... ... ... ... ... ... ... ... ... ... ... ... ... ... ... ... ... ... ... ... ... ... ... ... ... ... ... ... ... ... ... ... ... ... ... ... ... ... ... ... ... ... ... ... ... ... ... ... ... ... ... ... ... ... ... ... ... ... ... ... ... ... ... ... ... ... ... ... ... ... ... ... ... ... ... ... ... ... ... ... ... ... ... ... ... ... ... ... ... ... ... ... ... ... ... ... ... ... ... ... ... ... ... ... ... ... ... ... ... ... ... ... ... ... ... ... ... ... ... ... ... ... ... ... ... ... ... ... ... ... ... ... ... ... ... ... ... ... ... ... ... ... ... ... ... ... ... ... ... ... ... ... ... ... ... ... ... ... ... ... ... ... ... ... ... ... ... ... ... ... ... ... ... ... ... ... ... ... ... ... ... ... ... ... ... ... ... ... ... ... ... ... ... ... ... ... ... ... ... ... ... ... ... ... ... ... ... ... ... ... ... ... ... ... ... ... ... ... ... ... ... ... ... ... ... ... ... ... ... ... ... ... ... ... ... ... ... ... ...
26,[isifara · auk · k... ... ...-r · sin · hon tu i krikum],<isifara> and ... ... their … He died in Greece.,de,qwen3.5-0.8B-ft_en_10_epochs,... ... ... ... ... ... ... ... ... ...
27,biarfaa : statu : sis[o] stain ¶ hakbiarn :  bruþr  ¶ ruþuisl : austain : imuar ¶ is af[a] : st[ai]n[a] : stata : aft : raf[a] ¶ su[þ] furi : ru[f]staini : kuamu ¶ uit i aifur : uifil ¶ [ba]uþ [u=m],"Hegbjǫrn raised this stone glaring (and his) brothers Hróðvísl, Eysteinn, <-muar>, who have had stones raised in memory of Hrafn south of Rofstein. They came far and wide in Eifor. Vífill bade ...",de,qwen3.5-0.8B-ft_en_10_epochs,Gib NUR die deutsche Übersetzung aus.
28,[turi : sati : stin : þonsi : aftir : askut : bruþur : sin : iar : barþi : iattin : þikra : i : iatustun : auk : brunia : fik : harþa : kuþan *],"Dýri(?) placed this stone in memory of Ásgautr, his brother, who lived(?) in Jǫtunstaðir(?) and Brúni, a very good valiant man.(?)",de,qwen3.5-0.8B-ft_en_10_epochs,"Tori hat das Stein aufgesetzt, das er ausbrach. Er ist der, der die Rache in der Welt erfüllt. Er ist der, der die Brände in den Bergen hält."
29,...[(n) '] uk ' ihul ' uk ' gisl ' uitr ' li... …,... and Ígull and Gísl (and) Eyndr(?) had ...,de,qwen3.5-0.8B-ft_en_10_epochs,... ich nehme N. ich nehme N. ich nehme N.
30,--rþr * ris-- * kuml * þe... ... ...-aþis * o * eklanti,Þórðr raised this/these(?) monument(s) ... met his end in England.,de,qwen3.5-0.8B-ft_en_10_epochs,... ... ... ... ... ... ... ... ...
31,§P [katil × risti × sten × efti sin broþur : nahhar stens su- +],"Ketill raised the stone in memory of his brother Nagr(?), Harðsteinn's son.",de,qwen3.5-0.8B-ft_en_10_epochs,"§P Kati rüstet den Stein, der Naha-Stein, Naha-Stein, Naha-Stein."
32,[+ butulfr : ... : ...s...r : butuiþr : ok : iakaupr : ok : olafr : ...],Bótulfr ... ... Bótviðr and Jakobr and Ólafr ...,de,qwen3.5-0.8B-ft_en_10_epochs,Bettelfr ... ... ... ... ... ... ... ...
33,× fastbiurn × lit rita × stain × iftiR mintil × faþurR sin,"Fastbjǫrn had the stone erected in memory of Myndill, his father.",de,qwen3.5-0.8B-ft_en_10_epochs,"Fastbjôrn hat den Stein gelegt, wenn er mit dem Mütze trägt."
34,§A pa=l æi(n)(a)=(r)so=n : ræist : run(a)=(r) (:) þæs...,§A Páll Einarr's son carved these runes §B ... this stone in memory of ...,de,qwen3.5-0.8B-ft_en_10_epochs,"§A ich bin der Rost, der Rost, der Rost, der Rost, der Rost, der Rost, der Rost, der Rost, der Rost, der Rost, der Rost, der Rost, der Rost, der Rost, der Rost, der Rost, der Rost, der Rost, der Rost, der Rost, der Rost, der Rost, der Rost, der Rost, der Rost, der Rost, der Rost, der Rost, der Rost, der Rost, der Rost, der Rost, der Rost, der Rost, der Rost, der Rost, der Rost, der Rost, der Rost, der Rost, der Rost, der Rost, der Rost, der Rost, der Rost, der Rost, der Rost, der Rost, der Rost, der Rost, der Rost, der Rost, der Rost, der Rost, der Rost, der Rost, der Rost, der Rost, der Rost, der Rost, der Rost, der Rost, der Rost,"
35,* ali : lakþi : stin : þasi : uftiR : uþu : kunu : s... ...u : harþa : kuþa,"Áli/Alli laid this stone in memory of Auða, his wife ... very good.",de,qwen3.5-0.8B-ft_en_10_epochs,"Hilf mir, ich liege unter dem Stein. ... ... ..."
36,--ti- + karþi × br(u) + þasi + a-tiR + hemkil + auk * siba sunu × sina,"<--ti-> made this bridge in memory of Heimkell and Sibbi, her sons.",de,qwen3.5-0.8B-ft_en_10_epochs,"--ti- der Karthoser hat das getan, dem Himmel zu helfen. Sibau, sein Sohn."
37,Side A : tuki : r-... : br--... Side B ...-s-…,Tōki …,de,qwen3.5-0.8B-ft_en_10_epochs,Siedle hat ... ...
38,§A ... ¶ ... §B ... ¶ …,§A ... ... §B ... …,de,qwen3.5-0.8B-ft_en_10_epochs,§A ... §B ...
39,+ aslagr : pr(e)str * reit * runa=r þessa=r,Áslakr the priest wrote these runes.,de,qwen3.5-0.8B-ft_en_10_epochs,... ... ... ... ... ...
40,h[outi]an [* auk * asur * þair * litu *] (r)aisa * merki * þisa * at [*] (u)l[f] * faþur * sin *,"<houtian> and Ôzurr, they had these landmarks raised in memory of Ulfr, their father.",de,qwen3.5-0.8B-ft_en_10_epochs,"Höftiann und Asur, die ihr habt, ihr habt mir die Tore gemacht. Und Ulfr, der Vater, ist."
41,§A -uki : os^a : b : r^aisþ^a : u^ar : aft : -^t-a^þ : -(i)- : nafis §B : þo : is : o(s)(i) : --- : þ^aþa^n : (a)(u)- -u^a : staina : þisa : -----,§A ... §B …,de,qwen3.5-0.8B-ft_en_10_epochs,Götter und die Welt: wir sind nicht nur die Welt. §B ... ist ... ... ... ... ... ...
42,tu-iR : resþi : sta... ... unþik : bru-ur : sin :,"Tólir/Dóttir raised the stone ... Óníðingr, his/her brother.",de,qwen3.5-0.8B-ft_en_10_epochs,"Du bist der Rest, der ... ..."
43,a	b	c	d	e	f	g	h	i	k	l	m	n	o	p	r	s	t	u	v	y	.	þ	.	.	.,a	b	c	d	e	f	g	h	i	k	l	m	n	o	p	r	s	t	u	v	y	.	þ	.	.	.,de,qwen3.5-0.8B-ft_en_10_epochs,... ... ... ... ... ... ... ... ... ... ... ... ... ... ...
44,× þorkis[l] -uk × þorstin auk × uibiarn × auk × olifr × --tu × raisa × stin × eftiR × þorbiarn × faþur × sin,"Þorgísl and Þorsteinn and Vébjǫrn and Óleifr had the stone raised in memory of Þorbjǫrn, their father.",de,qwen3.5-0.8B-ft_en_10_epochs,"Þorkisdl-und Þorstin und Vibiarn und Olifr, sie haben das Stein über den Portiarn. Pfarrer Pfautr."
45,[kalukR lit × risa × stn × þina × iftR × siba · boanta sin × koes...--... faþur · s¶in han fal · s... ¶ keþfrekr],"<kalukR> had this stone raised in memory of Sibbi, her husbandman ... her father. He fell south(?) …",de,qwen3.5-0.8B-ft_en_10_epochs,"Gulukr (und) Risa (steil) den Stein, (ich) bist, (ich) soll das (für) (ich) (ich) soll (ich) soll (ich) soll (ich) soll (ich) soll (ich) soll (ich) soll (ich) soll (ich) soll (ich) soll (ich) soll (ich) soll (ich) soll (ich) soll (ich) soll (ich) soll (ich) soll (ich) soll (ich) soll (ich) soll (ich) soll (ich) soll (ich) soll (ich) soll (ich) soll (ich) soll (ich) soll (ich) soll (ich) soll (ich) soll (ich) soll (ich) soll (ich) soll (ich) soll (ich) soll (ich) soll (ich) soll (ich) soll (ich) soll (ich) soll (ich) soll (ich) soll (ich) soll (ich) soll (ich) soll (ich) soll (ich) soll (ich) soll (ich) soll (ich) soll (ich) soll (ich) soll (ich) soll (ich) soll (ich) soll (ich) soll"
46,§A + tak ' hiR krist * (e)yratr * hafir * kart ' klukhera * sun ' amen,"§A Thank-you(?), Lord(?) Christ. Eyrhvatr(?) has made, son of the organist. Amen. §B Jubilant.",de,qwen3.5-0.8B-ft_en_10_epochs,"§A ich nehme das, der Krist ist, der hat, der klukhera, den Mann, Amen."
47,§A d=um * das : ka=rus * e=ris : da=re : des--,"§A As long as you give, you will be held dear; if you abandon giving, §B you will be despised.",de,qwen3.5-0.8B-ft_en_10_epochs,"§A Du darfst das kräftig, du darfst das kräftig, du darfst das kräftig, du darfst das kräftig."
48,[× aist]r × lit × [ra... ... ... suart×haufþa × faþur] ...,"Eistr had … raised in memory of Svarthǫfði, his father.",de,qwen3.5-0.8B-ft_en_10_epochs,... ... ... seine Schwester.
49,bosi : tlhi ¶ kirki ¶ bosi : ta=lh`þ´i sten ¶ til skatma ¶ kirkiu,Bósi shaped the church. Bósi shaped the stone for the church of the inhabitants of Skatelöv.,de,qwen3.5-0.8B-ft_en_10_epochs,Gibt NUR die deutsche Übersetzung aus.
50,baki : fulk(s)tin þiR : raisþu : stin : þan:si : at : faþur : sin kitilhafþa þ=r=u=t=a=R= =þ=i=a=k=n uit,"Banki/Baggi (and) Folksteinn, they raised this stone in memory of their father Ketilhǫfði, a Þegn of strength. ...",de,qwen3.5-0.8B-ft_en_10_epochs,"Baki, Fulkes, der raucht, steht über den Pfennig, den Kettelhahn, den Kettelhahn, den Kettelhahn, den Kettelhahn, den Kettelhahn, den Kettelhahn, den Kettelhahn, den Kettelhahn, den Kettelhahn, den Kettelhahn, den Kettelhahn, den Kettelhahn, den Kettelhahn, den Kettelhahn, den Kettelhahn, den Kettelhahn, den Kettelhahn, den Kettelhahn, den Kettelhahn, den Kettelhahn, den Kettelhahn, den Kettelhahn, den Kettelhahn, den Kettelhahn, den Kettelhahn, den Kettelhahn, den Kettelhahn, den Kettelhahn, den Kettelhahn, den Kettelhahn, den Kettelhahn, den Kettelhahn, den Kettelhahn, den Kettelhahn, den Kettelhahn, den Kettelhahn, den Kettelhahn, den Kettelhahn, den Kettelhahn, den Kettelhahn"
51,riuiþr : risiþ : sti : þasi : auftiR : kirm : su : sin : miuk : kuþan : trik :,"<riuiþr> raised this stone in memory of Grímr, his son, a very good valiant man.",de,qwen3.5-0.8B-ft_en_10_epochs,"Rödiðr rüstet die Steine, das er nun macht. Nämlich mit dem Kamm."
52,auþa : auk : ika * auk * erintis * þriþi * hafa * muþk-... -þ um * karua * stain ra--... itiR * suain * faþur : sin * auk * at kuþfast * bruþr * sin * han uaR : sun : auþuR,"Auða and Inga and Erindís as the third, the mother and daughters have (achieved) the feat of making and raising(?) the stone in memory of Sveinn, their father, and in memory of Guðfastr, their brother. He was Auða's son.",de,qwen3.5-0.8B-ft_en_10_epochs,"Herr Hinnr, ich möchte dir die Rüstbarkei geben, die du mit Karua gestanden hast. Sie ist ein sehr gutes und schönes Geschlecht. Du bist ein guter Mann. Aber du bist nicht gut genug für den Beruf."
53,...--- × lagþu × s... …,... laid the stone ...,de,qwen3.5-0.8B-ft_en_10_epochs,... ... ... ...
54,a=u=æ ÷ maria ÷ iæssus + {ANNO : DOMINI : MO : CCCO : XLO : QUINTO : DECIMO : SEPTIMO : KLAS : AUGUSTI : CURATO : ECCLEIE : DOMINO : OLAUO : TUTORIBUS : ECCLEIE : GEDSTAUO : ET : NICHOLAO : HAQUINUS : FUDIT : HANC : CAMPANAM : MAGNO : REGE : SUECIE : DNO : SIGGONE : EPISCOPI : SCARENSI} : +,Ave Maria Jesus. {Anno domini millesimo trecentesimo sexagesimo quinto decimo septimo kalendas augusti curato ecclesiae domino Olauo tutoribus ecclesiae Gedstauo et Nicholao Haquinus fudit hanc campanam Magno rege Sueciae domino Siggone episcopo Scarensi.},de,qwen3.5-0.8B-ft_en_10_epochs,"Maria, ichssus, {ANNO : DOMINI : MO : CCCO : XLO : QUINTO : DECIMO : SEPTIMO : KLAS : AUGUSTI : CURATO : ECCLEIE : DOMINO : OLAUO : TUTORIBUS : ECCLEIE : GEDSTAUO : ET : NICHOLAO : HAQUINUS : FUDIT : HANC : CAMPANAM : MAGNO : REGE : SUECIE : DNO : SIGGONE : EPISCOPI : SCARENSI} ..."
55,osfriþr : risþi : stin : þonsi : eftiR : osgiR : hrþa : kuþan : trek : buta * sin,"Ásfríðr raised this stone in memory of Ásgeirr, her husbandman, a very good valiant man.",de,qwen3.5-0.8B-ft_en_10_epochs,"Herr Fröðr, Risse, das Stein, der jetzt steht, ist das, das ich mit gutem Herzen trinke."
56,§A + esse krucem tomini fugite pa=rtes atu=erse : uicit leo * de tribu iuta ratiks ta=uit,"§A Behold the cross of the Lord; flee, you hostile powers. The lion of the tribe of Juda, the root of David, has conquered. §B Four letters on the forehead-plate that Aaron bore on his forehead, Jesus Christ. §C Mark, Matthew, Luke, John. §D Tetragrammaton. Alpha and Omega.",de,qwen3.5-0.8B-ft_en_10_epochs,"§A Es sei Christus, der Gott ist, der Gott ist, der Gott ist, der Gott ist, der Gott ist, der Gott ist, der Gott ist, der Gott ist, der Gott ist, der Gott ist, der Gott ist, der Gott ist, der Gott ist, der Gott ist, der Gott ist, der Gott ist, der Gott ist, der Gott ist, der Gott ist, der Gott ist, der Gott ist, der Gott ist, der Gott ist, der Gott ist, der Gott ist, der Gott ist, der Gott ist, der Gott ist, der Gott ist, der Gott ist, der Gott ist, der Gott ist, der Gott ist, der Gott ist, der Gott ist, der Gott ist, der Gott ist, der Gott ist, der Gott ist, der Gott ist, der Gott ist, der Gott ist, der Gott ist, der Gott ist, der Gott ist, der Gott ist, der Gott ist, der Gott ist, der Gott ist, der Gott ist, der Gott ist, der Gott ist, der Gott ist, der Gott ist, der Gott ist, der Gott ist, der Gott ist, der Gott ist, der Gott ist, der Gott ist, der Gott ist, der Gott ist, der Gott"
57,§A f... ¶ ...ku-... ¶ ...-kas--... ¶ ...-kh--...,§A ... ... ... ... §B ...,de,qwen3.5-0.8B-ft_en_10_epochs,§A ... ... ... ... ...
58,Side A ...(k)hniistmlR Side B n,[fuþor]khn[ia]s[tb]lmR …,de,qwen3.5-0.8B-ft_en_10_epochs,Gib NUR die deutsche Übersetzung aus.
59,iþinui ' uk ' austain ' uk ' ulfr ' uk * ol(a)[fr * litu * raisa * s]tain * iftiR hal(f)tan faþur sin,"Heðinvé and Eysteinn and Ulfr and Ólafr had the stone raised in memory of Halfdan, their father.",de,qwen3.5-0.8B-ft_en_10_epochs,Ich und Ulfr und Ulfr(?) und Ulfr(?) und Ulfr(?) und Ulfr(?) und Ulfr(?) und Ulfr(?) und Ulfr(?) und Ulfr(?) und Ulfr(?) und Ulfr(?) und Ulfr(?) und Ulfr(?) und Ulfr(?) und Ulfr(?) und Ulfr(?) und Ulfr(?) und Ulfr(?) und Ulfr(?) und Ulfr(?) und Ulfr(?) und Ulfr(?) und Ulfr(?) und Ulfr(?) und Ulfr(?) und Ulfr(?) und Ulfr(?) und Ulfr(?) und Ulfr(?) und Ulfr(?) und Ulfr(?) und Ulfr(?) und Ulfr(?) und Ulfr(?) und Ulfr(?) und Ulfr(?) und Ulfr(?) und Ulfr(?) und Ulfr(?) und Ulfr(?) und Ulfr(?) und Ulfr(?) und Ulfr(?) und Ulfr(?) und Ulfr(?) und Ulfr(?) und Ulfr(?) und Ulfr(?) und Ulfr(?) und Ulfr(?) und Ulfr(?) und Ulfr(?) und Ulfr(?) und Ulfr(?) und Ulfr(?) und Ulfr(?) und Ulfr(?) und Ulfr(?) und Ulfr(?) und Ulfr(?) und Ulfr(?) und Ulfr(?) und Ulfr(?) und Ulfr(?)
60,...-ta : bain : uas * (i)-(u)--...,This bone was ...,de,qwen3.5-0.8B-ft_en_10_epochs,...-ta ... ...
61,§A (b)isi * sati : st[(n)] : þisi : iftiR : þurkut : u----þi : faþur,"§A Bisi placed this stone in memory of Þorgautr ... his father. §B And Gunna, both. Thistle, mistletoe, casket.",de,qwen3.5-0.8B-ft_en_10_epochs,"§A Bisi sati steht, denn er ist der Vater."
62,× ilturi × lit × raisa × stin × eftiR × sukiR × faþur × sin × kuþ × hialbi * ant * ahns ×,"<ilturi> had the stone raised in memory of Siggeirr/Seygeirr, his father. May God help his spirit.",de,qwen3.5-0.8B-ft_en_10_epochs,"Hüttrí hat die Steine errichtet, sie soll sein Vater sein. Er ist ein guter Mann."
63,§A · anut · ... ...-n · sin · uk ifti(R) ... ...þa ·,ENG: Ônundr ... his son and in memory of ... ... his => §A Ônundr ... his son and in memory of ... ... §B ... …,de,qwen3.5-0.8B-ft_en_10_epochs,§A ... ... ... ich habe ...
64,+ kuþluk * lit ... ... ... ...a × sun * sin * auk * at * sik * sialfa * han * to * a lank*barþa*l--ti *,"Guðlaug had the stones raised in memory of Holmi, her son, and in memory of herself. He died in Lombardy.",de,qwen3.5-0.8B-ft_en_10_epochs,"Guthluk hat ... ... ... sein, sein Sohn und sein Bruder soll sein."
65,[anuntr ' uk ' þorbiarn ' li-u * rita sitn yftiR * katelmunt * bruþur],"Ǫnundr and Þorbjǫrn had the stone erected in memory of Ketilmundr, (their) brother.",de,qwen3.5-0.8B-ft_en_10_epochs,"Nuntr und Þorbjôrn ließen die Statue errichten. Katelmund der Bruder, der die Statue errichtet hat."
66,§A þa : ræist : mik : oa=k : ræisti ¶ [: a]mundi : o=rmstæins:a:sun : a : sot=range,§A Ámundi Ormsteinn's son of Sótrangr carved and raised me then. §B The border-mark is from here east into Langaforsinn. §C fir §D ...,de,qwen3.5-0.8B-ft_en_10_epochs,"§A röst mir, röst mir, röst mir, röst mir, röst mir, röst mir, röst mir, röst mir, röst mir, röst mir, röst mir, röst mir, röst mir, röst mir, röst mir, röst mir, röst mir, röst mir, röst mir, röst mir, röst mir, röst mir, röst mir, röst mir, röst mir, röst mir, röst mir, röst mir, röst mir, röst mir, röst mir, röst mir, röst mir, röst mir, röst mir, röst mir, röst mir, röst mir, röst mir, röst mir, röst mir, röst mir, röst mir, röst mir, röst mir, röst mir, röst mir, röst mir, röst mir, röst mir, röst mir, röst mir, röst mir, röst mir, röst mir, röst mir, röst mir, röst mir, röst mir, röst mir, röst mir, röst mir, röst mir, röst"
67,... : þensa : iftir : eskil : (b)(r)-(þ)... …,"... this in memory of Áskell, brother …",de,qwen3.5-0.8B-ft_en_10_epochs,"... sein, ich soll es nicht ausgeben."
68,+ suain + auk + biarn × auk × ikulfastr × litu × raisa × stin × eftiR × ikul × faþur × sin ×,"Sveinn and Bjǫrn and Ígulfastr had the stone raised in memory of Ígull, their father.",de,qwen3.5-0.8B-ft_en_10_epochs,"Svein und Bjôrn und Ígulfastr, sie haben das Steinbruch-Stein-Stein-Stein-Stein-Stein-Stein-Stein-Stein-Stein-Stein-Stein-Stein-Stein-Stein-Stein-Stein-Stein-Stein-Stein-Stein-Stein-Stein-Stein-Stein-Stein-Stein-Stein-Stein-Stein-Stein-Stein-Stein-Stein-Stein-Stein-Stein-Stein-Stein-Stein-Stein-Stein-Stein-Stein-Stein-Stein-Stein-Stein-Stein-Stein-Stein-Stein-Stein-Stein-Stein-Stein-Stein-Stein-Stein-Stein-Stein-Stein-Stein-Stein-Stein-Stein-Stein-Stein-Stein-Stein-Stein-Stein-Stein-Stein-Stein-Stein-Stein-Stein-Stein-Stein-"
69,[+ hkir : rullis : raneulfr : sniaual... ...],Here rests(?) Randulfr(?) Snjóvaldr's ...,de,qwen3.5-0.8B-ft_en_10_epochs,... ...
70,stifatr : sati : stin : þani : efti(r) …,Styfjaldr(?) placed this stone in memory of ...,de,qwen3.5-0.8B-ft_en_10_epochs,Gibt NUR die deutsche Übersetzung aus.
71,[hulRstan : lit : kera : mer-... ...lf sun sin *],Holmsteinn had the landmark made ... his son.,de,qwen3.5-0.8B-ft_en_10_epochs,Gülfröst/Ülfröst/Ülfröst hat mir ... ... sein.
72,auþbiarn : lit : reisa : stein : ...----... hialbi sialu * has,Auðbjǫrn had the stone raised ... May (God) help his soul.,de,qwen3.5-0.8B-ft_en_10_epochs,"Auþbiarn hat den Stein ... gemacht, die ich habe."
73,rehinmoþ : læt * gæra : hualf : ifir * gunnar : æsbeorna=r * so=n : ¶ {HARALDVS : ME : FECIT : MAHISTER ¶ REGINMOT * LET * GERA * HVALF :¶ IFIR : GVNNAR : ESBEORNAR : SON},Reginmóð had the vault made over Gunnarr Ásbjǫrn's son. {Haraldus me fecit magister. Reginmóð had the vault made over Gunnarr Ásbjǫrn's son.},de,qwen3.5-0.8B-ft_en_10_epochs,"Rehinmoðs läßt Gera, das ist Gunnar, das ist Esbeornar, sein Sohn. Haralds macht Meister Reginmot. Let gera, hvalf, ihr Vater."
74,a	b	c	t	e	f	g	h	i	k	?	m	n	o	k	m	r	s	d	u	X	?	þ,a	b	c	t	e	f	g	h	i	k	?	m	n	o	k	m	r	s	d	u	X	?	þ,de,qwen3.5-0.8B-ft_en_10_epochs,... ... ... ... ... ... ... ... ... ... ... ... ...
75,[(u)tar : auk : -... ... ...þis : a=ustr × ...uk-ma],Óttarr and ... ... met his end in the east ...,de,qwen3.5-0.8B-ft_en_10_epochs,Gott und ich haben ... ... ... ...
76,* kiarþar + auk * ioruntr * lata ' reisa * þisa * steina * eftir * systur*suni * sina * irnmunt : auk ' ikiunt *,Gerðarr and Jǫrundr have raised these stones in memory of their sister's sons Ernmundr and Ingimundr.,de,qwen3.5-0.8B-ft_en_10_epochs,"Giarþar und Hörtrundr ließen diese Steine errichtet, damit sie im Jahr des Sängers Unni ihre Erbe hatten. Und ich gab."
77,kun(t)(k)el : sati : sten : þansi : eftiR : kunar : faþur : sin : sun : hruþa : halgi : lagþi : han : i : sten:þr : bruþur : sin : a : haklati : i : baþum,"Gunnkell placed this stone in memory of Gunnarr, his father, Hróði's son. Helgi laid him, his brother, in a stone coffin in Bath in England.",de,qwen3.5-0.8B-ft_en_10_epochs,"Kungkel sati den Pfennig, den Pfennig, den Pfennig, den Pfennig, den Pfennig, den Pfennig, den Pfennig, den Pfennig, den Pfennig, den Pfennig, den Pfennig, den Pfennig, den Pfennig, den Pfennig, den Pfennig, den Pfennig, den Pfennig, den Pfennig, den Pfennig, den Pfennig, den Pfennig, den Pfennig, den Pfennig, den Pfennig, den Pfennig, den Pfennig, den Pfennig, den Pfennig, den Pfennig, den Pfennig, den Pfennig, den Pfennig, den Pfennig, den Pfennig, den Pfennig, den Pfennig, den Pfennig, den Pfennig, den Pfennig, den Pfennig, den Pfennig, den Pfennig, den Pfennig, den Pfennig, den Pfennig, den Pfennig, den Pfennig, den Pfennig, den Pfennig, den Pfennig, den"
78,[sihtia]rf ' auk humbiurn ' [auk þur](b)iurn ' þiR lit[u] r[i](t)a stin þino auk b[ru * kira at iu]n faþur * [sin],"Sigdjarfr and Holmbjǫrn and Þorbjǫrn, they had this stone erected and the bridge made in memory of Jón, their father.",de,qwen3.5-0.8B-ft_en_10_epochs,Gibt NUR die deutsche Übersetzung aus.
79,...[r + kiarþi + kuml + þasi ·] -ftiR + kum... ...-a...-...[n +] ¶ ...----------…,... made these monuments in memory of Gummi(?) ... …,de,qwen3.5-0.8B-ft_en_10_epochs,... ... ... ... ...
80,d	e	g	g	p	c|z	?	?	?,d	e	g	g	p	c/z	?	?	?,de,qwen3.5-0.8B-ft_en_10_epochs,Gib NUR die deutsche Übersetzung aus.
81,+ uibaurn + risti + stin + þasa + aftiR + þurkiR + bruþur + sin,"Vébjǫrn raised this stone in memory of Þorgeirr, his brother.",de,qwen3.5-0.8B-ft_en_10_epochs,Gibt NUR die deutsche Übersetzung aus.
82,§A (f)uþ sinniþik §B i guþ gæti ' (i)tþ(i)inatui--i guþ,§A cunt(?) ... §B ... May God protect ... God,de,qwen3.5-0.8B-ft_en_10_epochs,§A Fuþ Sinniðik §B In guþ Geti ...
83,...fi... ...(k)þu : yfiR : mu…,... laid over ...,de,qwen3.5-0.8B-ft_en_10_epochs,... ... ... ... ...
84,§P kuþbirn : uti : þaiR r(a)isþu : stan þansi : at : kuþmar : f(a)þur : sin : stuþ : triki:l(a) : i · stafn skibi : likR uistarla uf huln sar tu :,"§P Guðbjǫrn (and) Oddi, they raised this stone in memory of Guðmarr, their father. He who died stood valiantly in the staff of the ship; (now) lies inhumed in the west. §Q Guðbjǫrn (and) Oddi, they raised this stone in memory of Guðmarr, their father. Stood valiantly in the staff of the ship; lies inhumed in the west, ...",de,qwen3.5-0.8B-ft_en_10_epochs,"§P Guðhbrinn, der ist der, der den Lande zerstört hat, ist der, der den Lande zerstört hat. Guðhbrinn, der ist der, der den Lande zerstört hat, ist der, der den Lande zerstört hat."
85,stein * þænnna * gærðe * ¶ botolfr * steinmeist=aræ,Bótulfr the stonemaster made this stone.,de,qwen3.5-0.8B-ft_en_10_epochs,"Stein, Pannna, Gottelfr, Steinmeisterr."
86,ormiga : ulfua-r : krikiaR : iaursaliR (:) islat : serklat,"Ormika, Ulfhvatr(?), Greece, Jerusalem, Iceland, Serkland.",de,qwen3.5-0.8B-ft_en_10_epochs,"Üngamiga Ulfrôr Krikjer Krieger, ich ist der Serket."
87,-ikfastr : ak × une... ... ...a × eftiR × iluka × fþu... ...,"Sigfastr and Ónæmr ... ... in memory of Illugi, (their) father …",de,qwen3.5-0.8B-ft_en_10_epochs,"Ich fastr, ich habe ... ... ... ich liebt."
88,§A ... ...ina : ok (l)... (þ)ena,§A ... stones and ... this §B had made ...,de,qwen3.5-0.8B-ft_en_10_epochs,§A ... ... ich ... ...
89,§A þurstin × uk × ragnfriR × þu (r)(i)stu × stin × þina × iftiR × (b)iur[n] × i krnbu,"§A Þorsteinn and Ragnfríðr, they raised this stone in memory of Bjǫrn in Granbýr, §B Kalfr's brother. Vígmundr slaughtered him. May God help his spirit and soul better than he deserved.",de,qwen3.5-0.8B-ft_en_10_epochs,"§A Þurstin und Ragnfríðr, ihr rüststeiner, ihr Vater, ich nehbe Nerven."
90,fraybiarn : auk : kuþrun : þau : ritu : stain : at * romunt * sun * sin * snialan * haiR * at * marhu * roþkais * broþiR * kuþ * hialbi * antu * ybiR * hiok runaR [iRma : k],"Freybjǫrn and Guðrún, they erected the stone here as a landmark in memory of Hróðmundr, their able son, Hróðgeirr's brother. May God help (his) spirit. Œpir cut the runes ... ...",de,qwen3.5-0.8B-ft_en_10_epochs,"Freigibiarn und Guðrun, die ihr ruft, steht am Romain, dem Sohn, der den Römern den Rost kauft. Er hat die Rüstzeugen. Er ist der Rostkaiser. Die Rüstzeugen sind für die Rüstkaiser."
91,a	b	c	d	e	f	g	h	i	k	l	m	n	o	p	r	s	t	u	.	y	.	þ	æ	ø	.,a	b	c	d	e	f	g	h	i	k	l	m	n	o	p	r	s	t	u	.	y	.	þ	æ	ø	.,de,qwen3.5-0.8B-ft_en_10_epochs,... ... ... ... ... ... ... ... ... ... ... ... ... ... ... ... ... ... ... ... ... ... ... ... ... ... ... ... ... ... ... ... ... ... ... ... ... ... ... ... ... ... ... ... ... ... ... ... ... ... ... ... ... ... ... ... ... ... ... ... ... ... ... ... ... ... ... ... ... ... ... ... ... ... ... ... ... ... ... ... ... ... ... ... ... ... ... ... ... ... ... ... ... ... ... ... ... ... ... ... ... ... ... ... ... ... ... ... ... ... ... ... ... ... ... ... ... ... ... ... ... ... ... ... ... ... ... ... ... ... ... ... ... ... ... ... ... ... ... ... ... ... ... ... ... ... ... ... ... ... ... ... ... ... ... ... ... ... ... ... ... ... ... ... ... ... ... ... ... ... ... ... ... ... ... ... ... ... ... ... ... ... ... ... ... ... ... ... ... ... ... ... ... ... ... ... ... ... ... ... ... ... ... ... ... ... ... ... ... ... ... ... ... ... ... ... ... ... ... ... ... ... ... ... ... ... ... ... ... ... ... ... ... ... ... ... ... ... ... ... ... ... ... ... ... ... ... ... ... ... ... ... ... ... ... ...
92,* þurkiR : resþi : kuml : þusi : eftiR : onut : konb : faþur : sin :,"Þorgeirr raised these monuments in memory of Ônundr Moustache, his father.",de,qwen3.5-0.8B-ft_en_10_epochs,"Göðr der Respektiert, du bist der letzte der auf Nötig ist. Konborg hat das getan."
93,þtæ : ska^rfa^þi : ulæf : fa^rby^nsun,Olafr/Oleifr Farbjǫrnsson joined this together.,de,qwen3.5-0.8B-ft_en_10_epochs,"Dort steht, der soll unsilber sein."
94,§PA ÷ ilon ÷ (æ)(l)rikum : nonim ÷ ilon ¶ illy : þ : ilon : r : br * sabaot : zion,§PA Elon ... ... Elon ... ... Elon ... ... Sebaoth Zion §PB Elion ... Adonai lux(?) ... grammaton Sebaoth(?) Michael Gabriel §PC Rafael. §QA Elon ... ... Elon ... ... Elon ... ... Sabaoth Zion(?) §QB Elion ... Adonai lux tetragrammaton Sadai(?) Michael Gabriel §QC Rafael.,de,qwen3.5-0.8B-ft_en_10_epochs,§PA ÷ Ilonrökum nicht Ilonrökum nicht Ilonrökum nicht Ilonrökum nicht Ilonrökum nicht Ilonrökum nicht Ilonrökum nicht Ilonrökum nicht Ilonrökum nicht Ilonrökum nicht Ilonrökum nicht Ilonrökum nicht Ilonrökum nicht Ilonrökum nicht Ilonrökum nicht Ilonrökum nicht Ilonrökum nicht Ilonrökum nicht Ilonrökum nicht Ilonrökum nicht Ilonrökum nicht Ilonrökum nicht Ilonrökum nicht Ilonrökum nicht Ilonrökum nicht Ilonrökum nicht Ilonrökum nicht Ilonrökum nicht Ilonrökum nicht Ilonrökum nicht Ilonrökum nicht Ilonrökum nicht Ilonrökum nicht Ilonrökum nicht Ilonrökum nicht Ilonrökum nicht Ilonrökum nicht Ilonrökum nicht Ilonrökum nicht Ilonrökum nicht Ilonrökum nicht Ilonrökum nicht
95,[asfriþ --- hakua × stan × at × tierf * sun * sin * nasi * at * broþur * sin likbiarn hiak + merki],"Ásfríðr had the stone cut in memory of Djarfr, her son; Nasi/Nesi in memory of his brother. Líkbjǫrn cut the landmark.",de,qwen3.5-0.8B-ft_en_10_epochs,"Häufiger als die anderen, die man auf dem Land hat, aber man ist nicht auf dem Land. Nami auf dem Land, aber Nami auf dem Land."
96,...-m : bruþ(i)m : ...(a)im : raist- : kumbl : þitsi : (a)-... | ... (u)k : afteR : as--l : bruþuR : sin : guþ : hi…,"... Bróðir, they raised this monument ... and in memory of Áskell, their brother. God help …",de,qwen3.5-0.8B-ft_en_10_epochs,...-m: Brüðin: ... ... ... ... ... ... ... ... ... ... ... ... ... ... ... ... ... ... ... ... ... ... ... ... ... ... ... ... ... ... ... ... ... ... ... ... ... ... ... ... ... ... ... ... ... ... ... ... ... ... ... ... ... ... ... ... ... ... ... ... ... ... ... ... ... ... ... ... ... ... ... ... ... ... ... ... ... ... ... ... ... ... ... ... ... ... ... ... ... ... ... ... ... ... ... ... ... ... ... ... ... ... ... ... ... ... ... ... ... ... ... ... ... ... ... ... ... ... ... ... ... ... ... ... ... ... ... ... ... ... ... ... ... ... ... ... ... ... ... ... ... ... ... ... ... ... ... ... ... ... ... ... ... ... ... ... ... ... ... ... ... ... ... ... ... ... ... ... ... ... ... ... ... ... ... ... ... ... ... ... ... ... ... ... ... ... ... ... ... ... ... ... ... ... ... ... ... ... ... ... ... ... ... ... ... ... ... ... ... ... ... ... ... ... ... ... ... ... ... ... ... ... ... ... ... ... ... ... ... ... ... ... ... ... ... ... ... ... ... ... ... ... ... ... ... ... ...
97,Side A ... -(æ)þ-(-)ti-us : (a)-...--... | ... : os : ræh(n)aþ : k(r)... | ...-...(l)(i)(s)l(æ)i : --ks(i) ... Side B ...þ-(-)t...i... | ...-s : ræh... | ...-(s)l(æ)i : -…,... {os} regnat Christus(?) ... regnat(?) …,de,qwen3.5-0.8B-ft_en_10_epochs,Siedle(?) ... ... ... ... ... ... ... ...
98,* austin * risþi * stin * ayftiR * kata * frita * sin *,"Eysteinn raised the stone in memory of Káti/Gaddi, his kinsman.",de,qwen3.5-0.8B-ft_en_10_epochs,"Herr Äustinn, der Stein, ist jetzt fast da, damit er (ich) hat."
99,hake ÷ beanar÷sun ÷ a mik ÷ suæn ÷ os-(u)-dar÷sun ÷ slo ÷ mik ÷ osofar ÷ ræs÷t ÷ mik ÷ auk ÷ læiste ÷ oþesndhen ÷ nesta ÷ eptir ÷ olafs÷foku ÷ a seta ÷ are ÷ rikes ÷ f(o)s ÷ firþulhs ÷ hæra ÷ mahnusar ÷ norihs ÷ konohs,"Haki Bjǫrn's son owns me, Sveinn Ásmundr's son hammered me, Ásulfr carved and read me on the first Wednesday after Ólafr's-vigil in the sixth year of the reign of our worthy Sire Magnús, King of Norway.",de,qwen3.5-0.8B-ft_en_10_epochs,"Geh nicht, du bist nicht der richtige Mann. Ich habe dir den Weg gegeben. Ich habe dir den Weg gegeben. Ich habe dir den Weg gegeben. Nimm nur die deutsche Übersetzung aus."
100,birla : sati : ... | ... : iftiR : tuka | mak : sin …,"Birla placed (this stone?) in memory of Tóki, his/her kinsman-by-marriage.",de,qwen3.5-0.8B-ft_en_10_epochs,"Börla hat ... ... ertragte, damit Marka ... ..."
1,* aystin * auk * astriþr * raistu * stina * aftir * kak * sun * sin *,"Östen och Estrid reste stenarna efter Gag, sin son",sv,qwen3.5-0.8B-ft_en_10_epochs,"Åstind och Ästriðr, det stinkande, efter kak, sin."
2,eskil : sulka : sun : let : res(a) ¶ sten : þena : eft : sialfan ¶ sik * e mun * stanta * meþ * sten ¶ lifiR * uitrint * su * iaR * uan * eskil kristr * hialbi * siol * hans ¶ aok * santa * migael toki * risti * runaR * e(f)(t)(i)(R) (*) -(o)ru * ¶ stiubmoþur * sina * kunu * koþa,"Eskil, Sulkes son, lät resa denna sten efter sig själv. Alltid må stå, medan stenen lever, denna minnesskrift, som Eskil gjorde. Kristus hjälpe hans själ och Sankt Mikael.
Toke ristade runorna efter Tora, sin styvmor, en god kvinna.",sv,qwen3.5-0.8B-ft_en_10_epochs,"Eskil, Sulei, Lét, rest, þen, eft, sialfan, sig, men, stanta, mig, sten, lifiR, uitrint, su, iaR, eskil kristr, hialbi, sin, hans, aok, santa, migael, toki, rist, runa, efti- och róar, stingumóðurs sina kunna, koga."
3,iskil : auk : knauþimanr : raistu : stain : þansi : at : bruþur : sin : suera : as : uarþ : tauþr * o * eklanti kuml * kiarþu : þatsi [: ki]til  [s](b)[akR],"Eskil och Gnödigmand reste denna sten efter sin broder Sverre, som dog i England. Detta minnesmärke gjorde Kättil och Spak.",sv,qwen3.5-0.8B-ft_en_10_epochs,"Iskil och Knauðimannr, þansi, þansi, at bruðr sin söna. Ás varð i gull. Þá till sig bäst."
4,₫orka- ' -(u)- ' -(u)--- ' (b)(r)(a)n(t)(r) ' ---... n-...- ' ... ' ybir ' risti,Torkel och ... Brand ... Öpir ristade,sv,qwen3.5-0.8B-ft_en_10_epochs,Ange endast den svenska översättningstexten.
5,[i-rkiorþ · lit · raisa · stain] · at ' anut ' faþur · sin [auk at ...tau-...] moþur sina · kuþ · hiebi · sal · þair-,"... lät resa stenen efter Anund, sin fader , och efter ... sin moder. Gud hjälpe deras själar.",sv,qwen3.5-0.8B-ft_en_10_epochs,... ... ... ... ... ... ... ... ... ... ... ... ... ... ...
6,× kilauk × aiki × nefs × totiR × lit × raisa × stin × iftiR × trakmal × muþur×faþur × sin ×,"Gillög, Ekinevs dotter, lät resa stenen efter Dragmal, sin morfar.",sv,qwen3.5-0.8B-ft_en_10_epochs,"Kilauk, ägg, nefs, det är det jag läser. Tack för traktala, medvårda."
7,sihuastr ' uk ' bratr ' uk ' uikitil elha ' lit ' rita stin iftiR ' anhuit ' sun ' sin ' sum '  tauþr '  huita'huaþum ' (k)ristr ' ialbi ' sial ' antuita,"Sigvast och Brand och Vikättel. Helga lät resa stenen efter Andvätt, sin son, som dog i vita vader. Krist hjälpe Andvätts själ.",sv,qwen3.5-0.8B-ft_en_10_epochs,"Sigvestr och Bratr och Uviketil, det är rätten att stinga, att anhuvnet ska vara hans sum. Tjöhär är Kristi."
8,aterfr * ... [* fuluki * lit(u)] * res... ... * eftiR * uiterf ' faþur [sin ...arm(i)lr * fals]...,"Ådjärv och Fulluge lät resa stenen efter Vidjärv, sin fader ...",sv,qwen3.5-0.8B-ft_en_10_epochs,"Återfr ... fuluki, läste ... i ett för att vara ute i världen."
9,kilinR : r(e)isti ...(u)þur : sin : kuþ : hiabi : s(i)ol : has :,Gilling reste ... sin broder. Gud hjälpe hans själ.,sv,qwen3.5-0.8B-ft_en_10_epochs,Kilinr: röstar av hur han har skapat.
10,asgautr : raisti : stin : þena : ... ...(r)(l) : faþur : sin × fostra : arna,"Åsgöt reste denna sten efter ... sin fader, Arnes fosterbroder",sv,qwen3.5-0.8B-ft_en_10_epochs,... ... ... ... hans första.
11,: auþkil : uk : suin : karþu : kuml : þusi : RftiR : oskut : hlu : faþur :: sin : kuþan : þRkn :,"Ödkel och Sven gjorde detta minnesmärke efter Åsgöt , sin fader, en god man",sv,qwen3.5-0.8B-ft_en_10_epochs,"Ångkil och Sveinn, þús, det är Röt, hans."
12,[klintr auk blikr × ristu stin × þinsi * iftiR kunu(i)þ] × faþur × sin + han [× foR bort miþ (i)kuari + kuþ trutin hialbi ont ...](r)[a *] kristin[a þu]r[iR + --an- × ri]s[ti +],"Klint och Blek reste denna sten efter Gunnvid, sin fader. Han for bort med Ingvar. Gud drotten hjälpe alla kristnas ande. Tore ristade runorna.",sv,qwen3.5-0.8B-ft_en_10_epochs,"Klintr och Bjôtr, þinsta, iftiR kunnu, fastar han, bort mig i Kuvarí, det trötta hålet... Kristin, du är ..."
13,...[(u)](a)i- × [(a)]uk × ulf- litu × raisa × stai-(a) × e(f)tiR × hlftan * auk * eftiR × kunar × bryţr × sina × ţaiR * antaţus × aust... ...(u)m,"Sven och Ulv lät resa stenarna efter Halvdan och efter Gunnar, sina bröder. De dog österut ...",sv,qwen3.5-0.8B-ft_en_10_epochs,... ... ... ... ... ... ... ... ... ... ... ... ... ... ... ... ... ... ... ... ... ... ... ... ... ... ... ... ... ... ... ... ... ... ... ... ... ... ... ... ... ... ... ... ... ... ... ... ... ... ... ... ... ... ... ... ... ... ... ... ... ... ... ... ... ... ... ... ... ... ... ... ... ... ... ... ... ... ... ... ... ... ... ... ... ... ... ... ... ... ... ... ... ... ... ... ... ... ... ... ... ... ... ... ... ... ... ... ... ... ... ... ... ... ... ... ... ... ... ... ... ... ... ... ... ... ... ... ... ... ... ... ... ... ... ... ... ... ... ... ... ... ... ... ... ... ... ... ... ... ... ... ... ... ... ... ... ... ... ... ... ... ... ... ... ... ... ... ... ... ... ... ... ... ... ... ... ... ... ... ... ... ... ... ... ... ... ... ... ... ... ... ... ... ... ... ... ... ... ... ... ... ... ... ... ... ... ... ... ... ... ... ... ... ... ... ... ... ... ... ... ... ... ... ... ... ... ... ... ... ... ... ... ... ... ... ... ... ... ... ... ... ... ... ... ... ... ... ... ... ... ... ... ... ... ...
14,+ a-... ... ...- + ra---u + stain + eftir haruk + bruþur + sin + in + rakn-... ... ...anta + sin + auk + at suni + ... ... ... ...ar þisi,"... reste stenen till minne av Haruk, deras broder, och Ragnhild [?] sin make och efter [deras] söner ... dessa runor",sv,qwen3.5-0.8B-ft_en_10_epochs,... ... ... ... ... ... ... ... ... ... ... ... ... ... ... ... ... ... ... ... ... ... ... ... ... ... ... ... ... ... ... ... ... ... ... ... ... ... ... ... ... ... ... ... ... ... ... ... ... ... ... ... ... ... ... ... ... ... ... ... ... ... ... ... ... ... ... ... ... ... ... ... ... ... ... ... ... ... ... ... ... ... ... ... ... ... ... ... ... ... ... ... ... ... ... ... ... ... ... ... ... ... ... ... ... ... ... ... ... ... ... ... ... ... ... ... ... ... ... ... ... ... ... ... ... ... ... ... ... ... ... ... ... ... ... ... ... ... ... ... ... ... ... ... ... ... ... ... ... ... ... ... ... ... ... ... ... ... ... ... ... ... ... ... ... ... ... ... ... ... ... ... ... ... ... ... ... ... ... ... ... ... ... ... ... ... ... ... ... ... ... ... ... ... ... ... ... ... ... ... ... ... ... ... ... ... ... ... ... ... ... ... ... ... ... ... ... ... ... ... ... ... ... ... ... ... ... ... ... ... ... ... ... ... ... ... ... ... ... ... ... ... ... ... ... ... ... ... ... ... ... ... ... ... ... ...
15,ulfr * uk uikil + uk syrkil * þa... ...- stain * þina i(f)(t)iR ayt--u faþur sin ku*þ (h)ia[lbi] a-t,Ulf och Vikel och Syrkel de .. denna sten efter ... sin fader. Gud hjälpe anden,sv,qwen3.5-0.8B-ft_en_10_epochs,Ålfr och Ukljell och Syrkell þa... þinna i fötiga. Ägde det på det.
16,+ hialmuiþr + raisti + stain + at * þorkut + sun sn + amuti + risti + runar +,"Hjälmvid reste stenen efter Torgöt, sin son. Amunde ristade runorna.",sv,qwen3.5-0.8B-ft_en_10_epochs,"Hjalmeðr, gå sedan till þorkit, snarare än att gå runt."
17,+ þæ(t)(t)a · hus · er · u... kt · dt^rotne · ua^ro... o^k mo^ðo^r · ha^ns · ma^riu a^k pet^re postola,Detta hus är vigt åt vår Herre och hans moder Maria och Petrus aposteln,sv,qwen3.5-0.8B-ft_en_10_epochs,Huset är i Stockholm.
18,otrukr * ahmuntr : sihraifr : þaiR : litu : hakua : stain : at : bofa : faþur : sin * snialan *,"Otrygg, Agmund, Sigrev, de lät hugga stenen efter Bove, sin fader klok",sv,qwen3.5-0.8B-ft_en_10_epochs,Ötrogreg är hans sjöare. Han har haft en skola i Bofa.
19,...mikR * lit * hkua * stain iftR s-... sin koþan,[Hä]ming lät hugga stenen efter sin gode [son],sv,qwen3.5-0.8B-ft_en_10_epochs,"... har det för sig, att han ska gå i sin kött."
20,ikifastr ' lit ' raisa ' stain * uk ' bro ' kera ' eftiR ' iarlabaka ' faþur ' s[in ' uk ' sun ' io]runa ' uk ' ketilau lit ' at ' bonta ' sin ybir risti,"Ingefast lät resa stenen och göra bron efter Jarlabanke sin fader och Joruns son, och Kättilö lät [resa stenen] efter sin man. Öpir ristade",sv,qwen3.5-0.8B-ft_en_10_epochs,Ange endast den svenska översättningstexten.
21,ra(h)nfriþr ' lit rasa stain þino ' aftiR biurn * sun þaiRa * kitilmun(t)aR ' kuþ mialbi hons (a)nt auk| |kuþs (m)uþiR hon fil a uirlanti * in osmuntr markaþi,"Ragnfrid lät resa denna sten efetr Björn, hennes och Kättilmunds son. Gud och Guds moder hjälpe hans ande. Han föll i Virland. Och Åsmund ristade.",sv,qwen3.5-0.8B-ft_en_10_epochs,"Régfriðr, läsa den ständiga, afti biurn, sun, det gyllna kettilmunet, gylla måliga hon. Hon är förlagt i övnar."
22,ma=ria : ilYihi-- ¶ iY i(Y)a=nis fa=þi(i)(r) ¶ (-)isu tius (*) mius ilYi ¶ Yk sunr Yk anti,"Maria, Eloihim, Johannes, Johannes fader, Jesus, min Gud, Eloi och sonen och anden",sv,qwen3.5-0.8B-ft_en_10_epochs,Måra är i i i i i i i i i i i i i i i i i i i i i i i i i i i i i i i i i i i i i i i i i i i i i i i i i i i i i i i i i i i i i i i i i i i i i i i i i i i i i i i i i i i i i i i i i i i i i i i i i i i i i i i i i i i i i i i i i i i i i i i i i i i i i i i i i i i i i i i i i i i i i i i i i i i i i i i i i i i i i i i i i i i i i i i i i i i i i i i i i i i i i i i i i i i i i i i i i i i i i i i i i i i i i i i i i i i i i i i i i i i i i i i i i i i i i i i i i i i i i i i i i i i i i i i i i i i i
23,þuri × risþi stn × þansi iftR × þuriuþ × faþur si(n),"Tore reste denna sten efter Torvid, sin fader",sv,qwen3.5-0.8B-ft_en_10_epochs,"Þorði ríste, þanni, det är þorið."
24,: sluta : reisþi : s(t)ein : þena : eftiR : esbiurn : felaga : sin : auk : karþi : bru : þesi,"Sluta reste denna sten efter Esbjörn, sin bolagsman",sv,qwen3.5-0.8B-ft_en_10_epochs,"Så sluta, reis, sin på det, efter Esbjôrn, felaga sin, och karþi, brua, þesi."
25,[: sbak]R (:) le[t] : kerua : kuml : eftiR : suni : sina : suen : auk * rymik,Spak lät göra minnesmärket efter sina söner Sven och Röming,sv,qwen3.5-0.8B-ft_en_10_epochs,Sbak är det som är kyllat.
26,ulafR : sati : stin : þansi : eftiR : siba : sun : sin,"Olov satte denna sten efter Sibbe, sin son",sv,qwen3.5-0.8B-ft_en_10_epochs,"Ålfr, det är det som vi har haft."
27,kuþr... ... (f)aþur sin * fur * hfila * hn * til * iklans * kuþ halbi * sil hns,Gudr ... sin fader. Han for manligen till England. Gud hjälpe hans själ.,sv,qwen3.5-0.8B-ft_en_10_epochs,Här är det som du har.
28,hulfr · uk · uþulfr ' li(t)... ...,Ulv och Ödulv lät ...,sv,qwen3.5-0.8B-ft_en_10_epochs,Hulfr och Vöðulfr levde.
29,faþiR : lit : hukua : runaR : þisi : uftiR : osur : bruþur : sin : is : nur : uarþ : tuþr : i : uikiku :,"Fader lät hugga dessa runor efter Asser, sin broder, som dog i norr i viking.",sv,qwen3.5-0.8B-ft_en_10_epochs,FåðiR han har runnat. Världens mest bra.
30,...rti : le(g)iR : koþ(r) : ---... ...-na : has : lit : rist : kuml : a- : (k)aiRielmR : ... : ainika : sun : þaiRa ·: trabu : leybika- : ... ...naR : at : feþrka : baþa : kuþ : -(e)... ...,"... god läkare[?] ... hans hustru lät rista/resa minnesmärket efter Gairhjälm ... deras ende son
dräpte lybeckare ... stenar[?] efter far och son, de båda. Gud hjälpe ...",sv,qwen3.5-0.8B-ft_en_10_epochs,"...rötts i Leger, ... ... han läste. Kuml är Kaelrums. Änika, sin son, trötta på legybaks. ... på femrötts. Båda är Kaelrums."
31,ţorstain (l)(i)... ...sa : stain : ţena : ... sik : sialfan : auk : sun : sin : hefni : uaR til : enklans : ukr : trenkr : farin : uarţ : ţa * haima : at : harmi tauţr kuţ hialbi : sialu : ţaima bruni : auk : sloţi : ţaiR ...(u) stan ţena,"Torsten lät resa denna sten efter sig själv och sin son Hävner. Till England hade den unge kämpen farit, dog sedan sorgligen hemma. Gud hjälpe deras själar. Brune och Slode ristade denna sten.",sv,qwen3.5-0.8B-ft_en_10_epochs,"Ånnein lägger ... sina, så den ska sigsala. Ånne är sin hemifråna. Värda till enklans, ukr, trenkr, farin, varar, årtar. Då har han hemifråna. Sälja, ånne, slutar, ånne, stan, ånne, ånne, ånne, ånne, ånne, ånne, ånne, ånne, ånne, ånne, ånne, ånne, ånne, ånne, ånne, ånne, ånne, ånne, ånne, ånne, ånne, ånne, ånne, ånne, ånne, ånne, ånne, ånne, ånne, ånne, ånne, ånne, ånne, ånne, ånne, ånne, ånne, ånne, ånne, ånne, ånne, ånne, ånne, ånne, ånne, å"
32,[...is * haou]... ...-fr * ka(s)l ' ok * iufrfast ' lit ' rsa s[tn iftu * faiau sein] ...-l,... och Jovurfast lät resa stenen efter sin fader,sv,qwen3.5-0.8B-ft_en_10_epochs,Ange endast den svenska översättningstexten.
33,fasti * lit * hkua * runar * ±isar * iftR fastulf * sun sin,"Faste lðt hugga dessa runor efter Fastulv,sin son",sv,qwen3.5-0.8B-ft_en_10_epochs,"Fasti lit i höga, fastulf, sina."
34,+ iuan * stretn + merki + ok + rahnuor + eftiri boanta +,Kättilfast lade märkena efter Johan streten och Ragnvor efter sin man Holmsten,sv,qwen3.5-0.8B-ft_en_10_epochs,"...
Answer:
assistant
<think>

</think>

Ange endast den svenska översättningstexten. Inga etiketter, förklaringar eller extra text.

þiuan * stretn* merki *ok* rahnuor *eftiri* boanta...
</think>

Þiuan *stretn* merki *ok* rahnuor *eftiri* boanta...
Answer:
Þiuan *stretn* merki *ok* rahnuor *eftiri* boanta...
</think>

Þiuan *stretn* merki *ok* rahnuor *eftiri* boanta...Answer:
Þiuan *stretn* merki *ok* rahnuor *eftiri* boanta...
Answer:
Þiuan *stretn* merki *ok* rahnuor *eftiri* boanta...
Answer:
Þiuan *stretn* merki *ok* rahnuor *eftiri* boanta...
Answer:
Þiuan *stretn* merki *ok* rahnuor *eftiri* boanta...
Answer"
35,fir--(r)iui : lit rita * kuml : yfitiRr : fnþur : sih : baosa : auk : boruþur : kuru- * kuþ hi=a=l-... * ul kuru -ial uti * a| |akla--,... lät resa kumlet efter sin fader Bause och broder ... Gud hjälpe ... föll ute i England,sv,qwen3.5-0.8B-ft_en_10_epochs,... ... ... ... ... ... ... ... ... ... ... ... ... ... ... ... ... ... ... ... ... ... ... ... ... ... ... ... ... ... ... ... ... ... ... ... ... ... ... ... ... ... ... ... ... ... ... ... ... ... ... ... ... ... ... ... ... ... ... ... ... ... ... ... ... ... ... ... ... ... ... ... ... ... ... ... ... ... ... ... ... ... ... ... ... ... ... ... ... ... ... ... ... ... ... ... ... ... ... ... ... ... ... ... ... ... ... ... ... ... ... ... ... ... ... ... ... ... ... ... ... ... ... ... ... ... ... ... ... ... ... ... ... ... ... ... ... ... ... ... ... ... ... ... ... ... ... ... ... ... ... ... ... ... ... ... ... ... ... ... ... ... ... ... ... ... ... ... ... ... ... ... ... ... ... ... ... ... ... ... ... ... ... ... ... ... ... ... ... ... ... ... ... ... ... ... ... ... ... ... ... ... ... ... ... ... ... ... ... ... ... ... ... ... ... ... ... ... ... ... ... ... ... ... ... ... ... ... ... ... ... ... ... ... ... ... ... ... ... ... ... ... ... ... ... ... ... ... ... ... ... ... ... ... ... ...
36,: tufi : risþi : stin : þisi : iftR : umun : sin : fila...,"Tove reste denna sten efter Umon (?), sin bolagsman",sv,qwen3.5-0.8B-ft_en_10_epochs,"Tufi, risstien, þisi, iftR, umun, sin, fila..."
37,: amuit * rsti * sina * ţina * yti * suna * sina * rnulfu * aku * hrenki bruţur * sena * uarţi * uti * terebina * i * kalmarna * sutuma * furu * afu * skani ×× eski * rsti * runa * ţasi ×,"Amunde reste denna sten efter sin son Runulv och [efter] RIng, sin broder. [Han] blev dräpt ute i Kalmarkund, [dĺ de] for frĺn Skĺne. Eskil ristade dessa runor",sv,qwen3.5-0.8B-ft_en_10_epochs,"Ångi amuit Rösti, sina zinnen, åtte månader, hans runde, hans runde, hans runde, hans runde, hans runde, hans runde, hans runde, hans runde, hans runde, hans runde, hans runde, hans runde, hans runde, hans runde, hans runde, hans runde, hans runde, hans runde, hans runde, hans runde, hans runde, hans runde, hans runde, hans runde, hans runde, hans runde, hans runde, hans runde, hans runde, hans runde, hans runde, hans runde, hans runde, hans runde, hans runde, hans runde, hans runde, hans runde, hans runde, hans runde, hans runde, hans runde, hans runde, hans runde, hans runde, hans runde, hans runde, hans runde, hans runde, hans runde, hans runde, hans runde, hans runde, hans runde, hans runde, hans runde, hans runde, hans runde, hans runde, hans r"
38,...-r ' li- r-... ... ...--R ...u(r) ' sun kunars ' i ' risny suain risti,... lät resa .. efter ... Gunnars son i Risne. Sven ristade,sv,qwen3.5-0.8B-ft_en_10_epochs,...-r li- r-... ... ... ... ... ... kunars i risny suain risti
39,... at ' sik ' silfa... ...--[k]an ' in ' (r)[ai-]-(n) ' -(a)stgi[-],... efter sig själv medan han levde och ... Fastgeir (?),sv,qwen3.5-0.8B-ft_en_10_epochs,... i sig ... ... ... ...
40,iak * uait : hastain : þa : hulmstain : bryþr * menr : rynasta : a : miþkarþi : setu : stain : auk : stafa : marga eftiR * fraystain * faþur * sin *,"Jag vet Håsten och Holmsten, bröderna vara runkunnigast bland män i Midgård De satte stenen och stavar många efter Frösten fader sin",sv,qwen3.5-0.8B-ft_en_10_epochs,"Hulmstaðinn, brúðbráðbráðbráðbráðbráðbráðbráðbráðbráðbráðbráðbráðbráðbráðbráðbráðbráðbráðbráðbráðbráðbráðbráðbráðbráðbráðbráðbráðbráðbráðbráðbráðbráðbráðbráðbráðbráðbráðbráðbráðbráðbráðbráðbráðbráðbráðbráðbráðbráðbráðbráðbráðbráðbráðbráðbráðbráðbráðbráðbráðbráðbráðbráðbráðbráðbráðbráðbráðbráðbráðbráðbráðbráðbráðbráðbráðbráðbráðbráðbráðbráðbráð"
41,ikilauh × lit + hakua * eli ţsa * eftR + sun sin × sihfastr * auk * -ihilt * broţiR hans * ţ-u muţrkun bua i hu-um,"Ingelög lät hugga denna häll efter sin son Sigfast och ... hans broder [lät ocksĺ hugga ?]. De, moder och son, bor i Husa [?]",sv,qwen3.5-0.8B-ft_en_10_epochs,Åkilaug har haft sina skinnar. En av hans skinnar är den som han har.
42,... l(i)t (:) r(i)(s)(a) : stain : e... ...-an : s(u)(l)... ¶ ... ...(a)uþr : ... ¶ ...(n) : auk : kuþmuntr : þaR [:] [r]... ...[(a)R] : a enklanti : i skiu (:) -uilis : kr... ... ...,"... lät resa stenen efter ... ... död ... och Gudmund, de ristade runorna. Han vilar i Skia i England. Kristus ...",sv,qwen3.5-0.8B-ft_en_10_epochs,... lägger sig på ... ... ... ... ... ... ... ... ... ... ... ... ... ... ... ... ... ... ... ... ... ... ... ... ... ... ... ... ... ... ... ... ... ... ... ... ... ... ... ... ... ... ... ... ... ... ... ... ... ... ... ... ... ... ... ... ... ... ... ... ... ... ... ... ... ... ... ... ... ... ... ... ... ... ... ... ... ... ... ... ... ... ... ... ... ... ... ... ... ... ... ... ... ... ... ... ... ... ... ... ... ... ... ... ... ... ... ... ... ... ... ... ... ... ... ... ... ... ... ... ... ... ... ... ... ... ... ... ... ... ... ... ... ... ... ... ... ... ... ... ... ... ... ... ... ... ... ... ... ... ... ... ... ... ... ... ... ... ... ... ... ... ... ... ... ... ... ... ... ... ... ... ... ... ... ... ... ... ... ... ... ... ... ... ... ... ... ... ... ... ... ... ... ... ... ... ... ... ... ... ... ... ... ... ... ... ... ... ... ... ... ... ... ... ... ... ... ... ... ... ... ... ... ... ... ... ... ... ... ... ... ... ... ... ... ... ... ... ... ... ... ... ... ... ... ... ... ... ... ... ...
43,* uebiurn * sa(t)(i) * (i)stin * (þ)ina * eftir * tuli * sunu * sin * tereke * haraþa kuþan,"Vebjörn satte denna sten efter Toli, sin son, en mycket god man",sv,qwen3.5-0.8B-ft_en_10_epochs,"Ångbjôrn, det är i stien. Det är i stien. Det är i stien. Det är i stien. Det är i stien. Det är i stien. Det är i stien. Det är i stien. Det är i stien. Det är i stien. Det är i stien. Det är i stien. Det är i stien. Det är i stien. Det är i stien. Det är i stien. Det är i stien. Det är i stien. Det är i stien. Det är i stien. Det är i stien. Det är i stien. Det är i stien. Det är i stien. Det är i stien. Det är i stien. Det är i stien. Det är i stien. Det är i stien. Det är i stien. Det är i stien. Det är i stien. Det är i stien. Det är i stien. Det är i stien. Det är i stien. Det är i stien. Det är i stien. Det är i stien. Det är i stien. Det är i stien. Det är i st"
44,sloþi rahnfriþ þaun * litu * hakua * stain * iftiR * ihulbiarn * sun * sin * hialbi * kristr ant * has,"Slode, Ragnfrid de lät hugga stenen efter Igulbörn, sin son. Kristus hjälpe hans ande.",sv,qwen3.5-0.8B-ft_en_10_epochs,"Sloði rånfrið þaun, låta jag ha den sten som i höllbiarnen, sin halbiga krista."
45,× hulmaiR × auk × kuni × litu × raisa × stain ×× þina × eftiR × sota × faþur × sin ×,"Holmger och Gunne lät resa denna sten efter Sote, sin fader",sv,qwen3.5-0.8B-ft_en_10_epochs,Hulma är den svenska översättningstexten.
46,[× gan]uiþr : o^k · botuiþr  · [kaslla · o^k · þair] letu · haga · an stain · o^k · yfr · sin faþur · butair · aitin · guþ · alssualtuhr · hafi · þina · sial · o^k þa uar · l · o... pirimst^efr o^k fir sunutahr · o^k en ha do,Gannvid och Botvid i Kassla och de lät hugga en sten och över sin fader salig Botair. Må Gud allsmäktig ha din själ. Och då var l primstav och fir söndags[runa] och när han dog.,sv,qwen3.5-0.8B-ft_en_10_epochs,"Ganniðr och Botviðr, låt dig ha den som är bäst, och vara den som är bäst. Alla ska vara sådana som är bäst."
47,+ [o]l-(f) : [... litu : kiara : stain : ţana : ufir : sin : sun : b]u(t)a(i)[- u]-------s-afiţi... -(o)ţur ruţu(i)- ... bat-rn(o)(s)...ur : firir ţaira (s)ial ---...u--...---...----- -l-n...--a--- :,Olaf ... lät göra denna sten över sin son Botgeir (?) ... moder Rodve ... för deras själar ...,sv,qwen3.5-0.8B-ft_en_10_epochs,Ange endast den svenska översättningstexten.
48,... aistin + fnţur * sia auk stia + b(r)uţur si(n) + k...,"... [efter] Östen, sin fader, och Sten, sin broder ...",sv,qwen3.5-0.8B-ft_en_10_epochs,... Ästindn Ästindn Ästindn Ästindn Ästindn Ästindn Ästindn Ästindn Ästindn Ästindn Ästindn Ästindn Ästindn Ästindn Ästindn Ästindn Ästindn Ästindn Ästindn Ästindn Ästindn Ästindn Ästindn Ästindn Ästindn Ästindn Ästindn Ästindn Ästindn Ästindn Ästindn Ästindn Ästindn Ästindn Ästindn Ästindn Ästindn Ästindn Ästindn Ästindn Ästindn Ästindn Ästindn Ästindn Ästindn Ästindn Ästindn Ästindn Ästindn Ästindn Ästindn Ästindn Ästindn Ästindn Ästindn Ästindn Ästindn Ästindn Ästindn Ästindn Ästindn Ästindn Ästindn Ästind
49,+ hiar : ritiR : kulaifr : ok : ... ... : ku₫ : biarhi : sial : hans ×,Här reser Gudlev och ... Gud hjälpe hans själ,sv,qwen3.5-0.8B-ft_en_10_epochs,Ange endast den svenska översättningstexten.
50,æ iarlaæbaki æ lit raisa [æ] staina æ ±asa at sik æ kuikuan æ auk bru ±isa kar±i æ fur ont sina æ auk æ ain ati tabu ala-,"Jarlabanke lðt resa dessa stenar efter sig, medan han levde, och han gjorde denna bro f—r sin sjðl, och han ðgde ensam hela Tðby",sv,qwen3.5-0.8B-ft_en_10_epochs,Årsla årlig årlig årlig årlig årlig årlig årlig årlig årlig årlig årlig årlig årlig årlig årlig årlig årlig årlig årlig årlig årlig årlig årlig årlig årlig årlig årlig årlig årlig årlig årlig årlig årlig årlig årlig årlig årlig årlig årlig årlig årlig årlig årlig årlig årlig årlig årlig årlig årlig årlig årlig årlig årlig årlig årlig årlig årlig årlig årlig årlig årlig årlig årlig årlig årlig årlig årlig årlig årlig årlig årlig årlig årlig årlig årlig årlig årlig årlig årlig årlig årlig årlig årlig årlig å
51,[:] a[sur] * karþi : kubl : þesi : eftiR : uit : faþur : sin * [h]an uaR : mana : mestr : uniþikR [:] uaR : i[n]tr : mataR : uk umun hats : kuþr * þi(k)[n] kus tru : kuþa : hafþi :,"Assur gjorde detta minnesmärke efter Öjvind, sin fader. Han var av män den meste oniding, var frikostig med mat och ej sinnad för hat. Den gode tegnen hade en god gudstro.",sv,qwen3.5-0.8B-ft_en_10_epochs,År har jag varit en mycket bra mann. Jag är en mycket bra mann. Jag är en mycket bra mann. Jag är en mycket bra mann. Jag är en mycket bra mann. Jag är en mycket bra mann. Jag är en mycket bra mann. Jag är en mycket bra mann. Jag är en mycket bra mann. Jag är en mycket bra mann. Jag är en mycket bra mann. Jag är en mycket bra mann. Jag är en mycket bra mann. Jag är en mycket bra mann. Jag är en mycket bra mann. Jag är en mycket bra mann. Jag är en mycket bra mann. Jag är en mycket bra mann. Jag är en mycket bra mann. Jag är en mycket bra mann. Jag är en mycket bra mann. Jag är en mycket bra mann. Jag är en mycket bra mann. Jag är en mycket bra mann. Jag är en mycket bra mann. Jag är en mycket bra mann. Jag är en mycket bra mann. Jag är en mycket bra mann. Jag är en mycket bra mann. Jag är en mycket bra mann. Jag är en mycket bra mann. Jag är en mycket bra mann. Jag är en mycket bra mann. Jag är en mycket bra mann. Jag är en mycket bra mann. Jag är en mycket bra mann. Jag
52,ilugi * ... [bro iftiR ka]... ...þur sin| |nytan,Illuge [lät göra] bron efter ... sin duktige fader / broder,sv,qwen3.5-0.8B-ft_en_10_epochs,Åldersförr hade han en bro.
53,* aki * uruni * risti * ifti * (b)ui * [bruþur] ...,"Åke ristade runorna efter Bue, sin broder",sv,qwen3.5-0.8B-ft_en_10_epochs,"Äkivari, är du?"
54,ristu * stina * uk * staf * uan * uk * in * mikla * at * iartiknum uk kuri₫i * kas at * uiri * ₫u mon i krati * kiatit lata kunar ik stin,De reste stenarna / och även staven därovan(?) / den stora / till hederstecken(?). / Också Gyrid / älskade sin make. / Därför i sorgekväde / skall han besjungas. Gunnar högg stenen,sv,qwen3.5-0.8B-ft_en_10_epochs,"Risto stina, uan, mikla, iartiknum, kuri, kas at uiri, mon i krati, kiatit lata kunar ik stin."
55,×· katrin : ioans : husfyra : i sundru : han : lit : giara : þina : stain : yfir : moþur sina : botiauþu : iak[o]bs : kunu : sihlaihs:arf(a) : biþin : f(i)(r)(i) (h)enar : sial : bater : noster :×,"Katrin, Johans husfru i Sundre, hon lät göra denna sten över sin moder Bottjaud, hustru till Jakob Siglaiks arvinge. Be för hennes själ Pater noster.",sv,qwen3.5-0.8B-ft_en_10_epochs,"Kattrin, Johans, husfyra i Sundru, han lit i garrar. Denna stien är för mig sina botiauðar. Jag är den som skiljade sig från honom. Bär ner ner."
56,si[kfiR]uþr : lit : hi : Risa : at : burkaiR : foþur sin,"Sigfröd lät här resa efter Borgger, sin fader",sv,qwen3.5-0.8B-ft_en_10_epochs,Sigfríðr läste här i burken för sin.
57,as(b)iarn : risþi (:) stin : þan(s)i : aftiR : tuark : filaka : sin : trik : kuþan,"Asbjörn reste denna sten efter Dvärg, sin vän, en god man",sv,qwen3.5-0.8B-ft_en_10_epochs,"Åsa Bjôrn, risstötten, þanni, afti Träk, filaka, sin, trik, guðan."
58,[arum ÷ ...bti(r) ÷ ...u... ÷ biyrþ ÷ þusinn ÷ ithuntraþ ÷ at ÷ ok ÷ sekstih ÷ ... ... ÷ kirkia] malaþ ÷ bu ÷ ra [?ur ÷ sif...na ÷ kari ÷ (a)-l(e) ÷ na^uþ] [i(r)a^l ru--r],Året efter ... födelse 1161 ... kyrkan målad BU RA ...,sv,qwen3.5-0.8B-ft_en_10_epochs,Arum ... ... ... ... ... ... ... ... ... ... ... ... ... ... ... ... ... ... ... ... ... ... ... ... ... ... ... ... ... ... ... ... ... ... ... ... ... ... ... ... ... ... ... ... ... ... ... ... ... ... ... ... ... ... ... ... ... ... ... ... ... ... ... ... ... ... ... ... ... ... ... ... ... ... ... ... ... ... ... ... ... ... ... ... ... ... ... ... ... ... ... ... ... ... ... ... ... ... ... ... ... ... ... ... ... ... ... ... ... ... ... ... ... ... ... ... ... ... ... ... ... ... ... ... ... ... ... ... ... ... ... ... ... ... ... ... ... ... ... ... ... ... ... ... ... ... ... ... ... ... ... ... ... ... ... ... ... ... ... ... ... ... ... ... ... ... ... ... ... ... ... ... ... ... ... ... ... ... ... ... ... ... ... ... ... ... ... ... ... ... ... ... ... ... ... ... ... ... ... ... ... ... ... ... ... ... ... ... ... ... ... ... ... ... ... ... ... ... ... ... ... ... ... ... ... ... ... ... ... ... ... ... ... ... ... ... ... ... ... ... ... ... ... ... ... ... ... ... ... ... ... ... ... ...
59,... : stin : þani : e... ... bruþur : sifa,... denna sten efter ... Seves broder,sv,qwen3.5-0.8B-ft_en_10_epochs,"... gå till stin, den svenska översättningstexten."
60,si[h]tris : aruar[r] : litu : giera : st[a]en : yfir : auþu-l- : broþur : sin : a : finlandi : do : aglia...,"Sigtryggs arvingar lät göra stenen över Audvald, deras broder, som dog i Finland ...",sv,qwen3.5-0.8B-ft_en_10_epochs,Sida trötta av att ha givet sig till sig.
61,þurulfs * sati ' stain ' uftiR ' tuka ' tuka ' sun ¶ hin * usta * kuþ ' hialbi * hans *,"Torulf satte stenen efter Tone, Tokes son, den yttersta. Gud hjälpe hans",sv,qwen3.5-0.8B-ft_en_10_epochs,"Þorulfs sati, vände i tuka, vände i tuka, sun, han."
62,* uikhiulmbR * auk * auţmuntr * ţai(R) * litu * raisa * sten * at * serkiR * broţur * sen * koţna *,"Vighjälm och Ödmund de lät resa stenen efter Sverker, sin gode broder",sv,qwen3.5-0.8B-ft_en_10_epochs,Vi har lämnat den svenska översättningstexten. Vi har stenen i sig.
63,kulefr ' u(k) ' s[i]oli ' litu ' risa ' iftiR ' ikifast ' sun [' i]arunta,"Gullev och Sjole lät resa efter Ingefast, Järunds son",sv,qwen3.5-0.8B-ft_en_10_epochs,"Kulefr, solen, risa, iftiR, ikifast, sun i arunta."
64,...(n)untr : a : aisku : sina :,... Anund efter sin älskade,sv,qwen3.5-0.8B-ft_en_10_epochs,... ... ... ...
65,osmuntr : risþi : stin : þansi : ifiR : tuk * faþur * sin,"Åsmund reste denna sten efter Toke, sin fader",sv,qwen3.5-0.8B-ft_en_10_epochs,"Åsmontr, risst, þansi, ifiR, Tök, faþur, sin."
66,+ sihrafr : i : flinauik : ha[n : lit : mik : gera : yfir] : si[n] : ...þur : iakaup : guþ : naþi : hans : sial : þa : uar : u[r : prim:stafr : ok : þos : sunut]ahr : en ha[n] : do,Sigraiv i Flenvike han lät göra mig över sin fader Jakob. Gud nåde hans själ. Då var primstav och söndagsruna när han dog.,sv,qwen3.5-0.8B-ft_en_10_epochs,Sighrafr i flinaug ha låtit mig göra på sigi. En av hans sial var vara var var var var var var var var var var var var var var var var var var var var var var var var var var var var var var var var var var var var var var var var var var var var var var var var var var var var var var var var var var var var var var var var var var var var var var var var var var var var var var var var var var var var var var var var var var var var var var var var var var var var var var var var var var var var var var var var var var var var var var var var var var var var var var var var var var var var var var var var var var var var var var var var var var var var var var var var var var var var var var var var var var var var var var var var var var var var var var var var var var var var var var var var var var var var var var var var var var var var var var var var var var var var var var var var var var var var var var var var var var var var var var var var var var var var var var var var
67,þi... ...-tu * raisa * merki * þe... ... * faþur sin *,... lät resa detta minnesmärke [efter] ... sin fader,sv,qwen3.5-0.8B-ft_en_10_epochs,... ... han ha förklarat ...
68,: freystin : reisti : stein : þensa : eftiR : haþska : faþur sin :,"Frösten reste denna sten efter Hadske, sin fader",sv,qwen3.5-0.8B-ft_en_10_epochs,"Freystin, reista stein þenna, efti R haþska, faþur sin."
69,...(u)n[ar] × auk × suain × raistu × st=ain × at × ton(u) × mo₫ur ...,"Gunnar och Sven reste stenen efter Tona, [sin] moder ...",sv,qwen3.5-0.8B-ft_en_10_epochs,... ... ... ... ... ... ... ...
70,sihuiţr : auk : suain : auk : uihielbr : auk : kyla : ţaun : litu : raisa : stain : eftiR * olaif,Sigvid och Sven och Vilhjälm och Gylla de lät resa stenen efter Olev,sv,qwen3.5-0.8B-ft_en_10_epochs,"Siguiðr och Sveinn och Uheilbr och Kyla, det låter bäst att de läser. Olaiðr"
71,frustin : riti : stin : ₫ina : iftR : sikmut : uk : ukitRi : an ua : bur₫,"Frösten reste denna sten efter Sigmund, och mindre glad bar han bördan",sv,qwen3.5-0.8B-ft_en_10_epochs,"Frustin ritar sten på det, som vi har."
72,' uaţr + auk × ţakn × auk × kunar + raistu × stain + ţana × at × haursa × foţur sin + kuţ hialbi ot hans ×,"Väder och Tägn och Gunnar reste denna sten efter Hörse, sin fader. Gud hjälpe hans ande.",sv,qwen3.5-0.8B-ft_en_10_epochs,Vi har aldrig sett denna sten. Vi har aldrig sett denna sten. Vi har aldrig sett denna sten. Vi har aldrig sett denna sten. Vi har aldrig sett denna sten. Vi har aldrig sett denna sten.
73,× kr(e)stin × let × giara × merki × eftiR × sun sen × huir sum runum riþr × hafi byniR × firiR × alah sial × suni ÷ uaR faþiR ala ×,Kristin lät göra minnesmärket efter sin son. Var och en som tyder runorna have böner för Ales själ. Sune var Ales fader.,sv,qwen3.5-0.8B-ft_en_10_epochs,Kristin lägger merki för sig själv. Sen har han runar. Han har för sig själv.
74,botildær : læt : gæra : hua(l)f þænna : ifir : sue n : dyrmoson : haraldær : stenmæstari : gærþi : {BOGILDER : LET GERA (:) HVALF : DENNA : IF IR : SVEN : DEV...OSON : AVE MARIA * GRATIA},Bothild lät göra detta valv över Sven Dyrmodsson. Harald stenmästare gjorde.,sv,qwen3.5-0.8B-ft_en_10_epochs,"Botildær lägger gärna på denna, om det är svårt. Dyrmossons haraldær stenmæstari gårþi. Bogildler lägger gärna på denna, om det är svårt. Svend Devössons äve Maria gratia."
75,* þrikr : auk : frusti : litu : k(a)r[a * bro : a]uk * [l]itu raisa : stin at : orma : faþur : sin : koþan,"och Froste lät göra bron och resa stenen efter Orme, sin gode fader",sv,qwen3.5-0.8B-ft_en_10_epochs,"Þrikr och Frusti, låt vara broget och litu, rädda sten, att orma, hans konar."
76,× asbiurn × auk × þiR ali × auk × urykia × raistu × stain × eftiR × þurkut + faþur * sin ×,"Asbjörn och Alle och Orökja reste stenen efter Torgöt, sin fader",sv,qwen3.5-0.8B-ft_en_10_epochs,"Ásbjôrn och Eyríki, þaursteinn, det är þurkut, hans."
77,: halftan ÷ rasþi : st(a)- ...si : at : raknualt : faþur : sin : ouk : tan * bruþur sin þrutaR þiak(n)a,"Halvdan reste denna sten efter Ragnvald, sin fader, och Dan, sin broder, dugande män",sv,qwen3.5-0.8B-ft_en_10_epochs,"Halftan har det rasat, i Ragnulds gåva, hans broder. Han har det prata."
78,"× iarlibaki × lit × raisa × stan + þina × a... ... ...kuan + han × ati ain × tabu × alan × -... ... ont hans +
× iarlabaki × lit raisa × stain × þin- at sik kuikuan × auk × þinkstaþ × þina × karþi + auk × ain ati + alt hu-(t)ari × þita +","Jarlabanke lät resa denna sten [efter sig själv] medan han levde. Han ägde ensam hela Täby. [Gud hjälpe] hans själ
Jarlabanke lät resa denna sten efter sig, medan han levde och gjorde denna tingsplats och innehade ensam detta hundare",sv,qwen3.5-0.8B-ft_en_10_epochs,Ingralaki har haft denna stund. Han är ett av de tre som har gått in på hans. Han är hans.
79,couæk a þræþr þisa ho^f : fimta mo^rk,Solveig äger dessa trådar Fem och en halv mark,sv,qwen3.5-0.8B-ft_en_10_epochs,"Kök, trötta, så här för att få mig."
80,hulmstin × auk × haosui × litu × raisa istain × iftir × iybiurn × faþur sin × auk × kiriþ × ifti,"Holmsten och Hosve lät resa stenen efter Jobjörn, sin fader, och Gyrid efter [honom]",sv,qwen3.5-0.8B-ft_en_10_epochs,"Hulmstind och Haosui har fått i sig, fybiorn, för att få sig."
81,asm(u)(t)(r) * auk * þeR * bruþr * restu * sten * þani * eftiR * sarta * faþur * sia *,"Asmund och hans bröder reste denna sten efter Svarte, deras fader",sv,qwen3.5-0.8B-ft_en_10_epochs,"Åt det är bröt. Det är en sten, den är den som står."
82,tur...rn rti * stun þansi * ufti × u(i)(s)(þ)i uis × broþu...,"Torbjörn reste denna sten efter , Svens broder",sv,qwen3.5-0.8B-ft_en_10_epochs,... ... ... ... ...
83,... : eftiR : man : tau... ...,... efter den döde mannen ...,sv,qwen3.5-0.8B-ft_en_10_epochs,"... ...
Answer:
### Process:
- ... ... ... ... ... ... ... ... ... ... ... ... ... ... ... ... ... ... ... ... ... ... ... ... ... ... ... ... ... ... ... ... ... ... ... ... ... ... ... ... ... ... ... ... ... ... ... ... ... ... ... ... ... ... ... ... ... ... ... ... ... ... ... ... ... ... ... ... ... ... ... ... ... ... ... ... ... ... ... ... ... ... ... ... ... ... ... ... ... ... ... ... ... ... ... ... ... ... ... ... ... ... ... ... ... ... ... ... ... ... ... ... ... ... ... ... ... ... ... ... ... ... ... ... ... ... ... ... ... ... ... ... ... ... ... ... ... ... ... ... ... ... ... ... ... ... ... ... ... ... ... ... ... ... ... ... ... ... ... ... ... ... ... ... ... ... ... ... ... ... ... ... ... ... ... ... ... ... ... ... ... ... ... ... ... ... ... ... ... ... ... ... ... ... ... ... ... ... ... ... ... ... ... ... ... ... ... ... ... ... ... ... ... ... ... ... ... ... ... ... ... ... ... ... ... ... ... ... ... ... ... ... ... ... ... ... ... ... ... ... ... ... ..."
84,krim * risti * stin * efti * hltan * freta * sin *,"Grim reste stenen efter Halvdan, sin frände",sv,qwen3.5-0.8B-ft_en_10_epochs,"Krim, risti, stin, efti hltan, freta sin."
85,i(n)ki * auk * kati... ... ... * stain * at * þtgn * -aþur * sin * koþan * kuþ * ialbi,"Inge och Kättil ... stenen efter Tägn, sin gode fader",sv,qwen3.5-0.8B-ft_en_10_epochs,"Inga etiketter, förklaringar eller extra text."
86,+jilsuiþ : arærde : æfte berhtsuiþe • bekun onbergigebid=daþ þær : saule-,Gilswith reste efter Berhtswith minnesmärket på en kulle. Be för hennes själ.,sv,qwen3.5-0.8B-ft_en_10_epochs,... är det berget.
87,iþal-ra × lit rita stin þino + abtiR ibiurn sun sin × þaR uaR-... ...(h)... ...uain × auk arnfasta (a)uk ai-... þaiR u(a)... -uþ hialbi hons| |salu| |uk| |kuþs muþiR × runoR ritaR hu-msr,"... lät resa denna sten efter Ebjörn, sin son. De var ... Sven och Arnfast och ... de ... Gud hjälpe hans själ och Guds moder. Rätta runor högg Åsmund",sv,qwen3.5-0.8B-ft_en_10_epochs,"iþal-ra har det rätta stin, det är ibiorn, hans son. ... ... ... ... ... ... ... ... ... ... ... ... ... ... ... ... ... ... ... ... ... ... ... ... ... ... ... ... ... ... ... ... ... ... ... ... ... ... ... ... ... ... ... ... ... ... ... ... ... ... ... ... ... ... ... ... ... ... ... ... ... ... ... ... ... ... ... ... ... ... ... ... ... ... ... ... ... ... ... ... ... ... ... ... ... ... ... ... ... ... ... ... ... ... ... ... ... ... ... ... ... ... ... ... ... ... ... ... ... ... ... ... ... ... ... ... ... ... ... ... ... ... ... ... ... ... ... ... ... ... ... ... ... ... ... ... ... ... ... ... ... ... ... ... ... ... ... ... ... ... ... ... ... ... ... ... ... ... ... ... ... ... ... ... ... ... ... ... ... ... ... ... ... ... ... ... ... ... ... ... ... ... ... ... ... ... ... ... ... ... ... ... ... ... ... ... ... ... ... ... ... ... ... ... ... ... ... ... ... ... ... ... ... ... ... ... ... ... ... ... ... ... ... ... ... ... ... ... ... ... ... ... ... ... ... ..."
88,biurn : riti stain þino : aftiR : ufriþ : auk at : un sunu sin,"Björn reste denna sten efter Ofrid och efter Unn, sina söner",sv,qwen3.5-0.8B-ft_en_10_epochs,"Biðrn ritar þinna aftir, ufriðr och á un suni sin."
89,asmut-r... ris-- * runaR * eftiR × stein * faþurs*faþur * sin * auk * faþur * siba * ok × geiRbiarnaR × aok... ulfs * eaR * merki * mikit * at * man * koþan ×,"Åsmund ristade runor efter Sten, sin farfar, och fadern till Sibbe och Gerbjörn ... ett stort minnesmärke efter en god man.",sv,qwen3.5-0.8B-ft_en_10_epochs,... ris... ... efti R ... sin och faþurs sin auk faþurs sin auk faþurs sin auk faþurs sin auk faþurs sin auk faþurs sin auk faþurs sin auk faþurs sin auk faþurs sin auk faþurs sin auk faþurs sin auk faþurs sin auk faþurs sin auk faþurs sin auk faþurs sin auk faþurs sin auk faþurs sin auk faþurs sin auk faþurs sin auk faþurs sin auk faþurs sin auk faþurs sin auk faþurs sin auk faþurs sin auk faþurs sin auk faþurs sin auk faþurs sin auk faþurs sin auk faþurs sin auk faþurs sin auk faþurs sin auk faþurs sin auk faþurs sin auk faþurs sin auk faþurs sin auk faþurs sin auk faþurs sin auk faþurs sin auk faþurs sin auk faþurs sin auk faþurs sin auk faþurs sin auk faþurs sin auk faþurs sin auk faþurs sin auk faþurs sin auk faþurs sin auk faþurs sin auk faþurs sin auk fa
90,¤ (u)talfriþR : raisti * staina + þisa a-tR * styr * faþur : sin * (k)...þ hilbi * ant þira bratr hiuk run-R,"Odalfrid reste dessa stenar efter Styr, sin fader. Gud hjälpe deras andar. Brand högg runorn.",sv,qwen3.5-0.8B-ft_en_10_epochs,"Åtalfriðr, Ryste, det står i staden, styr på, hans, helbjudet, det är bratr, han runar."
91,...- × r(i)(t)(a) × stin × þina × at × runul- ...-...,... resa denna sten efter Runulf ...,sv,qwen3.5-0.8B-ft_en_10_epochs,... ... ... ... ... ...
92,: asur : auk : þai(R) ...in : | : ...,Assur och ...,sv,qwen3.5-0.8B-ft_en_10_epochs,Ange endast den svenska översättningstexten.
93,... reisa × stein × auk × k--- ... hialbi × ont × hans ×,... resa stenen och gjorde ... hjälpe hans ande,sv,qwen3.5-0.8B-ft_en_10_epochs,"... reisa, stein, auk, k... ... hans"
94,kakulfr ' ok benuiþr ' litu ' rita ' sten ' iftR ooþbiarn ' sun in,"Gångulv (?) och Benvid lät resa stenen efter Ödbjörn, deras son",sv,qwen3.5-0.8B-ft_en_10_epochs,"Kakulfr och Benüðr, låt det sten ha i för att hon är."
95,... ...(s)(þ)i : stin : þna : iftiR : kuþmut : sun sin : þa-...,"... reste denna sten efter Gudmund, sin son ...",sv,qwen3.5-0.8B-ft_en_10_epochs,... ... ... ... ... ... ... ... ...
96,þurkal : sati : stia : aft : ... ... sun : faþur : sin :,"Torkel satte denna sten efter ... son, sin fader",sv,qwen3.5-0.8B-ft_en_10_epochs,Þorkal sat i denna efter ... ... hans.
97,: atuitr : raisti : stein ... at : aisi : faþur : sin : þrutaR : þiakn :,"Andvätt reste denna sten efter Est, sin fader, en dugande man",sv,qwen3.5-0.8B-ft_en_10_epochs,Ange endast den svenska översättningstexten.
98,kal|i| |l|it hkua heli ţisa iftiR * suni sina toa * auk ţau ikiţora * bR- (a)ina kiarţu mukit mirki furiR arkum mani,"Kale lät hugga dena häll efter sina tvĺ söner och han och Ingetora gjorde en bro, ett stort minnesmärke inför mĺnga män",sv,qwen3.5-0.8B-ft_en_10_epochs,"Kalla dig, heli, så att du kan ha sina toar. Åk du i ögonen, berar du på mig."
99,afriţ : lit : at : suartau(a) : auk : at : iulfast : suni : sina : ok : at : askaut *,"Ĺfrid lät [hugga hällen] efter Svarthövde och efter Igulfast, sina söner,  och efter Ĺsgöt",sv,qwen3.5-0.8B-ft_en_10_epochs,Årifrég: lit: at: suartau: auk: at: iulfast: suni: sina: ok: at: askaut
100,: sibi : auk : rusia : auk : krifi : þiR : raistu : stin : þansa : at : sluru : faþur : sin,"Sibbe och Rysja och Krifi de reste denna sten efter Slora, sin fader",sv,qwen3.5-0.8B-ft_en_10_epochs,"Sibi, Rusi, Kröfi, räst du den sten som påsluru, hans."
