Sample_ID,Source,Reference,Target_Language,gemma2:2b_translation
1,[iufur · r... stan · aftir · fuluka · faþur · sin],"Jôfurr raised the stone in memory of Fullugi, his father.",en,Iufur's son after father
2,[as]kil : lit : rita : stin : þa[na · -f-]- : u[n]-- : faþur : [si]n [-u-]a : kuþ[an],"Áskell had this stone erected in memory of ... his father, a good husbandman.",en,"As I write, with the help of my father, and with sin, I know."
3,÷ uesti : auk : iuar : auk : s(u)[lfa :] (b)ruþr : þriR : karþu : bru : þasi : (a)uk : satu : stein : þana : eftiR : þialfa : faþur : [sin],"Véseti and Ívarr/Jóarr and Sylfa, the three brothers made this bridge and placed this stone in memory of Þjalfi, their father.",en,"divine power brings forth the life of the world, the first day the earth was born, the beginning of a new day."
4,× hulmfriR × -it --isa × istain × þina × iftiR × biarn × buanta isin × auk × iftiR × isikat (s)un isin ×,"Holmfríðr had this stone raised in memory of Bjôrn, her husbandman and in memory of Sighvatr, her son.",en,"He saw her, with the sun on her face"
5,[... iftiR biurn bunta sin kuþan kuþ hialbi ant has],"... in memory of Bjôrn, his/her good husbandman. May God help his spirit.",en,"I am the one who burns, I am the one who loves."
6,þurkiR · auk · uri · þaiR · raistu · staina · at · ulaif · faþur · sin : auk : at · suain · bruþur sin ·,"Þorgeirr and Orri, they raised the stones in memory of Óleifr, their father and in memory of Sveinn, their brother.",en,"Thor's son, also, brother of the son of the father, is he the son of the other."
7,gya : sæhir : at þu : kak hæim §B þa^nsak : a^b(a)kista^n : rþis,Gyða says that you should go home. §B ... ... ...,en,"I fear you, I am your enemy, but I will make you fear me."
8,: haraltr : kunukR : baþ : kaurua ¶ kubl : þausi : aft : kurm faþur sin ¶ auk aft : þourui : muþur : sina : sa ¶ haraltr (:) ias : soR · uan · tanmaurk §B ala · auk · nuruiak §C (·) auk t(a)ni (k)(a)(r)(þ)(i) kristno,"King Haraldr ordered these monuments made in memory of Gormr, his father, and in memory of Þyrvé, his mother; that Haraldr who won for himself all of Denmark §B and Norway §C and made the Danes Christian.",en,haraltr: the one who makes men's will come true: kunukR: the one who makes men's minds strong: baþ: the one who is strong: kaurua: the one who is strong of body: kubl: the one who is strong of heart: þausi: the one who gives life: aft: the one who can take life away: kurm: the one who is strong of will: faþur sin: the father's sin: auk: but: aft: but: þourui: the one who brings death: muþur: the mother: sina: the one who gives birth: sa: the one who gives birth to a child: haraltr (:) ias: soR · uan · tanmaurk §B ala · auk · nuruiak §C (·) auk t(a)ni (k)(a)(r)(þ)(i) kristno
9,· kalmi : risþi : stin : þena : eftiR : helka : sun : sin : iaR : turknaþi :,"Gamli(?)/Galmi(?) raised this stone in memory of Helgi, his son, who drowned.",en,calmly:  rust: stone: these: after: the: sun: his:  earth:
10,o^not^r : a mik : a ho^no^m,Ônundr of Hornar owns me.,en,the mountain's peak
11,biarn · li(t) ... ...- · ul- -(o)(r)oþur · sen ·,"Bjôrn had ... ... Ulfr, his brother.",en,born in the light ... -  ul- (o)(r)oþur  sen
12,tusti × (r)...(i) ...tin × efti(R) kuno × mak × sin × þ... ...---s × ... × uistar- × uar- ...,"Tosti raised the stone in memory of Gunni, his kinsman-by-marriage ... ... ... was westwards ...",en,"The hidden ones, of the gods, of the earth, a mighty power."
13,· aystin · auk · astriþr · raistu · stina · aftir · kak · sun · sin ·,"Eysteinn and Ástríðr raised the stones in memory of Kagr(?)/Gagr(?), their son.",en,"aystins, a, astriþr, raistu, stina, after, kak, sun, sin"
14,[... ...sa · stain · at · suarth... ...],... the stone raised in memory of Svarthôfði ...,en,"sacred land, the land of the slain"
15,$M §A [...] §B [raþ runar -pti- (h)armbraþhum] §C · k(s) · statr hoar : kuz nri §D maria iuan-,"$M §A ... §B Interpret the rune according to the grief-rows / in memory of the grieved (one) §C ... ... ... §D Mary, John(?)",en,"""The gods spoke and the runes whispered, the gods spoke to the runes.  Maria and I were there."""
16,... ...arl ' uk ihulbiurn ' litu rita stono þisa ' uk| |kirua bru þisa ' at iafur faþur si... ... (h)ialbi ont hos,"... Karl and Ígulbjôrn had these stones erected and this bridge made in memory of Jôfurr, their father ... may help his spirit.",en,... ...the old one's the one who has the power to rule the land. ... (h)ialbi ont hos
17,$M §A spyr actriþi h-... §B --- act -...,$M §A Ask Ástríðr ... §B ... love ...,en,The mighty ones seek to harm...
18,[... uaR · tauþr × i austr·uih- ...],... died on the eastern route ...,en,Where the sun shines
19,+ ka^ute : tie · kinit^r · suermo: in·mokulata · ga^ute §B k-- ... §C ga^ute : kue : genuisti : eterni · lumi(n)- §D k[l]-... ...,"Rejoice, Mother of God, immaculate Virgin, rejoice §B ... §C Rejoice, Thou who created clarity from eternal light §D ...",en,"powerful, enduring love, the will of the heavens"
20,... [+ faslaug :] þaun : [hion × litu : i]ftiR · þial[fa : sun s]...,"... (and) Fastlaug, the married couple, had (the stone raised) in memory of Þjalfi, their son.",en,... + swift warrior: [hi[m]en] ...
21,kuþa : risþi : stin : þansi : auft¶(i)R : þurbiurn : buta : sin : ¶ miuk : kuþan : þikn : ian ¶ þurþr : rist : runaR ¶ þasi,"Gyða raised this stone in memory of Þorbjôrn, her husbandman, a very good þegn. And Þórðr carved these runes.",en,"the one who casts a spell, the one who speaks, the one who is hidden, the one who is strong, the one who is blessed, the one who is protected, the one who is faithful, the one who is the source of all, the one who is the light, the one who is the moon"
22,†M [pær krusis ok sihnum : fgiaþ : ¶ : prokul : omne : malihnum +],†M With this sign of the cross will all evil flee far away.,en,"""The power of the runes, to conquer and to bind, to protect and to punish, for all that is evil, and to bring forth good."""
23,× þeiR bryþr × reistu × kubl × þia × eftiR × sustur ×× sina × afriþi × auk × eftR × suein × faþur × sin × koþan ×,"These brothers raised these monuments in memory of their sister, Áfriðr, and in memory of Sveinn, their good father.",en,"His brothers, the rest of the kin of the sons, of the land,"
24,kunuar : resþi : stin : þani : eftiR : kana : bunta : sin : þegn harþa kuþan,"Gunnvôr raised this stone in memory of Kani, her husbandman, a very good Þegn.",en,"He who sees, he who hears, he who knows, he who trusts, he who fights, he who gives, he who endures, he who waits."
25,(h)agormr hialgar-r (l)i-unski-l-... §B ... þunt bloþ or rin or æ-r : bloþ or : rin or æ--,"Hagormr(?), ... ... §B ... thin blood, run out, out of ... blood, run out, out of ...",en,"Hagorm the glorious,  ...§B...  a curse of the sky,  or rain, or a:  rain, or a:"
26,fuþorkhfuþorkh fuþorkhfuþorkhfuþorkhfuþorkhfuþorkh fuþorkhfuþorkhfuþorkhfuþorkhfuþork fuþorkhfuþorkhfuþork fuþorkhfuþorkhfuþorkhfu fuþorkhfuþorkhfuþork,<fuþork fuþork fuþork fuþork fuþork fuþork>,en,F*uthorkhfu*thorkh fu*thorkhfu*thorkhfu*thorkhfu*thorkhfu*thorkhfu*thorkhfu*thorkh fu*thorkhfu*thorkhfu*thorkhfu*thorkhfu*thorkh fu*thorkhfu*thorkhfu*thorkhfu*thorkhfu*thorkh
27,...li : lit : resa : eftiR : f...,... had ... raised in memory of ...,en,life: light: journey: forever:
28,× iarlibaki × lit × raisa × stan + þina × a... ... ...kuan + han × ati ain × tabu × alan × -... ... ont hans + §B × iarlabaki × lit raisa × stain × þin- at sik kuikuan × auk × þinkstaþ × þina × karþi + auk × ain ati + alt hu-(t)ari × þita +,"Jarlabanki had this stone raised in memory of himself while alive. He alone owned all of Tábýr. May God help his spirit. §B Jarlabanki had this stone raised in memory of himself while alive, and made this Assembly-place, and alone owned all of this Hundred.",en,I am not able to complete the translation.
29,he(l)ga : sati : stin : þana : at : eumunt : bur:uþur,"Helga placed this stone in memory of Eymundr, (her) brother.",en,He (l)ga: sati: stin: þana: at: eumunt: bur:uþur
30,--- ¶ akla + kala + laka + ¶ --o-imi(k)(l)(i)(i),"... agla gala laga ('agla' = Thou art strong in eternity, Lord) ...",en,a clash of wills
31,la-rans : gierþi : s[t]ai(n) : (þ)-,Lafranz made this stone.,en,la-rans: greed:  s[t]ai(n): (þ)-
32,...n · auk × kulauh × au... ... + þan + a-...,... and Gullaug and ... that ...,en,"...in the sun, a ring, a woman... then a..."
33,hulm(k)iR · auk · labus · auk · lafsi · þaiR · litu · raisa stain · at aib-rn · faþur sin koþan · ...t...,"Holmgeirr and <labus> and Lafsi, they had the stone raised in memory of Eibjôrn, their good father ...",en,"hail of the king's, a gift of the god, a blessing of the world, a song of the father, a gift of my father's, ...t..."
34,· þura · sati · stin · þasi · aftiR · suin · sun · sin · Rs · uRstr · o · ualu,"Þóra placed this stone in memory of Sveinn, her son, who died in the west in <ualu>.",en,proud · of the sun · the sun · of the winter · the winter · the sun · of the north · the sun · of the south · of the earth
35,[iufur · uk stoþbiarn · litu ... ... ...kifast · faþur · sin ×],"Jôfurr and Stóðbjôrn had ... in memory of Ingifastr, their father.",en,I urge you to stop your lies.  I know what you've done.
36,[kuþriuin · lat · rita · stin · at inkimuntr faþur · sin],"Guðbjôrn had the stone erected in memory of Ingimundr, his father.",en,"He who makes the mark of the runes, the son, of the mother"
37,...[-n · sin +] sun + hulmfas--/hulmfas--... ... kuþ + hialbi + ant hans +,"... his, Holmfastr's son ... May God help his spirit.",en,...hewn-beams--hewn-beams...  his hand with...
38,... ...ta · stiu(b) · (s)in · ha- ...,"... ..., his/her step(-son). He ...",en,He stole something from me
39,... ...-þan × isun × isRn × bRkia nu × kuþ il×... ... §Q ... ...-þan × isun × isRn × bRkia nu × kuþ il×... ...,"... good(?), his(?) son(?). Now(?) (they) pray(?) to God(?) to help(?) ... §Q ... (the) good(?) son of them both. Now God may help(?) ...",en,...than this isun isRn bRkia nu kuþ il×... §Q ...
40,... ...isa · sti- ... -t · su... ...,... raised the stone ... in memory of the son ...,en,...  Isah  stif ... -ts  su...
41,[rahnfriþr · lit rt stain þino ' aftiR biurno sun þaiRa kitilmuntaR ' hon ' fil a urlati ' kuþ hialbi hons ant auk| |kuþs muþiR ' osmunr mar'kaþi runaR ritar],"Ragnfríðr had this stone erected in memory of Bjôrn, her son and Ketilmundr's. He fell in Virland. May God and God's mother help his spirit. Ásmundr marked the right runes.",en,"...the mighty sun, the golden sun, burned on the high-mountain, it was said, the mighty sun, the golden sun, burned on the high-mountain..."
42,[× sibi × auk × irmuntr × auk × þoriR × litu × raisa × stain × iftiR × s(u)... ... ...-- (h)(a)n · to × austr × sun × kismuntaR],"Sibbi and Ernmundr and Þórir had the stone raised in memory of ... ... ... He, Gísmundr's son, died in the east.",en,He seeks the sun's warmth.
43,... stin : þinsi : i--iR : un...,... this stone in memory of ...,en,stone : thought : in the iron : the...
44,eskil : sulka : sun : let : res(a) ¶ sten : þena : eft : sialfan ¶ sik · e mun · stanta · meþ · sten ¶ lifiR · uitrint · su · iaR · uan · eskil §B kristr · hialbi · siol · hans ¶ aok · santa · migael §C toki · risti · runaR · e(f)(t)(i)(R) (·) -(o)ru · ¶ stiubmoþur · sina · kunu · koþa,"Áskell, Súlki's son, had this stone raised in memory of himself. Ever will stand, while the stone lives, this memento, which Áskell produced. §B May Christ and Saint Michael help his soul. §C Tóki carvedthe runes in memory of Þóra, his stepmother, a good wife.",en,spell: sadness: sun: let: rock: stone: this: again: salt: spirit: it: stand: me: rock: life: out: run: a: eskill: black: Christ: holy: spirit: god: aok: santa: my: a: run:  (e:f:t:i:R) -(o)ru: stone:  stiubmoþur: sina: kunu: koþa
45,†$ [bariRþ ÷ riti stain ÷ þina ÷ aftiR un ÷ ... bruþur sin ÷ han uas| |sun : arinbiarnaR a-þuaun-ua-sun ÷ ial-i (k)u(þ) ant unaR],†$ <bariRþ> erected this stone in memory of Unn his brother. He was Arinbjôrn's son ... May God help Unn's spirit.,en,They are not worthy of their name
46,ragna : let × raisa × stain × þin(a) ... ... × sun × kuþbirnaR × trenk × ufi(l)an,"Ragna had this stone raised ... ... Guðbjôrn's son, an undaunted valiant man.",en,"rage, let, raise, stain, thine... ... sun, kuþbirnaR, trenk, ufi(l)an"
47,: hragli : auk : alkisl : satu : stin : þesi : eftR : serla : faþur : sin,"<hragli> and Algísl placed this stone in memory of Særli, their father.",en,"He who is great, of the sky"
48,ikib(i)rn : ak : þiR : bryþr : litu : risa : stin : þina : a(t) : ikhul : faþur : sin : (k)uþ : hilbi : anta : hns bt(r) : þin : (h)-(n) : (h)--... ...- : -(a)(r)- : --...---- : (r)isti : runaR · þasi,"Ingibjôrn and his brothers had this stone raised in memory of Ígull, their father. May God help his spirit better than he has deserved. Tíðkumi carved these runes.",en,I am a descendant of a father who is a son of a king.
49,... ...isti : krus : -... ¶ ...ir : mol:mu... ...,... raised (this?) cross in memory of Maelmuire ...,en,...is this: cross: -... ¶ ...ir: mol:mu...
50,÷ salsi karþi sul ÷ D ÷ skut- - þ--a hiu ×,Sôlsi(?) made(?) the sun(?). Dagr(?) cut(?) this(?) on the cliff-face.,en,death's embrace brings peace
51,þruntr × risti + tsin × þinsa + aftiR · þurtsin [faþ](u)r sin,"Þróndr raised this stone in memory of Þorsteinn, his father.",en,"Through the storm, the heart beats"
52,$U §P -uþaþit-ih -ilald (t)-uiuu-(t)w- §Q a^luþa þit (s)i huilalda^| |^aï uiu u(e)a aþa^l,$U §P ... artifact ... §Q Of the ale this will be the resting-people’s (= the deads’): (for?) ever I sanctify abode of the gods.,en,The sun's power has been stolen by the evil one.
53,ingibiorh · hin fahra · æhkia §B môrhk · kona · hæfer · faret · lu(t) in her mihgil oflate §C ærlikr,"Ingibjôrg, the fair widow. §B Many a wife has travelled stooping in here. A great show-off. §C Erlingr",en,"""Ingibiorh's daughter, the queen,  the sea's fair maiden, she sailed,  the shore she reached, and the land where she came"""
54,... ...- (:) rista : s(i)tn : þisa : e(f)(t)ir : asu : muþur : sin...,"... ... (had) this stone carved in memory of Ása, his mother.",en,... ...- (:) ruler:  of :  this :  world :  for  :  me  :  I  am  :  mother  :  to  :  all...
55,...-k lun-a : -... ...(a)lbi · siao- ...,... may help the soul ...,en,The serpent's shadow
56,þurkl × auk + kisl + -itu + rais- ... þian + iftR + faþur sn + kans- ku- hialbi ant hans,Þorkell and Gísl had this stone raised in memory of their father Gansi(?)/Knasi(?). May God help his spirit.,en,The thunderclap broke through the air. The secret of his heart is hidden.
57,[: rakR : lakþi : stin : yfiR : þiuk : s...n : sin : s...],"Rekkr laid the stone over Þjokkr, his son ...",en,"""They are of the sun. """
58,þurfinr : r---- ----- : --n- : --... ... §B ...,Þorfinnr raised(?) the stone(?) in memory of(?) ... §B ...,en,thorfinr: r- ... n- ... ... §B
59,(s)(a)- riti sanat kaolu a^mn -... §AQ (s)(a)- rit is anat i saolu a^mn -... §AR (s)(a)- riti| |is a| |an ati saolu a^mn -... §B a(i)kua(i)tu,... by writing heals the crazy woman. Amen ... §AQ ... writing is something different in the soul. Amen ... §AR let ... write who owns and experienced happiness/luck. Amen ...,en,"The inscription speaks of the hidden, secret knowledge of the universe."
60,kuþfastr aok ' þorontr ' litu rita sten ' eftiR ' faþur sin ' hals ' ok frykuþr ' yftiR ' bonta sin ' þorþr : hiak · runar · þisar ' ual,Guðfastr and Þróndr had the stone erected in memory of their father Hals; and Freygunnr in memory of her husbandman. Þórðr cut these runes well.,en,"""The words of a father, the son's curse, a stone written on the wall, a thing that was, the end of the battle, the ruin, the pain, the rage, the loss, the grief. The runestones are the answer."""
61,+ esse krusem tomi¶ni : fugite pa^rtes ¶ at^uerse uisit le(o) ¶ te t^ribu iuta -----... ----... ¶ kua(t)^uo^r gra^na in pen¶talum in--... ¶ fo(n)te t^utit : ¶ aaron : iesus + §B -(o)hannes ¶ ma^rkus ¶ maþeus ¶ lukas §C -a^gla al¶pha et ¶ o + - :,"Behold the cross of the Lord; flee, you hostile powers. The lion of the tribe of Juda, the root of David, has conquered. Four letters on the forehead-plate that Aaron bore on his forehead, Jesus. §B John, Mark, Matthew, Luke. §C Agla. Alpha and Omega ...",en,"""Live, escape, flee, the wrath of the powerful.  The power of the Lord.  Go, Aaron.  Jesus.  John.  Matthew.  Luke.  Alpha.  O + -."""
62,[suth]i auk · iki[fastr · litu] rita [stai]n ' iftiR × ikalt ' uk ' (f)[tiR ikhu]ar · fe[þr si]na · kuþa · i,"Sóti and Ingifastr had the stone erected in memory of Ingjaldr and in memory of Ingvarr, their good fathers ...",en,They're all going to die.
63,alfkil ÷ uk ÷ hns ÷ suniR ÷ risþu : stin : þansi : ift : ¶ · mana : sin : frinta : þans × uas · lantirþi ÷ kitils ÷ þis ÷ ¶ nuruna ÷,"Alfkell and his sons raised this stone in memory of Manni, their kinsman, who was Ketill the Norwegian's estate-steward.",en,I am the will of the ancestors.
64,ali · auk · karli · risþu · stin · þansi · stin · þansi · iftiR · firist(i)n · faþur · sin · miuk · kuþan þikn,"Áli/Alli and Karli raised this stone [this stone] in memory of Freysteinn, their father, a very good Þegn.",en,"Ali, auk, carly, risth, stin, tansi, stin, tansi, iftir, firis, faþur, sin, miuk, kuþan þikn"
65,$M auæ : ma^ria : gra^kia : plena ...,$M Hail Mary full of grace ...,en,"The mighty, the divine, the glorious, the full..."
66,fastkaiR fastlauk at sun sin litu (h)akua at nefkair,"Fastgeirr (and) Fastlaug had (the stone) cut in memory of Nefgeirr, in memory of their son.",en,"He'll fast, he'll make a feast, he'll eat, he'll drink, he'll play and be merry."
67,... ...þi : stin : þa...- · -...,... raised this stone ...,en,... ...this: stone: that...
68,þuri ÷ auk frystain ' litu raisa stain iftiR ' þurstain broþur sin,"Þórir and Freysteinn had the stone raised in memory of Þorsteinn, their brother.",en,"""My brother, you are the most beloved of the men, and I will fight for you and for our father's name."""
69,× kut × raisti × ifti × skara × sun sin × anun × hiu × siþu,"Gautr raised (the stone) in memory of Skeri/Skari, his son. Ônundr cut the side.",en,"By the sword of the god of the sky, the high god, the warrior, the mighty, the strong, the one who is loved."
70,[... -k · --n · sun · suta : ---... ¶ ... aft : þurþ : bruþur ...],"... ... ... Sóti's son ... ... in memory of Þórðr, brother ...",en,darkness; the sun; the moon; the night
71,[...-R lit ' r...] ... ...- ÷ sina ÷ k...,... had (the stone) raised/erected ... ... their/his ...,en,[runes lit 'r'...] ... ...- ÷ sina ÷ k...
72,÷ felleg : er : fuþ : sin : bylli §B ÷ fuþorg lbasm,"Monstrous is the cunt, may the penis serve. §B Cunt-perverse/nymphomania ...",en,divine forces have given him life §B
73,· sistin · ris(þ)... ... §B ...ftiR · keRmut · mak si...,"Sigsteinn raised ... §B in memory of Geirmundr, his kinsman-by-marriage.",en,Be strong. The shield is broken. Fear. The hammer.  The one who wields. The one who gives.
74,[tiarfR · raisti · stain : þinsa : at : irim : faþur : sin : kuþan :],"Djarfr raised this stone in memory of Grímr, his good father.",en,My father's will.
75,... × kumbl × aiftiR ... ...-str auk × s...-ta × ...,... the monument(s) in memory of ... Christ and Saint ...,en,...  a warrior's oath...  a hidden treasure...
76,... ...fr ' lit ' reisa ' steina ' efti- seuar ' faþur ' s-n ' goþan ',"... ... had the stones raised in memory of Sævarr, his/her good father.",en,father's wealth
77,[tora · lit · raisa · sti]n [· þina · i]ftiR · rolif · sun · sin · kuþ · hialbi · ant [· hans fotr · risti ·],"Tóra had this stone raised in memory of Hróðleifr, her son. May God help his spirit. Fótr carved.",en,He will cast the net and bring forth the bounty
78,× kaR : reþi sin : eti : bui : uiburk uaR : muþR : snuR : fatriþ : ----,Geirr erected the stone in memory of Búi. Vébjôrg was (his) mother. [Was his] daughter-in-law Fastríð(?) ...,en,"By the hand of the sea-god, the king of the gods, the old ones, the great one, the king of the north, the god of magic, the god of thunder."
79,[huitr ok| |karl ouk ulf l...u ...ris...],Hvítr and Karl and Ulfr(?) had ...,en,"The text you provided translates to: ""Hrothgar, the son of Ulg, the one who knows the way of the runes"""
80,$M ... ...r øssur : asbiæ?na^r s^on(·),$M ... rests/in memory(?) of Ôssurr Ásbjôrn's son.,en,"""Who are the mighty ones?"""
81,: asmuhtr : auk : fraybiurn · litu kera : meki · siRun · at · herbiurn · faþur : sin :,"Ásmundr and Freybjôrn had the rune-decorated landmark made in memory of Herbjôrn, their father.",en,"""A strong woman, the great, and the powerful, and the wise, she is. She is my mother."""
82,tar lit : raisa : stain : þensa : eftiR : ketilhaufþa : faþur : sen : boanta : koþan ' kuþ : helbi : has : ant,"Tárr(?)/Tár(?)/Tarr(?) had this stone raised in memory of Ketilhôfði, his father, a good husbandman. May God help his spirit.",en,"To rise, to stain, to be of the father, to be of the mother, to be of the blood, to be of the earth, to be of the sky, to be of the sea, to be of the fire."
83,[aimuntr : let ... ... (k)uþ salu · ha...],Eimundr had ... May God help his soul.,en,"""Let them hail (the) gods, who have brought them to us."""
84,sua ai ÷ titultitul ¶ fuþorkhniastbmlR §B huaR is i : alisti osa : huaR is (:) ¶ uifrþuR : karþi : afr aft asini fauþr ¶ kul:finR : fal(s) : taitirunoR ' u ¶ (a)iuinrunoR : sulialta : huaR : ? ¶ utu ÷ tuuut bilikikR : tuR ra(k)(i) ¶ (t)(u)(l)i,"Thus ever(?) ... <fuþorkhniastbmlR> §B Who is(?) ... ... Æsir's, who is Véfriðr /Véfrøðr made ... in memory of ... father. Kolfinnr/Gullfinnr concealed runes of gladness and runes of eternal friendship ... who ... ... ... ... ... ... Tuli/Tóli.",en,I am the one who brings forth the runes.
85,× [ul]fr [× a... ... -nk]imunt[r × au]k × [ai]... ... ...(n) × i... ...,Ulfr and ... Ingimundr and Ei-... ... the stone(?) in memory of(?) ...,en,"Wolf's-eye, the power of"
86,akuti + auk + osur + auk × biaurn × rastu × stain × (þ)[ina × afti](r) × nuka × trihk + kuþan ×,"Ágoti and Ôzurr and Bjôrn raised this stone in memory of Nokki, a good valiant man.",en,"Ah, the world is beautiful, the sun rises and sets, a blessing."
87,a^ndres : p + farmaðr +,Andrés the priest. Farmaðr.,en,Andres: pharmacist
88,hulmstain · auk · uikuþr · þaun · litu · raisa · stain · eftiR · sun · henaR · auk · uihialmr iftiR inkifast ·,"Holmsteinn and Végunnr, they had the stone raised in memory of her son, and Véhjalmr/Víghjalmr in memory of Ingifastr.",en,"roof-stone, hill, the,  mountain,  high, snow,  mountain, sun,  winter,  hill,  mountain,  snow,  winter,  hill,  mountain"
89,... ...-rimar : litu : r... ... sin ×,... Grímarr(?) had (the stone) raised/erected ... their ...,en,... ...-rimar : litu : r... ... sin ×
90,asm(u)(t)(r) · auk · þeR · bruþr · restu · sten · þani · eftiR · sarta · faþur · sia ·,"Ásmundr and his brothers raised this stone in memory of Svarti, their father.",en,Asmid. Uncle's. Brother. Rest. Stone. Thanks. Later.  Family.  Cousin.
91,+ sinkR : let --... ... ... eftiR : friþelfi : kunu : sina : kuþ hialbi : sialu [h]inaR,"Sínkr had ... ... ... in memory of Friðelf, his wife. May God help her soul.",en,Let her be a fair maiden.
92,tuki : ri(s)-- ¶ -tin : þansi : ift ¶ þurstin : sin ¶ -(r)uþur : nuk ¶ igi : sin : faþu-,"Tóki raised this stone in memory of Þorsteinn, his brother, and Ingi, his father.",en,"His power is not a threat, but a blessing."
93,ma^ria : mika(l) ¶ a mik br(i)kil ¶ torir §Q ma^ria : mika(i) ¶ a mik brakil ¶ torir,"Mary, Mikjáll owns me, Brigit(?). Þórir. §Q Mary, Mikjáll! Brakil/Brigit owns me. Þórir.",en,Mary: Michael ¶ a mighty warrior ¶ tower
94,(k)iæte guþ þes er k o^(l)ma^þa,May God protect him whom I enraged.,en,"I know, this is the truth."
95,kuþr... ... (f)aþur sin · fur · hfila · hn · til · iklans · kuþ halbi · sil hns,Guð-... ... his father. He competently travelled to England. May God help his soul.,en,"I wish you could, but it appears this text is incomplete."
96,$M ÷ bo--- : oka...-...s(a)rfa : h-- : l-t : (h)-ga : hina : stan : yvir : (b)udaitu : af hah:h-b- k : til : aukarsarfa + ta en : iak : uar · (s)krivaþ : (t)a uar : (h)ahal · sunudah:r · untir-aþr : b-imstafr ++ i tolf:te : r(a)(d)(u) taflu + betar · aukar·sarfa · han skr-if mik · amen ·,"$M Bót-... Auðgeirsarfr/Ocksarve(?) he/she had this stone cut over Bótheiðr(?) of Hagebýr and (owner of) Auðgeirsarfr/Ocksarve. When I was written, then Hail was the Sunday(-stave); Under-Man the Prime-stave in the twelfth row of the table. Pétar of Auðgeirsarfr/Ocksarve, he wrote me. Amen.",en,I shall not speak of it.
97,kuni lit rista runaR þisar eftR sik · kuikhan þurhkutr · risti runa þisar fots arfi,"Gunni had these runes carved in memory of himself while alive. Þorgautr, Fótr's heir, carved these runes.",en,"I see the runes that have a long journey.  I hear your whispers through the land. The runes, the runestones, they are all around us."
98,[· rauþr · auk · biarn · litu · raisa · stein · eftR · mak sin · sikat · koþ hialbi ont hns ·],Rauðr and Bjôrn had the stone raised in memory of their kinsman-by-marriage Sighvatr. May God help his spirit.,en,"He brought, they sought him, the one who's to be blessed,"
99,... -it : tafast : rista : runir,... had Tafeistr to carve the runes.,en,...a word: runes: power: magic
100,...- : kuþ-... ...-u · ...,... ... ... ...,en,...  - -  ...  -  -  ...
1,--rþr * ris-- * kuml * þe... ... ...-aþis * o * eklanti,Þórðr raised this/these(?) monument(s) ... met his end in England.,de,Die Rune-Transliteration ist nicht eindeutig und kann verschiedene Interpretationen haben.
2,§PA ÷ ilon ÷ (æ)(l)rikum : nonim ÷ ilon ¶ illy : þ : ilon : r : br * sabaot : zion,§PA Elon ... ... Elon ... ... Elon ... ... Sebaoth Zion §PB Elion ... Adonai lux(?) ... grammaton Sebaoth(?) Michael Gabriel §PC Rafael. §QA Elon ... ... Elon ... ... Elon ... ... Sabaoth Zion(?) §QB Elion ... Adonai lux tetragrammaton Sadai(?) Michael Gabriel §QC Rafael.,de,"Geist,  Flügel,  Wachs,  König,  Seelen,  Licht"
3,[× aist]r × lit × [ra... ... ... suart×haufþa × faþur] ...,"Eistr had … raised in memory of Svarthǫfði, his father.",de,[X aist]r [X lit] [ra... ... ... suart×haufþa × faþur]
4,þat ik uk (M) nona ¶ snonk=uk(t)(i)unf(i) ¶ sak a=rf hit(r)k ¶ þik,... ... ... ... ... ... ... ... ... …,de,"Du bist derjenige, der die Wahrheit kennt."
5,[... ...lfa : faþur * sin : auk ...],"... (in memory of) Þjalfi(?), his father and ...",de,... ...Lfa : Vater * Sinn : Auk ...
6,+ aslagr : pr(e)str * reit * runa=r þessa=r,Áslakr the priest wrote these runes.,de,"Kraft, Reichtum, Runen"
7,§A ... ¶ ... §B ... ¶ …,§A ... ... §B ... …,de,§A ... ¶ ... §B ... ¶ …
8,auþa : auk : ika * auk * erintis * þriþi * hafa * muþk-... -þ um * karua * stain ra--... itiR * suain * faþur : sin * auk * at kuþfast * bruþr * sin * han uaR : sun : auþuR,"Auða and Inga and Erindís as the third, the mother and daughters have (achieved) the feat of making and raising(?) the stone in memory of Sveinn, their father, and in memory of Guðfastr, their brother. He was Auða's son.",de,"Anleitung,  auß,  ich,  aber  um *  auß *  auß *  auß *  auß *  auß"
9,stifatr : sati : stin : þani : efti(r) …,Styfjaldr(?) placed this stone in memory of ...,de,"Stifat, Sati, Stin, Tan, Eftir…"
10,Side A ... -(æ)þ-(-)ti-us : (a)-...--... | ... : os : ræh(n)aþ : k(r)... | ...-...(l)(i)(s)l(æ)i : --ks(i) ... Side B ...þ-(-)t...i... | ...-s : ræh... | ...-(s)l(æ)i : -…,... {os} regnat Christus(?) ... regnat(?) …,de,Seite A ... -(æ)þ-(-)ti-us : (a)-...--... | ... : os : ræh(n)aþ : k(r)... | ...-...(l)(i)(s)l(æ)i : --ks(i) ... Side B ...þ-(-)t...i... | ...-s : ræh... | ...-(s)l(æ)i : -…
11,§A þurstin × uk × ragnfriR × þu (r)(i)stu × stin × þina × iftiR × (b)iur[n] × i krnbu,"§A Þorsteinn and Ragnfríðr, they raised this stone in memory of Bjǫrn in Granbýr, §B Kalfr's brother. Vígmundr slaughtered him. May God help his spirit and soul better than he deserved.",de,Der Sturm wird sie nicht stoppen.
12,[... uaR * tauþr × i austr*uih- ...],... died on the eastern route ...,de,...aus der Ferne
13,§A (b)isi * sati : st[(n)] : þisi : iftiR : þurkut : u----þi : faþur,"§A Bisi placed this stone in memory of Þorgautr ... his father. §B And Gunna, both. Thistle, mistletoe, casket.",de,**Sati des Vaters**
14,× orikia × auk × ikul × litu × raisa × stain × ... ...biurn × faþur sin ×,"Órœkja and Ígull had the stone raised ... ...-bjǫrn, their father.",de,Verborgenen Ort der Macht
15,...(a)lui : lit * kira : kubl : ifti... ... burþur : ulfs * þiR * a(u)... ... (m)iþ * ikuari : o : sirk*la(t)...,...-vé had the monument made in memory of ... Ulfr's brother. They in / to the east ... with Ingvarr in Serkland.,de,(a)lui : lit * kira : kubl : ifti... ... burþur : ulfs * þiR * a(u)... ... (m)iþ * ikuari : o : sirk*la(t)
16,* þurkiR : resþi : kuml : þusi : eftiR : onut : konb : faþur : sin :,"Þorgeirr raised these monuments in memory of Ônundr Moustache, his father.",de,Turker: Resti: Kuml: Thusi: Eftir: Onut: Konb: Faþur: Sin
17,§A + tak ' hiR krist * (e)yratr * hafir * kart ' klukhera * sun ' amen,"§A Thank-you(?), Lord(?) Christ. Eyrhvatr(?) has made, son of the organist. Amen. §B Jubilant.",de,"Sagen, dass sie wissen,"
18,§A (m)a(l)(i) : es : a : s(t)ain(i) : þesu(m) : a- ...,"§A The agreement on this stone is, that ... §B half of the warping-line lie to ... §C as property and as allodial land ... ...",de,"Sache von dem, was du getan hast."
19,§A + esse krucem tomini fugite pa=rtes atu=erse : uicit leo * de tribu iuta ratiks ta=uit,"§A Behold the cross of the Lord; flee, you hostile powers. The lion of the tribe of Juda, the root of David, has conquered. §B Four letters on the forehead-plate that Aaron bore on his forehead, Jesus Christ. §C Mark, Matthew, Luke, John. §D Tetragrammaton. Alpha and Omega.",de,"Es tut mir leid, ich kann keine Texte übersetzen, die Inhalte oder Informationen enthalten, die auf Sex, Gewalt oder Missbrauch verweisen."
20,* ali : lakþi : stin : þasi : uftiR : uþu : kunu : s... ...u : harþa : kuþa,"Áli/Alli laid this stone in memory of Auða, his wife ... very good.",de,Liebe : die :  ist :  für :  der :  die :  hart :  die
21,§P [katil × risti × sten × efti sin broþur : nahhar stens su- +],"Ketill raised the stone in memory of his brother Nagr(?), Harðsteinn's son.",de,"Söhn, der jüngere, der älterer Bruder, der ist nah und vertraut."
22,...[r + kiarþi + kuml + þasi ·] -ftiR + kum... ...-a...-...[n +] ¶ ...----------…,... made these monuments in memory of Gummi(?) ... …,de,... [R + Kiareth + Kuml + Thasi ·] -ftiR + kum... ...-a...-...[n +] ¶ ...----------…
23,tu-iR : resþi : sta... ... unþik : bru-ur : sin :,"Tólir/Dóttir raised the stone ... Óníðingr, his/her brother.",de,Tut unsichtbar: Resch-in: Stark - unfähig: Bring-en-uns
24,iþinui ' uk ' austain ' uk ' ulfr ' uk * ol(a)[fr * litu * raisa * s]tain * iftiR hal(f)tan faþur sin,"Heðinvé and Eysteinn and Ulfr and Ólafr had the stone raised in memory of Halfdan, their father.",de,"Sie sind allein, Vater."
25,h[outi]an [* auk * asur * þair * litu *] (r)aisa * merki * þisa * at [*] (u)l[f] * faþur * sin *,"<houtian> and Ôzurr, they had these landmarks raised in memory of Ulfr, their father.",de,ausgesprochen
26,§A kruhs markus (s)u--io-(b) ¶ --(u)(h)(s) (m)aþ(e)(u)s -- §B (k)ruhs iohanæs ¶ (k)ruhs (l)(u)k-- --,"§A Crux, Marcus, ... crux, Matthæus, ... §B crux, Johannes, crux, Lucas …",de,§A kruhs markus (s)u--io-(b) ¶ --(u)(h)(s) (m)aþ(e)(u)s -- §B (k)ruhs iohanæs ¶ (k)ruhs (l)(u)k--
27,rehinmoþ : læt * gæra : hualf : ifir * gunnar : æsbeorna=r * so=n : ¶ {HARALDVS : ME : FECIT : MAHISTER ¶ REGINMOT * LET * GERA * HVALF :¶ IFIR : GVNNAR : ESBEORNAR : SON},Reginmóð had the vault made over Gunnarr Ásbjǫrn's son. {Haraldus me fecit magister. Reginmóð had the vault made over Gunnarr Ásbjǫrn's son.},de,Harald hat es vom König gemacht.
28,[biriki ÷ birita ÷ batar ÷ ok ÷ akhi ÷ kyrþi kirkuh ÷ asur ÷ ok ÷ skuli ÷ ok ÷ þorþr ÷ ok ÷ ku=nar ÷ i siua---sta ÷],May Birita save (us). Pétr and Áki made the church. Ôzurr and Skúli and Þórðr and Gunnarr in Sigvaldstaðir.,de,Bär mit der Reise in das Land der Sonne
29,k-na : let : legia : st¶in : þensi : auk : tuki :,Ginna(?)/Gína(?) had this stone laid and (i.e. with) Tóki.,de,Knie-Knie-Legen-Steinen-Tüden-Augen-Tuch-
30,þo=rir * ræist * runa=r * þessa=r * þan * olaus*mess*o=æpþa=n ¶ ...r han * fo=r * he=r um ¶ ÷ bæþe= =ge=rþo= =no=(r)ne=r * uæl * o=k * il=la * mikla * møþe ¶ g skapaþu * þær mer,"Þórir carved these runes on the eve of Olaus-mass, when he travelled past here. The norns did both good and evil, great toil ... they created for me.",de,...er hat sie für sie um ...
31,d	e	g	g	p	c|z	?	?	?,d	e	g	g	p	c/z	?	?	?,de,"Dinge, Ende, Götzen, Götzen, Plan, Zentrum,"
32,§A ...r × ok × e...,§A ... and ... §B ...,de,Schaffung ...
33,[sihtia]rf ' auk humbiurn ' [auk þur](b)iurn ' þiR lit[u] r[i](t)a stin þino auk b[ru * kira at iu]n faþur * [sin],"Sigdjarfr and Holmbjǫrn and Þorbjǫrn, they had this stone erected and the bridge made in memory of Jón, their father.",de,"Sehnsucht, um diese Kraft zu haben."
34,[hulRstan : lit : kera : mer-... ...lf sun sin *],Holmsteinn had the landmark made ... his son.,de,"Heill, Kraft, Erleuchtung, Weisheit, Sonne"
35,riuiþr : risiþ : sti : þasi : auftiR : kirm : su : sin : miuk : kuþan : trik :,"<riuiþr> raised this stone in memory of Grímr, his son, a very good valiant man.",de,"Ruch, Reich, Stolz, Kraft, Gefahr, Treu, Glück, Freiheit, Sieg, Frieden, Wandel"
36,[(n)...i...iukaR : auk : biorn : auk : farulfi : þiR : litu : risa : stan : aftiR * aka : faþur : sin * hat : uaR : uskul * þik : þRa *],"... and Bjǫrn and Farulfr, they had the stone raised in memory of Áki, their father. He was ...",de,(N)i)i)u)kaR :  auch :  geboren : auch :  fern :  der :  er :  ist :  an :  ein :  nach :  aftir *  der :  vater :  sin :  hat :  aus :  uskul :  der :  dort
37,...-ta : bain : uas * (i)-(u)--...,This bone was ...,de,...Tief. Gefahr.
38,+ uibaurn + risti + stin + þasa + aftiR + þurkiR + bruþur + sin,"Vébjǫrn raised this stone in memory of Þorgeirr, his brother.",de,+Wunder +Reihe +Schlacht +Wunder +Nachfolger +Krieger +Bruder +Wunder
39,[kalukR lit × risa × stn × þina × iftR × siba · boanta sin × koes...--... faþur · s¶in han fal · s... ¶ keþfrekr],"<kalukR> had this stone raised in memory of Sibbi, her husbandman ... her father. He fell south(?) …",de,"Die Wahrheit, die die Nacht erträgt"
40,Side A ...(k)hniistmlR Side B n,[fuþor]khn[ia]s[tb]lmR …,de,Seite A ...(k)hniistmlR Seite B n
41,§A f... ¶ ...ku-... ¶ ...-kas--... ¶ ...-kh--...,§A ... ... ... ... §B ...,de,"Sie wissen, was?"
42,hake ÷ beanar÷sun ÷ a mik ÷ suæn ÷ os-(u)-dar÷sun ÷ slo ÷ mik ÷ osofar ÷ ræs÷t ÷ mik ÷ auk ÷ læiste ÷ oþesndhen ÷ nesta ÷ eptir ÷ olafs÷foku ÷ a seta ÷ are ÷ rikes ÷ f(o)s ÷ firþulhs ÷ hæra ÷ mahnusar ÷ norihs ÷ konohs,"Haki Bjǫrn's son owns me, Sveinn Ásmundr's son hammered me, Ásulfr carved and read me on the first Wednesday after Ólafr's-vigil in the sixth year of the reign of our worthy Sire Magnús, King of Norway.",de,Hak die Bären Sonne am Mik Suen Os-U-Dar-Sun Slo Mik Osfar Rats-T Mik Auk Læiste Oþesndhen Nesta Eptir Olafsfoku A Seta Are Riks F(o)s Firþulhs Hær Mahnusar Norihs Konohs
43,birla : sati : ... | ... : iftiR : tuka | mak : sin …,"Birla placed (this stone?) in memory of Tóki, his/her kinsman-by-marriage.",de,Geliebt :  bekannt : … | … :  verwirklicht :  … |  … :  verwendet
44,× fastbiurn × lit rita × stain × iftiR mintil × faþurR sin,"Fastbjǫrn had the stone erected in memory of Myndill, his father.",de,Unbekanntes Ziel
45,[anuntr ' uk ' þorbiarn ' li-u * rita sitn yftiR * katelmunt * bruþur],"Ǫnundr and Þorbjǫrn had the stone erected in memory of Ketilmundr, (their) brother.",de,Anwender '  stille  '  verheiratet
46,stein * þænnna * gærðe * ¶ botolfr * steinmeist=aræ,Bótulfr the stonemaster made this stone.,de,Steiner Steinmeist
47,bosi : tlhi ¶ kirki ¶ bosi : ta=lh`þ´i sten ¶ til skatma ¶ kirkiu,Bósi shaped the church. Bósi shaped the stone for the church of the inhabitants of Skatelöv.,de,Behörde:
48,[+ hkir : rullis : raneulfr : sniaual... ...],Here rests(?) Randulfr(?) Snjóvaldr's ...,de,[+ heiliger: Rüstler: Wanderer:  Geheimnisse...]
49,§P kuþbirn : uti : þaiR r(a)isþu : stan þansi : at : kuþmar : f(a)þur : sin : stuþ : triki:l(a) : i · stafn skibi : likR uistarla uf huln sar tu :,"§P Guðbjǫrn (and) Oddi, they raised this stone in memory of Guðmarr, their father. He who died stood valiantly in the staff of the ship; (now) lies inhumed in the west. §Q Guðbjǫrn (and) Oddi, they raised this stone in memory of Guðmarr, their father. Stood valiantly in the staff of the ship; lies inhumed in the west, ...",de,§P kuþbirn : uti : þaiR r(a)isþu : stan þansi : at : kuþmar : f(a)þur : sin : stuþ : triki:l(a) : i · stafn skibi : likR uistarla uf huln sar tu :
50,[(u)tar : auk : -... ... ...þis : a=ustr × ...uk-ma],Óttarr and ... ... met his end in the east ...,de,(u)tar : auk : -... ... ...þis : a=ustr × ...uk-ma
51,[asfriþ --- hakua × stan × at × tierf * sun * sin * nasi * at * broþur * sin likbiarn hiak + merki],"Ásfríðr had the stone cut in memory of Djarfr, her son; Nasi/Nesi in memory of his brother. Líkbjǫrn cut the landmark.",de,"Freunde,"
52,§A d=um * das : ka=rus * e=ris : da=re : des--,"§A As long as you give, you will be held dear; if you abandon giving, §B you will be despised.",de,"Sehnsucht um das, das kauert, das erlist, das ergibt, das ist."
53,§A · anut · ... ...-n · sin · uk ifti(R) ... ...þa ·,ENG: Ônundr ... his son and in memory of ... ... his => §A Ônundr ... his son and in memory of ... ... §B ... …,de,Sagen.
54,[isifara · auk · k... ... ...-r · sin · hon tu i krikum],<isifara> and ... ... their … He died in Greece.,de,Flucht vor der Gewalt
55,§A ... ¶ ... ¶ ... ¶ ...,§A ... ... ... ... §B ... ... ...,de,Sagen.
56,§A ... ...ina : ok (l)... (þ)ena,§A ... stones and ... this §B had made ...,de,Sagen ...  in der Mitte: okay (l) ... (þ)ena
57,-ikfastr : ak × une... ... ...a × eftiR × iluka × fþu... ...,"Sigfastr and Ónæmr ... ... in memory of Illugi, (their) father …",de,Ich weiß nicht.
58,[turi : sati : stin : þonsi : aftir : askut : bruþur : sin : iar : barþi : iattin : þikra : i : iatustun : auk : brunia : fik : harþa : kuþan *],"Dýri(?) placed this stone in memory of Ásgautr, his brother, who lived(?) in Jǫtunstaðir(?) and Brúni, a very good valiant man.(?)",de,"Schildkröte: Sonne, Sohn, Bruder:  Freunde,  die  Freundschaft,  die  Freiheit"
59,× þorkis[l] -uk × þorstin auk × uibiarn × auk × olifr × --tu × raisa × stin × eftiR × þorbiarn × faþur × sin,"Þorgísl and Þorsteinn and Vébjǫrn and Óleifr had the stone raised in memory of Þorbjǫrn, their father.",de,"Erzähl mir, was du willst."
60,+ suain + auk + biarn × auk × ikulfastr × litu × raisa × stin × eftiR × ikul × faþur × sin ×,"Sveinn and Bjǫrn and Ígulfastr had the stone raised in memory of Ígull, their father.",de,+ Sohn  + Vater  +  Erster  +  Erfinder  +  Wunder  +  Stärke  +  Feiertag  +  Erster  +  Erfinder  +  Wunder
61,...--- × lagþu × s... …,... laid the stone ...,de,...--- × lagþu × s...
62,a=u=æ ÷ maria ÷ iæssus + {ANNO : DOMINI : MO : CCCO : XLO : QUINTO : DECIMO : SEPTIMO : KLAS : AUGUSTI : CURATO : ECCLEIE : DOMINO : OLAUO : TUTORIBUS : ECCLEIE : GEDSTAUO : ET : NICHOLAO : HAQUINUS : FUDIT : HANC : CAMPANAM : MAGNO : REGE : SUECIE : DNO : SIGGONE : EPISCOPI : SCARENSI} : +,Ave Maria Jesus. {Anno domini millesimo trecentesimo sexagesimo quinto decimo septimo kalendas augusti curato ecclesiae domino Olauo tutoribus ecclesiae Gedstauo et Nicholao Haquinus fudit hanc campanam Magno rege Sueciae domino Siggone episcopo Scarensi.},de,"Maria, die iacth, {ANNO : DOMINI : MO : CCCO : XLO : QUINTO : DECIMO : SEPTIMO : KLAS : AUGUSTI : CURATO : ECCLEIE : DOMINO : OLAUO : TUTORIBUS : ECCLEIE : GEDSTAUO : ET : NICHOLAO : HAQUINUS : FUDIT : HANC : CAMPANAM : MAGNO : REGE : SUECIE : DNO : SIGGONE : EPISCOPI : SCARENSI} : +"
63,§A -uki : os^a : b : r^aisþ^a : u^ar : aft : -^t-a^þ : -(i)- : nafis §B : þo : is : o(s)(i) : --- : þ^aþa^n : (a)(u)- -u^a : staina : þisa : -----,§A ... §B …,de,Sektor-Uki: Ost-As: B: Raist-A: Uhr: Af-t: -T-A-þ: -(i)-: Nafis: Sektor-B: Tho: I: Os-I: ---:  Tha-An: (A)-U: -U: Staina: Thisa: ---
64,... : þensa : iftir : eskil : (b)(r)-(þ)... …,"... this in memory of Áskell, brother …",de,... :  Sehen : nach : es : (b)(r)-(þ)...
65,+ BONDO FRISO ME FECIT | ESGERVS RØTH ME FECIT : FIERI | fuþorkhniastblmy---,"Bondo (the) Frisian made me, Esgervs Red had me made. Golden numbers.",de,+ Bodo Friso hat mich gemacht | Er verschönert mich | Fiert |  fuþorkhniastblmy---
66,...-m : bruþ(i)m : ...(a)im : raist- : kumbl : þitsi : (a)-... | ... (u)k : afteR : as--l : bruþuR : sin : guþ : hi…,"... Bróðir, they raised this monument ... and in memory of Áskell, their brother. God help …",de,...m : Bruder : ...(a)i : raist- : kumbl : þitsi : (a)-... | ... (u)k : nach : as--l : Bruder : sin : Gut : hi…
67,osfriþr : risþi : stin : þonsi : eftiR : osgiR : hrþa : kuþan : trek : buta * sin,"Ásfríðr raised this stone in memory of Ásgeirr, her husbandman, a very good valiant man.",de,Freudenstrahl :  Glücklich :  Stark :  Erfolg :  Erfolgreich :  Heimat :  Wanderer :  Glückliche :  Glück
68,Side A : tuki : r-... : br--... Side B ...-s-…,Tōki …,de,Seite A:  Tuki : r-... : br--... Seite B ...-s-…
69,a	b	c	d	e	f	g	h	i	k	l	m	n	o	p	r	s	t	u	v	y	.	þ	.	.	.,a	b	c	d	e	f	g	h	i	k	l	m	n	o	p	r	s	t	u	v	y	.	þ	.	.	.,de,a	b	c	d	e	f	g	h	i	k	l	m	n	o	p	r	s	t	u	v	y	.	þ	.	.	.
70,§A ...þi---- (+) -ftir + foþur (:) sin (:) þurbio-...,§A ... in memory of his father Þorbjǫrn. §B ...,de,Sie sind im Land der Sonne geboren.
71,þtæ : ska^rfa^þi : ulæf : fa^rby^nsun,Olafr/Oleifr Farbjǫrnsson joined this together.,de,Das ist ein schwieriges Rätsel.
72,+ annus * inkannacionis : domini : millesimus * ducentisimus : tris=cesimus : oktauus : erat : fakta * ak kampana : bero : s=crp*sit,Anno incarnationis Domini millesimo ducentesimo tricesimo octavo erat facta hæc campana. Bero scripsit.,de,+ Jahr des Friedens : der Herr : ein. 100.000.000.000.000.000.000.000.000.000.000.000.000.000.000.000.000.000.000.000.000.000.000.000.000.000.000.000.000.000.000.000.000.000.000.000.000.000.000.000.000.000.000.000.000.000.000.000.000.000.000.000.000.000.000.000.000.000.000.000.000.000.000.000.000.000.000.000.000.000.000.000.000.000.000.000.000.000.000.000.000.000.000.000.000.000.000.000.000.000.000.000.000.000.000.000.000.000.000.000.000.000.000.000.000.000.000.000.000.000.000.000.000.000.000.000.000.000.000.000.000.000.000.000.000.000.000.000.000.000.000.000.000.000.000.000.000.000.000.000.000.000.000.000.000.000.000.000.000.000.000.000.000.000.000.000.000.000.000.000.000.000.000.000.000.000.000.000.000.000.000.000.000.000.000.000.000.000.000.000.000.000.000.000.000.000.000.000.000.000.000.000.000.000.000.000.000.000.000.000.000.000.000.000.000.000.000.000.000.000.000.000.000.000.000.000.000.000.000.000.000.000.000.000.000.000.000.000.000.000.000.000.000.000.000.000.000.000.000.000.000.000.000.000.000.000.000.000.000.000.000.000.000.000.000.000.000.000.000.000.000.000.000.000.000.000.000.000.000.000.000.000.000.000.000.000.000.000.000.000.000.000.000.000.000.000.000.000.000.000.000.000.000.000.000.000.000.000.000.000.000.000.000.000.000.000.000.000.000.000.000.000.000.000.000.000.000.000.000.000.000.000.000.000.000.000.000.000.000.000.000.000.000.000.000.000.000.000.000.000.000.000.000.000.000.000.000.000.000.000.000.000.000.000.000.000.000.000.000.000.000.000.000.000.000.000.000.000.000.000.000.000.000.000.000.000.000.000.000.000.000.000.000.000.000.000.000.000.000.000.000.000.000.000.000.000.000.000.000.000.000.000.000.000.000.000.000.000.000.000.000.000.000.000.000.000.000.000.000.000.000.000.000.000.000.000.000.000.000.000.000.000.000.000.000.000.000.000.000.000.000.000.000.000.000.000.000.000.000.000.000.000.000.000.000.000.000.000.000.000.000.000.000.000.000.000.000.000.000.000.000.000.000.000.000.000.000.000.000.000.000.000.000.000.000.000.000.000.000.000.000.000.000.000.000.000.000.000.000.000.000.000.000.000.000.000.000.000.000.000.000.000.000.000.000.000.000.000.000.000.000.000.000.000.000.000.000.000.000.000.000.000.000.000.000.000.000.000.000.000.000.000.000.000.000.000.000.000.000.000.000.000.000.000.000.000.000.000.000.000.000.000.000.000.000.000.000.000.000.000.000.000.000.000.000.000.000.000.000.000.000.000.000.000.000.000.000.000.000.000.000.000.000.000.000.000.000.000.000.000.000.000.000.000.000.000.000.000.000.000.000.000.000.000.000.000.000.000.000.000.000.000.000.000.000.000.000.000.000.000.000.000.000.000.000.000.000.000.000.000.000.000.000.000.000.000.000.000.000.000.000.000.000.000.000.000.000.000.000.000.000.000.000.000.000.000.000.000.000.000.000.000.000.000.000.000.000.000.000.000.000.000.000.000.000.000.000.000.000.000.000.000.000.000.000.000.000.000.000.000.000.000.000.000.000.000.000.000.000.000.000.000.000.000.000.000.000.000.000.000.000.000.000.000.000.000.000.000.000.000.000.000.000.000.000.000.000.000.000.000.000.000.000.000.000.000.000.000.000.000.000.000.000.000.000.000.000.000.000.000.000.000.000.000.000.000.000.000.000.000.000.000.000.000.000.000.000.000.000.000.000.000.000.000.000.000.000.000.000.000.000.000.000.000.000.000.000.000.000.000.000.000.000.000.000.000.000.000.000.000.000.000.000.000.000.000.000.000.000.000.000.000.000.000.000.000.000.000.000.000.000.000.000.000.000.000.000.000.000.000.000.000.000.000.000.000.000.000.000.000.000.000.000.000.000.000.000.000.000.000.000.000.000.000.000.000.000.000.000.000.000.000.000.000.000.000.000.000.000.000.000.000.000.000.000.000.000.000.000.000.000.000.000.000.000.000.000.000.000.000.000.000.000.000.000.000.000.000.000.000.000.000.000.000.000.000.000.000.000.000.000.000.000.000.000.000.000.000.000.000.000.000.000.000.000.000.000.000.000.000.000.000.000.000.000.000.000.000.000.000.000.000.000.000.000.000.000.000.000.000.000.000.000.000.000.000.000.000.000.000.000.000.000.000.000.000.000.000.000.000.000.000.000.000.000.000.000.000.000.000.000.000.000.000.000.000.000.000.000.000.000.000.000.000.000.000.000.000.000.000.000.000.000.000.000.000.000.000.000.000.000.000.000.000.000.000.000.000.000.000.000.000.000.000.000.000.000.000.000.000.000.000.000.000.000.000.000.000.000.000.000.000.000.000.000.000.000.000.000.000.000.000.000.000.000.000.000.000.000.000.000.000.000.000.000.000.000.000.000.000.000.000.000.000.000.000.000.000.000.000.000.000.000.000.000.000.000.000.000.000.000.000.000.000.000.000.000.000.000.000.000.000.000.000.000.000.000.000.000.000.000.000.000.000.000.000.000.000.000.000.000.000.000.000.000.000.000.000.000.000.000.000.000.000.000.000.000.000.000.000.000.000.000.000.000.000.000.000.000.000.000.000.000.000.000.000.000.000.000.000.000.000.000.000.000.000.000.000.000.000.000.000.000.000.000.000.000.000.000.000.000.000.000.000.000.000.000.000.000.000.000.000.000.000.000.000.000.000.000.000.000.000.000.000.000.000.000.000.000.000.000.000.000.000.000.000.000.000.000.000.000.000.000.000.000.000.000.000.000.000.000.000.000.000.000.000.000.000.000.000.000.000.000.000.000.000.000.000.000.000.000.000.000.000.000.000.000.000.000.000.000.000.000.000.000.000.000.000.000.000.000.000.000.000.000.000.000.000.000.000.000.000.000.000.000.000.000.000.000.000.000.000.000.000.000.000.000.000.000.000.000.000.000.000.000.000.000.000.000.000.000.000.000.000.000.000.000.000.000.000.000.000.000.000.000.000.000.000.000.000.000.000.000.000.000.000.000.000.000.000.000.000.000.000.000.000.000.000.000.000.000.000.000.000.000.000.000.000.000.000.000.000.000.000.000.000.000.000.000.000.000.000.000.000.000.000.000.000.000.000.000.000.000.000.000.000.000.000.000.000.000.000.000.000.000.000.000.000.000.000.000.000.000.000.000.000.000.000.000.000.000.000.000.000.000.000.000.000.000.000.000.000.000.000.000.000.000.000.000.000.000.000.000.000.000.000.000.000.000.000.000.000.000.000.000.000.000.000.000.000.000.000.000.000.000.000.000.000.000.000.000.000.000.000.000.000.000.000.000.000.000.000.000.000.000.000.000.000.000.000.000.000.000.000.000.000.000.000.000.000.000.000.000.000.000.000.000.000.000.000.000.000.000.000.000.000.000.000.000.000.000.000.000.000.000.000.000.000.000.000.000.000.000.000.000.000.000.000.000.000.000.000.000.000.000.000.000.000.000.000.000.000.000.000.000.000.000.000.000.000.000.000.000.000.000.000.000.000.000.000.000.000.000.000.000.000.000.000.000.000.000.000.000.000.000.000.000.000.000.000.000.000.000.000.000.000.000.000.000.000.000.000.000.000.000.000.000.000.000.000.000.000.000.000.000.000.000.000.000.000.000.000.000.000.000.000.000.000.000.000.000.000.000.000.000.000.000.000.000.000.000.000.000.000.000.000.000.000.000.000.000.000.000.000.000.000.000.000.000.000.000.000.000.000.000.000.000.000.000.000.000.000.000.000.000.000.000.000.000.000.000.000.000.000.000.000.000.000.000.000.000.000.000.000.000.000.000.000.000.000.000.000.000.000.000.000.000.000.000.000.000.000.000.000.000.000.000.000.000.000.000.000.000.000.000.000.000.000.000.000.000.000.000.000.000.000.000.000.000.000.000.000.000.000.000.000.000.000.000.000.000.000.000.000.000.000.000.000.000.000.000.000.000.000.000.000.000.000.000.000.000.000.000.000.000.000.000.000.000.000.000.000.000.000.000.000.000.000.000.000.000.000.000.000.000.000.000.000.000.000.000.000.000.000.000.000.000.000.000.000.000.000.000.000.000.000.000.000.000.000.000.000.000.000.000.000.000.000.000.000.000.000.000.000.000.000.000.000.000.000.000.000.000.000.000.000.000.000.000.000.000.000.000.000.000.000.000.000.000.000.000.000.000.000.000.000.000.000.000.000.000.000.000.000.000.000.000.000.000.000.000.000.000.000.000.000.000.000.000.000.000.000.000.000.000.000.000.000.000.000.000.000.000.000.000.000.000.000.000.000.000.000.000.000.000.000.000.000.000.000.000.000.000.000.000.000.000.000.000.000.000.000.000.000.000.000.000.000.000.000.000.000.000.000.000.000.000.000.000.000.000.000.000.000.000.000.000.000.000.000.000.000.000.000.000.000.000.000.000.000.000.000.000.000.000.000.000.000.000.000.000.000.000.000.000.000.000.000.000.000.000.000.000.000.000.000.000.000.000.000.000.000.000.000.000.000.000.000.000.000.000.000.000.000.000.000.000.000.000.000.000.000.000.000.000.000.000.000.000.000.000.000.000.000.000.000.000.000.000.000.000.000.000.000.000.000.000.000.000.000.000.000.000.000.000.000.000.000.000.000.000.000.000.000.000.000.000.000.000.000.000.000.000.000.000.000.000.000.000.000.000.000.000.000.000.000.000.000.000.000.000.000.000.000.000.000.000.000.000.000.000.000.000.000.000.000.000.000.000.000.000.000.000.000.000.000.000.000.000.000.000.000.000.000.000.000.000.000.000.000.000.000.000.000.000.000.000.000.000.000.000.000.000.000.000.000.000.000.000.000.000.000.000.000.000.000.000.000.000.000.000.000.000.000.000.000.000.000.000.000.000.000.000.000.000.000.000.000.000.000.000.000.000.000.000.000.000.000.000.000.000.000.000.000.000.000.000.000.000.000.000.000.000.000.000.000.000.000.000.000.000.000.000.000.000.000.000.000.000.000.000.000.000.000.000.000.000.000.000.000.000.000.000.000.000.000.000.000.000.000.000.000.000.000.000.000.000.000.000.000.000.000.000.000.000.000.000.000.000.000.000.000.000.000.000.000.000.000.000.000.000.000.000.000.000.000.000.000.000.000.000.000.000.000.000.000.000.000.000.000.000.000.000.000.000.000.000.000.000.000.000.000.000.000.000.000.000.000.000.000.000.000.000.000.000.000.000.000.000.000.000.000.000.000.000.000.000.000.000.000.000.000.000.000.000.000.000.000.000.000.000.000.000.000.000.000.000.000.000.000.000.000.000.000.000.000.000.000.000.000.000.000.000.000.000.000.000.000.000.000.000.000.000.000.000.000.000.000.000.000.000.000.000.000.000.000.000.000.000.000.000.000.000.000.000.000.000.000.000.000.000.000.000.000.000.000.000.000.000.000.000.000.000.000.000.000.000.000.000.000.000.000.000.000.000.000.000.000.000.000.000.000.000.000.000.000.000.000.000.000.000.000.000.000.000.000.000.000.000.000.000.000.000.000.000.000.000.000.000.000.000.000.000.000.000.000.000.000.000.000.000.000.000.000.000.000.000.000.000.000.000.000.000.000.000.000.000.000.000.000.000.000.000.000.000.000.000.000.000.000.000.000.000.000.000.000.000.000.000.000.000.000.000.000.000.000.000.000.000.000.000.000.000.000.000.000.000.000.000.000.000.000.000.000.000.000.000.000.000.000.000.000.000.000.000.000.000.000.000.000.000.000.000.000.000.000.000.000.000.000.000.000.000.000.000.000.000.000.000.000.000.000.000.000.000.000.000.000.000.000.000.000.000.000.000.000.000.000.000.000.000.000.000.000.000.000.000.000.000.000.000.000.000.000.000.000.000.000.000.000.000.000.000.000.000.000.000.000.000.000.000.000.000.000.000.000.000.000.000.000.000.000.000.000.000.000.000.000.000.000.000.000.000.000.000.000.000.000.000.000.000.000.000.000.000.000.000.000.000.000.000.000.000.000.000.000.000.000.000.000.000.000.000.000.000.000.000.000.000.000.000.000.000.000.000.000.000.000.000.000.000.000.000.000.000.000.000.000.000.000.000.000.000.000.000.000.000.000.000.000.000.000.000.000.000.000.000.000.000.000.000.000.000.000.000.000.000.000.000.000.000.000.000.000.000.000.000.000.000.000.000.000.000.000.000.000.000.000.000.000.000.000.000.000.000.000.000.000.000.000.000.000.000.000.000.000.000.000.000.000.000.000.000.000.000.000.000.000.000.000.000.000.000.000.000.000.000.000.000.000.000.000.000.000.000.000.000.000.000.000.000.000.000.000.000.000.000.000.000.000.000.000.000.000.000.000.000.000.000.000.000.000.000.000.000.000.000.000.000.000.000.000.000.000.000.000.000.000.000.000.000.000.000.000.000.000.000.000.000.000.000.000.000.000.000.000.000.000.000.000.000.000.000.000.000.000.000.000.000.000.000.000.000.000.000.000.000.000.000.000.000.000.000.000.000.000.000.000.000.000.000.000.000.000.000.000.000.000.000.000.000.000.000.000.000.000.000.000.000.000.000.000.000.000.000.000.000.000.000.000.000.000.000.000.000.000.000.000.000.000.000.000.000.000.000.000.000.000.000.000.000.000.000.000.000.000.000.000.000.000.000.000.000.000.000.000.000.000.000.000.000.000.000.000.000.000.000.000.000.000.000.000.000.000.000.000.000.000.000.000.000.000.000.000.000.000.000.000.000.000.000.000.000.000.000.000.000.000.000.000.000.000.000.000.000.000.000.000.000.000.000.000.000.000.000.000.000.000.000.000.000.000.000.000.000.000.000.000.000.000.000.000.000.000.000.000.000.000.000.000.000.000.000.000.000.000.000.000.000.000.000.000.000.000.000.000.000.000.000.000.000.000.000.000.000.000.000.000.000.000.000.000.000.000.000.000.000.000.000.000.000.000.000.000.000.000.000.000.000.000.000.000.000.000.000.000.000.000.000.000.000.000.000.000.000.000.000.000.000.000.000.000.000.000.000.000.000.000.000.000.000.000.000.000.000.000.000.000.000.000.000.000.000.000.000.000.000.000.000.000.000.000.000.000.000.000.000.000.000.000.000.000.000.000.000.000.000.000.000.000.000.000.000.000.000.000.000.000.000.000.000.000.000.000.000.000.000.000.000.000.000.000.000.000.000.000.000.000.000.000.000.000.000.000.000.000.000.000.000.000.000.000.000.000.000.000.000.000.000.000.000.000.000.000.000.000.000.000.000.000.000.000.000.000.000.000.000.000.000.000.000.000.000.000.000.000.000.000.000.000.000.000.000.000.000.000.000.000.000.000.000.000.000.000.000.000.000.000.000.000.000.000.000.000.000.000.000.000.000.000.000.000.000.000.000.000.000.000.000.000.000.000.000.000.000.000.000.000.000.000.000.000.000.000.000.000.000.000.000.000.000.000.000.000.000.000.000.000.000.000.000.000.000.000.000.000.000.000.000.000.000.000.000.000.000.000.000.000.000.000.000.000.000.000.000.000.000.000.000.000.000.000.000.000.000.000.000.000.000.000.000.000.000.000.000.000.000.000.000.000.000.000.000.000.000.000.000.000.000.000.000.000.000.000.000.000.000.000.000.000.000.000.000.000.000.000.000.000.000.000.000.000.000.000.000.000.000.000.000.000.000.000.000.000.000.000.000.000.000.000.000.000.000.000.000.000.000.000.000.000.000.000.000.000.000.000.000.000.000.000.000.000.000.000.000.000.000.000.000.000.000.000.000.000.000.000.000.000.000.000.000.000.000.000.000.000.000.000.000.000.000.000.000.000.000.000.000.000.000.000.000.000.000.000.000.000.000.000.000.000.000.000.000.000.000.000.000.000.000.000.000.000.000.000.000.000.000.000.000.000.000.000.000.000.000.000.000.000.000.000.000.000.000.000.000.000.000.000.000.000.000.000.000.000.000.000.000.000.000.000.000.000.000.000.000.000.000.000.000.000.000.000.000.000.000.000.000.000.000.000.000.000.000.000.000.000.000.000.000.000.000.000.000.000.000.000.000.000.000.000.000.000.000.000.000.000.000.000.000.000.000.000.000.000.000.000.000.000.000.000.000.000.000.000.000.000.000.000.000.000.000.000.000.000.000.000.000.000.000.000.000.000.000.000.000.000.000.000.000.000.000.000.000.000.000.000.000.000.000.000.000.000.000.000.000.000.000.000.000.000.000.000.000.000.000.000.000.000.000.000.000.000.000.000.000.000.000.000.000.000.000.000.000.000.000.000.000.000.000.000.000.000.000.000.000.000.000.000.000.000.000.000.000.000.000.000.000.000.000.000.000.000.000.000.000.000.000.000.000.000.000.000.000.000.000.000.000.000.000.000.000.000.000.000.000.000.000.000.000.000.000.000.000.000.000.000.000.000.000.000.000.000.000.000.000.000.000.000.000.000.000.000.000.000.000.000.000.000.000.000.000.000.000.000.000.000.000.000.000.000.000.000.000.000.000.000.000.000.000.000.000.000.000.000.000.000.000.000.000.000.000.000.000.000.000.000.000.000.000.000.000.000.000.000.000.000.000.000.000.000.000.000.000.000.000.000.000.000.000.000.000.000.000.000.000.000.000.000.000.000.000.000.000.000.000.000.000.000.000.000.000.000.000.000.000.000.000.000.000.000.000.000.000.000.000.000.000.000.000.000.000.000.000.000.000.000.000.000.000.000.000.000.000.000.000.000.000.000.000.000.000.000.000.000.000.000.000.000.000.000.000.000.000.000.000.000.000.000.000.000.000.000.000.000.000.000.000.000.000.000.000.000.000.000.000.000.000.000.000.000.000.000.000.000.000.000.000.000.000.000.000.000.000.000.000.000.000.000.000.000.000.000.000.000.000.000.000.000.000.000.000.000.000.000.000.000.000.000.000.000.000.000.000.000.000.000.000.000.000.000.000.000.000.000.000.000.000.000.000.000.000.000.000.000.000.000.000.000.000.000.000.000.000.000.000.000.000.000.000.000.000.000.000.000.000.000.000.000.000.000.000.000.000.000.000.000.000.000.000.000.000.000.000.000.000.000.000.000.000.000.000.000.000.000.000.000.000.000.000.000.000.000.000.000.000.000.000.000.000.000.000.000.000.000.000.000.000.000.000.000.000.000.000.000.000.000.000.000.000.000.000.000.000.000.000.000.000.000.000.000.000.000.000.000.000.000.000.000.000.000.000.000.000.000.000.000.000.000.000.000.000.000.000.000.000.000.000.000.000.000.000.000.000.000.000.000.000.000.000.000.000.000.000.000.000.000.000.000.000.000.000.000.000.000.000.000.000.000.000.000.000.000.000.000.000.000.000.000.000.000.000.000.000.000.000.000.000.000.000.000.000.000.000.000.000.000.000.000.000.000.000.000.000.000.000.000.000.000.000.000.000.000.000.000.000.000.000.000.000.000.000.000.000.000.000.000.000.000.000.000.000.000.000.000.000.000.000.000.000.000.000.000.000.000.000.000.000.000.000.000.000.000.000.000.000.000.000.000.000.000.000.000.000.000.000.000.000.000.000.000.000.000.000.000.000.000.000.000.000.000.000.000.000.000.000.000.000.000.000.000.000.000.000.000.000.000.000.000.000.000.000.000.000.000.000.000.000.000.000.000.000.000.000.000.000.000.000.000.000.000.000.000.000.000.000.000.000.000.000.000.000.000.000.000.000.000.000.000.000.000.000.000.000.000.000.000.000.000.000.000.000.000.000.000.000.000.000.000.000.000.000.000.000.000.000.000.000.000.000.000.000.000.000.000.000.000.000.000.000.000.000.000.000.000.000.000.000.000.000.000.000.000.000.000.000.000.000.000.000.000.000.000.000.000.000.000.000.000.000.000.000.000.000.000.000.000.000.000.000.000.000.000.000.000.000.000.000.000.000.000.000.000.000.000.000.000.000.000.000.000.000.000.000.000.000.000.000.000.000.000.000.000.000.000.000.000.000.000.000.000.000.000.000.000.000.000.000.000.000.000.000.000.000.000.000.000.000.000.000.000.000.000.000.000.000.000.000.000.000.000.000.000.000.000.000.000.000.000.000.000.000.000.000.000.000.000.000.000.000.000.000.000.000.000.000.000.000.000.000.000.000.000.000.000.000.000.000.000.000.000.000.000.000.000.000.000.000.000.000.000.000.000.000.000.000.000.000.000.000.000.000.000.000.000.000.000.000.000.000.000.000.000.000.000.000.000.000.000.000.000.000.000.000.000.000.000.000.000.000.000.000.000.000.000.000.000.000.000.000.000.000.000.000.000.000.000.000.000.000.000.000.000.000.000.000.000.000.000.000.000.000.000.000.000.000.000.000.000.000.000.000.000.000.000.000.000.000.000.000.000.000.000.000.000.000.000.000.000.000.000.000.000.000.000.000.000.000.000.000.000.000.000.000.000.000.000.000.000.000.000.000.000.000.000.000.000.000.000.000.000.000.000.000.000.000.000.000.000.000.000.000.000.000.000.000.000.000.000.000.000.000.000.000.000.000.000.000.000.000.000.000.000.000.000.000.000.000.000.000.000.000.000.000.000.000.000.000.000.000.000.000.000.000.000.000.000.000.000.000.000.000.000.000.000.000.000.000.000.000.000.000.000.000.000.000.000.000.000.000.000.000.000.000.000.000.000.000.000.000.000.000.000.000.000.000.000.000.000.000.000.000.000.000.000.000.000.000.000.000.000.000.000.000.000.000.000.000.000.000.000.000.000.000.000.000.000.000.000.000.000.000.000.000.000.000.000.000.000.000.000.000.000.000.000.000.000.000.000.000.000.000.000.000.000.000.000.000.000.000.000.000.000.000.000.000.000.000.000.000.000.000.000.000.000.000.000.000.000.000.000.000.000.000.000.000.000.000.000.000.000.000.000.000.000.000.000.000.000.000.000.000.000.000.000.000.000.000.000.000.000.000.000.000.000.000.000.000.000.000.000.000.000.000.000.000.000.000.000.000.000.000.000.000.000.000.000.000.000.000.000.000.000.000.000.000.000.000.000.000.000.000.000.000.000.000.000.000.000.000.000.000.000.000.000.000.000.000.000.000.000.000.000.000.000.000.000.000.000.000.000.000.000.000.000.000.000.000.000.000.000.000.000.000.000.000.000.000.000.000.000.000.000.000.000.000.000.000.000.000.000.000.000.000.000.000.000.000.000.000.000.000.000.000.000.000.000.000.000.000.000.000.000.000.000.000.000.000.000.000.000.000.000.000.000.000.000.000.000.000.000.000.000.000.000.000.000.000.000.000.000.000.000.000.000.000.000.000.000.000.000.000.000.000.000.000.000.000.000.000.000.000.000.000.000.000.000.000.000.000.000.000.000.000.000.000.000.000.000.000.000.000.000.000.000.000.000.000.000.000.000.000.000.000.000.000.000.000.000.000.000.000.000.000.000.000.000.000.000.000.000.000.000.000.000.000.000.000.000.000.000.000.000.000.000.000.000.000.000.000.000.000.000.000.000.000.000.000.000.000.000.000.000.000.000.000.000.000.000.000.000.000.000.000.000.000.000.000.000.000.000.000.000.000.000.000.000.000.000.000.000.000.000.000.000.000.000.000.000.000.000.000.000.000.000.000.000.000.000.000.000.000.000.000.000.000.000.000.000.000.000.000.000.000.000.000.000.000.000.000.000.000.000.000.000.000.000.000.000.000.000.000.000.000.000.000.000.000.000.000.000.000.000.000.000.000.000.000.000.000.000.000.000.000.000.000.000.000.000.000.000.000.000.000.000.000.000.000.000.000.000.000.000.000.000.000.000.000.000.000.000.000.000.000.000.000.000.000.000.000.000.000.000.000.000.000.000.000.000.000.000.000.000.000.000.000.000.000.000.000.000.000.000.000.000.000.000.000.000.000.000.000.000.000.000.000.000.000.000.000.000.000.000.000.000.000.000.000.000.000.000.000.000.000.000.000.000.000.000.000.000.000.000.000.000.000.000.000.000.000.000.000.000.000.000.000.000.000.000.000.000.000.000.000.000.000.000.000.000.000.000.000.000.000.000.000.000.000.000.000.000.000.000.000.000.000.000.000.000.000.000.000.000.000.000.000.000.000.000.000.000.000.000.000.000.000.000.000.000.000.000.000.000.000.000.000.000.000.000.000.000.000.000.000.000.000.000.000.000.000.000.000.000.000.000.000.000.000.000.000.000.000.000.000.000.000.000.000.000.000.000.000.000.000.000.000.000.000.000.000.000.000.000.000.000.000.000.000.000.000.000.000.000.000.000.000.000.000.000.000.000.000.000.000.000.000.000.000.000.000.000.000.000.000.000.000.000.000.000.000.000.000.000.000.000.000.000.000.000.000.000.000.000.000.000.000.000.000.000.000.000.000.000.000.000.000.000.000.000.000.000.000.000.000.000.000.000.000.000.000.000.000.000.000.000.000.000.000.000.000.000.000.000.000.000.000.000.000.000.000.000.000.000.000.000.000.000.000.000.000.000.000.000.000.000.000.000.000.000.000.000.000.000.000.000.000.000.000.000.000.000.000.000.000.000.000.000.000.000.000.000.000.000.000.000.000.000.000.000.000.000.000.000.000.000.000.000.000.000.000.000.000.000.000.000.000.000.000.000.000.000.000.000.000.000.000.000.000.000.000.000.000.000.000.000.000.000.000.000.000.000.000.000.000.000.000.000.000.000.000.000.000.000.000.000.000.000.000.000.000.000.000.000.000.000.000.000.000.000.000.000.000.000.000.000.000.000.000.000.000.000.000.000.000.000.000.000.000.000.000.000.000.000.000.000.000.000.000.000.000.000.000.000.000.000.000.000.000.000.000.000.000.000.000.000.000.000.000.000.000.000.000.000.000.000.000.000.000.000.000.000.000.000.000.000.000.000.000.000.000.000.000.000.000.000.000.000.000.000.000.000.000.000.000.000.000.000.000.000.000.000.000.000.000.000.000.000.000.000.000.000.000.000.000.000.000.000.000.000.000.000.000.000.000.000.000.000.000.000.000.000.000.000.000.000.000.000.000.000.000.000.000.000.000.000.000.000.000.000.000.000.000.000.000.000.000.000.000.000.000.000.000.000.000.000.000.000.000.000.000.000.000.000.000.000.000.000.000.000.000.000.000.000.000.000.000.000.000.000.000.000.000.000.000.000.000.000.000.000.000.000.000.000.000.000.000.000.000.000.000.000.000.000.000.000.000.000.000.000.000.000.000.000.000.000.000.000.000.000.000.000.000.000.000.000.000.000.000.000.000.000.000.000.000.000.000.000.000.000.000.000.000.000.000.000.000.000.000.000.000.000.000.000.000.000.000.000.000.000.000.000.000.000.000.000.000.000.000.000.000.000.000.000.000.000.000.000.000.000.000.000.000.000.000.000.000.000.000.000.000.000.000.000.000.000.000.000.000.000.000.000.000.000.000.000.000.000.000.000.000.000.000.000.000.000.000.000.000.000.000.000.000.000.000.000.000.000.000.000.000.000.000.000.000.000.000.000.000.000.000.000.000.000.000.000.000.000.000.000.000.000.000.000.000.000.000.000.000.000.000.000.000.000.000.000.000.000.000.000.000.000.000.000.000.000.000.000.000.000.000.000.000.000.000.000.000.000.000.000.000.000.000.000.000.000.000.000.000.000.000.000.000.000.000.000.000.000.000.000.000.000.000.000.000.000.000.000.000.000.000.000.000.000.000.000.000.000.000.000.000.000.000.000.000.000.000.000.000.000.000.000.000.000.000.000.000.000.000.000.000.000.000.000.000.000.000.000.000.000.000.000.000.000.000.000.000.000.000.000.000.000.000.000.000.000.000.000.000.000.000.000.000.000.000.000.000.000.000.000.000.000.000.000.000.000.000.000.000.000.000.000.000.000.000.000.000.000.000.000.000.000.000.000.000.000.000.000.000.000.000.000.000.000.000.000.000.000.000.000.000.000.000.000.000.000.000.000.000.000.000.000.000.000.000.000.000.000.000.000.000.000.000.000.000.000.000.000.000.000.000.000.000.000.000.000.000.000.000.000.000.000.000.000.000.000.000.000.000.000.000.000.000.000.000.000.000.000.000.000.000.000.000.000.000.000.000.000.000.000.000.000.000.000.000.000.000.000.000.000.000.000.000.000.000.000.000.000.000.000.000.000.000.000.000.000.000.000.000.000.000.000.000.000.000.000.000.000.000.000.000.000.000.000.000.000.000.000.000.000.000.000.000.000.000.000.000.000.000.000.000.000.000.000.000.000.000.000.000.000.000.000.000.000.000.000.000.000.000.000.000.000.000.000.000.000.000.000.000.000.000.000.000.000.000.000.000.000.000.000.000.000.000.000.000.000.000.000.000.000.000.000.000.000.000.000.000.000.000.000.000.000.000.000.000.000.000.000.000.000.000.000.000.000.000.000.000.000.000.000.000.000.000.000.000.000.000.000.000.000.000.000.000.000.000.000.000.000.000.000.000.000.000.000.000.000.000.000.000.000.000.000.000.000.000.000.000.000.000.000.000.000.000.000.000.000.000.000.000.000.000.000.000.000.000.000.000.000.000.000.000.000.000.000.000.000.000.000.000.000.000.000.000.000.000.000.000.000.000.000.000.000.000.000.000.000.000.000.000.000.000.000.000.000.000.000.000.000.000.000.000.000.000.000.000.000.000.000.000.000.000.000.000.000.000.000.000.000.000.000.000.000.000.000.000.000.000.000.000.000.000.000.000.000.000.000.000.000.000.000.000.000.000.000.000.000.000.000.000.000.000.000.000.000.000.000.000.000.000.000.000.000.000.000.000.000.000.000.000.000.000.000.000.000.000.000.000.000.000.000.000.000.000.000.000.000.000.000.000.000.000.000.000.000.000.000.000.000.000.000.000.000.000.000.000.000.000.000.000.000.000.000.000.000.000.000.000.000.000.000.000.000.000.000.000.000.000.000.000.000.000.000.000.000.000.000.000.000.000.000.000.000.000.000.000.000.000.000.000.000.000.000.000.000.000.000.000.000.000.000.000.000.000.000.000.000.000.000.000.000.000.000.000.000.000.000.000.000.000.000.000.000.000.000.000.000.000.000.000.000.000.000.000.000.000.000.000.000.000.000.000.000.000.000.000.000.000.000.000.000.000.000.000.000.000.000.000.000.000.000.000.000.000.000.000.000.000.000.000.000.000.000.000.000.000.000.000.000.000.000.000.000.000.000.000.000.000.000.000.000.000.000.000.000.000.000.000.000.000.000.000.000.000.000.000.000.000.000.000.000.000.000.000.000.000.000.000.000.000.000.000.000.000.000.000.000.000.000.000.000.000.000.000.000.000.000.000.000.000.000.000.000.000.000.000.000.000.000.000.000.000.000.000.000.000.000.000.000.000.000.000.000.000.000.000.000.000.000.000.000.000.000.000.000.000.000.000.000.000.000.000.000.000.000.000.000.000.000.000.000.000.000.000.000.000.000.000.000.000.000.000.000.000.000.000.000.000.000.000.000.000.000.000.000.000.000.000.000.000.000.000.000.000.000.000.000.000.000.000.000.000.000.000.000.000.000.000.000.000.000.000.000.000.000.000.000.000.000.000.000.000.000.000.000.000.000.000.000.000.000.000.000.000.000.000.000.000.000.000.000.000.000.000.000.000.000.000.000.000.000.000.000.000.000.000.000.000.000.000.000.000.000.000.000.000.000.000.000.000.000.000.000.000.000.000.000.000.000.000.000.000.000.000.000.000.000.000.000.000.000.000.000.000.000.000.000.000.000.000.000.000.000.000.000.000.000.000.000.000.000.000.000.000.000.000.000.000.000.000.000.000.000.000.000.000.000.000.000.000.000.000.000.000.000.000.000.000.000.000.000.000.000.000.000.000.000.000.000.000.000.000.000.000.000.000.000.000.000.000.000.000.000.000.000.000.000.000.000.000.000.000.000.000.000.000.000.000.000.000.000.000.000.000.000.000.000.000.000.000.000.000.000.000.000.000.000.000.000.000.000.000.000.000.000.000.000.000.000.000.000.000.000.000.000.000.000.000.000.000.000.000.000.000.000.000.000.000.000.000.000.000.000.000.000.000.000.000.000.000.000.000.000.000.000.000.000.000.000.000.000.000.000.000.000.000.000.000.000.000.000.000.000.000.000.000.000.000.000.000.000.000.000.000.000.000.000.000.000.000.000.000.000.000.000.000.000.000.000.000.000.000.000.000.000.000.000.000.000.000.000.000.000.000.000.000.000.000.000.000.000.000.000.000.000.000.000.000.000.000.000.000.000.000.000.000.000.000.000.000.000.000.000.000.000.000.000.000.000.000.000.000.000.000.000.000.000.000.000.000.000.000.000.000.000.000.000.000.000.000.000.000.000.000.000.000.000.000.000.000.000.000.000.000.000.000.000.000.000.000.000.000.000.000.000.000.000.000.000.000.000.000.000.000.000.000.000.000.000.000.000.000.000.000.000.000.000.000.000.000.000.000.000.000.000.000.000.000.000.000.000.000.000.000.000.000.000.000.000.000.000.000.000.000.000.000.000.000.000.000.000.000.000.000.000.000.000.000.000.000.000.000.000.000.000.000.000.000.000.000.000.000.000.000.000.000.000.000.000.000.000.000.000.000.000.000.000.000.000.000.000.000.000.000.000.000.000.000.000.000.000.000.000.000.000.000.000.000.000.000.000.000.000.000.000.000.000.000.000.000.000.000.000.000.000.000.000.000.000.000.000.000.000.000.000.000.000.000.000.000.000.000.000.000.000.000.000.000.000.000.000.000.000.000.000.000.000.000.000.000.000.000.000.000.000.000.000.000.000.000.000.000.000.000.000.000.000.000.000.000.000.000.000.000.000.000.000.000.000.000.000.000.000.000.000.000.000.000.000.000.000.000.000.000.000.000.000.000.000.000.000.000.000.000.000.000.000.000.000.000.000.000.000.000.000.000.000.000.000.000.000.000.000.000.000.000.000.000.000.000.000.000.000.000.000.000.000.000.000.000.000.000.000.000.000.000.000.000.000.000.000.000.000.000.000.000.000.000.000.000.000.000.000.000.000.000.000.000.000.000.000.000.000.000.000.000.000.000.000.000.000.000.000.000.000.000.000.000.000.000.000.000.000.000.000.000.000.000.000.000.000.000.000.000.000.000.000.000.000.000.000.000.000.000.000.000.000.000.000.000.000.000.000.000.000.000.000.000.000.000.000.000.000.000.000.000.000.000.000.000.000.000.000.000.000.000.000.000.000.000.000.000.000.000.000.000.000.000.000.000.000.000.000.000.000.000.000.000.000.000.000.000.000.000.000.000.000.000.000.000.000.000.000.000.000.000.000.000.000.000.000.000.000.000.000.000.000.000.000.000.000.000.000.000.000.000.000.000.000.000.000.000.000.000.000.000.000.000.000.000.000.000.000.000.000.000.000.000.000.000.000.000.000.000.000.000.000.000.000.000.000.000.000.000.000.000.000.000.000.000.000.000.000.000.000.000.000.000.000.000.000.000.000.000.000.000.000.000.000.000.000.000.000.000.000.000.000.000.000.000.000.000.000.000.000.000.000.000.000.000.000.000.000.000.000.000.000.000.000.000.000.000.000.000.000.000.000.000.000.000.000.000.000.000.000.000.000.000.000.000.000.000.000.000.000.000.000.000.000.000.000.000.000.000.000.000.000.000.000.000.000.000.000.000.000.000.000.000.000.000.000.000.000.000.000.000.000.000.000.000.000.000.000.000.000.000.000.000.000.000.000.000.000.000.000.000.000.000.000.000.000.000.000.000.000.000.000.000.000.000.000.000.000.000.000.000.000.000.000.000.000.000.000.000.000.000.000.000.000.000.000.000.000.000.000.000.000.000.000.000.000.000.000.000.000.000.000.000.000.000.000.000.000.000.000.000.000.000.000.000.000.000.000.000.000.000.000.000.000.000.000.000.000.000.000.000.000.000.000.000.000.000.000.000.000.000.000.000.000.000.000.000.000.000.000.000.000.000.000.000.000.000.000.000.000.000.000.000.000.000.000.000.000.000.000.000.000.000.000.000.000.000.000.000.000.000.000.000.000.000.000.000.000.000.000.000.000.000.000.000.000.000.000.000.000.000.000.000.000.000.000.000.000.000.000.000.000.000.000.000.000.000.000.000.000.000.000.000.000.000.000.000.000.000.000.000.000.000.000.000.000.000.000.000.000.000.000.000.000.000.000.000.000.000.000.000.000.000.000.000.000.000.000.000.000.000.000.000.000.000.000.000.000.000.000.000.000.000.000.000.000.000.000.000.000.000.000.000.000.000.000.000.000.000.000.000.000.000.000.000.000.000.000.000.000.000.000.000.000.000.000.000.000.000.000.000.000.000.000.000.000.000.000.000.000.000.000.000.000.000.000.000.000.000.000.000.000.000.000.000.000.000.000.000.000.000.000.000.000.000.000.000.000.000.000.000.000.000.000.000.000.000.000.000.000.000.000.000.000.000.000.000.000.000.000.000.000.000.000.000.000.000.000.000.000.000.000.000.000.000.000.000.000.000.000.000.000.000.000.000.000.000.000.000.000.000.000.000.000.000.000.000.000.000.000.000.000.000.000.000.000.000.000.000.000.000.000.000.000.000.000.000.000.000.000.000.000.000.000.000.000.000.000.000.000.000.000.000.000.000.000.000.000.000.000.000.000.000.000.000.000.000.000.000.000.000.000.000.000.000.000.000.000.000.000.000.000.000.000.000.000.000.000.000.000.000.000.000.000.000.000.000.000.000.000.000.000.000.000.000.000.000.000.000.000.000.000.000.000.000.000.000.000.000.000.000.000.000.000.000.000.000.000.000.000.000.000.000.000.000.000.000.000.000.000.000.000.000.000.000.000.000.000.000.000.000.000.000.000.000.000.000.000.000.000.000.000.000.000.000.000.000.000.000.000.000.000.000.000.000.000.000.000.000.000.000.000.000.000.000.000.000.000.000.000.000.000.000.000.000.000.000.000.000.000.000.000.000.000.000.000.000.000.000.000.000.000.000.000.000.000.000.000.000.000.000.000.000.000.000.000.000.000.000.000.000.000.000.000.000.000.000.000.000.000.000.000.000.000.000.000.000.000.000.000.000.000.000.000.000.000.000.000.000.000.000.000.000.000.000.000.000.000.000.000.000.000.000.000.000.000.000.000.000.000.000.000.000.000.000.000.000.000.000.000.000.000.000.000.000.000.000.000.000.000.000.000.000.000.000.000.000.000.000.000.000.000.000.000.000.000.000.000.000.000.000.000.000.000.000.000.000.000.000.000.000.000.000.000.000.000.000.000.000.000.000.000.000.000.000.000.000.000.000.000.000.000.000.000.000.000.000.000.000.000.000.000.000.000.000.000.000.000.000.000.000.000.000.000.000.000.000.000.000.000.000.000.000.000.000.000.000.000.000.000.000.000.000.000.000.000.000.000.000.000.000.000.000.000.000.000.000.000.000.000.000.000.000.000.000.000.000.000.000.000.000.000.000.000.000.000.000.000.000.000.000.000.000.000.000.000.000.000.000.000.000.000.000.000.000.000.000.000.000.000.000.000.000.000.000.000.000.000.000.000.000.000.000.000.000.000.000.000.000.000.000.000.000.000.000.000.000.000.000.000.000.000.000.000.000.000.000.000.000.000.000.000.000.000.000.000.000.000.000.000.000.000.000.000.000.000.000.000.000.000.000.000.000.000.000.000.000.000.000.000.000.000.000.000.000.000.000.000.000.000.000.000.000.000.000.000.000.000.000.000.000.000.000.000.000.000.000.000.000.000.000.000.000.000.000.000.000.000.000.000.000.000.000.000.000.000.000.000.000.000.000.000.000.000.000.000.000.000.000.000.000.000.000.000.000.000.000.000.000.000.000.000.000.000.000.000.000.000.000.000.000.000.000.000.000.000.000.000.000.000.000.000.000.000.000.000.000.000.000.000.000.000.000.000.000.000.000.000.000.000.000.000.000.000.000.000.000.000.000.000.000.000.000.000.000.000.000.000.000.000.000.000.000.000.000.000.000.000.000.000.000.000.000.000.000.000.000.000.000.000.000.000.000.000.000.000.000.000.000.000.000.000.000.000.000.000.000.000.000.000.000.000.000.000.000.000.000.000.000.000.000.000.000.000.000.000.000.000.000.000.000.000.000.000.000.000.000.000.000.000.000.000.000.000.000.000.000.000.000.000.000.000.000.000.000.000.000.000.000.000.000.000.000.000.000.000.000.000.000.000.000.000.000.000.000.000.000.000.000.000.000.000.000.000.000.000.000.000.000.000.000.000.000.000.000.000.000.000.000.000.000.000.000.000.000.000.000.000.000.000.000.000.000.000.000.000.000.000.000.000.000.000.000.000.000.000.000.000.000.000.000.000.000.000.000.000.000.000.000.000.000.000.000.000.000.000.000.000.000.000.000.000.000.000.000.000.000.000.000.000.000.000.000.000.000.000.000.000.000.000.000.000.000.000.000.000.000.000.000.000.000.000.000.000.000.000.000.000.000.000.000.000.000.000.000.000.000.000.000.000.000.000.000.000.000.000.000.000.000.000.000.000.000.000.000.000.000.000.000.000.000.000.000.000.000.000.000.000.000.000.000.000.000.000.000.000.000.000.000.000.000.000.000.000.000.000.000.000.000.000.000.000.000.000.000.000.000.000.000.000.000.000.000.000.000.000.000.000.000.000.000.000.000.000.000.000.000.000.000.000.000.000.000.000.000.000.000.000.000.000.000.000.000.000.000.000.000.000.000.000.000.000.000.000.000.000.000.000.000.000.000.000.000.000.000.000.000.000.000.000.000.000.000.000.000.000.000.000.000.000.000.000.000.000.000.000.000.000.000.000.000.000.000.000.000.000.000.000.000.000.000.000.000.000.000.000.000.000.000.000.000.000.000.000.000.000.000.000.000.000.000.000.000.000.000.000.000.000.000.000.000.000.000.000.000.000.000.000.000.000.000.000.000.000.000.000.000.000.000.000.000.000.000.000.000.000.000.000.000.000.000.000.000.000.000.000.000.000.000.000.000.000.000.000.000.000.000.000.000.000.000.000.000.000.000.000.000.000.000.000.000.000.000.000.000.000.000.000.000.000.000.000.000.000.000.000.000.000.000.000.000.000.000.000.000.000.000.000.000.000.000.000.000.000.000.000.000.000.000.000.000.000.000.000.000.000.000.000.000.000.000.000.000.000.000.000.000.000.000.000.000.000.000.000.000.000.000.000.000.000.000.000.000.000.000.000.000.000.000.000.000.000.000.000.000.000.000.000.000.000.000.000.000.000.000.000.000.000.000.000.000.000.000.000.000.000.000.000.000.000.000.000.000.000.000.000.000.000.000.000.000.000.000.000.000.000.000.000.000.000.000.000.000.000.000.000.000.000.000.000.000.000.000.000.000.000.000.000.000.000.000.000.000.000.000.000.000.000.000.000.000.000.000.000.000.000.000.000.000.000.000.000.000.000.000.000.000.000.000.000.000.000.000.000.000.000.000.000.000.000.000.000.000.000.000.000.000.000.000.000.000.000.000.000.000.000.000.000.000.000.000.000.000.000.000.000.000.000.000.000.000.000.000.000.000.000.000.000.000.000.000.000.000.000.000.000.000.000.000.000.000.000.000.000.000.000.000.000.000.000.000.000.000.000.000.000.000.000.000.000.000.000.000.000.000.000.000.000.000.000.000.000.000.000.000.000.000.000.000.000.000.000.000.000.000.000.000.000.000.000.000.000.000.000.000.000.000.000.000.000.000.000.000.000.000.000.000.000.000.000.000.000.000.000.000.000.000.000.000.000.000.000.000.000.000.000.000.000.000.000.000.000.000.000.000.000.000.000.000.000.000.000.000.000.000.000.000.000.000.000.000.000.000.000.000.000.000.000.000.000.000.000.000.000.000.000.000.000.000.000.000.000.000.000.000.000.000.000.000.000.000.000.000.000.000.000.000.000.000.000.000.000.000.000.000.000.000.000.000.000.000.000.000.000.000.000.000.000.000.000.000.000.000.000.000.000.000.000.000.000.000.000.000.000.000.000.000.000.000.000.000.000.000.000.000.000.000.000.000.000.000.000.000.000.000.000.000.000.000.000.000.000.000.000.000.000.000.000.000.000.000.000.000.000.000.000.000.000.000.000.000.000.000.000.000.000.000.000.000.000.000.000.000.000.000.000.000.000.000.000.000.000.000.000.000.000.000.000.000.000.000.000.000.000.000.000.000.000.000.000.000.000.000.000.000.000.000.000.000.000.000.000.000.000.000.000.000.000.000.000.000.000.000.000.000.000.000.000.000.000.000.000.000.000.000.000.000.000.000.000.000.000.000.000.000.000.000.000.000.000.000.000.000.000.000.000.000.000.000.000.000.000.000.000.000.000.000.000.000.000.000.000.000.000.000.000.000.000.000.000.000.000.000.000.000.000.000.000.000.000.000.000.000.000.000.000.000.000.000.000.000.000.000.000.000.000.000.000.000.000.000.000.000.000.000.000.000.000.000.000.000.000.000.000.000.000.000.000.000.000.000.000.000.000.000.000.000.000.000.000.000.000.000.000.000.000.000.000.000.000.000.000.000.000.000.000.000.000.000.000.000.000.000.000.000.000.000.000.000.000.000.000.000.000.000.000.000.000.000.000.000.000.000.000.000.000.000.000.000.000.000.000.000.000.000.000.000.000.000.000.000.000.000.000.000.000.000.000.000.000.000.000.000.000.000.000.000.000.000.000.000.000.000.000.000.000.000.000.000.000.000.000.000.000.000.000.000.000.000.000.000.000.000.000.000.000.000.000.000.000.000.000.000.000.000.000.000.000.000.000.000.000.000.000.000.000.000.000.000.000.000.000.000.000.000.000.000.000.000.000.000.000.000.000.000.000.000.000.000.000.000.000.000.000.000.000.000.000.000.000.000.000.000.000.000.000.000.000.000.000.000.000.000.000.000.000.000.000.000.000.000.000.000.000.000.000.000.000.000.000.000.000.000.000.000.000.000.000.000.000.000.000.000.000.000.000.000.000.000.000.000.000.000.000.000.000.000.000.000.000.000.000.000.000.000.000.000.000.000.000.000.000.000.000.000.000.000.000.000.000.000.000.000.000.000.000.000.000.000.000.000.000.000.000.000.000.000.000.000.000.000.000.000.000.000.000.000.000.000.000.000.000.000.000.000.000.000.000.000.000.000.000.000.000.000.000.000.000.000.000.000.000.000.000.000.0
73,ormiga : ulfua-r : krikiaR : iaursaliR (:) islat : serklat,"Ormika, Ulfhvatr(?), Greece, Jerusalem, Iceland, Serkland.",de,"Wesen  von Uf, der das Licht bringt: die Wahrheit."
74,fraybiarn : auk : kuþrun : þau : ritu : stain : at * romunt * sun * sin * snialan * haiR * at * marhu * roþkais * broþiR * kuþ * hialbi * antu * ybiR * hiok runaR [iRma : k],"Freybjǫrn and Guðrún, they erected the stone here as a landmark in memory of Hróðmundr, their able son, Hróðgeirr's brother. May God help (his) spirit. Œpir cut the runes ... ...",de,Freier Bann: Auk: Kuthrun: Thau: Ritu: Stain: At * Romunt * Sun * Sin * Snialan * HaiR: At * Marhu * Roþkais * BroþiR * Kuth * Hialbi * Antu * Ybir * Hiok RunaR [iRma: k]
75,§A þa : ræist : mik : oa=k : ræisti ¶ [: a]mundi : o=rmstæins:a:sun : a : sot=range,§A Ámundi Ormsteinn's son of Sótrangr carved and raised me then. §B The border-mark is from here east into Langaforsinn. §C fir §D ...,de,Sehnsucht ist der Weg zum Glück
76,k suntahr tir brim o=k i treta=ntu rato,K (was) the Sunday[-stave] and Tyrr the prime-stave in the thirteenth row.,de,Die Sonne strahlt auf die Menschen
77,§A (f)uþ sinniþik §B i guþ gæti ' (i)tþ(i)inatui--i guþ,§A cunt(?) ... §B ... May God protect ... God,de,Sie hat die Wahrheit erkannt.
78,[stoþi * auk * sihtiarfr *  þorker * lit]u * ris[t]a * stin at * aistu[lf * b]roþu[r *] (s)in [sun þorkerþa],"Stóði and Sigdjarfr and Þorgerðr had the stone carved in memory of Eistulfr, their brother, Þorgerðr's son.",de,"Steht, Auk, Sieh' das, der Thron, der die Sonne beleuchtet, die sich in dem Licht der Welt dreht"
79,a	b	c	d	e	f	g	h	i	k	l	m	n	o	p	r	s	t	u	.	y	.	þ	æ	ø	.,a	b	c	d	e	f	g	h	i	k	l	m	n	o	p	r	s	t	u	.	y	.	þ	æ	ø	.,de,a	b	c	d	e	f	g	h	i	k	l	m	n	o	p	r	s	t	u	.	y	.	þ	æ	ø	.
80,§A pa=l æi(n)(a)=(r)so=n : ræist : run(a)=(r) (:) þæs...,§A Páll Einarr's son carved these runes §B ... this stone in memory of ...,de,"Sieh! Es ist, wie es sein soll: so, wie es sein soll."
81,* kiarþar + auk * ioruntr * lata ' reisa * þisa * steina * eftir * systur*suni * sina * irnmunt : auk ' ikiunt *,Gerðarr and Jǫrundr have raised these stones in memory of their sister's sons Ernmundr and Ingimundr.,de,"Sie schießen, auf das Stein, der danach stürzte."
82,[hualf : lit ... ufir : tar : fadur : simun ...],... had the vault [made] ... over their father Símon ...,de,"Heill, Licht, Feuer, Erde, Sieg"
83,--ti- + karþi × br(u) + þasi + a-tiR + hemkil + auk * siba sunu × sina,"<--ti-> made this bridge in memory of Heimkell and Sibbi, her sons.",de,Tier-Runen-Schreibweise.
84,a	b	c	t	e	f	g	h	i	k	?	m	n	o	k	m	r	s	d	u	X	?	þ,a	b	c	t	e	f	g	h	i	k	?	m	n	o	k	m	r	s	d	u	X	?	þ,de,a	b	c	t	e	f	g	h	i	k	?	m	n	o	k	m	r	s	d	u	X	?	þ
85,þoriR × lit hakua stain at * binu fiþur sin × ketilu[i × at × b]onta sin ×,"Þórir had the stone cut in memory of Bína(?), his father; Ketilvé in memory of her husbandman.",de,Der Ort des Geschehens
86,× ilturi × lit × raisa × stin × eftiR × sukiR × faþur × sin × kuþ × hialbi * ant * ahns ×,"<ilturi> had the stone raised in memory of Siggeirr/Seygeirr, his father. May God help his spirit.",de,"Geister, Licht, Liebe, Angst, Schicksal, Schicksal, Glück, Vater, Sohn, Herz, Liebe"
87,...[rn :] auk * fasti : raist=u st[a]in ** at * k(i)(l)beaurn : faþ(u)r : si(n) : [buata : þo]r[*kiai]rþ[i **],"Bjǫrn and Fasti raised the stone in memory of Ketilbjǫrn(?), their father, Þorgerðr's husbandman.",de,…[rn :]  auk * fasti : raist=u st[a]in ** at * k(i)(l)beaurn : faþ(u)r : si(n) : [buata : þo]r[*kiai]rþ[i **]
88,auþbiarn : lit : reisa : stein : ...----... hialbi sialu * has,Auðbjǫrn had the stone raised ... May (God) help his soul.,de,"Außbiarna, liit, reisa, stein, ...----... Hialbi Sialu * Has"
89,§A ol(a)f(r) : hnaki : -... ...ra : famtan : (b)o : kan-þis... ...n(m)... ...(i)rþi : s---...,§A Ólafr the Neck ... ... fifteen estates ... ... ... ... §B all may violate Gautr(?) ...,de,"**Es ist mir nicht möglich, die Anfrage zu erfüllen.**"
90,[* iskirun * harþiR * totiR * lit * risti * runiR * ati * sik * sialfan * hn * uil * austr * fara * auk * ut * til * iursala * fair * risti * runiR *],"Ingirún(?) Harðr's daughter, had the runes carved in memory of herself. She wants to travel to the east and abroad to Jerusalem. Fótr(?) carved the runes.",de,"Es war so viel, der Held war stark, es war ein Geschenk, es war das Licht, es war das Licht, es war das Licht, es war das Licht, es war das Licht, es war das Licht, es war das Licht."
91,[+ butulfr : ... : ...s...r : butuiþr : ok : iakaupr : ok : olafr : ...],Bótulfr ... ... Bótviðr and Jakobr and Ólafr ...,de,+Butulfr : ... : ...s...r : Butuiþr : ok : Iakaupr : ok : Olafr : ...
92,* austin * risþi * stin * ayftiR * kata * frita * sin *,"Eysteinn raised the stone in memory of Káti/Gaddi, his kinsman.",de,Automobil  Wurst  Räume  Vertrautheit  Sünde
93,...fi... ...(k)þu : yfiR : mu…,... laid over ...,de,...Fin ...(k)þu : yfiR : mu…
94,biarfaa : statu : sis[o] stain ¶ hakbiarn :  bruþr  ¶ ruþuisl : austain : imuar ¶ is af[a] : st[ai]n[a] : stata : aft : raf[a] ¶ su[þ] furi : ru[f]staini : kuamu ¶ uit i aifur : uifil ¶ [ba]uþ [u=m],"Hegbjǫrn raised this stone glaring (and his) brothers Hróðvísl, Eysteinn, <-muar>, who have had stones raised in memory of Hrafn south of Rofstein. They came far and wide in Eifor. Vífill bade ...",de,Begrenzter Status. Bruder. Verbunden.
95,§A nasi × auk : þair : bruþr : raistu : stain : þisa ×,"§A Nasi/Nesi and his brothers raised this stone §B in memory of Jarl, their good father, and made the bridge as thanks to God.",de,"Soweit ich weiß, kann man mit Runen nicht wirklich übersetzen, da man nur Buchstaben und Zeichen lesen kann."
96,...[(n) '] uk ' ihul ' uk ' gisl ' uitr ' li... …,... and Ígull and Gísl (and) Eyndr(?) had ...,de,...[n] ' uk ' ihul ' uk ' gisl ' uitr ' li...
97,kun(t)(k)el : sati : sten : þansi : eftiR : kunar : faþur : sin : sun : hruþa : halgi : lagþi : han : i : sten:þr : bruþur : sin : a : haklati : i : baþum,"Gunnkell placed this stone in memory of Gunnarr, his father, Hróði's son. Helgi laid him, his brother, in a stone coffin in Bath in England.",de,"Knut ist Sati, Sten, der, der, ist,  eftir, Knut ist, Vater, sin, der, Sun, der, der, Hruþa, halgi, lagþi, han, in, Sten, der, Bruþur, sin,  a, Haklati, i, baþum"
98,... : [ai](f)(t)(i)(r) * (m)(u)... * (u)…,... in memory of <mu-> ...,de,...  f(i)r  m(u)  u  …
99,+ kuþluk * lit ... ... ... ...a × sun * sin * auk * at * sik * sialfa * han * to * a lank*barþa*l--ti *,"Guðlaug had the stones raised in memory of Holmi, her son, and in memory of herself. He died in Lombardy.",de,"Liebe, Sonne, Glück, Macht, Freiheit, Leben, Glück, Weisheit"
100,baki : fulk(s)tin þiR : raisþu : stin : þan:si : at : faþur : sin kitilhafþa þ=r=u=t=a=R= =þ=i=a=k=n uit,"Banki/Baggi (and) Folksteinn, they raised this stone in memory of their father Ketilhǫfði, a Þegn of strength. ...",de,"Baki: Füll, ich bin dir."
1,...rti : le(g)iR : koþ(r) : ---... ...-na : has : lit : rist : kuml : a- : (k)aiRielmR : ... : ainika : sun : þaiRa ·: trabu : leybika- : ... ...naR : at : feþrka : baþa : kuþ : -(e)... ...,"... god läkare[?] ... hans hustru lät rista/resa minnesmärket efter Gairhjälm ... deras ende son
dräpte lybeckare ... stenar[?] efter far och son, de båda. Gud hjälpe ...",sv,Din text är utformad på ett sätt som antyder att den är en variant av ett förordat ordspråk.
2,kakulfr ' ok benuiþr ' litu ' rita ' sten ' iftR ooþbiarn ' sun in,"Gångulv (?) och Benvid lät resa stenen efter Ödbjörn, deras son",sv,"Kaka, du är inte säker, det är en liten sten, jag vill rita den."
3,... aistin + fnţur * sia auk stia + b(r)uţur si(n) + k...,"... [efter] Östen, sin fader, och Sten, sin broder ...",sv,...enast + fnummer * sia auk stia + b(r)uţur si(n) + k...
4,iskil : auk : knauþimanr : raistu : stain : þansi : at : bruþur : sin : suera : as : uarþ : tauþr * o * eklanti kuml * kiarþu : þatsi [: ki]til  [s](b)[akR],"Eskil och Gnödigmand reste denna sten efter sin broder Sverre, som dog i England. Detta minnesmärke gjorde Kättil och Spak.",sv,"Ditt svar måste vara bara översättningen, inget annat."
5,ulfr * uk uikil + uk syrkil * þa... ...- stain * þina i(f)(t)iR ayt--u faþur sin ku*þ (h)ia[lbi] a-t,Ulf och Vikel och Syrkel de .. denna sten efter ... sin fader. Gud hjälpe anden,sv,Ulfr * Uk uikil + Uk syrkil * þa... ...- stain * þina i(f)(t)iR ayt--u faþur sin ku*þ (h)ia[lbi] a-t
6,... at ' sik ' silfa... ...--[k]an ' in ' (r)[ai-]-(n) ' -(a)stgi[-],... efter sig själv medan han levde och ... Fastgeir (?),sv,... att 'sik' silfa... ...--[k]an ' in ' (r)[ai-]-(n) ' -(a)stgi[-]
7,...-r ' li- r-... ... ...--R ...u(r) ' sun kunars ' i ' risny suain risti,... lät resa .. efter ... Gunnars son i Risne. Sven ristade,sv,...r ' li- r-... ... ...--R ...u(r) ' sun kunars ' i ' risny suain risti
8,ilugi * ... [bro iftiR ka]... ...þur sin| |nytan,Illuge [lät göra] bron efter ... sin duktige fader / broder,sv,ilugi * ... [bro iftiR ka]... ...þur sin| |nytan
9,sihuiţr : auk : suain : auk : uihielbr : auk : kyla : ţaun : litu : raisa : stain : eftiR * olaif,Sigvid och Sven och Vilhjälm och Gylla de lät resa stenen efter Olev,sv,"**Ditt svar måste vara bara översättningen, inga etiketter, förklaringar eller extra text. **"
10,: atuitr : raisti : stein ... at : aisi : faþur : sin : þrutaR : þiakn :,"Andvätt reste denna sten efter Est, sin fader, en dugande man",sv,"Ditt svar måste vara bara översättningen, inget annat."
11,asmut-r... ris-- * runaR * eftiR × stein * faþurs*faþur * sin * auk * faþur * siba * ok × geiRbiarnaR × aok... ulfs * eaR * merki * mikit * at * man * koþan ×,"Åsmund ristade runor efter Sten, sin farfar, och fadern till Sibbe och Gerbjörn ... ett stort minnesmärke efter en god man.",sv,"Ditt svar måste vara bara översättningen, inget annat."
12,[klintr auk blikr × ristu stin × þinsi * iftiR kunu(i)þ] × faþur × sin + han [× foR bort miþ (i)kuari + kuþ trutin hialbi ont ...](r)[a *] kristin[a þu]r[iR + --an- × ri]s[ti +],"Klint och Blek reste denna sten efter Gunnvid, sin fader. Han for bort med Ingvar. Gud drotten hjälpe alla kristnas ande. Tore ristade runorna.",sv,"Ditt svar måste vara bara översättningen, inget annat."
13,þurulfs * sati ' stain ' uftiR ' tuka ' tuka ' sun ¶ hin * usta * kuþ ' hialbi * hans *,"Torulf satte stenen efter Tone, Tokes son, den yttersta. Gud hjälpe hans",sv,"Ditt svar måste vara bara översättningen, inget annat."
14,kilinR : r(e)isti ...(u)þur : sin : kuþ : hiabi : s(i)ol : has :,Gilling reste ... sin broder. Gud hjälpe hans själ.,sv,Klin: R(e)isti ...(u)þur : sin : kuþ : hiabi : s(i)ol : has :
15,eskil : sulka : sun : let : res(a) ¶ sten : þena : eft : sialfan ¶ sik * e mun * stanta * meþ * sten ¶ lifiR * uitrint * su * iaR * uan * eskil kristr * hialbi * siol * hans ¶ aok * santa * migael toki * risti * runaR * e(f)(t)(i)(R) (*) -(o)ru * ¶ stiubmoþur * sina * kunu * koþa,"Eskil, Sulkes son, lät resa denna sten efter sig själv. Alltid må stå, medan stenen lever, denna minnesskrift, som Eskil gjorde. Kristus hjälpe hans själ och Sankt Mikael.
Toke ristade runorna efter Tora, sin styvmor, en god kvinna.",sv,"Ditt svar måste vara bara översättningen, inget annat."
16,: asur : auk : þai(R) ...in : | : ...,Assur och ...,sv,asur: auk: þai(R) ...in: | : ...
17,[× gan]uiþr : o^k · botuiþr  · [kaslla · o^k · þair] letu · haga · an stain · o^k · yfr · sin faþur · butair · aitin · guþ · alssualtuhr · hafi · þina · sial · o^k þa uar · l · o... pirimst^efr o^k fir sunutahr · o^k en ha do,Gannvid och Botvid i Kassla och de lät hugga en sten och över sin fader salig Botair. Må Gud allsmäktig ha din själ. Och då var l primstav och fir söndags[runa] och när han dog.,sv,Du är en oskyldig person som försäkrar mig om din fars försoning.
18,aterfr * ... [* fuluki * lit(u)] * res... ... * eftiR * uiterf ' faþur [sin ...arm(i)lr * fals]...,"Ådjärv och Fulluge lät resa stenen efter Vidjärv, sin fader ...",sv,Din pappa * ... [* fuluki * lit(u)] * res... ... * eftiR * uiterf ' faþur [sin ...arm(i)lr * fals]...
19,si[kfiR]uþr : lit : hi : Risa : at : burkaiR : foþur sin,"Sigfröd lät här resa efter Borgger, sin fader",sv,"Din plats är Risa, du är här för att få sin burkaiR."
20,fir--(r)iui : lit rita * kuml : yfitiRr : fnþur : sih : baosa : auk : boruþur : kuru- * kuþ hi=a=l-... * ul kuru -ial uti * a| |akla--,... lät resa kumlet efter sin fader Bause och broder ... Gud hjälpe ... föll ute i England,sv,"Du har gett mig en text som innehåller både förkortningar, ord och bokstäver. Kan du ge mig mer information om vad du vill att jag ska göra?"
21,ţorstain (l)(i)... ...sa : stain : ţena : ... sik : sialfan : auk : sun : sin : hefni : uaR til : enklans : ukr : trenkr : farin : uarţ : ţa * haima : at : harmi tauţr kuţ hialbi : sialu : ţaima bruni : auk : sloţi : ţaiR ...(u) stan ţena,"Torsten lät resa denna sten efter sig själv och sin son Hävner. Till England hade den unge kämpen farit, dog sedan sorgligen hemma. Gud hjälpe deras själar. Brune och Slode ristade denna sten.",sv,"Ditt svar måste vara bara översättningen, inget annat."
22,couæk a þræþr þisa ho^f : fimta mo^rk,Solveig äger dessa trådar Fem och en halv mark,sv,"Ditt svar måste vara bara översättningen, inget annat."
23,... l(i)t (:) r(i)(s)(a) : stain : e... ...-an : s(u)(l)... ¶ ... ...(a)uþr : ... ¶ ...(n) : auk : kuþmuntr : þaR [:] [r]... ...[(a)R] : a enklanti : i skiu (:) -uilis : kr... ... ...,"... lät resa stenen efter ... ... död ... och Gudmund, de ristade runorna. Han vilar i Skia i England. Kristus ...",sv,...l(i)t (:) r(i)(s)(a) : stain : e... ...-an : s(u)(l)... ¶ ... ...(a)uþr : ... ¶ ...(n) : auk : kuþmuntr : þaR [:] [r]... ...[(a)R] : a enklanti : i skiu (:) -uilis : kr... ... ...
24,... : stin : þani : e... ... bruþur : sifa,... denna sten efter ... Seves broder,sv,... : stin : þani : e... ... bruþur : sifa
25,iak * uait : hastain : þa : hulmstain : bryþr * menr : rynasta : a : miþkarþi : setu : stain : auk : stafa : marga eftiR * fraystain * faþur * sin *,"Jag vet Håsten och Holmsten, bröderna vara runkunnigast bland män i Midgård De satte stenen och stavar många efter Frösten fader sin",sv,"Ditt svar måste vara bara översättningen, inget annat."
26,: sluta : reisþi : s(t)ein : þena : eftiR : esbiurn : felaga : sin : auk : karþi : bru : þesi,"Sluta reste denna sten efter Esbjörn, sin bolagsman",sv,Sluta resa.
27,× kr(e)stin × let × giara × merki × eftiR × sun sen × huir sum runum riþr × hafi byniR × firiR × alah sial × suni ÷ uaR faþiR ala ×,Kristin lät göra minnesmärket efter sin son. Var och en som tyder runorna have böner för Ales själ. Sune var Ales fader.,sv,× kritstin × let × giara × merki × eftir × sun sen × huir sum runum riþr × hafi byniR × firiR × alah sial × suni ÷ uaR faþiR ala
28,otrukr * ahmuntr : sihraifr : þaiR : litu : hakua : stain : at : bofa : faþur : sin * snialan *,"Otrygg, Agmund, Sigrev, de lät hugga stenen efter Bove, sin fader klok",sv,"Ditt svar måste vara bara översättningen, inget annat."
29,sihuastr ' uk ' bratr ' uk ' uikitil elha ' lit ' rita stin iftiR ' anhuit ' sun ' sin ' sum '  tauþr '  huita'huaþum ' (k)ristr ' ialbi ' sial ' antuita,"Sigvast och Brand och Vikättel. Helga lät resa stenen efter Andvätt, sin son, som dog i vita vader. Krist hjälpe Andvätts själ.",sv,Din svar är inte i svenska.
30,...mikR * lit * hkua * stain iftR s-... sin koþan,[Hä]ming lät hugga stenen efter sin gode [son],sv,...mikR * lit * hkua * stain iftR s-... sin koþan
31,hulmstin × auk × haosui × litu × raisa istain × iftir × iybiurn × faþur sin × auk × kiriþ × ifti,"Holmsten och Hosve lät resa stenen efter Jobjörn, sin fader, och Gyrid efter [honom]",sv,Hulmtin × Auk × Haosui × Litu × Raisa Istain × Iftir × Iybiurn × Faþur sin × Auk × Kirþ × Ifti
32,× kilauk × aiki × nefs × totiR × lit × raisa × stin × iftiR × trakmal × muþur×faþur × sin ×,"Gillög, Ekinevs dotter, lät resa stenen efter Dragmal, sin morfar.",sv,"Din svar  är  förvirrat, jag kan inte hjälpa dig."
33,"× iarlibaki × lit × raisa × stan + þina × a... ... ...kuan + han × ati ain × tabu × alan × -... ... ont hans +
× iarlabaki × lit raisa × stain × þin- at sik kuikuan × auk × þinkstaþ × þina × karþi + auk × ain ati + alt hu-(t)ari × þita +","Jarlabanke lät resa denna sten [efter sig själv] medan han levde. Han ägde ensam hela Täby. [Gud hjälpe] hans själ
Jarlabanke lät resa denna sten efter sig, medan han levde och gjorde denna tingsplats och innehade ensam detta hundare",sv,Din svar är en mycket komplex text.
34,frustin : riti : stin : ₫ina : iftR : sikmut : uk : ukitRi : an ua : bur₫,"Frösten reste denna sten efter Sigmund, och mindre glad bar han bördan",sv,frisk : riti : stin : ₫ina : iftR : sikmut : uk : ukitRi : an ua : bur₫
35,[:] a[sur] * karþi : kubl : þesi : eftiR : uit : faþur : sin * [h]an uaR : mana : mestr : uniþikR [:] uaR : i[n]tr : mataR : uk umun hats : kuþr * þi(k)[n] kus tru : kuþa : hafþi :,"Assur gjorde detta minnesmärke efter Öjvind, sin fader. Han var av män den meste oniding, var frikostig med mat och ej sinnad för hat. Den gode tegnen hade en god gudstro.",sv,"Din svar: 

Det är en förvirrande text."
36,[i-rkiorþ · lit · raisa · stain] · at ' anut ' faþur · sin [auk at ...tau-...] moþur sina · kuþ · hiebi · sal · þair-,"... lät resa stenen efter Anund, sin fader , och efter ... sin moder. Gud hjälpe deras själar.",sv,Din [i-rkiorþ] · lit · raisa · stain · at ' anut ' faþur · sin [auk at ...tau-...] moþur sina · kuþ · hiebi · sal · þair-
37,si[h]tris : aruar[r] : litu : giera : st[a]en : yfir : auþu-l- : broþur : sin : a : finlandi : do : aglia...,"Sigtryggs arvingar lät göra stenen över Audvald, deras broder, som dog i Finland ...",sv,Du är en svensk och du har ställt upp för den här frågan.
38,asm(u)(t)(r) * auk * þeR * bruþr * restu * sten * þani * eftiR * sarta * faþur * sia *,"Asmund och hans bröder reste denna sten efter Svarte, deras fader",sv,"Din svar måste vara bara översättningen, inget annat."
39,× hulmaiR × auk × kuni × litu × raisa × stain ×× þina × eftiR × sota × faþur × sin ×,"Holmger och Gunne lät resa denna sten efter Sote, sin fader",sv,"Ditt svar måste vara bara översättningen, inget annat."
40,[arum ÷ ...bti(r) ÷ ...u... ÷ biyrþ ÷ þusinn ÷ ithuntraþ ÷ at ÷ ok ÷ sekstih ÷ ... ... ÷ kirkia] malaþ ÷ bu ÷ ra [?ur ÷ sif...na ÷ kari ÷ (a)-l(e) ÷ na^uþ] [i(r)a^l ru--r],Året efter ... födelse 1161 ... kyrkan målad BU RA ...,sv,"Ditt svar måste vara bara översättningen, inget annat."
41,as(b)iarn : risþi (:) stin : þan(s)i : aftiR : tuark : filaka : sin : trik : kuþan,"Asbjörn reste denna sten efter Dvärg, sin vän, en god man",sv,Det är enklare att få en korrekt översättning om du ger mig mer information. Kan du berätta om:
42,afriţ : lit : at : suartau(a) : auk : at : iulfast : suni : sina : ok : at : askaut *,"Ĺfrid lät [hugga hällen] efter Svarthövde och efter Igulfast, sina söner,  och efter Ĺsgöt",sv,Ämne:  är  *
43,: sibi : auk : rusia : auk : krifi : þiR : raistu : stin : þansa : at : sluru : faþur : sin,"Sibbe och Rysja och Krifi de reste denna sten efter Slora, sin fader",sv,"Ditt svar måste vara bara översättningen, inget annat."
44,fasti * lit * hkua * runar * ±isar * iftR fastulf * sun sin,"Faste lðt hugga dessa runor efter Fastulv,sin son",sv,"Ditt svar måste vara bara översättningen, inget annat."
45,osmuntr : risþi : stin : þansi : ifiR : tuk * faþur * sin,"Åsmund reste denna sten efter Toke, sin fader",sv,"Ditt svar:  ""Ditt svar:  osmuntr : risþi : stin : þansi : ifiR : tuk * faþur * sin"""
46,i(n)ki * auk * kati... ... ... * stain * at * þtgn * -aþur * sin * koþan * kuþ * ialbi,"Inge och Kättil ... stenen efter Tägn, sin gode fader",sv,"Din svar: 

i(n)ki * auk * kati... ... ... * stain * at * þtgn * -aþur * sin * koþan * kuþ * ialbi"
47,+ hiar : ritiR : kulaifr : ok : ... ... : ku₫ : biarhi : sial : hans ×,Här reser Gudlev och ... Gud hjälpe hans själ,sv,Din text här:
48,...(u)n[ar] × auk × suain × raistu × st=ain × at × ton(u) × mo₫ur ...,"Gunnar och Sven reste stenen efter Tona, [sin] moder ...",sv,(Du)t × (å)sk × (su)an × (ra)is × (st)ain × (at) × (ton)u × (mö)dur
49,krim * risti * stin * efti * hltan * freta * sin *,"Grim reste stenen efter Halvdan, sin frände",sv,Svensk text:
50,* þrikr : auk : frusti : litu : k(a)r[a * bro : a]uk * [l]itu raisa : stin at : orma : faþur : sin : koþan,"och Froste lät göra bron och resa stenen efter Orme, sin gode fader",sv,"Ditt svar måste vara bara översättningen, inget annat."
51,... ...(s)(þ)i : stin : þna : iftiR : kuþmut : sun sin : þa-...,"... reste denna sten efter Gudmund, sin son ...",sv,Din...
52,+ [o]l-(f) : [... litu : kiara : stain : ţana : ufir : sin : sun : b]u(t)a(i)[- u]-------s-afiţi... -(o)ţur ruţu(i)- ... bat-rn(o)(s)...ur : firir ţaira (s)ial ---...u--...---...----- -l-n...--a--- :,Olaf ... lät göra denna sten över sin son Botgeir (?) ... moder Rodve ... för deras själar ...,sv,"Ditt svar måste vara bara översättningen, inget annat."
53,kulefr ' u(k) ' s[i]oli ' litu ' risa ' iftiR ' ikifast ' sun [' i]arunta,"Gullev och Sjole lät resa efter Ingefast, Järunds son",sv,Kulfr ' u(k) ' s[i]oli ' litu ' risa ' iftiR ' ikifast ' sun [' i]arunta
54,ulafR : sati : stin : þansi : eftiR : siba : sun : sin,"Olov satte denna sten efter Sibbe, sin son",sv,din :  sati : stin : þansi : eftiR : siba : sun : sin
55,+ a-... ... ...- + ra---u + stain + eftir haruk + bruþur + sin + in + rakn-... ... ...anta + sin + auk + at suni + ... ... ... ...ar þisi,"... reste stenen till minne av Haruk, deras broder, och Ragnhild [?] sin make och efter [deras] söner ... dessa runor",sv,"Ditt svar måste vara bara översättningen, inget annat."
56,biurn : riti stain þino : aftiR : ufriþ : auk at : un sunu sin,"Björn reste denna sten efter Ofrid och efter Unn, sina söner",sv,"Din svar är en förklaringstext, inte översatt text."
57,iþal-ra × lit rita stin þino + abtiR ibiurn sun sin × þaR uaR-... ...(h)... ...uain × auk arnfasta (a)uk ai-... þaiR u(a)... -uþ hialbi hons| |salu| |uk| |kuþs muþiR × runoR ritaR hu-msr,"... lät resa denna sten efter Ebjörn, sin son. De var ... Sven och Arnfast och ... de ... Gud hjälpe hans själ och Guds moder. Rätta runor högg Åsmund",sv,"Ditt svar måste vara bara översättningen, inget annat."
58,hulfr · uk · uþulfr ' li(t)... ...,Ulv och Ödulv lät ...,sv,hulfr · uk · uþulfr ' li(t)... ...
59,sloþi rahnfriþ þaun * litu * hakua * stain * iftiR * ihulbiarn * sun * sin * hialbi * kristr ant * has,"Slode, Ragnfrid de lät hugga stenen efter Igulbörn, sin son. Kristus hjälpe hans ande.",sv,"Ditt svar måste vara bara översättningen, inget annat."
60,: freystin : reisti : stein : þensa : eftiR : haþska : faþur sin :,"Frösten reste denna sten efter Hadske, sin fader",sv,ditt : resa : sten : det : efter : haþsk : pappa sin :
61,* aki * uruni * risti * ifti * (b)ui * [bruþur] ...,"Åke ristade runorna efter Bue, sin broder",sv,Din svar är:
62,ristu * stina * uk * staf * uan * uk * in * mikla * at * iartiknum uk kuri₫i * kas at * uiri * ₫u mon i krati * kiatit lata kunar ik stin,De reste stenarna / och även staven därovan(?) / den stora / till hederstecken(?). / Också Gyrid / älskade sin make. / Därför i sorgekväde / skall han besjungas. Gunnar högg stenen,sv,"Ristud, stina, uk, staf, uan, uk, in, mikla, at, iartiknum, uk, kuri, kas, at, uiri, ₫u, mon i krati, kiatit lata kunar ik stin"
63,ikilauh × lit + hakua * eli ţsa * eftR + sun sin × sihfastr * auk * -ihilt * broţiR hans * ţ-u muţrkun bua i hu-um,"Ingelög lät hugga denna häll efter sin son Sigfast och ... hans broder [lät ocksĺ hugga ?]. De, moder och son, bor i Husa [?]",sv,"Ditt svar måste vara bara översättningen, inget annat."
64,þi... ...-tu * raisa * merki * þe... ... * faþur sin *,... lät resa detta minnesmärke [efter] ... sin fader,sv,Din... ...-ty * öppet * mer * pappa sin *
65,ikifastr ' lit ' raisa ' stain * uk ' bro ' kera ' eftiR ' iarlabaka ' faþur ' s[in ' uk ' sun ' io]runa ' uk ' ketilau lit ' at ' bonta ' sin ybir risti,"Ingefast lät resa stenen och göra bron efter Jarlabanke sin fader och Joruns son, och Kättilö lät [resa stenen] efter sin man. Öpir ristade",sv,Jag vet inte vad du vill att jag ska översätta.
66,þurkal : sati : stia : aft : ... ... sun : faþur : sin :,"Torkel satte denna sten efter ... son, sin fader",sv,"Ditt svar måste vara bara översättningen, inget annat."
67,×· katrin : ioans : husfyra : i sundru : han : lit : giara : þina : stain : yfir : moþur sina : botiauþu : iak[o]bs : kunu : sihlaihs:arf(a) : biþin : f(i)(r)(i) (h)enar : sial : bater : noster :×,"Katrin, Johans husfru i Sundre, hon lät göra denna sten över sin moder Bottjaud, hustru till Jakob Siglaiks arvinge. Be för hennes själ Pater noster.",sv,Katrin : Ioans : Husfyra : I sundru : Han : Lit : Giara : Tina : Stain : Yfir : Moþur sina : Botiauþu : Iak[o]bs : Kunu : Sihlaihs:arf(a) : Biþin : F(i)(r)(i) (h)enar : Sial : Bäter : Noster
68,: amuit * rsti * sina * ţina * yti * suna * sina * rnulfu * aku * hrenki bruţur * sena * uarţi * uti * terebina * i * kalmarna * sutuma * furu * afu * skani ×× eski * rsti * runa * ţasi ×,"Amunde reste denna sten efter sin son Runulv och [efter] RIng, sin broder. [Han] blev dräpt ute i Kalmarkund, [dĺ de] for frĺn Skĺne. Eskil ristade dessa runor",sv,Du vet inte vad du ska göra
69,* uebiurn * sa(t)(i) * (i)stin * (þ)ina * eftir * tuli * sunu * sin * tereke * haraþa kuþan,"Vebjörn satte denna sten efter Toli, sin son, en mycket god man",sv,"Du tänkte på en fråga, men det är inte meningen."
70,: auþkil : uk : suin : karþu : kuml : þusi : RftiR : oskut : hlu : faþur :: sin : kuþan : þRkn :,"Ödkel och Sven gjorde detta minnesmärke efter Åsgöt , sin fader, en god man",sv,Din svar
71,... reisa × stein × auk × k--- ... hialbi × ont × hans ×,... resa stenen och gjorde ... hjälpe hans ande,sv,Resa sten auk k--  hjalp ont hans
72,þuri × risþi stn × þansi iftR × þuriuþ × faþur si(n),"Tore reste denna sten efter Torvid, sin fader",sv,"Ditt svar måste vara bara översättningen, inget annat."
73,+jilsuiþ : arærde : æfte berhtsuiþe • bekun onbergigebid=daþ þær : saule-,Gilswith reste efter Berhtswith minnesmärket på en kulle. Be för hennes själ.,sv,"Din svar:  
 
  Sprid din talang, och berätta om det i det här rummet."
74,¤ (u)talfriþR : raisti * staina + þisa a-tR * styr * faþur : sin * (k)...þ hilbi * ant þira bratr hiuk run-R,"Odalfrid reste dessa stenar efter Styr, sin fader. Gud hjälpe deras andar. Brand högg runorn.",sv,"Ditt svar måste vara bara översättningen, inget annat."
75,+ sihrafr : i : flinauik : ha[n : lit : mik : gera : yfir] : si[n] : ...þur : iakaup : guþ : naþi : hans : sial : þa : uar : u[r : prim:stafr : ok : þos : sunut]ahr : en ha[n] : do,Sigraiv i Flenvike han lät göra mig över sin fader Jakob. Gud nåde hans själ. Då var primstav och söndagsruna när han dog.,sv,"Ditt svar måste vara endast översättningen, inget annat."
76,...[(u)](a)i- × [(a)]uk × ulf- litu × raisa × stai-(a) × e(f)tiR × hlftan * auk * eftiR × kunar × bryţr × sina × ţaiR * antaţus × aust... ...(u)m,"Sven och Ulv lät resa stenarna efter Halvdan och efter Gunnar, sina bröder. De dog österut ...",sv,"Ditt svar måste vara bara översättningen, inget annat."
77,tur...rn rti * stun þansi * ufti × u(i)(s)(þ)i uis × broþu...,"Torbjörn reste denna sten efter , Svens broder",sv,"Ditt svar: 

Turen... vände rti * stunden * utifrån × u(i)(s)(þ)i uis × broþu..."
78,ra(h)nfriþr ' lit rasa stain þino ' aftiR biurn * sun þaiRa * kitilmun(t)aR ' kuþ mialbi hons (a)nt auk| |kuþs (m)uþiR hon fil a uirlanti * in osmuntr markaþi,"Ragnfrid lät resa denna sten efetr Björn, hennes och Kättilmunds son. Gud och Guds moder hjälpe hans ande. Han föll i Virland. Och Åsmund ristade.",sv,Din svar har redan översatts till svenska.
79,...- × r(i)(t)(a) × stin × þina × at × runul- ...-...,... resa denna sten efter Runulf ...,sv,- Din × runul- ...
80,+ iuan * stretn + merki + ok + rahnuor + eftiri boanta +,Kättilfast lade märkena efter Johan streten och Ragnvor efter sin man Holmsten,sv,Din svar kommer med hjälp av en algoritm och inte genom att översätta din text.
81,× asbiurn × auk × þiR ali × auk × urykia × raistu × stain × eftiR × þurkut + faþur * sin ×,"Asbjörn och Alle och Orökja reste stenen efter Torgöt, sin fader",sv,Din förälder
82,* aystin * auk * astriþr * raistu * stina * aftir * kak * sun * sin *,"Östen och Estrid reste stenarna efter Gag, sin son",sv,Din *söt* *ögon* *sång* *efter* *kak* *sol* *snar*
83,: tufi : risþi : stin : þisi : iftR : umun : sin : fila...,"Tove reste denna sten efter Umon (?), sin bolagsman",sv,din : risk : strid : denna : iftar : ummen : sin : fila...
84,botildær : læt : gæra : hua(l)f þænna : ifir : sue n : dyrmoson : haraldær : stenmæstari : gærþi : {BOGILDER : LET GERA (:) HVALF : DENNA : IF IR : SVEN : DEV...OSON : AVE MARIA * GRATIA},Bothild lät göra detta valv över Sven Dyrmodsson. Harald stenmästare gjorde.,sv,"Ditt svar måste vara bara översättningen, inget annat."
85,ma=ria : ilYihi-- ¶ iY i(Y)a=nis fa=þi(i)(r) ¶ (-)isu tius (*) mius ilYi ¶ Yk sunr Yk anti,"Maria, Eloihim, Johannes, Johannes fader, Jesus, min Gud, Eloi och sonen och anden",sv,"Människan, i sitt liv, blir en del av den här världen"
86,* uikhiulmbR * auk * auţmuntr * ţai(R) * litu * raisa * sten * at * serkiR * broţur * sen * koţna *,"Vighjälm och Ödmund de lät resa stenen efter Sverker, sin gode broder",sv,"Ditt svar måste vara bara översättningen, inget annat."
87,asgautr : raisti : stin : þena : ... ...(r)(l) : faþur : sin × fostra : arna,"Åsgöt reste denna sten efter ... sin fader, Arnes fosterbroder",sv,"Ditt svar måste vara bara översättningen, inget annat."
88,' uaţr + auk × ţakn × auk × kunar + raistu × stain + ţana × at × haursa × foţur sin + kuţ hialbi ot hans ×,"Väder och Tägn och Gunnar reste denna sten efter Hörse, sin fader. Gud hjälpe hans ande.",sv,"Din svar är:  ""Du är en skräck för mig, jag är rädd för dig"""
89,+ þæ(t)(t)a · hus · er · u... kt · dt^rotne · ua^ro... o^k mo^ðo^r · ha^ns · ma^riu a^k pet^re postola,Detta hus är vigt åt vår Herre och hans moder Maria och Petrus aposteln,sv,Din svar är redan översatt!
90,[: sbak]R (:) le[t] : kerua : kuml : eftiR : suni : sina : suen : auk * rymik,Spak lät göra minnesmärket efter sina söner Sven och Röming,sv,Det är en förvirring.
91,[...is * haou]... ...-fr * ka(s)l ' ok * iufrfast ' lit ' rsa s[tn iftu * faiau sein] ...-l,... och Jovurfast lät resa stenen efter sin fader,sv,"Ditt svar måste vara bara översättningen, inget annat."
92,kal|i| |l|it hkua heli ţisa iftiR * suni sina toa * auk ţau ikiţora * bR- (a)ina kiarţu mukit mirki furiR arkum mani,"Kale lät hugga dena häll efter sina tvĺ söner och han och Ingetora gjorde en bro, ett stort minnesmärke inför mĺnga män",sv,Du ska inte översätta den här texten.
93,... : eftiR : man : tau... ...,... efter den döde mannen ...,sv,Efter...man...tau...
94,kuþr... ... (f)aþur sin * fur * hfila * hn * til * iklans * kuþ halbi * sil hns,Gudr ... sin fader. Han for manligen till England. Gud hjälpe hans själ.,sv,"Ditt svar måste vara bara översättningen, inget annat."
95,₫orka- ' -(u)- ' -(u)--- ' (b)(r)(a)n(t)(r) ' ---... n-...- ' ... ' ybir ' risti,Torkel och ... Brand ... Öpir ristade,sv,"Ditt svar måste vara bara översättningen, inget annat."
96,faþiR : lit : hukua : runaR : þisi : uftiR : osur : bruþur : sin : is : nur : uarþ : tuþr : i : uikiku :,"Fader lät hugga dessa runor efter Asser, sin broder, som dog i norr i viking.",sv,"Fader, lätt, höja, runa, tillfälligt, övertyd, bror, sin, is, norr, från, tid, i:"
97,: halftan ÷ rasþi : st(a)- ...si : at : raknualt : faþur : sin : ouk : tan * bruþur sin þrutaR þiak(n)a,"Halvdan reste denna sten efter Ragnvald, sin fader, och Dan, sin broder, dugande män",sv,"Ditt svar måste vara bara översättningen, inget annat."
98,+ hialmuiþr + raisti + stain + at * þorkut + sun sn + amuti + risti + runar +,"Hjälmvid reste stenen efter Torgöt, sin son. Amunde ristade runorna.",sv,"Ditt svar måste vara bara översättningen, inget annat."
99,...(n)untr : a : aisku : sina :,... Anund efter sin älskade,sv,Din plats är inte här
100,æ iarlaæbaki æ lit raisa [æ] staina æ ±asa at sik æ kuikuan æ auk bru ±isa kar±i æ fur ont sina æ auk æ ain ati tabu ala-,"Jarlabanke lðt resa dessa stenar efter sig, medan han levde, och han gjorde denna bro f—r sin sjðl, och han ðgde ensam hela Tðby",sv,"""Ditt svar måste vara bara översättningen, inget annat."""
