Sample_ID,Source,Reference,Target_Language,Model,Prediction
1,tar lit : raisa : stain : þensa : eftiR : ketilhaufþa : faþur : sen : boanta : koþan ' kuþ : helbi : has : ant,"Tárr(?)/Tár(?)/Tarr(?) had this stone raised in memory of Ketilhôfði, his father, a good husbandman. May God help his spirit.",en,qwen3.5-0.8B-ft_multi-lang,"Tárr had the stone raised in memory of Ketilhóðr, his father. He was a good man. May God help his spirit."
2,$M §A [...] §B [raþ runar -pti- (h)armbraþhum] §C · k(s) · statr hoar : kuz nri §D maria iuan-,"$M §A ... §B Interpret the rune according to the grief-rows / in memory of the grieved (one) §C ... ... ... §D Mary, John(?)",en,qwen3.5-0.8B-ft_multi-lang,$M §A ... §B ... §C ... ... ... ... ... ... ... ... ... ... ... ... ... ... ... ... ... ... ... ... ... ... ... ... ... ... ... ... ... ... ... ... ... ... ... ... ... ... ... ... ... ... ... ... ... ... ... ... ... ... ... ... ... ... ... ... ... ... ... ... ... ... ... ... ... ... ... ... ... ... ... ... ... ... ... ... ... ... ... ... ... ... ... ... ... ... ... ... ... ... ... ... ... ... ... ... ... ... ... ... ... ... ... ... ... ... ... ... ... ... ... ... ... ... ... ... ... ... ... ... ... ... ... ... ... ... ... ... ... ... ... ... ... ... ... ... ... ... ... ... ... ... ... ... ... ... ... ... ... ... ... ... ... ... ... ... ... ... ... ... ... ... ... ... ... ... ... ... ... ... ... ... ... ... ... ... ... ... ... ... ... ... ... ... ... ... ... ... ... ... ... ... ... ... ... ... ... ... ... ... ... ... ... ... ... ... ... ... ... ... ... ... ... ... ... ... ... ... ... ... ... ... ... ... ... ... ... ... ... ... ... ... ... ... ... ... ... ... ... ... ... ... ... ... ... ...
3,× hulmfriR × -it --isa × istain × þina × iftiR × biarn × buanta isin × auk × iftiR × isikat (s)un isin ×,"Holmfríðr had this stone raised in memory of Bjôrn, her husbandman and in memory of Sighvatr, her son.",en,qwen3.5-0.8B-ft_multi-lang,"Holmfríðr had this stone cut in memory of Bjǫrn, his brother, and in memory of Áskat, his son."
4,kuþr... ... (f)aþur sin · fur · hfila · hn · til · iklans · kuþ halbi · sil hns,Guð-... ... his father. He competently travelled to England. May God help his soul.,en,qwen3.5-0.8B-ft_multi-lang,"Gúðr ... his father, he made the stone in memory of Ingjaldr, his good wife. May God help his soul."
5,[kuþriuin · lat · rita · stin · at inkimuntr faþur · sin],"Guðbjôrn had the stone erected in memory of Ingimundr, his father.",en,qwen3.5-0.8B-ft_multi-lang,"Guðræmundr had the stone erected in memory of Ingimundr, his father."
6,...n · auk × kulauh × au... ... + þan + a-...,... and Gullaug and ... that ...,en,qwen3.5-0.8B-ft_multi-lang,... and Guuluh and ... ... ...
7,he(l)ga : sati : stin : þana : at : eumunt : bur:uþur,"Helga placed this stone in memory of Eymundr, (her) brother.",en,qwen3.5-0.8B-ft_multi-lang,"Heleðr had the stone cut in memory of Eumundr, her husbandman."
8,[... uaR · tauþr × i austr·uih- ...],... died on the eastern route ...,en,qwen3.5-0.8B-ft_multi-lang,... the stone in memory of Austríðr ...
9,[... ...sa · stain · at · suarth... ...],... the stone raised in memory of Svarthôfði ...,en,qwen3.5-0.8B-ft_multi-lang,... the stone in memory of Suðr... ...
10,a^ndres : p + farmaðr +,Andrés the priest. Farmaðr.,en,qwen3.5-0.8B-ft_multi-lang,Andréstr and Farmaðr.
11,[... -k · --n · sun · suta : ---... ¶ ... aft : þurþ : bruþur ...],"... ... ... Sóti's son ... ... in memory of Þórðr, brother ...",en,qwen3.5-0.8B-ft_multi-lang,... ... ... ... ... ... ... ... ... ... ... ... ... ... ... ... ... ... ... ... ... ... ... ... ... ... ... ... ... ... ... ... ... ... ... ... ... ... ... ... ... ... ... ... ... ... ... ... ... ... ... ... ... ... ... ... ... ... ... ... ... ... ... ... ... ... ... ... ... ... ... ... ... ... ... ... ... ... ... ... ... ... ... ... ... ... ... ... ... ... ... ... ... ... ... ... ... ... ... ... ... ... ... ... ... ... ... ... ... ... ... ... ... ... ... ... ... ... ... ... ... ... ... ... ... ... ... ... ... ... ... ... ... ... ... ... ... ... ... ... ... ... ... ... ... ... ... ... ... ... ... ... ... ... ... ... ... ... ... ... ... ... ... ... ... ... ... ... ... ... ... ... ... ... ... ... ... ... ... ... ... ... ... ... ... ... ... ... ... ... ... ... ... ... ... ... ... ... ... ... ... ... ... ... ... ... ... ... ... ... ... ... ... ... ... ... ... ... ... ... ... ... ... ... ... ... ... ... ... ... ... ... ... ... ... ... ... ... ... ... ... ... ... ... ... ... ... ... ... ... ... ... ... ... ... ...
12,tusti × (r)...(i) ...tin × efti(R) kuno × mak × sin × þ... ...---s × ... × uistar- × uar- ...,"Tosti raised the stone in memory of Gunni, his kinsman-by-marriage ... ... ... was westwards ...",en,qwen3.5-0.8B-ft_multi-lang,"Tosti(?) ... the stone in memory of Gunnbjôrn, his father ... ... ... ..."
13,... ...fr ' lit ' reisa ' steina ' efti- seuar ' faþur ' s-n ' goþan ',"... ... had the stones raised in memory of Sævarr, his/her good father.",en,qwen3.5-0.8B-ft_multi-lang,"... ...-fr had the stone raised in memory of Sevarr, his father, a good man."
14,...-k lun-a : -... ...(a)lbi · siao- ...,... may help the soul ...,en,qwen3.5-0.8B-ft_multi-lang,... ... ... ... ... ... ... ... ... ... ... ... ... ... ... ... ... ... ... ... ... ... ... ... ... ... ... ... ... ... ... ... ... ... ... ... ... ... ... ... ... ... ... ... ... ... ... ... ... ... ... ... ... ... ... ... ... ... ... ... ... ... ... ... ... ... ... ... ... ... ... ... ... ... ... ... ... ... ... ... ... ... ... ... ... ... ... ... ... ... ... ... ... ... ... ... ... ... ... ... ... ... ... ... ... ... ... ... ... ... ... ... ... ... ... ... ... ... ... ... ... ... ... ... ... ... ... ... ... ... ... ... ... ... ... ... ... ... ... ... ... ... ... ... ... ... ... ... ... ... ... ... ... ... ... ... ... ... ... ... ... ... ... ... ... ... ... ... ... ... ... ... ... ... ... ... ... ... ... ... ... ... ... ... ... ... ... ... ... ... ... ... ... ... ... ... ... ... ... ... ... ... ... ... ... ... ... ... ... ... ... ... ... ... ... ... ... ... ... ... ... ... ... ... ... ... ... ... ... ... ... ... ... ... ... ... ... ... ... ... ... ... ... ... ... ... ... ... ... ... ... ... ... ... ... ...
15,[... iftiR biurn bunta sin kuþan kuþ hialbi ant has],"... in memory of Bjôrn, his/her good husbandman. May God help his spirit.",en,qwen3.5-0.8B-ft_multi-lang,"... in memory of Bjôrn, his brother, and in memory of Gjôbi, his daughter."
16,[· rauþr · auk · biarn · litu · raisa · stein · eftR · mak sin · sikat · koþ hialbi ont hns ·],Rauðr and Bjôrn had the stone raised in memory of their kinsman-by-marriage Sighvatr. May God help his spirit.,en,qwen3.5-0.8B-ft_multi-lang,"Rauðr and Bjôrn had the stone raised in memory of Márik, their son. He died in the valley of Hjalbi."
17,... ...-rimar : litu : r... ... sin ×,... Grímarr(?) had (the stone) raised/erected ... their ...,en,qwen3.5-0.8B-ft_multi-lang,... ...-rimar had this stone raised ...
18,× iarlibaki × lit × raisa × stan + þina × a... ... ...kuan + han × ati ain × tabu × alan × -... ... ont hans + §B × iarlabaki × lit raisa × stain × þin- at sik kuikuan × auk × þinkstaþ × þina × karþi + auk × ain ati + alt hu-(t)ari × þita +,"Jarlabanki had this stone raised in memory of himself while alive. He alone owned all of Tábýr. May God help his spirit. §B Jarlabanki had this stone raised in memory of himself while alive, and made this Assembly-place, and alone owned all of this Hundred.",en,qwen3.5-0.8B-ft_multi-lang,Jarlábaki had the stone raised in memory of his father ... ... ... ... ... ... ... ... ... ... ... ... ... ... ... ... ... ... ... ... ... ... ... ... ... ... ... ... ... ... ... ... ... ... ... ... ... ... ... ... ... ... ... ... ... ... ... ... ... ... ... ... ... ... ... ... ... ... ... ... ... ... ... ... ... ... ... ... ... ... ... ... ... ... ... ... ... ... ... ... ... ... ... ... ... ... ... ... ... ... ... ... ... ... ... ... ... ... ... ... ... ... ... ... ... ... ... ... ... ... ... ... ... ... ... ... ... ... ... ... ... ... ... ... ... ... ... ... ... ... ... ... ... ... ... ... ... ... ... ... ... ... ... ... ... ... ... ... ... ... ... ... ... ... ... ... ... ... ... ... ... ... ... ... ... ... ... ... ... ... ... ... ... ... ... ... ... ... ... ... ... ... ... ... ... ... ... ... ... ... ... ... ... ... ... ... ... ... ... ... ... ... ... ... ... ... ... ... ... ... ... ... ... ... ... ... ... ... ... ... ... ... ... ... ... ... ... ... ... ... ... ... ... ... ... ... ... ... ... ... ... ... ...
19,--- ¶ akla + kala + laka + ¶ --o-imi(k)(l)(i)(i),"... agla gala laga ('agla' = Thou art strong in eternity, Lord) ...",en,qwen3.5-0.8B-ft_multi-lang,... ... ... ... ... ... ... ... ... ... ... ... ... ... ... ... ... ... ... ... ... ... ... ... ... ... ... ... ... ... ... ... ... ... ... ... ... ... ... ... ... ... ... ... ... ... ... ... ... ... ... ... ... ... ... ... ... ... ... ... ... ... ... ... ... ... ... ... ... ... ... ... ... ... ... ... ... ... ... ... ... ... ... ... ... ... ... ... ... ... ... ... ... ... ... ... ... ... ... ... ... ... ... ... ... ... ... ... ... ... ... ... ... ... ... ... ... ... ... ... ... ... ... ... ... ... ... ... ... ... ... ... ... ... ... ... ... ... ... ... ... ... ... ... ... ... ... ... ... ... ... ... ... ... ... ... ... ... ... ... ... ... ... ... ... ... ... ... ... ... ... ... ... ... ... ... ... ... ... ... ... ... ... ... ... ... ... ... ... ... ... ... ... ... ... ... ... ... ... ... ... ... ... ... ... ... ... ... ... ... ... ... ... ... ... ... ... ... ... ... ... ... ... ... ... ... ... ... ... ... ... ... ... ... ... ... ... ... ... ... ... ... ... ... ... ... ... ... ... ... ... ... ... ... ... ...
20,$M auæ : ma^ria : gra^kia : plena ...,$M Hail Mary full of grace ...,en,qwen3.5-0.8B-ft_multi-lang,$M and Maeri made the land ...
21,× kaR : reþi sin : eti : bui : uiburk uaR : muþR : snuR : fatriþ : ----,Geirr erected the stone in memory of Búi. Vébjôrg was (his) mother. [Was his] daughter-in-law Fastríð(?) ...,en,qwen3.5-0.8B-ft_multi-lang,"Kárr raised this monument in memory of Bjǫrn, his brother. May God help his spirit."
22,× [ul]fr [× a... ... -nk]imunt[r × au]k × [ai]... ... ...(n) × i... ...,Ulfr and ... Ingimundr and Ei-... ... the stone(?) in memory of(?) ...,en,qwen3.5-0.8B-ft_multi-lang,Ulfr(?) ... ... ... ... ...
23,÷ felleg : er : fuþ : sin : bylli §B ÷ fuþorg lbasm,"Monstrous is the cunt, may the penis serve. §B Cunt-perverse/nymphomania ...",en,qwen3.5-0.8B-ft_multi-lang,"Fellgeinn, his father, laid §B his father's body."
24,fuþorkhfuþorkh fuþorkhfuþorkhfuþorkhfuþorkhfuþorkh fuþorkhfuþorkhfuþorkhfuþorkhfuþork fuþorkhfuþorkhfuþork fuþorkhfuþorkhfuþorkhfu fuþorkhfuþorkhfuþork,<fuþork fuþork fuþork fuþork fuþork fuþork>,en,qwen3.5-0.8B-ft_multi-lang,Fyðorkhǫfǫrǫfǫrǫfǫrǫfǫrǫfǫrǫfǫrǫfǫrǫfǫrǫfǫrǫfǫrǫfǫrǫfǫrǫfǫrǫfǫrǫfǫrǫfǫrǫfǫrǫfǫrǫfǫrǫfǫrǫfǫrǫfǫrǫfǫrǫfǫrǫfǫrǫfǫrǫfǫrǫfǫrǫfǫrǫfǫrǫfǫrǫfǫrǫfǫrǫfǫrǫfǫrǫfǫrǫfǫrǫfǫrǫfǫrǫfǫrǫfǫrǫfǫ
25,asm(u)(t)(r) · auk · þeR · bruþr · restu · sten · þani · eftiR · sarta · faþur · sia ·,"Ásmundr and his brothers raised this stone in memory of Svarti, their father.",en,qwen3.5-0.8B-ft_multi-lang,"Asmundr and Þorsteinn, their brothers, had this stone erected in memory of Sætri, their father."
26,... ...- (:) rista : s(i)tn : þisa : e(f)(t)ir : asu : muþur : sin...,"... ... (had) this stone carved in memory of Ása, his mother.",en,qwen3.5-0.8B-ft_multi-lang,"... raised this stone in memory of Ása, his mother."
27,(k)iæte guþ þes er k o^(l)ma^þa,May God protect him whom I enraged.,en,qwen3.5-0.8B-ft_multi-lang,He died over this stone.
28,þurfinr : r---- ----- : --n- : --... ... §B ...,Þorfinnr raised(?) the stone(?) in memory of(?) ... §B ...,en,qwen3.5-0.8B-ft_multi-lang,Þorfinr ... ... ... §B ...
29,$M ÷ bo--- : oka...-...s(a)rfa : h-- : l-t : (h)-ga : hina : stan : yvir : (b)udaitu : af hah:h-b- k : til : aukarsarfa + ta en : iak : uar · (s)krivaþ : (t)a uar : (h)ahal · sunudah:r · untir-aþr : b-imstafr ++ i tolf:te : r(a)(d)(u) taflu + betar · aukar·sarfa · han skr-if mik · amen ·,"$M Bót-... Auðgeirsarfr/Ocksarve(?) he/she had this stone cut over Bótheiðr(?) of Hagebýr and (owner of) Auðgeirsarfr/Ocksarve. When I was written, then Hail was the Sunday(-stave); Under-Man the Prime-stave in the twelfth row of the table. Pétar of Auðgeirsarfr/Ocksarve, he wrote me. Amen.",en,qwen3.5-0.8B-ft_multi-lang,$M Boðr ... ... ... ... ... ... ... ... ... ... ... ... ... ... ... ... ... ... ... ... ... ... ... ... ... ... ... ... ... ... ... ... ... ... ... ... ... ... ... ... ... ... ... ... ... ... ... ... ... ... ... ... ... ... ... ... ... ... ... ... ... ... ... ... ... ... ... ... ... ... ... ... ... ... ... ... ... ... ... ... ... ... ... ... ... ... ... ... ... ... ... ... ... ... ... ... ... ... ... ... ... ... ... ... ... ... ... ... ... ... ... ... ... ... ... ... ... ... ... ... ... ... ... ... ... ... ... ... ... ... ... ... ... ... ... ... ... ... ... ... ... ... ... ... ... ... ... ... ... ... ... ... ... ... ... ... ... ... ... ... ... ... ... ... ... ... ... ... ... ... ... ... ... ... ... ... ... ... ... ... ... ... ... ... ... ... ... ... ... ... ... ... ... ... ... ... ... ... ... ... ... ... ... ... ... ... ... ... ... ... ... ... ... ... ... ... ... ... ... ... ... ... ... ... ... ... ... ... ... ... ... ... ... ... ... ... ... ... ... ... ... ... ... ... ... ... ... ... ... ... ...
30,[iufur · r... stan · aftir · fuluka · faþur · sin],"Jôfurr raised the stone in memory of Fullugi, his father.",en,qwen3.5-0.8B-ft_multi-lang,"... the stone in memory of Fullúki, his father."
31,kuþa : risþi : stin : þansi : auft¶(i)R : þurbiurn : buta : sin : ¶ miuk : kuþan : þikn : ian ¶ þurþr : rist : runaR ¶ þasi,"Gyða raised this stone in memory of Þorbjôrn, her husbandman, a very good þegn. And Þórðr carved these runes.",en,qwen3.5-0.8B-ft_multi-lang,"Gúðrís raised this stone in memory of Þorbjǫrn, his brother. May God help his spirit. Þorðr raised these runes."
32,+ sinkR : let --... ... ... eftiR : friþelfi : kunu : sina : kuþ hialbi : sialu [h]inaR,"Sínkr had ... ... ... in memory of Friðelf, his wife. May God help her soul.",en,qwen3.5-0.8B-ft_multi-lang,"Sinkr had the stone cut in memory of Fríðulf, his wife. May God help her spirit."
33,eskil : sulka : sun : let : res(a) ¶ sten : þena : eft : sialfan ¶ sik · e mun · stanta · meþ · sten ¶ lifiR · uitrint · su · iaR · uan · eskil §B kristr · hialbi · siol · hans ¶ aok · santa · migael §C toki · risti · runaR · e(f)(t)(i)(R) (·) -(o)ru · ¶ stiubmoþur · sina · kunu · koþa,"Áskell, Súlki's son, had this stone raised in memory of himself. Ever will stand, while the stone lives, this memento, which Áskell produced. §B May Christ and Saint Michael help his soul. §C Tóki carvedthe runes in memory of Þóra, his stepmother, a good wife.",en,qwen3.5-0.8B-ft_multi-lang,"Eskil, Sulga, Son, let the stone in memory of Sialfinn, his son. May God help his spirit. §B Christ, Holy Spirit, Saint, my God. §C Tóki raised the runes in memory of Steinnbjômr, my son."
34,$M ... ...r øssur : asbiæ?na^r s^on(·),$M ... rests/in memory(?) of Ôssurr Ásbjôrn's son.,en,qwen3.5-0.8B-ft_multi-lang,"$M ... ... Óssur, he made the stone."
35,... [+ faslaug :] þaun : [hion × litu : i]ftiR · þial[fa : sun s]...,"... (and) Fastlaug, the married couple, had (the stone raised) in memory of Þjalfi, their son.",en,qwen3.5-0.8B-ft_multi-lang,"... Fastlög, this son, had the stone raised in memory of Þjalfa, his son."
36,[aimuntr : let ... ... (k)uþ salu · ha...],Eimundr had ... May God help his soul.,en,qwen3.5-0.8B-ft_multi-lang,Ámundr had ... his wife.
37,þuri ÷ auk frystain ' litu raisa stain iftiR ' þurstain broþur sin,"Þórir and Freysteinn had the stone raised in memory of Þorsteinn, their brother.",en,qwen3.5-0.8B-ft_multi-lang,"Þórir and Frøstjónr had the stone raised in memory of Þóstrírn, their brother."
38,gya : sæhir : at þu : kak hæim §B þa^nsak : a^b(a)kista^n : rþis,Gyða says that you should go home. §B ... ... ...,en,qwen3.5-0.8B-ft_multi-lang,"Gyðr, you, the king, §B Þónsak, the ruler, ..."
39,þurkiR · auk · uri · þaiR · raistu · staina · at · ulaif · faþur · sin : auk : at · suain · bruþur sin ·,"Þorgeirr and Orri, they raised the stones in memory of Óleifr, their father and in memory of Sveinn, their brother.",en,qwen3.5-0.8B-ft_multi-lang,"Þorki/Raugar and Uri, they raised the stone in memory of Úlvafr, their father; and in memory of Sveinn, their brother."
40,(h)agormr hialgar-r (l)i-unski-l-... §B ... þunt bloþ or rin or æ-r : bloþ or : rin or æ--,"Hagormr(?), ... ... §B ... thin blood, run out, out of ... blood, run out, out of ...",en,qwen3.5-0.8B-ft_multi-lang,Hagormr and Hjalgrirr(?) ... §B ... they made the stone and the ring and the ring.
41,alfkil ÷ uk ÷ hns ÷ suniR ÷ risþu : stin : þansi : ift : ¶ · mana : sin : frinta : þans × uas · lantirþi ÷ kitils ÷ þis ÷ ¶ nuruna ÷,"Alfkell and his sons raised this stone in memory of Manni, their kinsman, who was Ketill the Norwegian's estate-steward.",en,qwen3.5-0.8B-ft_multi-lang,"Alfkiell and his son, Rísi, made this stone in memory of their father, Ás, a good man. Ketil's(?) father was here."
42,× þeiR bryþr × reistu × kubl × þia × eftiR × sustur ×× sina × afriþi × auk × eftR × suein × faþur × sin × koþan ×,"These brothers raised these monuments in memory of their sister, Áfriðr, and in memory of Sveinn, their good father.",en,qwen3.5-0.8B-ft_multi-lang,"Þórðr had this stone cut in memory of his father, Áfríðr and in memory of Sveinn, his father, who was good."
43,× kut × raisti × ifti × skara × sun sin × anun × hiu × siþu,"Gautr raised (the stone) in memory of Skeri/Skari, his son. Ônundr cut the side.",en,qwen3.5-0.8B-ft_multi-lang,"Gott rest in memory of Skara, his son, Annu, who died."
44,(s)(a)- riti sanat kaolu a^mn -... §AQ (s)(a)- rit is anat i saolu a^mn -... §AR (s)(a)- riti| |is a| |an ati saolu a^mn -... §B a(i)kua(i)tu,... by writing heals the crazy woman. Amen ... §AQ ... writing is something different in the soul. Amen ... §AR let ... write who owns and experienced happiness/luck. Amen ...,en,qwen3.5-0.8B-ft_multi-lang,Sætri carved the stone in memory of ... §AQ Sætri carved the stone in memory of ... §AR Sætri carved the stone in memory of ... §B Ákiðviti carved the stone.
45,... ...-þan × isun × isRn × bRkia nu × kuþ il×... ... §Q ... ...-þan × isun × isRn × bRkia nu × kuþ il×... ...,"... good(?), his(?) son(?). Now(?) (they) pray(?) to God(?) to help(?) ... §Q ... (the) good(?) son of them both. Now God may help(?) ...",en,qwen3.5-0.8B-ft_multi-lang,... ... ... ... ... ... §Q ... ... ... ... ... ... ... ... ... ... ... ... ... ... ... ... ... ... ... ... ... ... ... ... ... ... ... ... ... ... ... ... ... ... ... ... ... ... ... ... ... ... ... ... ... ... ... ... ... ... ... ... ... ... ... ... ... ... ... ... ... ... ... ... ... ... ... ... ... ... ... ... ... ... ... ... ... ... ... ... ... ... ... ... ... ... ... ... ... ... ... ... ... ... ... ... ... ... ... ... ... ... ... ... ... ... ... ... ... ... ... ... ... ... ... ... ... ... ... ... ... ... ... ... ... ... ... ... ... ... ... ... ... ... ... ... ... ... ... ... ... ... ... ... ... ... ... ... ... ... ... ... ... ... ... ... ... ... ... ... ... ... ... ... ... ... ... ... ... ... ... ... ... ... ... ... ... ... ... ... ... ... ... ... ... ... ... ... ... ... ... ... ... ... ... ... ... ... ... ... ... ... ... ... ... ... ... ... ... ... ... ... ... ... ... ... ... ... ... ... ... ... ... ... ... ... ... ... ... ... ... ... ... ... ... ... ... ... ... ... ... ... ... ... ... ... ... ...
46,$M §A spyr actriþi h-... §B --- act -...,$M §A Ask Ástríðr ... §B ... love ...,en,qwen3.5-0.8B-ft_multi-lang,"$M §A Spyr, the ... §B ... ..."
47,$U §P -uþaþit-ih -ilald (t)-uiuu-(t)w- §Q a^luþa þit (s)i huilalda^| |^aï uiu u(e)a aþa^l,$U §P ... artifact ... §Q Of the ale this will be the resting-people’s (= the deads’): (for?) ever I sanctify abode of the gods.,en,qwen3.5-0.8B-ft_multi-lang,"$U §P ... §Q Áldrðr, he is the soul of Áldrðr, he is the soul of Áldrðr."
48,÷ uesti : auk : iuar : auk : s(u)[lfa :] (b)ruþr : þriR : karþu : bru : þasi : (a)uk : satu : stein : þana : eftiR : þialfa : faþur : [sin],"Véseti and Ívarr/Jóarr and Sylfa, the three brothers made this bridge and placed this stone in memory of Þjalfi, their father.",en,qwen3.5-0.8B-ft_multi-lang,"Vesti and Jǫr and Sólfi, brothers, they carved this stone in memory of Þílafr, their father."
49,: hragli : auk : alkisl : satu : stin : þesi : eftR : serla : faþur : sin,"<hragli> and Algísl placed this stone in memory of Særli, their father.",en,qwen3.5-0.8B-ft_multi-lang,"Hrágl and Alkísleðr and Steinn, they had this stone erected in memory of their father."
50,...- : kuþ-... ...-u · ...,... ... ... ...,en,qwen3.5-0.8B-ft_multi-lang,... ... ...
51,[iufur · uk stoþbiarn · litu ... ... ...kifast · faþur · sin ×],"Jôfurr and Stóðbjôrn had ... in memory of Ingifastr, their father.",en,qwen3.5-0.8B-ft_multi-lang,Ívfr and Stóðbjôrn had the stone made in memory of ... their father.
52,: haraltr : kunukR : baþ : kaurua ¶ kubl : þausi : aft : kurm faþur sin ¶ auk aft : þourui : muþur : sina : sa ¶ haraltr (:) ias : soR · uan · tanmaurk §B ala · auk · nuruiak §C (·) auk t(a)ni (k)(a)(r)(þ)(i) kristno,"King Haraldr ordered these monuments made in memory of Gormr, his father, and in memory of Þyrvé, his mother; that Haraldr who won for himself all of Denmark §B and Norway §C and made the Danes Christian.",en,qwen3.5-0.8B-ft_multi-lang,"Haraldr and Gunnarr(?) built the castle in memory of Gorm, their father. And in memory of Þóruðr, their mother. §B Ála and Norðríkr. §C Ále and Þinéi, their brothers. Christno."
53,+ esse krusem tomi¶ni : fugite pa^rtes ¶ at^uerse uisit le(o) ¶ te t^ribu iuta -----... ----... ¶ kua(t)^uo^r gra^na in pen¶talum in--... ¶ fo(n)te t^utit : ¶ aaron : iesus + §B -(o)hannes ¶ ma^rkus ¶ maþeus ¶ lukas §C -a^gla al¶pha et ¶ o + - :,"Behold the cross of the Lord; flee, you hostile powers. The lion of the tribe of Juda, the root of David, has conquered. Four letters on the forehead-plate that Aaron bore on his forehead, Jesus. §B John, Mark, Matthew, Luke. §C Agla. Alpha and Omega ...",en,qwen3.5-0.8B-ft_multi-lang,... ... ... ... ... ... ... ... ... ... ... ... ... ... ... ... ... ... ... ... ... ... ... ... ... ... ... ... ... ... ... ... ... ... ... ... ... ... ... ... ... ... ... ... ... ... ... ... ... ... ... ... ... ... ... ... ... ... ... ... ... ... ... ... ... ... ... ... ... ... ... ... ... ... ... ... ... ... ... ... ... ... ... ... ... ... ... ... ... ... ... ... ... ... ... ... ... ... ... ... ... ... ... ... ... ... ... ... ... ... ... ... ... ... ... ... ... ... ... ... ... ... ... ... ... ... ... ... ... ... ... ... ... ... ... ... ... ... ... ... ... ... ... ... ... ... ... ... ... ... ... ... ... ... ... ... ... ... ... ... ... ... ... ... ... ... ... ... ... ... ... ... ... ... ... ... ... ... ... ... ... ... ... ... ... ... ... ... ... ... ... ... ... ... ... ... ... ... ... ... ... ... ... ... ... ... ... ... ... ... ... ... ... ... ... ... ... ... ... ... ... ... ... ... ... ... ... ... ... ... ... ... ... ... ... ... ... ... ... ... ... ... ... ... ... ... ... ... ... ... ... ... ... ... ... ...
54,[suth]i auk · iki[fastr · litu] rita [stai]n ' iftiR × ikalt ' uk ' (f)[tiR ikhu]ar · fe[þr si]na · kuþa · i,"Sóti and Ingifastr had the stone erected in memory of Ingjaldr and in memory of Ingvarr, their good fathers ...",en,qwen3.5-0.8B-ft_multi-lang,"Sóði and Íkvastr had the stone raised in memory of Ingallr, their father, and in memory of their mother."
55,... ...þi : stin : þa...- · -...,... raised this stone ...,en,qwen3.5-0.8B-ft_multi-lang,... this stone ...
56,+ ka^ute : tie · kinit^r · suermo: in·mokulata · ga^ute §B k-- ... §C ga^ute : kue : genuisti : eterni · lumi(n)- §D k[l]-... ...,"Rejoice, Mother of God, immaculate Virgin, rejoice §B ... §C Rejoice, Thou who created clarity from eternal light §D ...",en,qwen3.5-0.8B-ft_multi-lang,Kauti(?) and Jintir(?) made this monument in memory of Guate(?) §B ... §C Guate(?) gave the stone to himself and to himself in memory of the light. §D ...
57,[rahnfriþr · lit rt stain þino ' aftiR biurno sun þaiRa kitilmuntaR ' hon ' fil a urlati ' kuþ hialbi hons ant auk| |kuþs muþiR ' osmunr mar'kaþi runaR ritar],"Ragnfríðr had this stone erected in memory of Bjôrn, her son and Ketilmundr's. He fell in Virland. May God and God's mother help his spirit. Ásmundr marked the right runes.",en,qwen3.5-0.8B-ft_multi-lang,"Ragnfríðr had the stone raised in memory of Bjôrn, his son, Ketillmundr, his brother. He was the husbandman of the village of Urlati, and the husbandman of the village of Ósmundr. May God help his soul and his soulmates."
58,... ...isa · sti- ... -t · su... ...,... raised the stone ... in memory of the son ...,en,qwen3.5-0.8B-ft_multi-lang,... ...-isa ... the stone ...
59,kunuar : resþi : stin : þani : eftiR : kana : bunta : sin : þegn harþa kuþan,"Gunnvôr raised this stone in memory of Kani, her husbandman, a very good Þegn.",en,qwen3.5-0.8B-ft_multi-lang,"Gunnvarr raised this stone in memory of Gana, his brother. May God help his spirit."
60,...[-n · sin +] sun + hulmfas--/hulmfas--... ... kuþ + hialbi + ant hans +,"... his, Holmfastr's son ... May God help his spirit.",en,qwen3.5-0.8B-ft_multi-lang,... the son of the good man ... May God help his spirit.
61,· aystin · auk · astriþr · raistu · stina · aftir · kak · sun · sin ·,"Eysteinn and Ástríðr raised the stones in memory of Kagr(?)/Gagr(?), their son.",en,qwen3.5-0.8B-ft_multi-lang,"Ástjón and Ástriðr raised the stone in memory of Kak, their son."
62,akuti + auk + osur + auk × biaurn × rastu × stain × (þ)[ina × afti](r) × nuka × trihk + kuþan ×,"Ágoti and Ôzurr and Bjôrn raised this stone in memory of Nokki, a good valiant man.",en,qwen3.5-0.8B-ft_multi-lang,"Águti and Ósur and Bjôrn raised this stone in memory of Núka, their good husbandman."
63,ingibiorh · hin fahra · æhkia §B môrhk · kona · hæfer · faret · lu(t) in her mihgil oflate §C ærlikr,"Ingibjôrg, the fair widow. §B Many a wife has travelled stooping in here. A great show-off. §C Erlingr",en,qwen3.5-0.8B-ft_multi-lang,"Ingibjôrh and Fæhra, §B Mórhjôk, and Hæfer, §C Erlíkr."
64,... -it : tafast : rista : runir,... had Tafeistr to carve the runes.,en,qwen3.5-0.8B-ft_multi-lang,... had the stones raised in memory of ...
65,†$ [bariRþ ÷ riti stain ÷ þina ÷ aftiR un ÷ ... bruþur sin ÷ han uas| |sun : arinbiarnaR a-þuaun-ua-sun ÷ ial-i (k)u(þ) ant unaR],†$ <bariRþ> erected this stone in memory of Unn his brother. He was Arinbjôrn's son ... May God help Unn's spirit.,en,qwen3.5-0.8B-ft_multi-lang,†$ Barðirðr raised this stone in memory of ... his brother. He was the son of Arnbiarna.
66,... × kumbl × aiftiR ... ...-str auk × s...-ta × ...,... the monument(s) in memory of ... Christ and Saint ...,en,qwen3.5-0.8B-ft_multi-lang,... Gombl(?) and Áftiðr ... ... ...
67,ali · auk · karli · risþu · stin · þansi · stin · þansi · iftiR · firist(i)n · faþur · sin · miuk · kuþan þikn,"Áli/Alli and Karli raised this stone [this stone] in memory of Freysteinn, their father, a very good Þegn.",en,qwen3.5-0.8B-ft_multi-lang,"Alvi and Karlra raised this stone in memory of their father, Friðr, their good son. May God help his spirit."
68,kuþfastr aok ' þorontr ' litu rita sten ' eftiR ' faþur sin ' hals ' ok frykuþr ' yftiR ' bonta sin ' þorþr : hiak · runar · þisar ' ual,Guðfastr and Þróndr had the stone erected in memory of their father Hals; and Freygunnr in memory of her husbandman. Þórðr cut these runes well.,en,qwen3.5-0.8B-ft_multi-lang,"Guðfastr and Þorðr had the stone erected in memory of their father, Hals and Frykviðr, their brothers. They had the runes cut."
69,ikib(i)rn : ak : þiR : bryþr : litu : risa : stin : þina : a(t) : ikhul : faþur : sin : (k)uþ : hilbi : anta : hns bt(r) : þin : (h)-(n) : (h)--... ...- : -(a)(r)- : --...---- : (r)isti : runaR · þasi,"Ingibjôrn and his brothers had this stone raised in memory of Ígull, their father. May God help his spirit better than he has deserved. Tíðkumi carved these runes.",en,qwen3.5-0.8B-ft_multi-lang,"Ígbjǫrn and Þórðr had the stone raised in memory of Ingjǫl, their father. May God help his spirit."
70,· kalmi : risþi : stin : þena : eftiR : helka : sun : sin : iaR : turknaþi :,"Gamli(?)/Galmi(?) raised this stone in memory of Helgi, his son, who drowned.",en,qwen3.5-0.8B-ft_multi-lang,"Gámlí raised this stone in memory of Helgi, his son."
71,· þura · sati · stin · þasi · aftiR · suin · sun · sin · Rs · uRstr · o · ualu,"Þóra placed this stone in memory of Sveinn, her son, who died in the west in <ualu>.",en,qwen3.5-0.8B-ft_multi-lang,"Þóru raised this stone in memory of Sveinn, his son. He was the son of Hrœstr and Valvi."
72,hulmstain · auk · uikuþr · þaun · litu · raisa · stain · eftiR · sun · henaR · auk · uihialmr iftiR inkifast ·,"Holmsteinn and Végunnr, they had the stone raised in memory of her son, and Véhjalmr/Víghjalmr in memory of Ingifastr.",en,qwen3.5-0.8B-ft_multi-lang,"Holmsteinn and Vígþr, they had the stone raised in memory of their son Hena, and Vígþr in memory of Ingifast."
73,...li : lit : resa : eftiR : f...,... had ... raised in memory of ...,en,qwen3.5-0.8B-ft_multi-lang,... had the stone raised in memory of ...
74,sua ai ÷ titultitul ¶ fuþorkhniastbmlR §B huaR is i : alisti osa : huaR is (:) ¶ uifrþuR : karþi : afr aft asini fauþr ¶ kul:finR : fal(s) : taitirunoR ' u ¶ (a)iuinrunoR : sulialta : huaR : ? ¶ utu ÷ tuuut bilikikR : tuR ra(k)(i) ¶ (t)(u)(l)i,"Thus ever(?) ... <fuþorkhniastbmlR> §B Who is(?) ... ... Æsir's, who is Véfriðr /Véfrøðr made ... in memory of ... father. Kolfinnr/Gullfinnr concealed runes of gladness and runes of eternal friendship ... who ... ... ... ... ... ... Tuli/Tóli.",en,qwen3.5-0.8B-ft_multi-lang,"Sveinn, the Titultult, and Fuþorkrinnr's husbandman, §B He died in Alsti, and in Alsti, he died in Alsti."
75,÷ salsi karþi sul ÷ D ÷ skut- - þ--a hiu ×,Sôlsi(?) made(?) the sun(?). Dagr(?) cut(?) this(?) on the cliff-face.,en,qwen3.5-0.8B-ft_multi-lang,"Sælsi carved this stone in memory of Skut, his father."
76,: asmuhtr : auk : fraybiurn · litu kera : meki · siRun · at · herbiurn · faþur : sin :,"Ásmundr and Freybjôrn had the rune-decorated landmark made in memory of Herbjôrn, their father.",en,qwen3.5-0.8B-ft_multi-lang,"Asmundr and Fræbjôrn had the stone made in memory of Hræbjôrn, their father."
77,kuni lit rista runaR þisar eftR sik · kuikhan þurhkutr · risti runa þisar fots arfi,"Gunni had these runes carved in memory of himself while alive. Þorgautr, Fótr's heir, carved these runes.",en,qwen3.5-0.8B-ft_multi-lang,"Gunni had the runes carved in memory of Sigvaldr, his father. He carved the runes in memory of his father."
78,hulm(k)iR · auk · labus · auk · lafsi · þaiR · litu · raisa stain · at aib-rn · faþur sin koþan · ...t...,"Holmgeirr and <labus> and Lafsi, they had the stone raised in memory of Eibjôrn, their good father ...",en,qwen3.5-0.8B-ft_multi-lang,"Holmgeirr and Labus and Lafsi, they had the stone raised in memory of Ábjórn, their father. ..."
79,†M [pær krusis ok sihnum : fgiaþ : ¶ : prokul : omne : malihnum +],†M With this sign of the cross will all evil flee far away.,en,qwen3.5-0.8B-ft_multi-lang,"†M Peter and Signum, they made the monument in memory of all the malihnum."
80,la-rans : gierþi : s[t]ai(n) : (þ)-,Lafranz made this stone.,en,qwen3.5-0.8B-ft_multi-lang,Láranðr had this stone cut.
81,... ...ta · stiu(b) · (s)in · ha- ...,"... ..., his/her step(-son). He ...",en,qwen3.5-0.8B-ft_multi-lang,... this stone in memory of ...
82,[tora · lit · raisa · sti]n [· þina · i]ftiR · rolif · sun · sin · kuþ · hialbi · ant [· hans fotr · risti ·],"Tóra had this stone raised in memory of Hróðleifr, her son. May God help his spirit. Fótr carved.",en,qwen3.5-0.8B-ft_multi-lang,"Tora had the stone raised in memory of Róleifr, his son, a good man. May God help his spirit."
83,ma^ria : mika(l) ¶ a mik br(i)kil ¶ torir §Q ma^ria : mika(i) ¶ a mik brakil ¶ torir,"Mary, Mikjáll owns me, Brigit(?). Þórir. §Q Mary, Mikjáll! Brakil/Brigit owns me. Þórir.",en,qwen3.5-0.8B-ft_multi-lang,"May God help me, May God help my brother, May God help me, May God help my brother. §Q May God help me, May God help my brother."
84,... ...isti : krus : -... ¶ ...ir : mol:mu... ...,... raised (this?) cross in memory of Maelmuire ...,en,qwen3.5-0.8B-ft_multi-lang,... raised ... ... ...
85,ragna : let × raisa × stain × þin(a) ... ... × sun × kuþbirnaR × trenk × ufi(l)an,"Ragna had this stone raised ... ... Guðbjôrn's son, an undaunted valiant man.",en,qwen3.5-0.8B-ft_multi-lang,Ragni had this stone raised ... ... his mother's son. Heptibrunn carved the bridge.
86,· sistin · ris(þ)... ... §B ...ftiR · keRmut · mak si...,"Sigsteinn raised ... §B in memory of Geirmundr, his kinsman-by-marriage.",en,qwen3.5-0.8B-ft_multi-lang,Sjastinn raised ... §B ... made ...
87,[: rakR : lakþi : stin : yfiR : þiuk : s...n : sin : s...],"Rekkr laid the stone over Þjokkr, his son ...",en,qwen3.5-0.8B-ft_multi-lang,"Rakr had the stone raised in memory of Þjóðr, his son."
88,þurkl × auk + kisl + -itu + rais- ... þian + iftR + faþur sn + kans- ku- hialbi ant hans,Þorkell and Gísl had this stone raised in memory of their father Gansi(?)/Knasi(?). May God help his spirit.,en,qwen3.5-0.8B-ft_multi-lang,Þorðr and Gísl(?) and Jóni raised ... they had this stone in memory of their father. God help his spirit.
89,biarn · li(t) ... ...- · ul- -(o)(r)oþur · sen ·,"Bjôrn had ... ... Ulfr, his brother.",en,qwen3.5-0.8B-ft_multi-lang,"Bjǫrn(?) had ... and Uldróðr, his son."
90,[tiarfR · raisti · stain : þinsa : at : irim : faþur : sin : kuþan :],"Djarfr raised this stone in memory of Grímr, his good father.",en,qwen3.5-0.8B-ft_multi-lang,"Þorfrr raised this stone in memory of Írmarr, his father. May God help his spirit."
91,[huitr ok| |karl ouk ulf l...u ...ris...],Hvítr and Karl and Ulfr(?) had ...,en,qwen3.5-0.8B-ft_multi-lang,Hvíttr and Karl and Ulfr ... ...rised.
92,... ...arl ' uk ihulbiurn ' litu rita stono þisa ' uk| |kirua bru þisa ' at iafur faþur si... ... (h)ialbi ont hos,"... Karl and Ígulbjôrn had these stones erected and this bridge made in memory of Jôfurr, their father ... may help his spirit.",en,qwen3.5-0.8B-ft_multi-lang,"... Órgrímr and Ingjǫblírn had this stone raised in memory of Ingjǫblírn, their brother. In memory of Áfrófr, their father ... in memory of Órgrímr, their son."
93,[...-R lit ' r...] ... ...- ÷ sina ÷ k...,... had (the stone) raised/erected ... ... their/his ...,en,qwen3.5-0.8B-ft_multi-lang,... had ... his ...
94,[as]kil : lit : rita : stin : þa[na · -f-]- : u[n]-- : faþur : [si]n [-u-]a : kuþ[an],"Áskell had this stone erected in memory of ... his father, a good husbandman.",en,qwen3.5-0.8B-ft_multi-lang,"Ásgill had the stone raised in memory of Ánn, his son. May God help his spirit."
95,þruntr × risti + tsin × þinsa + aftiR · þurtsin [faþ](u)r sin,"Þróndr raised this stone in memory of Þorsteinn, his father.",en,qwen3.5-0.8B-ft_multi-lang,"Þróntr raised this stone in memory of Þórsinn, his father."
96,fastkaiR fastlauk at sun sin litu (h)akua at nefkair,"Fastgeirr (and) Fastlaug had (the stone) cut in memory of Nefgeirr, in memory of their son.",en,qwen3.5-0.8B-ft_multi-lang,Fastgiarr Fastglugg Fastlugg Fastlugg Fastlugg Fastlugg Fastlugg Fastlugg Fastlugg Fastlugg Fastlugg Fastlugg Fastlugg Fastlugg Fastlugg Fastlugg Fastlugg Fastlugg Fastlugg Fastlugg Fastlugg Fastlugg Fastlugg Fastlugg Fastlugg Fastlugg Fastlugg Fastlugg Fastlugg Fastlugg Fastlugg Fastlugg Fastlugg Fastlugg Fastlugg Fastlugg Fastlugg Fastlugg Fastlugg Fastlugg Fastlugg Fastlugg Fastlugg Fastlugg Fastlugg Fastlugg Fastlugg Fastlugg Fastlugg Fastlugg Fastlugg Fastlugg Fastlugg Fastlugg Fastlugg Fastlugg Fastlugg Fastlugg Fastlugg Fastlugg Fastlugg Fastlugg Fastlugg Fastlugg Fastlugg Fastlugg Fastlugg Fastlugg Fastlugg Fastlugg Fastlugg Fastlugg Fastlugg Fastlugg Fastlugg Fastlugg Fastlugg Fastlugg Fastlugg Fastlugg Fastlugg Fastlugg Fastlugg Fastlugg Fastlugg Fast
97,o^not^r : a mik : a ho^no^m,Ônundr of Hornar owns me.,en,qwen3.5-0.8B-ft_multi-lang,... ... ... ... ...
98,tuki : ri(s)-- ¶ -tin : þansi : ift ¶ þurstin : sin ¶ -(r)uþur : nuk ¶ igi : sin : faþu-,"Tóki raised this stone in memory of Þorsteinn, his brother, and Ingi, his father.",en,qwen3.5-0.8B-ft_multi-lang,"Tóki raised this stone in memory of Þorsteinn, his brother. May God help his spirit."
99,[× sibi × auk × irmuntr × auk × þoriR × litu × raisa × stain × iftiR × s(u)... ... ...-- (h)(a)n · to × austr × sun × kismuntaR],"Sibbi and Ernmundr and Þórir had the stone raised in memory of ... ... ... He, Gísmundr's son, died in the east.",en,qwen3.5-0.8B-ft_multi-lang,"Sibi and Írmundr and Þórr had the stone raised in memory of their father ... ... in memory of Ástr, their son. Kismundr."
100,... stin : þinsi : i--iR : un...,... this stone in memory of ...,en,qwen3.5-0.8B-ft_multi-lang,... this stone in memory of ...
1,[hualf : lit ... ufir : tar : fadur : simun ...],... had the vault [made] ... over their father Símon ...,de,qwen3.5-0.8B-ft_multi-lang,"Hvalfr had the stone raised in memory of Tar, his father."
2,...(a)lui : lit * kira : kubl : ifti... ... burþur : ulfs * þiR * a(u)... ... (m)iþ * ikuari : o : sirk*la(t)...,...-vé had the monument made in memory of ... Ulfr's brother. They in / to the east ... with Ingvarr in Serkland.,de,qwen3.5-0.8B-ft_multi-lang,"... had the stone cut in memory of ... his brother Ulfr, ... in memory of Ingvarr, his sister."
3,þat ik uk (M) nona ¶ snonk=uk(t)(i)unf(i) ¶ sak a=rf hit(r)k ¶ þik,... ... ... ... ... ... ... ... ... …,de,qwen3.5-0.8B-ft_multi-lang,"He who made the stone and the bridge, he made the bridge."
4,§A nasi × auk : þair : bruþr : raistu : stain : þisa ×,"§A Nasi/Nesi and his brothers raised this stone §B in memory of Jarl, their good father, and made the bridge as thanks to God.",de,qwen3.5-0.8B-ft_multi-lang,§A Nasi and Þeir had the stone raised in memory of ... §B Þorsteinn ...
5,[(n)...i...iukaR : auk : biorn : auk : farulfi : þiR : litu : risa : stan : aftiR * aka : faþur : sin * hat : uaR : uskul * þik : þRa *],"... and Bjǫrn and Farulfr, they had the stone raised in memory of Áki, their father. He was ...",de,qwen3.5-0.8B-ft_multi-lang,... ... ... ... ... ... ... ... ... ... ... ... ... ... ... ... ... ... ... ... ... ... ... ... ... ... ... ... ... ... ... ... ... ... ... ... ... ... ... ... ... ... ... ... ... ... ... ... ... ... ... ... ... ... ... ... ... ... ... ... ... ... ... ... ... ... ... ... ... ... ... ... ... ... ... ... ... ... ... ... ... ... ... ... ... ... ... ... ... ... ... ... ... ... ... ... ... ... ... ... ... ... ... ... ... ... ... ... ... ... ... ... ... ... ... ... ... ... ... ... ... ... ... ... ... ... ... ... ... ... ... ... ... ... ... ... ... ... ... ... ... ... ... ... ... ... ... ... ... ... ... ... ... ... ... ... ... ... ... ... ... ... ... ... ... ... ... ... ... ... ... ... ... ... ... ... ... ... ... ... ... ... ... ... ... ... ... ... ... ... ... ... ... ... ... ... ... ... ... ... ... ... ... ... ... ... ... ... ... ... ... ... ... ... ... ... ... ... ... ... ... ... ... ... ... ... ... ... ... ... ... ... ... ... ... ... ... ... ... ... ... ... ... ... ... ... ... ... ... ... ... ... ... ... ... ...
6,§A ...r × ok × e...,§A ... and ... §B ...,de,qwen3.5-0.8B-ft_multi-lang,§A ... ... §B ... ...
7,k-na : let : legia : st¶in : þensi : auk : tuki :,Ginna(?)/Gína(?) had this stone laid and (i.e. with) Tóki.,de,qwen3.5-0.8B-ft_multi-lang,"Kna has made the stone in memory of Tóki, her husband."
8,§A (m)a(l)(i) : es : a : s(t)ain(i) : þesu(m) : a- ...,"§A The agreement on this stone is, that ... §B half of the warping-line lie to ... §C as property and as allodial land ... ...",de,qwen3.5-0.8B-ft_multi-lang,§A ... ... ... §B ... ... ... ... ... ... ... ... ... ... ... ... ... ... ... ... ... ... ... ... ... ... ... ... ... ... ... ... ... ... ... ... ... ... ... ... ... ... ... ... ... ... ... ... ... ... ... ... ... ... ... ... ... ... ... ... ... ... ... ... ... ... ... ... ... ... ... ... ... ... ... ... ... ... ... ... ... ... ... ... ... ... ... ... ... ... ... ... ... ... ... ... ... ... ... ... ... ... ... ... ... ... ... ... ... ... ... ... ... ... ... ... ... ... ... ... ... ... ... ... ... ... ... ... ... ... ... ... ... ... ... ... ... ... ... ... ... ... ... ... ... ... ... ... ... ... ... ... ... ... ... ... ... ... ... ... ... ... ... ... ... ... ... ... ... ... ... ... ... ... ... ... ... ... ... ... ... ... ... ... ... ... ... ... ... ... ... ... ... ... ... ... ... ... ... ... ... ... ... ... ... ... ... ... ... ... ... ... ... ... ... ... ... ... ... ... ... ... ... ... ... ... ... ... ... ... ... ... ... ... ... ... ... ... ... ... ... ... ... ... ... ... ... ... ... ... ... ... ...
9,× orikia × auk × ikul × litu × raisa × stain × ... ...biurn × faþur sin ×,"Órœkja and Ígull had the stone raised ... ...-bjǫrn, their father.",de,qwen3.5-0.8B-ft_multi-lang,Orgíka and Ingjǫlk had the stone raised ... their father.
10,...[rn :] auk * fasti : raist=u st[a]in ** at * k(i)(l)beaurn : faþ(u)r : si(n) : [buata : þo]r[*kiai]rþ[i **],"Bjǫrn and Fasti raised the stone in memory of Ketilbjǫrn(?), their father, Þorgerðr's husbandman.",de,qwen3.5-0.8B-ft_multi-lang,"... ... Fasti, Resting stone in memory of Glebiðr, his father. Búta, the good(?)(?)"
11,§A ...þi---- (+) -ftir + foþur (:) sin (:) þurbio-...,§A ... in memory of his father Þorbjǫrn. §B ...,de,qwen3.5-0.8B-ft_multi-lang,§A ... ... ... ... ... ... ... §B ... ... ... ... ... ... ... ... ... ... ... ... ... ... ... ... ... ... ... ... ... ... ... ... ... ... ... ... ... ... ... ... ... ... ... ... ... ... ... ... ... ... ... ... ... ... ... ... ... ... ... ... ... ... ... ... ... ... ... ... ... ... ... ... ... ... ... ... ... ... ... ... ... ... ... ... ... ... ... ... ... ... ... ... ... ... ... ... ... ... ... ... ... ... ... ... ... ... ... ... ... ... ... ... ... ... ... ... ... ... ... ... ... ... ... ... ... ... ... ... ... ... ... ... ... ... ... ... ... ... ... ... ... ... ... ... ... ... ... ... ... ... ... ... ... ... ... ... ... ... ... ... ... ... ... ... ... ... ... ... ... ... ... ... ... ... ... ... ... ... ... ... ... ... ... ... ... ... ... ... ... ... ... ... ... ... ... ... ... ... ... ... ... ... ... ... ... ... ... ... ... ... ... ... ... ... ... ... ... ... ... ... ... ... ... ... ... ... ... ... ... ... ... ... ... ... ... ... ... ... ... ... ... ... ... ... ... ... ... ... ... ... ... ... ...
12,[... uaR * tauþr × i austr*uih- ...],... died on the eastern route ...,de,qwen3.5-0.8B-ft_multi-lang,"... the stone in memory of Ástrúðr, his brother."
13,k suntahr tir brim o=k i treta=ntu rato,K (was) the Sunday[-stave] and Tyrr the prime-stave in the thirteenth row.,de,qwen3.5-0.8B-ft_multi-lang,"Suntahr, the brother of the man who made the stone."
14,§A ... ¶ ... ¶ ... ¶ ...,§A ... ... ... ... §B ... ... ...,de,qwen3.5-0.8B-ft_multi-lang,§A ... §B ... §C ...
15,[... ...lfa : faþur * sin : auk ...],"... (in memory of) Þjalfi(?), his father and ...",de,qwen3.5-0.8B-ft_multi-lang,... ... ... ... ... ...
16,... : [ai](f)(t)(i)(r) * (m)(u)... * (u)…,... in memory of <mu-> ...,de,qwen3.5-0.8B-ft_multi-lang,... in memory of ... ...
17,§A ol(a)f(r) : hnaki : -... ...ra : famtan : (b)o : kan-þis... ...n(m)... ...(i)rþi : s---...,§A Ólafr the Neck ... ... fifteen estates ... ... ... ... §B all may violate Gautr(?) ...,de,qwen3.5-0.8B-ft_multi-lang,§A Ólfrr had ... ... ... ... ... ... ... §B ... ... ... ... ... ... ... §C ... ... ... ... ... ... ... §D ... ... ... ... ... ... ...
18,[biriki ÷ birita ÷ batar ÷ ok ÷ akhi ÷ kyrþi kirkuh ÷ asur ÷ ok ÷ skuli ÷ ok ÷ þorþr ÷ ok ÷ ku=nar ÷ i siua---sta ÷],May Birita save (us). Pétr and Áki made the church. Ôzurr and Skúli and Þórðr and Gunnarr in Sigvaldstaðir.,de,qwen3.5-0.8B-ft_multi-lang,Bíriki and Bítara and Akhi and Kyrrði and Kirguð and Ásur and Skuli and Þorðr and Gunnar. They made the stone.
19,þo=rir * ræist * runa=r * þessa=r * þan * olaus*mess*o=æpþa=n ¶ ...r han * fo=r * he=r um ¶ ÷ bæþe= =ge=rþo= =no=(r)ne=r * uæl * o=k * il=la * mikla * møþe ¶ g skapaþu * þær mer,"Þórir carved these runes on the eve of Olaus-mass, when he travelled past here. The norns did both good and evil, great toil ... they created for me.",de,qwen3.5-0.8B-ft_multi-lang,"Þorir raised these runes in memory of Ólaðr, his father. He was a good man. He made the stone."
20,+ BONDO FRISO ME FECIT | ESGERVS RØTH ME FECIT : FIERI | fuþorkhniastblmy---,"Bondo (the) Frisian made me, Esgervs Red had me made. Golden numbers.",de,qwen3.5-0.8B-ft_multi-lang,"Bono Friso made this for Esgerðr, the good husbandman."
21,[stoþi * auk * sihtiarfr *  þorker * lit]u * ris[t]a * stin at * aistu[lf * b]roþu[r *] (s)in [sun þorkerþa],"Stóði and Sigdjarfr and Þorgerðr had the stone carved in memory of Eistulfr, their brother, Þorgerðr's son.",de,qwen3.5-0.8B-ft_multi-lang,"Stóði and Sighjǫrfr(?) had this stone raised in memory of Ástulfr, their brother."
22,þoriR × lit hakua stain at * binu fiþur sin × ketilu[i × at × b]onta sin ×,"Þórir had the stone cut in memory of Bína(?), his father; Ketilvé in memory of her husbandman.",de,qwen3.5-0.8B-ft_multi-lang,"Þorir had the stone cut in memory of Bjǫrn, her husbandman. Ketil(?) cut in memory of her husbandman."
23,+ annus * inkannacionis : domini : millesimus * ducentisimus : tris=cesimus : oktauus : erat : fakta * ak kampana : bero : s=crp*sit,Anno incarnationis Domini millesimo ducentesimo tricesimo octavo erat facta hæc campana. Bero scripsit.,de,qwen3.5-0.8B-ft_multi-lang,Annuus annus annus annus annus annus annus annus annus annus annus annus annus annus annus annus annus annus annus annus annus annus annus annus annus annus annus annus annus annus annus annus annus annus annus annus annus annus annus annus annus annus annus annus annus annus annus annus annus annus annus annus annus annus annus annus annus annus annus annus annus annus annus annus annus annus annus annus annus annus annus annus annus annus annus annus annus annus annus annus annus annus annus annus annus annus annus annus annus annus annus annus annus annus annus annus annus annus annus annus annus annus annus annus annus annus annus annus annus annus annus annus annus annus annus annus annus annus annus annus annus annus annus annus annus annus annus ann
24,§A kruhs markus (s)u--io-(b) ¶ --(u)(h)(s) (m)aþ(e)(u)s -- §B (k)ruhs iohanæs ¶ (k)ruhs (l)(u)k-- --,"§A Crux, Marcus, ... crux, Matthæus, ... §B crux, Johannes, crux, Lucas …",de,qwen3.5-0.8B-ft_multi-lang,"§A Grúðs, Máðr, ... §B Grúðs, Jóaneðr ..."
25,[* iskirun * harþiR * totiR * lit * risti * runiR * ati * sik * sialfan * hn * uil * austr * fara * auk * ut * til * iursala * fair * risti * runiR *],"Ingirún(?) Harðr's daughter, had the runes carved in memory of herself. She wants to travel to the east and abroad to Jerusalem. Fótr(?) carved the runes.",de,qwen3.5-0.8B-ft_multi-lang,... ... ... ... ... ... ... ... ... ... ... ... ... ... ... ... ... ... ... ... ... ... ... ... ... ... ... ... ... ... ... ... ... ... ... ... ... ... ... ... ... ... ... ... ... ... ... ... ... ... ... ... ... ... ... ... ... ... ... ... ... ... ... ... ... ... ... ... ... ... ... ... ... ... ... ... ... ... ... ... ... ... ... ... ... ... ... ... ... ... ... ... ... ... ... ... ... ... ... ... ... ... ... ... ... ... ... ... ... ... ... ... ... ... ... ... ... ... ... ... ... ... ... ... ... ... ... ... ... ... ... ... ... ... ... ... ... ... ... ... ... ... ... ... ... ... ... ... ... ... ... ... ... ... ... ... ... ... ... ... ... ... ... ... ... ... ... ... ... ... ... ... ... ... ... ... ... ... ... ... ... ... ... ... ... ... ... ... ... ... ... ... ... ... ... ... ... ... ... ... ... ... ... ... ... ... ... ... ... ... ... ... ... ... ... ... ... ... ... ... ... ... ... ... ... ... ... ... ... ... ... ... ... ... ... ... ... ... ... ... ... ... ... ... ... ... ... ... ... ... ... ... ... ... ... ...
26,[isifara · auk · k... ... ...-r · sin · hon tu i krikum],<isifara> and ... ... their … He died in Greece.,de,qwen3.5-0.8B-ft_multi-lang,Isfjǫr and ... ... ... their sons. They made a grave.
27,biarfaa : statu : sis[o] stain ¶ hakbiarn :  bruþr  ¶ ruþuisl : austain : imuar ¶ is af[a] : st[ai]n[a] : stata : aft : raf[a] ¶ su[þ] furi : ru[f]staini : kuamu ¶ uit i aifur : uifil ¶ [ba]uþ [u=m],"Hegbjǫrn raised this stone glaring (and his) brothers Hróðvísl, Eysteinn, <-muar>, who have had stones raised in memory of Hrafn south of Rofstein. They came far and wide in Eifor. Vífill bade ...",de,qwen3.5-0.8B-ft_multi-lang,"Bjǫrfaðr had the stone raised in memory of Hǫkbiarn, his brother, a good man. He died in the year 843. He was buried in the valley of Fjǫrsteinn, in the valley of Áfr."
28,[turi : sati : stin : þonsi : aftir : askut : bruþur : sin : iar : barþi : iattin : þikra : i : iatustun : auk : brunia : fik : harþa : kuþan *],"Dýri(?) placed this stone in memory of Ásgautr, his brother, who lived(?) in Jǫtunstaðir(?) and Brúni, a very good valiant man.(?)",de,qwen3.5-0.8B-ft_multi-lang,"Tórsteinn/Satinn(?) raised this stone in memory of Ásgút, their brother, and in memory of Játveinn, their husbandman."
29,...[(n) '] uk ' ihul ' uk ' gisl ' uitr ' li... …,... and Ígull and Gísl (and) Eyndr(?) had ...,de,qwen3.5-0.8B-ft_multi-lang,... and Ingjǫll and Gisl and Vǫtr ...
30,--rþr * ris-- * kuml * þe... ... ...-aþis * o * eklanti,Þórðr raised this/these(?) monument(s) ... met his end in England.,de,qwen3.5-0.8B-ft_multi-lang,... raised this monument in memory of ... ... ...
31,§P [katil × risti × sten × efti sin broþur : nahhar stens su- +],"Ketill raised the stone in memory of his brother Nagr(?), Harðsteinn's son.",de,qwen3.5-0.8B-ft_multi-lang,"§P Katil raised this stone in memory of his brother Nǫgharr, his son."
32,[+ butulfr : ... : ...s...r : butuiþr : ok : iakaupr : ok : olafr : ...],Bótulfr ... ... Bótviðr and Jakobr and Ólafr ...,de,qwen3.5-0.8B-ft_multi-lang,Bottulfr ... ... ... ... ... ... ... ...
33,× fastbiurn × lit rita × stain × iftiR mintil × faþurR sin,"Fastbjǫrn had the stone erected in memory of Myndill, his father.",de,qwen3.5-0.8B-ft_multi-lang,"Fastbjǫrn had the stone raised in memory of Mántil, his father."
34,§A pa=l æi(n)(a)=(r)so=n : ræist : run(a)=(r) (:) þæs...,§A Páll Einarr's son carved these runes §B ... this stone in memory of ...,de,qwen3.5-0.8B-ft_multi-lang,§A Páldar's son raised the runes ... ... §B Páldar's son raised the runes ... §C Páldar's son raised the runes ... §D Páldar's son raised the runes ...
35,* ali : lakþi : stin : þasi : uftiR : uþu : kunu : s... ...u : harþa : kuþa,"Áli/Alli laid this stone in memory of Auða, his wife ... very good.",de,qwen3.5-0.8B-ft_multi-lang,"Alí had this stone raised in memory of Óðurr, his good husbandman."
36,--ti- + karþi × br(u) + þasi + a-tiR + hemkil + auk * siba sunu × sina,"<--ti-> made this bridge in memory of Heimkell and Sibbi, her sons.",de,qwen3.5-0.8B-ft_multi-lang,"... the bridge in memory of Hemkell, his son."
37,Side A : tuki : r-... : br--... Side B ...-s-…,Tōki …,de,qwen3.5-0.8B-ft_multi-lang,Tóki raised ...
38,§A ... ¶ ... §B ... ¶ …,§A ... ... §B ... …,de,qwen3.5-0.8B-ft_multi-lang,§A ... §B ...
39,+ aslagr : pr(e)str * reit * runa=r þessa=r,Áslakr the priest wrote these runes.,de,qwen3.5-0.8B-ft_multi-lang,Áslagr had the stone raised in memory of ...
40,h[outi]an [* auk * asur * þair * litu *] (r)aisa * merki * þisa * at [*] (u)l[f] * faþur * sin *,"<houtian> and Ôzurr, they had these landmarks raised in memory of Ulfr, their father.",de,qwen3.5-0.8B-ft_multi-lang,"Hóðja and Ásvarr had this stone raised in memory of Úlfr, their father."
41,§A -uki : os^a : b : r^aisþ^a : u^ar : aft : -^t-a^þ : -(i)- : nafis §B : þo : is : o(s)(i) : --- : þ^aþa^n : (a)(u)- -u^a : staina : þisa : -----,§A ... §B …,de,qwen3.5-0.8B-ft_multi-lang,§A ... ... ... ... ... §B ... ... ... ... ... ...
42,tu-iR : resþi : sta... ... unþik : bru-ur : sin :,"Tólir/Dóttir raised the stone ... Óníðingr, his/her brother.",de,qwen3.5-0.8B-ft_multi-lang,"Tjǫr raised this stone ... and Brǫðurr, his brother."
43,a	b	c	d	e	f	g	h	i	k	l	m	n	o	p	r	s	t	u	v	y	.	þ	.	.	.,a	b	c	d	e	f	g	h	i	k	l	m	n	o	p	r	s	t	u	v	y	.	þ	.	.	.,de,qwen3.5-0.8B-ft_multi-lang,a	b	c	d	e	f	g	h	i	k	l	m	n	o	p	r	s	t	u	v	y	.	þ	.	.	.
44,× þorkis[l] -uk × þorstin auk × uibiarn × auk × olifr × --tu × raisa × stin × eftiR × þorbiarn × faþur × sin,"Þorgísl and Þorsteinn and Vébjǫrn and Óleifr had the stone raised in memory of Þorbjǫrn, their father.",de,qwen3.5-0.8B-ft_multi-lang,"Þorsteinn and Þorsteinn and Víbjǫrn and Ólfr, they raised the stone in memory of Þorbjǫrn, their father."
45,[kalukR lit × risa × stn × þina × iftR × siba · boanta sin × koes...--... faþur · s¶in han fal · s... ¶ keþfrekr],"<kalukR> had this stone raised in memory of Sibbi, her husbandman ... her father. He fell south(?) …",de,qwen3.5-0.8B-ft_multi-lang,"Kalukr had the stone raised in memory of Sigbi, his brother, a good man, his father Sigbi, and Ketfríkr."
46,§A + tak ' hiR krist * (e)yratr * hafir * kart ' klukhera * sun ' amen,"§A Thank-you(?), Lord(?) Christ. Eyrhvatr(?) has made, son of the organist. Amen. §B Jubilant.",de,qwen3.5-0.8B-ft_multi-lang,"§A Tack, here Christ Jesus, the Father, and the Lord, Christ, the Son of God. Amen. §B Tack, here Christ Jesus, the Father, and the Lord, Christ, the Son of God. Amen."
47,§A d=um * das : ka=rus * e=ris : da=re : des--,"§A As long as you give, you will be held dear; if you abandon giving, §B you will be despised.",de,qwen3.5-0.8B-ft_multi-lang,§A ... ... ... ... ... §B ... ... ... ... ... ... ... ... ... ... ... ... ... ... ... ... ... ... ... ... ... ... ... ... ... ... ... ... ... ... ... ... ... ... ... ... ... ... ... ... ... ... ... ... ... ... ... ... ... ... ... ... ... ... ... ... ... ... ... ... ... ... ... ... ... ... ... ... ... ... ... ... ... ... ... ... ... ... ... ... ... ... ... ... ... ... ... ... ... ... ... ... ... ... ... ... ... ... ... ... ... ... ... ... ... ... ... ... ... ... ... ... ... ... ... ... ... ... ... ... ... ... ... ... ... ... ... ... ... ... ... ... ... ... ... ... ... ... ... ... ... ... ... ... ... ... ... ... ... ... ... ... ... ... ... ... ... ... ... ... ... ... ... ... ... ... ... ... ... ... ... ... ... ... ... ... ... ... ... ... ... ... ... ... ... ... ... ... ... ... ... ... ... ... ... ... ... ... ... ... ... ... ... ... ... ... ... ... ... ... ... ... ... ... ... ... ... ... ... ... ... ... ... ... ... ... ... ... ... ... ... ... ... ... ... ... ... ... ... ... ... ... ... ... ... ... ...
48,[× aist]r × lit × [ra... ... ... suart×haufþa × faþur] ...,"Eistr had … raised in memory of Svarthǫfði, his father.",de,qwen3.5-0.8B-ft_multi-lang,Aistr had ... ... his father ...
49,bosi : tlhi ¶ kirki ¶ bosi : ta=lh`þ´i sten ¶ til skatma ¶ kirkiu,Bósi shaped the church. Bósi shaped the stone for the church of the inhabitants of Skatelöv.,de,qwen3.5-0.8B-ft_multi-lang,"Bosí, the bishop, built the church. He was a good man."
50,baki : fulk(s)tin þiR : raisþu : stin : þan:si : at : faþur : sin kitilhafþa þ=r=u=t=a=R= =þ=i=a=k=n uit,"Banki/Baggi (and) Folksteinn, they raised this stone in memory of their father Ketilhǫfði, a Þegn of strength. ...",de,qwen3.5-0.8B-ft_multi-lang,"Bjǫki, Fulksteinn, raised this stone in memory of his father, Kitilhaffi, who died."
51,riuiþr : risiþ : sti : þasi : auftiR : kirm : su : sin : miuk : kuþan : trik :,"<riuiþr> raised this stone in memory of Grímr, his son, a very good valiant man.",de,qwen3.5-0.8B-ft_multi-lang,"Ríðbjǫrn raised this stone in memory of Germandr, his son. May God help his spirit."
52,auþa : auk : ika * auk * erintis * þriþi * hafa * muþk-... -þ um * karua * stain ra--... itiR * suain * faþur : sin * auk * at kuþfast * bruþr * sin * han uaR : sun : auþuR,"Auða and Inga and Erindís as the third, the mother and daughters have (achieved) the feat of making and raising(?) the stone in memory of Sveinn, their father, and in memory of Guðfastr, their brother. He was Auða's son.",de,qwen3.5-0.8B-ft_multi-lang,"Ávð and Íka and Eiríns, they had this monument made in memory of Karvall, their son. May God fasten their breath. They are sons of Ávar."
53,...--- × lagþu × s... …,... laid the stone ...,de,qwen3.5-0.8B-ft_multi-lang,... ... ... ... ... ... ... ... ... ... ... ... ... ... ... ... ... ... ... ... ... ... ... ... ... ... ... ... ... ... ... ... ... ... ... ... ... ... ... ... ... ... ... ... ... ... ... ... ... ... ... ... ... ... ... ... ... ... ... ... ... ... ... ... ... ... ... ... ... ... ... ... ... ... ... ... ... ... ... ... ... ... ... ... ... ... ... ... ... ... ... ... ... ... ... ... ... ... ... ... ... ... ... ... ... ... ... ... ... ... ... ... ... ... ... ... ... ... ... ... ... ... ... ... ... ... ... ... ... ... ... ... ... ... ... ... ... ... ... ... ... ... ... ... ... ... ... ... ... ... ... ... ... ... ... ... ... ... ... ... ... ... ... ... ... ... ... ... ... ... ... ... ... ... ... ... ... ... ... ... ... ... ... ... ... ... ... ... ... ... ... ... ... ... ... ... ... ... ... ... ... ... ... ... ... ... ... ... ... ... ... ... ... ... ... ... ... ... ... ... ... ... ... ... ... ... ... ... ... ... ... ... ... ... ... ... ... ... ... ... ... ... ... ... ... ... ... ... ... ... ... ... ... ... ... ...
54,a=u=æ ÷ maria ÷ iæssus + {ANNO : DOMINI : MO : CCCO : XLO : QUINTO : DECIMO : SEPTIMO : KLAS : AUGUSTI : CURATO : ECCLEIE : DOMINO : OLAUO : TUTORIBUS : ECCLEIE : GEDSTAUO : ET : NICHOLAO : HAQUINUS : FUDIT : HANC : CAMPANAM : MAGNO : REGE : SUECIE : DNO : SIGGONE : EPISCOPI : SCARENSI} : +,Ave Maria Jesus. {Anno domini millesimo trecentesimo sexagesimo quinto decimo septimo kalendas augusti curato ecclesiae domino Olauo tutoribus ecclesiae Gedstauo et Nicholao Haquinus fudit hanc campanam Magno rege Sueciae domino Siggone episcopo Scarensi.},de,qwen3.5-0.8B-ft_multi-lang,"Ave Maria, Jesus, Anno Domini, Domine, CCCX, XLO, QUINTO, DECIMO, SEPTIMO, CLAS, AUGUSTI, CURATO, ECCLEIE, DOMINO, OLAUO, TUTORIBUS, ECCLEIE, GEDSTAUO, ET, NICHOLAO, HAQUINUS, FUDIT, HANC, CAMPANAM, MAGNO, REGE, SUECIE, DNO, SIGGONE, EPISCOPI, SCARENSI."
55,osfriþr : risþi : stin : þonsi : eftiR : osgiR : hrþa : kuþan : trek : buta * sin,"Ásfríðr raised this stone in memory of Ásgeirr, her husbandman, a very good valiant man.",de,qwen3.5-0.8B-ft_multi-lang,"Osfríðr raised this stone in memory of Ósgi, his good brother. May God help his soul."
56,§A + esse krucem tomini fugite pa=rtes atu=erse : uicit leo * de tribu iuta ratiks ta=uit,"§A Behold the cross of the Lord; flee, you hostile powers. The lion of the tribe of Juda, the root of David, has conquered. §B Four letters on the forehead-plate that Aaron bore on his forehead, Jesus Christ. §C Mark, Matthew, Luke, John. §D Tetragrammaton. Alpha and Omega.",de,qwen3.5-0.8B-ft_multi-lang,"§A Jesus Christ, der Herr, der Herr, der Herr, Jesus Christ, der Herr, der Herr, Jesus Christ, der Herr, Jesus Christ, der Herr, Jesus Christ, der Herr, Jesus Christ, der Herr, Jesus Christ, der Herr, Jesus Christ, der Herr, Jesus Christ, der Herr, Jesus Christ, der Herr, Jesus Christ, der Herr, Jesus Christ, der Herr, Jesus Christ, der Herr, Jesus Christ, der Herr, Jesus Christ, der Herr, Jesus Christ, der Herr, Jesus Christ, der Herr, Jesus Christ, der Herr, Jesus Christ, der Herr, Jesus Christ, der Herr, Jesus Christ, der Herr, Jesus Christ, der Herr, Jesus Christ, der Herr, Jesus Christ, der Herr, Jesus Christ, der Herr, Jesus Christ, der Herr, Jesus Christ, der Herr, Jesus Christ, der Herr, Jesus Christ, der Herr, Jesus Christ, der Herr, Jesus Christ, der Herr, Jesus Christ, der Herr, Jesus Christ, der Herr, Jesus Christ, der Herr, Jesus Christ, der Herr, Jesus Christ, der Herr, Jesus Christ, der Herr, Jesus Christ, der Herr, Jesus Christ, der Herr, Jesus Christ, der Herr, Jesus Christ, der Herr"
57,§A f... ¶ ...ku-... ¶ ...-kas--... ¶ ...-kh--...,§A ... ... ... ... §B ...,de,qwen3.5-0.8B-ft_multi-lang,§A ... §B ... §C ... §D ...
58,Side A ...(k)hniistmlR Side B n,[fuþor]khn[ia]s[tb]lmR …,de,qwen3.5-0.8B-ft_multi-lang,... ... ... ... ... ... ... ... ... ... ... ... ... ... ... ... ... ... ... ... ... ... ... ... ... ... ... ... ... ... ... ... ... ... ... ... ... ... ... ... ... ... ... ... ... ... ... ... ... ... ... ... ... ... ... ... ... ... ... ... ... ... ... ... ... ... ... ... ... ... ... ... ... ... ... ... ... ... ... ... ... ... ... ... ... ... ... ... ... ... ... ... ... ... ... ... ... ... ... ... ... ... ... ... ... ... ... ... ... ... ... ... ... ... ... ... ... ... ... ... ... ... ... ... ... ... ... ... ... ... ... ... ... ... ... ... ... ... ... ... ... ... ... ... ... ... ... ... ... ... ... ... ... ... ... ... ... ... ... ... ... ... ... ... ... ... ... ... ... ... ... ... ... ... ... ... ... ... ... ... ... ... ... ... ... ... ... ... ... ... ... ... ... ... ... ... ... ... ... ... ... ... ... ... ... ... ... ... ... ... ... ... ... ... ... ... ... ... ... ... ... ... ... ... ... ... ... ... ... ... ... ... ... ... ... ... ... ... ... ... ... ... ... ... ... ... ... ... ... ... ... ... ... ... ... ...
59,iþinui ' uk ' austain ' uk ' ulfr ' uk * ol(a)[fr * litu * raisa * s]tain * iftiR hal(f)tan faþur sin,"Heðinvé and Eysteinn and Ulfr and Ólafr had the stone raised in memory of Halfdan, their father.",de,qwen3.5-0.8B-ft_multi-lang,"Íðnvi and Ávæstinn and Ulfr and Ólafr had the stone raised in memory of Halvandr, their father."
60,...-ta : bain : uas * (i)-(u)--...,This bone was ...,de,qwen3.5-0.8B-ft_multi-lang,... had ...
61,§A (b)isi * sati : st[(n)] : þisi : iftiR : þurkut : u----þi : faþur,"§A Bisi placed this stone in memory of Þorgautr ... his father. §B And Gunna, both. Thistle, mistletoe, casket.",de,qwen3.5-0.8B-ft_multi-lang,"§A Bisi sat this stone in memory of Þorgott, his father. §B Bisi sat this stone in memory of Þorgott, his father."
62,× ilturi × lit × raisa × stin × eftiR × sukiR × faþur × sin × kuþ × hialbi * ant * ahns ×,"<ilturi> had the stone raised in memory of Siggeirr/Seygeirr, his father. May God help his spirit.",de,qwen3.5-0.8B-ft_multi-lang,"Hleðviðr had the stone raised in memory of Sveigr, his father, a good man. May God help his spirit."
63,§A · anut · ... ...-n · sin · uk ifti(R) ... ...þa ·,ENG: Ônundr ... his son and in memory of ... ... his => §A Ônundr ... his son and in memory of ... ... §B ... …,de,qwen3.5-0.8B-ft_multi-lang,§A ... ... ... ... ... §B ... ... ... ... ...
64,+ kuþluk * lit ... ... ... ...a × sun * sin * auk * at * sik * sialfa * han * to * a lank*barþa*l--ti *,"Guðlaug had the stones raised in memory of Holmi, her son, and in memory of herself. He died in Lombardy.",de,qwen3.5-0.8B-ft_multi-lang,Gudulk had ... his son and his wife and Sigvaldr's son. He lived long.
65,[anuntr ' uk ' þorbiarn ' li-u * rita sitn yftiR * katelmunt * bruþur],"Ǫnundr and Þorbjǫrn had the stone erected in memory of Ketilmundr, (their) brother.",de,qwen3.5-0.8B-ft_multi-lang,"Anundr and Þorbjǫrn, they laid the stone in memory of Katelmundr, their brother."
66,§A þa : ræist : mik : oa=k : ræisti ¶ [: a]mundi : o=rmstæins:a:sun : a : sot=range,§A Ámundi Ormsteinn's son of Sótrangr carved and raised me then. §B The border-mark is from here east into Langaforsinn. §C fir §D ...,de,qwen3.5-0.8B-ft_multi-lang,"§A Þórsteinn raised me, and raised me, and raised me, and raised me, and raised me."
67,... : þensa : iftir : eskil : (b)(r)-(þ)... …,"... this in memory of Áskell, brother …",de,qwen3.5-0.8B-ft_multi-lang,"... raised this stone in memory of Eskil, his brother."
68,+ suain + auk + biarn × auk × ikulfastr × litu × raisa × stin × eftiR × ikul × faþur × sin ×,"Sveinn and Bjǫrn and Ígulfastr had the stone raised in memory of Ígull, their father.",de,qwen3.5-0.8B-ft_multi-lang,"Sveinn and Bjǫrn and Ingjǫlfr had the stone raised in memory of Ingjǫl, their father."
69,[+ hkir : rullis : raneulfr : sniaual... ...],Here rests(?) Randulfr(?) Snjóvaldr's ...,de,qwen3.5-0.8B-ft_multi-lang,Hjǫr rolled the stone in memory of Snǫgaǫl ...
70,stifatr : sati : stin : þani : efti(r) …,Styfjaldr(?) placed this stone in memory of ...,de,qwen3.5-0.8B-ft_multi-lang,Stjǫftr raised the stone in memory of ...
71,[hulRstan : lit : kera : mer-... ...lf sun sin *],Holmsteinn had the landmark made ... his son.,de,qwen3.5-0.8B-ft_multi-lang,Hulgrstán had this stone made in memory of ... his son.
72,auþbiarn : lit : reisa : stein : ...----... hialbi sialu * has,Auðbjǫrn had the stone raised ... May (God) help his soul.,de,qwen3.5-0.8B-ft_multi-lang,"Auðbjǫrn had the stone raised ... in memory of Sialvi, his son."
73,rehinmoþ : læt * gæra : hualf : ifir * gunnar : æsbeorna=r * so=n : ¶ {HARALDVS : ME : FECIT : MAHISTER ¶ REGINMOT * LET * GERA * HVALF :¶ IFIR : GVNNAR : ESBEORNAR : SON},Reginmóð had the vault made over Gunnarr Ásbjǫrn's son. {Haraldus me fecit magister. Reginmóð had the vault made over Gunnarr Ásbjǫrn's son.},de,qwen3.5-0.8B-ft_multi-lang,"Rheimmundr had this stone cut in memory of Gunnarr, his wife. Harald V, the great-grandfather of the ruler, made this master. Let Geir, his son, be happy."
74,a	b	c	t	e	f	g	h	i	k	?	m	n	o	k	m	r	s	d	u	X	?	þ,a	b	c	t	e	f	g	h	i	k	?	m	n	o	k	m	r	s	d	u	X	?	þ,de,qwen3.5-0.8B-ft_multi-lang,a	b	c	t	e	f	g	h	i	k	?	m	n	o	k	m	r	s	d	u	X	?	þ
75,[(u)tar : auk : -... ... ...þis : a=ustr × ...uk-ma],Óttarr and ... ... met his end in the east ...,de,qwen3.5-0.8B-ft_multi-lang,Vátr and ... ... ... ... ... ... ... ... ... ... ... ... ... ... ... ... ... ... ... ... ... ... ... ... ... ... ... ... ... ... ... ... ... ... ... ... ... ... ... ... ... ... ... ... ... ... ... ... ... ... ... ... ... ... ... ... ... ... ... ... ... ... ... ... ... ... ... ... ... ... ... ... ... ... ... ... ... ... ... ... ... ... ... ... ... ... ... ... ... ... ... ... ... ... ... ... ... ... ... ... ... ... ... ... ... ... ... ... ... ... ... ... ... ... ... ... ... ... ... ... ... ... ... ... ... ... ... ... ... ... ... ... ... ... ... ... ... ... ... ... ... ... ... ... ... ... ... ... ... ... ... ... ... ... ... ... ... ... ... ... ... ... ... ... ... ... ... ... ... ... ... ... ... ... ... ... ... ... ... ... ... ... ... ... ... ... ... ... ... ... ... ... ... ... ... ... ... ... ... ... ... ... ... ... ... ... ... ... ... ... ... ... ... ... ... ... ... ... ... ... ... ... ... ... ... ... ... ... ... ... ... ... ... ... ... ... ... ... ... ... ... ... ... ... ... ... ... ... ... ... ... ...
76,* kiarþar + auk * ioruntr * lata ' reisa * þisa * steina * eftir * systur*suni * sina * irnmunt : auk ' ikiunt *,Gerðarr and Jǫrundr have raised these stones in memory of their sister's sons Ernmundr and Ingimundr.,de,qwen3.5-0.8B-ft_multi-lang,"Kjarðarr and Íorunnr had the stone raised in memory of their husbandman, Írnmundr and Ingjǫrn, who died."
77,kun(t)(k)el : sati : sten : þansi : eftiR : kunar : faþur : sin : sun : hruþa : halgi : lagþi : han : i : sten:þr : bruþur : sin : a : haklati : i : baþum,"Gunnkell placed this stone in memory of Gunnarr, his father, Hróði's son. Helgi laid him, his brother, in a stone coffin in Bath in England.",de,qwen3.5-0.8B-ft_multi-lang,"Gunnell made this stone in memory of Gunnarr, his father. He was a good man. He carved this stone in memory of his father."
78,[sihtia]rf ' auk humbiurn ' [auk þur](b)iurn ' þiR lit[u] r[i](t)a stin þino auk b[ru * kira at iu]n faþur * [sin],"Sigdjarfr and Holmbjǫrn and Þorbjǫrn, they had this stone erected and the bridge made in memory of Jón, their father.",de,qwen3.5-0.8B-ft_multi-lang,"Sigþiðr and Hembjǫrn and Þorbjǫrn, they had the stone raised in memory of their brother Jǫrn, their father."
79,...[r + kiarþi + kuml + þasi ·] -ftiR + kum... ...-a...-...[n +] ¶ ...----------…,... made these monuments in memory of Gummi(?) ... …,de,qwen3.5-0.8B-ft_multi-lang,"... and Geirr, the good man, ... ..."
80,d	e	g	g	p	c|z	?	?	?,d	e	g	g	p	c/z	?	?	?,de,qwen3.5-0.8B-ft_multi-lang,... ... ... ... ... ...
81,+ uibaurn + risti + stin + þasa + aftiR + þurkiR + bruþur + sin,"Vébjǫrn raised this stone in memory of Þorgeirr, his brother.",de,qwen3.5-0.8B-ft_multi-lang,"Víbjǫrn raised this stone in memory of Þorðr, his brother."
82,§A (f)uþ sinniþik §B i guþ gæti ' (i)tþ(i)inatui--i guþ,§A cunt(?) ... §B ... May God protect ... God,de,qwen3.5-0.8B-ft_multi-lang,§A ... ... §B ... ... ... ... ... ... ... ... ... ... ... ... ... ... ... ... ... ... ... ... ... ... ... ... ... ... ... ... ... ... ... ... ... ... ... ... ... ... ... ... ... ... ... ... ... ... ... ... ... ... ... ... ... ... ... ... ... ... ... ... ... ... ... ... ... ... ... ... ... ... ... ... ... ... ... ... ... ... ... ... ... ... ... ... ... ... ... ... ... ... ... ... ... ... ... ... ... ... ... ... ... ... ... ... ... ... ... ... ... ... ... ... ... ... ... ... ... ... ... ... ... ... ... ... ... ... ... ... ... ... ... ... ... ... ... ... ... ... ... ... ... ... ... ... ... ... ... ... ... ... ... ... ... ... ... ... ... ... ... ... ... ... ... ... ... ... ... ... ... ... ... ... ... ... ... ... ... ... ... ... ... ... ... ... ... ... ... ... ... ... ... ... ... ... ... ... ... ... ... ... ... ... ... ... ... ... ... ... ... ... ... ... ... ... ... ... ... ... ... ... ... ... ... ... ... ... ... ... ... ... ... ... ... ... ... ... ... ... ... ... ... ... ... ... ... ... ... ... ... ...
83,...fi... ...(k)þu : yfiR : mu…,... laid over ...,de,qwen3.5-0.8B-ft_multi-lang,... ... ... ... ...
84,§P kuþbirn : uti : þaiR r(a)isþu : stan þansi : at : kuþmar : f(a)þur : sin : stuþ : triki:l(a) : i · stafn skibi : likR uistarla uf huln sar tu :,"§P Guðbjǫrn (and) Oddi, they raised this stone in memory of Guðmarr, their father. He who died stood valiantly in the staff of the ship; (now) lies inhumed in the west. §Q Guðbjǫrn (and) Oddi, they raised this stone in memory of Guðmarr, their father. Stood valiantly in the staff of the ship; lies inhumed in the west, ...",de,qwen3.5-0.8B-ft_multi-lang,"§P Guðbjǫrn, the son of Þórðr, raised this stone in memory of Guðmar, his father. Steffle carved the stone in memory of Ástríste, the great king of Holm. §Q Þórðr, the son of Guðbjǫrn, raised this stone in memory of Guðmar, his father. Steffle carved the stone in memory of Ástríste, the great king of Holm."
85,stein * þænnna * gærðe * ¶ botolfr * steinmeist=aræ,Bótulfr the stonemaster made this stone.,de,qwen3.5-0.8B-ft_multi-lang,"Þeynni, good day, Botolfr, the stone-maker."
86,ormiga : ulfua-r : krikiaR : iaursaliR (:) islat : serklat,"Ormika, Ulfhvatr(?), Greece, Jerusalem, Iceland, Serkland.",de,qwen3.5-0.8B-ft_multi-lang,"Ormígi and Ulfiðr and Ingjǫrðr and Ágursali, they made the stone."
87,-ikfastr : ak × une... ... ...a × eftiR × iluka × fþu... ...,"Sigfastr and Ónæmr ... ... in memory of Illugi, (their) father …",de,qwen3.5-0.8B-ft_multi-lang,Íkfastr and ... ... ... ... ... ...
88,§A ... ...ina : ok (l)... (þ)ena,§A ... stones and ... this §B had made ...,de,qwen3.5-0.8B-ft_multi-lang,§A ... ... ... ... §B ... ... ... ...
89,§A þurstin × uk × ragnfriR × þu (r)(i)stu × stin × þina × iftiR × (b)iur[n] × i krnbu,"§A Þorsteinn and Ragnfríðr, they raised this stone in memory of Bjǫrn in Granbýr, §B Kalfr's brother. Vígmundr slaughtered him. May God help his spirit and soul better than he deserved.",de,qwen3.5-0.8B-ft_multi-lang,"§A Þorsteinn and Ragnfríðr, they had this stone erected in memory of their brother. §B Þorsteinn and Ragnfríðr, they had this stone erected in memory of their brother."
90,fraybiarn : auk : kuþrun : þau : ritu : stain : at * romunt * sun * sin * snialan * haiR * at * marhu * roþkais * broþiR * kuþ * hialbi * antu * ybiR * hiok runaR [iRma : k],"Freybjǫrn and Guðrún, they erected the stone here as a landmark in memory of Hróðmundr, their able son, Hróðgeirr's brother. May God help (his) spirit. Œpir cut the runes ... ...",de,qwen3.5-0.8B-ft_multi-lang,"Fræybjǫrn and Guðrun, they had the stone raised in memory of Romundr, their son. Snialan, he had the bridge made in memory of his father. May God help his spirit."
91,a	b	c	d	e	f	g	h	i	k	l	m	n	o	p	r	s	t	u	.	y	.	þ	æ	ø	.,a	b	c	d	e	f	g	h	i	k	l	m	n	o	p	r	s	t	u	.	y	.	þ	æ	ø	.,de,qwen3.5-0.8B-ft_multi-lang,a	b	c	d	e	f	g	h	i	k	l	m	n	o	p	r	s	t	u	.	y	.	þ	æ	ø	.
92,* þurkiR : resþi : kuml : þusi : eftiR : onut : konb : faþur : sin :,"Þorgeirr raised these monuments in memory of Ônundr Moustache, his father.",de,qwen3.5-0.8B-ft_multi-lang,"Þorgiðr raised this monument in memory of Ónun, his good father."
93,þtæ : ska^rfa^þi : ulæf : fa^rby^nsun,Olafr/Oleifr Farbjǫrnsson joined this together.,de,qwen3.5-0.8B-ft_multi-lang,"Þæste Skjǫrfaðr, Ulvefrínsunn."
94,§PA ÷ ilon ÷ (æ)(l)rikum : nonim ÷ ilon ¶ illy : þ : ilon : r : br * sabaot : zion,§PA Elon ... ... Elon ... ... Elon ... ... Sebaoth Zion §PB Elion ... Adonai lux(?) ... grammaton Sebaoth(?) Michael Gabriel §PC Rafael. §QA Elon ... ... Elon ... ... Elon ... ... Sabaoth Zion(?) §QB Elion ... Adonai lux tetragrammaton Sadai(?) Michael Gabriel §QC Rafael.,de,qwen3.5-0.8B-ft_multi-lang,"§PA Ilónríkum, nonim Ilón, Illi, Ilón, Br, Sáboót, Zion."
95,[asfriþ --- hakua × stan × at × tierf * sun * sin * nasi * at * broþur * sin likbiarn hiak + merki],"Ásfríðr had the stone cut in memory of Djarfr, her son; Nasi/Nesi in memory of his brother. Líkbjǫrn cut the landmark.",de,qwen3.5-0.8B-ft_multi-lang,"Ásfriðr and Hakvǫr had the stone erected in memory of their son, Nasi, and in memory of their brother, Lǫkbjǫrn."
96,...-m : bruþ(i)m : ...(a)im : raist- : kumbl : þitsi : (a)-... | ... (u)k : afteR : as--l : bruþuR : sin : guþ : hi…,"... Bróðir, they raised this monument ... and in memory of Áskell, their brother. God help …",de,qwen3.5-0.8B-ft_multi-lang,"...-m, Bróðr, ... raised this monument in memory of ... ... in memory of his brother."
97,Side A ... -(æ)þ-(-)ti-us : (a)-...--... | ... : os : ræh(n)aþ : k(r)... | ...-...(l)(i)(s)l(æ)i : --ks(i) ... Side B ...þ-(-)t...i... | ...-s : ræh... | ...-(s)l(æ)i : -…,... {os} regnat Christus(?) ... regnat(?) …,de,qwen3.5-0.8B-ft_multi-lang,... ... ... ... ... ... ... ... ... ... ... ... ... ... ... ... ... ... ... ... ... ... ... ... ... ... ... ... ... ... ... ... ... ... ... ... ... ... ... ... ... ... ... ... ... ... ... ... ... ... ... ... ... ... ... ... ... ... ... ... ... ... ... ... ... ... ... ... ... ... ... ... ... ... ... ... ... ... ... ... ... ... ... ... ... ... ... ... ... ... ... ... ... ... ... ... ... ... ... ... ... ... ... ... ... ... ... ... ... ... ... ... ... ... ... ... ... ... ... ... ... ... ... ... ... ... ... ... ... ... ... ... ... ... ... ... ... ... ... ... ... ... ... ... ... ... ... ... ... ... ... ... ... ... ... ... ... ... ... ... ... ... ... ... ... ... ... ... ... ... ... ... ... ... ... ... ... ... ... ... ... ... ... ... ... ... ... ... ... ... ... ... ... ... ... ... ... ... ... ... ... ... ... ... ... ... ... ... ... ... ... ... ... ... ... ... ... ... ... ... ... ... ... ... ... ... ... ... ... ... ... ... ... ... ... ... ... ... ... ... ... ... ... ... ... ... ... ... ... ... ... ... ... ... ... ...
98,* austin * risþi * stin * ayftiR * kata * frita * sin *,"Eysteinn raised the stone in memory of Káti/Gaddi, his kinsman.",de,qwen3.5-0.8B-ft_multi-lang,"Austinn raised the stone in memory of Gaftr, his son."
99,hake ÷ beanar÷sun ÷ a mik ÷ suæn ÷ os-(u)-dar÷sun ÷ slo ÷ mik ÷ osofar ÷ ræs÷t ÷ mik ÷ auk ÷ læiste ÷ oþesndhen ÷ nesta ÷ eptir ÷ olafs÷foku ÷ a seta ÷ are ÷ rikes ÷ f(o)s ÷ firþulhs ÷ hæra ÷ mahnusar ÷ norihs ÷ konohs,"Haki Bjǫrn's son owns me, Sveinn Ásmundr's son hammered me, Ásulfr carved and read me on the first Wednesday after Ólafr's-vigil in the sixth year of the reign of our worthy Sire Magnús, King of Norway.",de,qwen3.5-0.8B-ft_multi-lang,Hake and Bjǫrn and Sveinn and Eystundr and Sól and Mik and Eystundr and Ræst and Mik and Ósfórr and Læste and Óðessdandr and Neta and Eptir and Olafsfríkr and Ferðulfr. May God help them. Norðr and Gunnar.
100,birla : sati : ... | ... : iftiR : tuka | mak : sin …,"Birla placed (this stone?) in memory of Tóki, his/her kinsman-by-marriage.",de,qwen3.5-0.8B-ft_multi-lang,"Bjǫla/Sall(?) made ... in memory of Tóka, her husbandman."
1,* aystin * auk * astriþr * raistu * stina * aftir * kak * sun * sin *,"Östen och Estrid reste stenarna efter Gag, sin son",sv,qwen3.5-0.8B-ft_multi-lang,"Eysteinn och Astriðr reste stenen efter Kakk, sin son"
2,eskil : sulka : sun : let : res(a) ¶ sten : þena : eft : sialfan ¶ sik * e mun * stanta * meþ * sten ¶ lifiR * uitrint * su * iaR * uan * eskil kristr * hialbi * siol * hans ¶ aok * santa * migael toki * risti * runaR * e(f)(t)(i)(R) (*) -(o)ru * ¶ stiubmoþur * sina * kunu * koþa,"Eskil, Sulkes son, lät resa denna sten efter sig själv. Alltid må stå, medan stenen lever, denna minnesskrift, som Eskil gjorde. Kristus hjälpe hans själ och Sankt Mikael.
Toke ristade runorna efter Tora, sin styvmor, en god kvinna.",sv,qwen3.5-0.8B-ft_multi-lang,"Eskel släktade sig sedan reste denna sten efter Sialfann, sin son. Han var en mycket ständig man. Livi röstade efter Sven, sin son. Eskel Krist gjorde denna runa efter Sten, sin son."
3,iskil : auk : knauþimanr : raistu : stain : þansi : at : bruþur : sin : suera : as : uarþ : tauþr * o * eklanti kuml * kiarþu : þatsi [: ki]til  [s](b)[akR],"Eskil och Gnödigmand reste denna sten efter sin broder Sverre, som dog i England. Detta minnesmärke gjorde Kättil och Spak.",sv,qwen3.5-0.8B-ft_multi-lang,"Iskel och Knöðhmannen reste denna sten efter Brudurs sin söner, Arvðr, en mycket god man."
4,₫orka- ' -(u)- ' -(u)--- ' (b)(r)(a)n(t)(r) ' ---... n-...- ' ... ' ybir ' risti,Torkel och ... Brand ... Öpir ristade,sv,qwen3.5-0.8B-ft_multi-lang,Dörk och ... ... ... ... ... ... ...
5,[i-rkiorþ · lit · raisa · stain] · at ' anut ' faþur · sin [auk at ...tau-...] moþur sina · kuþ · hiebi · sal · þair-,"... lät resa stenen efter Anund, sin fader , och efter ... sin moder. Gud hjälpe deras själar.",sv,qwen3.5-0.8B-ft_multi-lang,"Ingjôr och Lät resa denna sten efter Anund, sin fader, och efter ..."
6,× kilauk × aiki × nefs × totiR × lit × raisa × stin × iftiR × trakmal × muþur×faþur × sin ×,"Gillög, Ekinevs dotter, lät resa stenen efter Dragmal, sin morfar.",sv,qwen3.5-0.8B-ft_multi-lang,"Kilvik och Nefs tog denna lätta resa efter Trakmal, sin mor"
7,sihuastr ' uk ' bratr ' uk ' uikitil elha ' lit ' rita stin iftiR ' anhuit ' sun ' sin ' sum '  tauþr '  huita'huaþum ' (k)ristr ' ialbi ' sial ' antuita,"Sigvast och Brand och Vikättel. Helga lät resa stenen efter Andvätt, sin son, som dog i vita vader. Krist hjälpe Andvätts själ.",sv,qwen3.5-0.8B-ft_multi-lang,"Sighast och Bratt och Uviktel, de lät resa stenen efter Anhvid, sin son. Tved är högt. Krist är intressad."
8,aterfr * ... [* fuluki * lit(u)] * res... ... * eftiR * uiterf ' faþur [sin ...arm(i)lr * fals]...,"Ådjärv och Fulluge lät resa stenen efter Vidjärv, sin fader ...",sv,qwen3.5-0.8B-ft_multi-lang,"Återfr ... fuluki lät resa ... efter Vetterf, sin fader."
9,kilinR : r(e)isti ...(u)þur : sin : kuþ : hiabi : s(i)ol : has :,Gilling reste ... sin broder. Gud hjälpe hans själ.,sv,qwen3.5-0.8B-ft_multi-lang,"Gillund reste denna sten efter sin gotta man, Holb, som hade"
10,asgautr : raisti : stin : þena : ... ...(r)(l) : faþur : sin × fostra : arna,"Åsgöt reste denna sten efter ... sin fader, Arnes fosterbroder",sv,qwen3.5-0.8B-ft_multi-lang,Asgard reste denna sten efter ... sin fader Arna
11,: auþkil : uk : suin : karþu : kuml : þusi : RftiR : oskut : hlu : faþur :: sin : kuþan : þRkn :,"Ödkel och Sven gjorde detta minnesmärke efter Åsgöt , sin fader, en god man",sv,qwen3.5-0.8B-ft_multi-lang,"Ågille och Sven, de gjorde denna mull efter Öskund, sin fader. Gud hjälpe sin man."
12,[klintr auk blikr × ristu stin × þinsi * iftiR kunu(i)þ] × faþur × sin + han [× foR bort miþ (i)kuari + kuþ trutin hialbi ont ...](r)[a *] kristin[a þu]r[iR + --an- × ri]s[ti +],"Klint och Blek reste denna sten efter Gunnvid, sin fader. Han for bort med Ingvar. Gud drotten hjälpe alla kristnas ande. Tore ristade runorna.",sv,qwen3.5-0.8B-ft_multi-lang,"Glint och Blidr reste stenen efter Gunnar, sin fader, som hade bort sig mot Gud och tröttnade hans hals ... Kristin, deras resa ..."
13,...[(u)](a)i- × [(a)]uk × ulf- litu × raisa × stai-(a) × e(f)tiR × hlftan * auk * eftiR × kunar × bryţr × sina × ţaiR * antaţus × aust... ...(u)m,"Sven och Ulv lät resa stenarna efter Halvdan och efter Gunnar, sina bröder. De dog österut ...",sv,qwen3.5-0.8B-ft_multi-lang,"... och Ulfr, de lät resa denna sten efter Hlötand och efter Gunnar, sin broder. Han var en mycket god man."
14,+ a-... ... ...- + ra---u + stain + eftir haruk + bruþur + sin + in + rakn-... ... ...anta + sin + auk + at suni + ... ... ... ...ar þisi,"... reste stenen till minne av Haruk, deras broder, och Ragnhild [?] sin make och efter [deras] söner ... dessa runor",sv,qwen3.5-0.8B-ft_multi-lang,"... reste denna sten efter Harg, sin broder, och Ragn... ... sin och Hågg ..."
15,ulfr * uk uikil + uk syrkil * þa... ...- stain * þina i(f)(t)iR ayt--u faþur sin ku*þ (h)ia[lbi] a-t,Ulf och Vikel och Syrkel de .. denna sten efter ... sin fader. Gud hjälpe anden,sv,qwen3.5-0.8B-ft_multi-lang,"Ulfr och Uggill och Syrkell, dessa stenar ..."
16,+ hialmuiþr + raisti + stain + at * þorkut + sun sn + amuti + risti + runar +,"Hjälmvid reste stenen efter Torgöt, sin son. Amunde ristade runorna.",sv,qwen3.5-0.8B-ft_multi-lang,"Hjalmeðr reste stenen efter Torhult, sin son, och Amuti reste runarna"
17,+ þæ(t)(t)a · hus · er · u... kt · dt^rotne · ua^ro... o^k mo^ðo^r · ha^ns · ma^riu a^k pet^re postola,Detta hus är vigt åt vår Herre och hans moder Maria och Petrus aposteln,sv,qwen3.5-0.8B-ft_multi-lang,Töste och ... lät göra detta ...
18,otrukr * ahmuntr : sihraifr : þaiR : litu : hakua : stain : at : bofa : faþur : sin * snialan *,"Otrygg, Agmund, Sigrev, de lät hugga stenen efter Bove, sin fader klok",sv,qwen3.5-0.8B-ft_multi-lang,"Otrogre och Ägmundr, dessa själva lät ha stenen, efter Bofa, sin fader"
19,...mikR * lit * hkua * stain iftR s-... sin koþan,[Hä]ming lät hugga stenen efter sin gode [son],sv,qwen3.5-0.8B-ft_multi-lang,... minne lät göra sten efter sin man ...
20,ikifastr ' lit ' raisa ' stain * uk ' bro ' kera ' eftiR ' iarlabaka ' faþur ' s[in ' uk ' sun ' io]runa ' uk ' ketilau lit ' at ' bonta ' sin ybir risti,"Ingefast lät resa stenen och göra bron efter Jarlabanke sin fader och Joruns son, och Kättilö lät [resa stenen] efter sin man. Öpir ristade",sv,qwen3.5-0.8B-ft_multi-lang,"Ingfastr lät resa denna sten efter Jarlabaka, sin fader, och Sven, sin son. Och Ketilaut lät göra denna bont."
21,ra(h)nfriþr ' lit rasa stain þino ' aftiR biurn * sun þaiRa * kitilmun(t)aR ' kuþ mialbi hons (a)nt auk| |kuþs (m)uþiR hon fil a uirlanti * in osmuntr markaþi,"Ragnfrid lät resa denna sten efetr Björn, hennes och Kättilmunds son. Gud och Guds moder hjälpe hans ande. Han föll i Virland. Och Åsmund ristade.",sv,qwen3.5-0.8B-ft_multi-lang,"Ragnfräldt lät resa denna sten efter Björn, sin son. Götmande Gud hjälpe hans man."
22,ma=ria : ilYihi-- ¶ iY i(Y)a=nis fa=þi(i)(r) ¶ (-)isu tius (*) mius ilYi ¶ Yk sunr Yk anti,"Maria, Eloihim, Johannes, Johannes fader, Jesus, min Gud, Eloi och sonen och anden",sv,qwen3.5-0.8B-ft_multi-lang,Märi och Ilihi och Ija-Annas fader ...
23,þuri × risþi stn × þansi iftR × þuriuþ × faþur si(n),"Tore reste denna sten efter Torvid, sin fader",sv,qwen3.5-0.8B-ft_multi-lang,"Tore reste denna sten efter Torve, sin fader"
24,: sluta : reisþi : s(t)ein : þena : eftiR : esbiurn : felaga : sin : auk : karþi : bru : þesi,"Sluta reste denna sten efter Esbjörn, sin bolagsman",sv,qwen3.5-0.8B-ft_multi-lang,"Sloa reste denna sten efter Esbjörn, sin fälge, och Karthe, deras broder"
25,[: sbak]R (:) le[t] : kerua : kuml : eftiR : suni : sina : suen : auk * rymik,Spak lät göra minnesmärket efter sina söner Sven och Röming,sv,qwen3.5-0.8B-ft_multi-lang,"Sbak lät göra denna krum, efter sin son, som är en mycket rimlig"
26,ulafR : sati : stin : þansi : eftiR : siba : sun : sin,"Olov satte denna sten efter Sibbe, sin son",sv,qwen3.5-0.8B-ft_multi-lang,"Olaf satte denna sten efter Sib, sin son"
27,kuþr... ... (f)aþur sin * fur * hfila * hn * til * iklans * kuþ halbi * sil hns,Gudr ... sin fader. Han for manligen till England. Gud hjälpe hans själ.,sv,qwen3.5-0.8B-ft_multi-lang,"Gudr ... sin fader, efter hans födelse. Håll hans Gud"
28,hulfr · uk · uþulfr ' li(t)... ...,Ulv och Ödulv lät ...,sv,qwen3.5-0.8B-ft_multi-lang,Holfr och Uðulfr lät ...
29,faþiR : lit : hukua : runaR : þisi : uftiR : osur : bruþur : sin : is : nur : uarþ : tuþr : i : uikiku :,"Fader lät hugga dessa runor efter Asser, sin broder, som dog i norr i viking.",sv,qwen3.5-0.8B-ft_multi-lang,"Fäther lät göra denna runa efter Ösund, sin broder. Han var en mycket god man."
30,...rti : le(g)iR : koþ(r) : ---... ...-na : has : lit : rist : kuml : a- : (k)aiRielmR : ... : ainika : sun : þaiRa ·: trabu : leybika- : ... ...naR : at : feþrka : baþa : kuþ : -(e)... ...,"... god läkare[?] ... hans hustru lät rista/resa minnesmärket efter Gairhjälm ... deras ende son
dräpte lybeckare ... stenar[?] efter far och son, de båda. Gud hjälpe ...",sv,qwen3.5-0.8B-ft_multi-lang,"... reste ligger ... denna sten, den som hade lät resa. Kaelrlem är ... sin son. Tredje ligger ... på Fjerga. Gud hjälpe ..."
31,ţorstain (l)(i)... ...sa : stain : ţena : ... sik : sialfan : auk : sun : sin : hefni : uaR til : enklans : ukr : trenkr : farin : uarţ : ţa * haima : at : harmi tauţr kuţ hialbi : sialu : ţaima bruni : auk : sloţi : ţaiR ...(u) stan ţena,"Torsten lät resa denna sten efter sig själv och sin son Hävner. Till England hade den unge kämpen farit, dog sedan sorgligen hemma. Gud hjälpe deras själar. Brune och Slode ristade denna sten.",sv,qwen3.5-0.8B-ft_multi-lang,"Torsteinn lät ... se denna sten efter Siglef, sin syster och sin son. Hefni var enklans varelse, en kung, en tränkr, en fjärde, en huggare och en huggare. Hjämmade här och här."
32,[...is * haou]... ...-fr * ka(s)l ' ok * iufrfast ' lit ' rsa s[tn iftu * faiau sein] ...-l,... och Jovurfast lät resa stenen efter sin fader,sv,qwen3.5-0.8B-ft_multi-lang,"... haug ... deras fader och Ifrast, de lät resa denna sten efter faug, sin fader ..."
33,fasti * lit * hkua * runar * ±isar * iftR fastulf * sun sin,"Faste lðt hugga dessa runor efter Fastulv,sin son",sv,qwen3.5-0.8B-ft_multi-lang,"Fasti lät resa runarna efter Fastul, sin son"
34,+ iuan * stretn + merki + ok + rahnuor + eftiri boanta +,Kättilfast lade märkena efter Johan streten och Ragnvor efter sin man Holmsten,sv,qwen3.5-0.8B-ft_multi-lang,"Johan steg denna sten och Ragnud och Eftiri, de boade"
35,fir--(r)iui : lit rita * kuml : yfitiRr : fnþur : sih : baosa : auk : boruþur : kuru- * kuþ hi=a=l-... * ul kuru -ial uti * a| |akla--,... lät resa kumlet efter sin fader Bause och broder ... Gud hjälpe ... föll ute i England,sv,qwen3.5-0.8B-ft_multi-lang,"Firge lät resa denna guld ... sin broder och Bore, Gud och Gud, Gud ..."
36,: tufi : risþi : stin : þisi : iftR : umun : sin : fila...,"Tove reste denna sten efter Umon (?), sin bolagsman",sv,qwen3.5-0.8B-ft_multi-lang,"Töfa reste denna sten efter Ömund, sin fader"
37,: amuit * rsti * sina * ţina * yti * suna * sina * rnulfu * aku * hrenki bruţur * sena * uarţi * uti * terebina * i * kalmarna * sutuma * furu * afu * skani ×× eski * rsti * runa * ţasi ×,"Amunde reste denna sten efter sin son Runulv och [efter] RIng, sin broder. [Han] blev dräpt ute i Kalmarkund, [dĺ de] for frĺn Skĺne. Eskil ristade dessa runor",sv,qwen3.5-0.8B-ft_multi-lang,"Amuit reste sina stenar, sin son, men ligger här, en sten, efter Terebin, i Kalmarna. Sättas de efter sig."
38,...-r ' li- r-... ... ...--R ...u(r) ' sun kunars ' i ' risny suain risti,... lät resa .. efter ... Gunnars son i Risne. Sven ristade,sv,qwen3.5-0.8B-ft_multi-lang,... ligger ... sin son Gunnars i Rissny. Svan ristade
39,... at ' sik ' silfa... ...--[k]an ' in ' (r)[ai-]-(n) ' -(a)stgi[-],... efter sig själv medan han levde och ... Fastgeir (?),sv,qwen3.5-0.8B-ft_multi-lang,... sig själva ... ...
40,iak * uait : hastain : þa : hulmstain : bryþr * menr : rynasta : a : miþkarþi : setu : stain : auk : stafa : marga eftiR * fraystain * faþur * sin *,"Jag vet Håsten och Holmsten, bröderna vara runkunnigast bland män i Midgård De satte stenen och stavar många efter Frösten fader sin",sv,qwen3.5-0.8B-ft_multi-lang,"Jökul och Håstad, de hölvägar, brädde denna sten, men ringade denna sten efter Steinn, sin man, och efter Frästeinn, sin fader"
41,ikilauh × lit + hakua * eli ţsa * eftR + sun sin × sihfastr * auk * -ihilt * broţiR hans * ţ-u muţrkun bua i hu-um,"Ingelög lät hugga denna häll efter sin son Sigfast och ... hans broder [lät ocksĺ hugga ?]. De, moder och son, bor i Husa [?]",sv,qwen3.5-0.8B-ft_multi-lang,"Ingele och Holvén lät göra denna sten efter sin son. Sighfaste och Hult, hans broder, blev i höjden."
42,... l(i)t (:) r(i)(s)(a) : stain : e... ...-an : s(u)(l)... ¶ ... ...(a)uþr : ... ¶ ...(n) : auk : kuþmuntr : þaR [:] [r]... ...[(a)R] : a enklanti : i skiu (:) -uilis : kr... ... ...,"... lät resa stenen efter ... ... död ... och Gudmund, de ristade runorna. Han vilar i Skia i England. Kristus ...",sv,qwen3.5-0.8B-ft_multi-lang,... lät resa stenen efter ... sin son ... ...
43,* uebiurn * sa(t)(i) * (i)stin * (þ)ina * eftir * tuli * sunu * sin * tereke * haraþa kuþan,"Vebjörn satte denna sten efter Toli, sin son, en mycket god man",sv,qwen3.5-0.8B-ft_multi-lang,"Vebjörn sat denna sten efter Tull, sin son, Torkes greve. Gud hjälpe honom."
44,sloþi rahnfriþ þaun * litu * hakua * stain * iftiR * ihulbiarn * sun * sin * hialbi * kristr ant * has,"Slode, Ragnfrid de lät hugga stenen efter Igulbörn, sin son. Kristus hjälpe hans ande.",sv,qwen3.5-0.8B-ft_multi-lang,"Sloði reste denna lätta, Hakua stenen, efter Hjalbjörn, sin son. Krist är hans hustru."
45,× hulmaiR × auk × kuni × litu × raisa × stain ×× þina × eftiR × sota × faþur × sin ×,"Holmger och Gunne lät resa denna sten efter Sote, sin fader",sv,qwen3.5-0.8B-ft_multi-lang,Holmälj och Gunnar lät resa denna sten efter sin fader Sota
46,[× gan]uiþr : o^k · botuiþr  · [kaslla · o^k · þair] letu · haga · an stain · o^k · yfr · sin faþur · butair · aitin · guþ · alssualtuhr · hafi · þina · sial · o^k þa uar · l · o... pirimst^efr o^k fir sunutahr · o^k en ha do,Gannvid och Botvid i Kassla och de lät hugga en sten och över sin fader salig Botair. Må Gud allsmäktig ha din själ. Och då var l primstav och fir söndags[runa] och när han dog.,sv,qwen3.5-0.8B-ft_multi-lang,"Gunnvid och Botvid, dessa lät göra denna sten efter sin fader, Bötair, en gott man, Alssualtuhör hade denna själ efter sin son, och efter sin son, en god man."
47,+ [o]l-(f) : [... litu : kiara : stain : ţana : ufir : sin : sun : b]u(t)a(i)[- u]-------s-afiţi... -(o)ţur ruţu(i)- ... bat-rn(o)(s)...ur : firir ţaira (s)ial ---...u--...---...----- -l-n...--a--- :,Olaf ... lät göra denna sten över sin son Botgeir (?) ... moder Rodve ... för deras själar ...,sv,qwen3.5-0.8B-ft_multi-lang,"Olfr lät göra stenen efter sin son, Båti, en mycket god man. Han var en god man. Han var en god man."
48,... aistin + fnţur * sia auk stia + b(r)uţur si(n) + k...,"... [efter] Östen, sin fader, och Sten, sin broder ...",sv,qwen3.5-0.8B-ft_multi-lang,"... efter sin fader och Stein, sin broder ..."
49,+ hiar : ritiR : kulaifr : ok : ... ... : ku₫ : biarhi : sial : hans ×,Här reser Gudlev och ... Gud hjälpe hans själ,sv,qwen3.5-0.8B-ft_multi-lang,"Här reste Gulafr och ... Gud, deras syster."
50,æ iarlaæbaki æ lit raisa [æ] staina æ ±asa at sik æ kuikuan æ auk bru ±isa kar±i æ fur ont sina æ auk æ ain ati tabu ala-,"Jarlabanke lðt resa dessa stenar efter sig, medan han levde, och han gjorde denna bro f—r sin sjðl, och han ðgde ensam hela Tðby",sv,qwen3.5-0.8B-ft_multi-lang,"Årlaebaki lät resa denna sten efter sig, Gud, Gud och Bruderna. Karpi och Förr, sina och Förr, de är de."
51,[:] a[sur] * karþi : kubl : þesi : eftiR : uit : faþur : sin * [h]an uaR : mana : mestr : uniþikR [:] uaR : i[n]tr : mataR : uk umun hats : kuþr * þi(k)[n] kus tru : kuþa : hafþi :,"Assur gjorde detta minnesmärke efter Öjvind, sin fader. Han var av män den meste oniding, var frikostig med mat och ej sinnad för hat. Den gode tegnen hade en god gudstro.",sv,qwen3.5-0.8B-ft_multi-lang,"Sörra lät denna sten efter Ute, sin fader. Han var en mycket god man. Han var en mycket god man. Han var en mycket god man."
52,ilugi * ... [bro iftiR ka]... ...þur sin| |nytan,Illuge [lät göra] bron efter ... sin duktige fader / broder,sv,qwen3.5-0.8B-ft_multi-lang,"Elvi ... bro, efter Kå... ... sin nytan"
53,* aki * uruni * risti * ifti * (b)ui * [bruþur] ...,"Åke ristade runorna efter Bue, sin broder",sv,qwen3.5-0.8B-ft_multi-lang,Åkivi och Örnvi made this bridge ...
54,ristu * stina * uk * staf * uan * uk * in * mikla * at * iartiknum uk kuri₫i * kas at * uiri * ₫u mon i krati * kiatit lata kunar ik stin,De reste stenarna / och även staven därovan(?) / den stora / till hederstecken(?). / Också Gyrid / älskade sin make. / Därför i sorgekväde / skall han besjungas. Gunnar högg stenen,sv,qwen3.5-0.8B-ft_multi-lang,Reste stenen och Steff och Vagn och Vagn och Vagn och Vagn och Vagn och Vagn och Vagn och Vagn och Vagn och Vagn och Vagn och Vagn och Vagn och Vagn och Vagn och Vagn och Vagn och Vagn och Vagn och Vagn och Vagn och Vagn och Vagn och Vagn och Vagn och Vagn och Vagn och Vagn och Vagn och Vagn och Vagn och Vagn och Vagn och Vagn och Vagn och Vagn och Vagn och Vagn och Vagn och Vagn och Vagn och Vagn och Vagn och Vagn och Vagn och Vagn och Vagn och Vagn och Vagn och Vagn och Vagn och Vagn och Vagn och Vagn och Vagn och Vagn och Vagn och Vagn och Vagn och Vagn och Vagn och Vagn och Vagn och Vagn och Vagn och Vagn och Vagn och Vagn och Vagn och Vagn och Vagn och Vagn och Vagn och Vagn och Vagn och Vagn och Vagn och Vagn och Vagn och Vagn och Vagn och Vagn och Vagn
55,×· katrin : ioans : husfyra : i sundru : han : lit : giara : þina : stain : yfir : moþur sina : botiauþu : iak[o]bs : kunu : sihlaihs:arf(a) : biþin : f(i)(r)(i) (h)enar : sial : bater : noster :×,"Katrin, Johans husfru i Sundre, hon lät göra denna sten över sin moder Bottjaud, hustru till Jakob Siglaiks arvinge. Be för hennes själ Pater noster.",sv,qwen3.5-0.8B-ft_multi-lang,"Katrinn och Öjan, husfyrar i Sundrev, de lät göra denna sten efter Moður sin botvå. Jag önskar sin själge. Bär de stenen ner."
56,si[kfiR]uþr : lit : hi : Risa : at : burkaiR : foþur sin,"Sigfröd lät här resa efter Borgger, sin fader",sv,qwen3.5-0.8B-ft_multi-lang,"Sigfríðr lät göra resten efter Burgeirr, sin fader"
57,as(b)iarn : risþi (:) stin : þan(s)i : aftiR : tuark : filaka : sin : trik : kuþan,"Asbjörn reste denna sten efter Dvärg, sin vän, en god man",sv,qwen3.5-0.8B-ft_multi-lang,"Asbjörn reste denna sten efter Torg, sin fader, Gud"
58,[arum ÷ ...bti(r) ÷ ...u... ÷ biyrþ ÷ þusinn ÷ ithuntraþ ÷ at ÷ ok ÷ sekstih ÷ ... ... ÷ kirkia] malaþ ÷ bu ÷ ra [?ur ÷ sif...na ÷ kari ÷ (a)-l(e) ÷ na^uþ] [i(r)a^l ru--r],Året efter ... födelse 1161 ... kyrkan målad BU RA ...,sv,qwen3.5-0.8B-ft_multi-lang,"Arum och ... och Björð, de var de som ... och ... och ... och ... och ... och ... och ..."
59,... : stin : þani : e... ... bruþur : sifa,... denna sten efter ... Seves broder,sv,qwen3.5-0.8B-ft_multi-lang,... stenen efter ...
60,si[h]tris : aruar[r] : litu : giera : st[a]en : yfir : auþu-l- : broþur : sin : a : finlandi : do : aglia...,"Sigtryggs arvingar lät göra stenen över Audvald, deras broder, som dog i Finland ...",sv,qwen3.5-0.8B-ft_multi-lang,"Sigthress och Arvar lät göra sten efter Ävul, sin broder. Äldste son, Finland, gjorde ägg."
61,þurulfs * sati ' stain ' uftiR ' tuka ' tuka ' sun ¶ hin * usta * kuþ ' hialbi * hans *,"Torulf satte stenen efter Tone, Tokes son, den yttersta. Gud hjälpe hans",sv,qwen3.5-0.8B-ft_multi-lang,"Tordulfs satte denna sten efter Töke, Töke, sin son, hans hjalbe"
62,* uikhiulmbR * auk * auţmuntr * ţai(R) * litu * raisa * sten * at * serkiR * broţur * sen * koţna *,"Vighjälm och Ödmund de lät resa stenen efter Sverker, sin gode broder",sv,qwen3.5-0.8B-ft_multi-lang,"Vikholmb och Auðmundr lät resa stenen efter Serker, sin broder, en god man"
63,kulefr ' u(k) ' s[i]oli ' litu ' risa ' iftiR ' ikifast ' sun [' i]arunta,"Gullev och Sjole lät resa efter Ingefast, Järunds son",sv,qwen3.5-0.8B-ft_multi-lang,"Gulefr och Sjöli lät resa denna sten efter Ingfrast, sin son"
64,...(n)untr : a : aisku : sina :,... Anund efter sin älskade,sv,qwen3.5-0.8B-ft_multi-lang,...
65,osmuntr : risþi : stin : þansi : ifiR : tuk * faþur * sin,"Åsmund reste denna sten efter Toke, sin fader",sv,qwen3.5-0.8B-ft_multi-lang,"Ösmund reste denna sten efter Tök, sin fader"
66,+ sihrafr : i : flinauik : ha[n : lit : mik : gera : yfir] : si[n] : ...þur : iakaup : guþ : naþi : hans : sial : þa : uar : u[r : prim:stafr : ok : þos : sunut]ahr : en ha[n] : do,Sigraiv i Flenvike han lät göra mig över sin fader Jakob. Gud nåde hans själ. Då var primstav och söndagsruna när han dog.,sv,qwen3.5-0.8B-ft_multi-lang,"Sigridfr och Flainevik lät göra denna sten efter Sigund, hans syster. Värde är en primstave och en son av Sigund."
67,þi... ...-tu * raisa * merki * þe... ... * faþur sin *,... lät resa detta minnesmärke [efter] ... sin fader,sv,qwen3.5-0.8B-ft_multi-lang,Tide ... reste denna minne efter sin fader
68,: freystin : reisti : stein : þensa : eftiR : haþska : faþur sin :,"Frösten reste denna sten efter Hadske, sin fader",sv,qwen3.5-0.8B-ft_multi-lang,"Freysting reste denna sten efter Håsga, sin fader"
69,...(u)n[ar] × auk × suain × raistu × st=ain × at × ton(u) × mo₫ur ...,"Gunnar och Sven reste stenen efter Tona, [sin] moder ...",sv,qwen3.5-0.8B-ft_multi-lang,"... och Sven, de steg denna sten efter Tondjur ..."
70,sihuiţr : auk : suain : auk : uihielbr : auk : kyla : ţaun : litu : raisa : stain : eftiR * olaif,Sigvid och Sven och Vilhjälm och Gylla de lät resa stenen efter Olev,sv,qwen3.5-0.8B-ft_multi-lang,"Sjéhvid och Sven och Ugelebr och Kyla, de lät resa stenen efter Olaf"
71,frustin : riti : stin : ₫ina : iftR : sikmut : uk : ukitRi : an ua : bur₫,"Frösten reste denna sten efter Sigmund, och mindre glad bar han bördan",sv,qwen3.5-0.8B-ft_multi-lang,"Frustin reste denna sten efter Sigmund och Vigt, sin dotter"
72,' uaţr + auk × ţakn × auk × kunar + raistu × stain + ţana × at × haursa × foţur sin + kuţ hialbi ot hans ×,"Väder och Tägn och Gunnar reste denna sten efter Hörse, sin fader. Gud hjälpe hans ande.",sv,qwen3.5-0.8B-ft_multi-lang,"Vagn och Gunnar reste denna sten efter Hårsa, sin fader, en mycket god man."
73,× kr(e)stin × let × giara × merki × eftiR × sun sen × huir sum runum riþr × hafi byniR × firiR × alah sial × suni ÷ uaR faþiR ala ×,Kristin lät göra minnesmärket efter sin son. Var och en som tyder runorna have böner för Ales själ. Sune var Ales fader.,sv,qwen3.5-0.8B-ft_multi-lang,"Kristin lät göra denna mark efter sin son, sen här lät runorna göra den här, efter Alah, sin son."
74,botildær : læt : gæra : hua(l)f þænna : ifir : sue n : dyrmoson : haraldær : stenmæstari : gærþi : {BOGILDER : LET GERA (:) HVALF : DENNA : IF IR : SVEN : DEV...OSON : AVE MARIA * GRATIA},Bothild lät göra detta valv över Sven Dyrmodsson. Harald stenmästare gjorde.,sv,qwen3.5-0.8B-ft_multi-lang,"Botildare lät göra denna hugga efter Sve, sin dyrmosons harr. Steinn-mästare gjorde denna sten. Bogildare lät göra välv. Den denna efter Sven. Dövetson. Äve Maria. Gratia"
75,* þrikr : auk : frusti : litu : k(a)r[a * bro : a]uk * [l]itu raisa : stin at : orma : faþur : sin : koþan,"och Froste lät göra bron och resa stenen efter Orme, sin gode fader",sv,qwen3.5-0.8B-ft_multi-lang,"Tredje och Frusts lät göra denna bro av lätta resa stenen efter Örma, sin fader"
76,× asbiurn × auk × þiR ali × auk × urykia × raistu × stain × eftiR × þurkut + faþur * sin ×,"Asbjörn och Alle och Orökja reste stenen efter Torgöt, sin fader",sv,qwen3.5-0.8B-ft_multi-lang,"Asbjörn och Örjök, de reste denna sten efter Torvatt, sin fader"
77,: halftan ÷ rasþi : st(a)- ...si : at : raknualt : faþur : sin : ouk : tan * bruþur sin þrutaR þiak(n)a,"Halvdan reste denna sten efter Ragnvald, sin fader, och Dan, sin broder, dugande män",sv,qwen3.5-0.8B-ft_multi-lang,"Halftan reste denna sten efter Ragnald, sin fader, och Tann, sin broder. Tredje."
78,"× iarlibaki × lit × raisa × stan + þina × a... ... ...kuan + han × ati ain × tabu × alan × -... ... ont hans +
× iarlabaki × lit raisa × stain × þin- at sik kuikuan × auk × þinkstaþ × þina × karþi + auk × ain ati + alt hu-(t)ari × þita +","Jarlabanke lät resa denna sten [efter sig själv] medan han levde. Han ägde ensam hela Täby. [Gud hjälpe] hans själ
Jarlabanke lät resa denna sten efter sig, medan han levde och gjorde denna tingsplats och innehade ensam detta hundare",sv,qwen3.5-0.8B-ft_multi-lang,Jarlabi lät resa stenen efter ... Han är en mycket god man.
79,couæk a þræþr þisa ho^f : fimta mo^rk,Solveig äger dessa trådar Fem och en halv mark,sv,qwen3.5-0.8B-ft_multi-lang,"Kouk och Tredje, dessa är de förrättade."
80,hulmstin × auk × haosui × litu × raisa istain × iftir × iybiurn × faþur sin × auk × kiriþ × ifti,"Holmsten och Hosve lät resa stenen efter Jobjörn, sin fader, och Gyrid efter [honom]",sv,qwen3.5-0.8B-ft_multi-lang,"Holmsten och Håsu lät resa efter Ingbjörn, sin fader, och efter Krið, sin fader"
81,asm(u)(t)(r) * auk * þeR * bruþr * restu * sten * þani * eftiR * sarta * faþur * sia *,"Asmund och hans bröder reste denna sten efter Svarte, deras fader",sv,qwen3.5-0.8B-ft_multi-lang,"Asmund och Tord reste denna sten efter Sarta, sin fader"
82,tur...rn rti * stun þansi * ufti × u(i)(s)(þ)i uis × broþu...,"Torbjörn reste denna sten efter , Svens broder",sv,qwen3.5-0.8B-ft_multi-lang,"Tordarn reste denna sten efter Udd, sin broder"
83,... : eftiR : man : tau... ...,... efter den döde mannen ...,sv,qwen3.5-0.8B-ft_multi-lang,... efter man ...
84,krim * risti * stin * efti * hltan * freta * sin *,"Grim reste stenen efter Halvdan, sin frände",sv,qwen3.5-0.8B-ft_multi-lang,"Krem reste denna sten efter Holten, sin fader"
85,i(n)ki * auk * kati... ... ... * stain * at * þtgn * -aþur * sin * koþan * kuþ * ialbi,"Inge och Kättil ... stenen efter Tägn, sin gode fader",sv,qwen3.5-0.8B-ft_multi-lang,"Inge och Kati ... stenen efter Tegn, sin man, Gud hjälpe."
86,+jilsuiþ : arærde : æfte berhtsuiþe • bekun onbergigebid=daþ þær : saule-,Gilswith reste efter Berhtswith minnesmärket på en kulle. Be för hennes själ.,sv,qwen3.5-0.8B-ft_multi-lang,"Jöldsjud och Aræredes efterberget, och Bonn, en godsgud, lät"
87,iþal-ra × lit rita stin þino + abtiR ibiurn sun sin × þaR uaR-... ...(h)... ...uain × auk arnfasta (a)uk ai-... þaiR u(a)... -uþ hialbi hons| |salu| |uk| |kuþs muþiR × runoR ritaR hu-msr,"... lät resa denna sten efter Ebjörn, sin son. De var ... Sven och Arnfast och ... de ... Gud hjälpe hans själ och Guds moder. Rätta runor högg Åsmund",sv,qwen3.5-0.8B-ft_multi-lang,"Ingalra lät resa stenen efter Ibjo, sin son. Han var ... och Arnfastes och Arnfastes och Arnfastes och Arnfastes och Arnfastes och Arnfastes och Arnfastes och Arnfastes och Arnfastes och Arnfastes och Arnfastes och Arnfastes och Arnfastes och Arnfastes och Arnfastes och Arnfastes och Arnfastes och Arnfastes och Arnfastes och Arnfastes och Arnfastes och Arnfastes och Arnfastes och Arnfastes och Arnfastes och Arnfastes och Arnfastes och Arnfastes och Arnfastes och Arnfastes och Arnfastes och Arnfastes och Arnfastes och Arnfastes och Arnfastes och Arnfastes och Arnfastes och Arnfastes och Arnfastes och Arnfastes och Arnfastes och Arnfastes och Arnfastes och Arnfastes och Arnfastes och Arnfastes och Arnfastes och Arn"
88,biurn : riti stain þino : aftiR : ufriþ : auk at : un sunu sin,"Björn reste denna sten efter Ofrid och efter Unn, sina söner",sv,qwen3.5-0.8B-ft_multi-lang,"Björn reste denna sten efter Ufr, sin fader och efter sin son"
89,asmut-r... ris-- * runaR * eftiR × stein * faþurs*faþur * sin * auk * faþur * siba * ok × geiRbiarnaR × aok... ulfs * eaR * merki * mikit * at * man * koþan ×,"Åsmund ristade runor efter Sten, sin farfar, och fadern till Sibbe och Gerbjörn ... ett stort minnesmärke efter en god man.",sv,qwen3.5-0.8B-ft_multi-lang,"Asmund reste denna runa efter Steinn, sin fader och efter Sibe och efter Ulfs, en mycket god man."
90,¤ (u)talfriþR : raisti * staina + þisa a-tR * styr * faþur : sin * (k)...þ hilbi * ant þira bratr hiuk run-R,"Odalfrid reste dessa stenar efter Styr, sin fader. Gud hjälpe deras andar. Brand högg runorn.",sv,qwen3.5-0.8B-ft_multi-lang,"Valfriðr reste denna sten efter sin fader, Holb, sin hildarbror. Han runna run"
91,...- × r(i)(t)(a) × stin × þina × at × runul- ...-...,... resa denna sten efter Runulf ...,sv,qwen3.5-0.8B-ft_multi-lang,... reste denna sten efter Runul ...
92,: asur : auk : þai(R) ...in : | : ...,Assur och ...,sv,qwen3.5-0.8B-ft_multi-lang,Asur och Törin ...
93,... reisa × stein × auk × k--- ... hialbi × ont × hans ×,... resa stenen och gjorde ... hjälpe hans ande,sv,qwen3.5-0.8B-ft_multi-lang,... reste stenen och ... hjalbjorn hans
94,kakulfr ' ok benuiþr ' litu ' rita ' sten ' iftR ooþbiarn ' sun in,"Gångulv (?) och Benvid lät resa stenen efter Ödbjörn, deras son",sv,qwen3.5-0.8B-ft_multi-lang,"Gakulfr och Bénévé, lät resa stenen efter Ödbyarn, sin son"
95,... ...(s)(þ)i : stin : þna : iftiR : kuþmut : sun sin : þa-...,"... reste denna sten efter Gudmund, sin son ...",sv,qwen3.5-0.8B-ft_multi-lang,"... stenen efter Gudmöt, sin son."
96,þurkal : sati : stia : aft : ... ... sun : faþur : sin :,"Torkel satte denna sten efter ... son, sin fader",sv,qwen3.5-0.8B-ft_multi-lang,Tordal satte denna sten efter ... sin fader
97,: atuitr : raisti : stein ... at : aisi : faþur : sin : þrutaR : þiakn :,"Andvätt reste denna sten efter Est, sin fader, en dugande man",sv,qwen3.5-0.8B-ft_multi-lang,"Atvedr reste denna sten efter Äsif, sin fader, en mycket god man"
98,kal|i| |l|it hkua heli ţisa iftiR * suni sina toa * auk ţau ikiţora * bR- (a)ina kiarţu mukit mirki furiR arkum mani,"Kale lät hugga dena häll efter sina tvĺ söner och han och Ingetora gjorde en bro, ett stort minnesmärke inför mĺnga män",sv,qwen3.5-0.8B-ft_multi-lang,"Gälge lät hjälpe hela själ, sin son, sin dot och sin dot, och de gjorde mycket mycket för minne av Arke, hans man."
99,afriţ : lit : at : suartau(a) : auk : at : iulfast : suni : sina : ok : at : askaut *,"Ĺfrid lät [hugga hällen] efter Svarthövde och efter Igulfast, sina söner,  och efter Ĺsgöt",sv,qwen3.5-0.8B-ft_multi-lang,"Afrid lät stägg och Ulfastr, sina sonar och Åsgaut"
100,: sibi : auk : rusia : auk : krifi : þiR : raistu : stin : þansa : at : sluru : faþur : sin,"Sibbe och Rysja och Krifi de reste denna sten efter Slora, sin fader",sv,qwen3.5-0.8B-ft_multi-lang,"Sibie och Rusa och Krefie, deras stenar lät resa efter Slever, sin fader"
