Sample_ID,Source,Reference,Target_Language,Prediction
1,tar lit : raisa : stain : þensa : eftiR : ketilhaufþa : faþur : sen : boanta : koþan ' kuþ : helbi : has : ant,"Tárr(?)/Tár(?)/Tarr(?) had this stone raised in memory of Ketilhôfði, his father, a good husbandman. May God help his spirit.",en,"Tar, he raised the stone in memory of Ketilhauðr, his father. He was a good man."
2,$M §A [...] §B [raþ runar -pti- (h)armbraþhum] §C · k(s) · statr hoar : kuz nri §D maria iuan-,"$M §A ... §B Interpret the rune according to the grief-rows / in memory of the grieved (one) §C ... ... ... §D Mary, John(?)",en,$M §A ... §B ... §C ... §D Maria in
3,× hulmfriR × -it --isa × istain × þina × iftiR × biarn × buanta isin × auk × iftiR × isikat (s)un isin ×,"Holmfríðr had this stone raised in memory of Bjôrn, her husbandman and in memory of Sighvatr, her son.",en,"Hulmfriðr and Ístjónr had this stone raised in memory of Bjórn, his brother, and in memory of Ísjaðr, his son."
4,kuþr... ... (f)aþur sin · fur · hfila · hn · til · iklans · kuþ halbi · sil hns,Guð-... ... his father. He competently travelled to England. May God help his soul.,en,"Guðr ... his father, he had the stone raised in memory of Ingjaldr, his brother."
5,[kuþriuin · lat · rita · stin · at inkimuntr faþur · sin],"Guðbjôrn had the stone erected in memory of Ingimundr, his father.",en,"Guðriðr had the stone cut in memory of Ingimundr, his father."
6,...n · auk × kulauh × au... ... + þan + a-...,... and Gullaug and ... that ...,en,... ... ... ...
7,he(l)ga : sati : stin : þana : at : eumunt : bur:uþur,"Helga placed this stone in memory of Eymundr, (her) brother.",en,"Helege, he who sat in the stone in memory of Eymundr, his brother."
8,[... uaR · tauþr × i austr·uih- ...],... died on the eastern route ...,en,... in the grave of ...
9,[... ...sa · stain · at · suarth... ...],... the stone raised in memory of Svarthôfði ...,en,"... in memory of Suvarthr, ..."
10,a^ndres : p + farmaðr +,Andrés the priest. Farmaðr.,en,Andréstr and Farmaðr
11,[... -k · --n · sun · suta : ---... ¶ ... aft : þurþ : bruþur ...],"... ... ... Sóti's son ... ... in memory of Þórðr, brother ...",en,... ... ... ... ... ... ... ... ... ... ... ... ... ... ... ... ... ... ... ... ... ... ... ... ... ... ... ... ... ... ... ... ... ... ... ... ... ... ... ... ... ... ... ... ... ... ... ... ... ... ... ... ... ... ... ... ... ... ... ... ... ... ... ... ... ... ... ... ... ... ... ... ... ... ... ... ... ... ... ... ... ... ... ... ... ... ... ... ... ... ... ... ... ... ... ... ... ... ... ... ... ... ... ... ... ... ... ... ... ... ... ... ... ... ... ... ... ... ... ... ... ... ... ... ... ... ... ... ... ... ... ... ... ... ... ... ... ... ... ... ... ... ... ... ... ... ... ... ... ... ... ... ... ... ... ... ... ... ... ... ... ... ... ... ... ... ... ... ... ... ... ... ... ... ... ... ... ... ... ... ... ... ... ... ... ... ... ... ... ... ... ... ... ... ... ... ... ... ... ... ... ... ... ... ... ... ... ... ... ... ... ... ... ... ... ... ... ... ... ... ... ... ... ... ... ... ... ... ... ... ... ... ... ... ... ... ... ... ... ... ... ... ... ... ... ... ... ... ... ... ... ... ... ... ... ...
12,tusti × (r)...(i) ...tin × efti(R) kuno × mak × sin × þ... ...---s × ... × uistar- × uar- ...,"Tosti raised the stone in memory of Gunni, his kinsman-by-marriage ... ... ... was westwards ...",en,Tóstei ... ... ... ... ... ... ... ... ... ... ... ... ... ... ... ... ... ... ... ... ... ... ... ... ... ... ... ... ... ... ... ... ... ... ... ... ... ... ... ... ... ... ... ... ... ... ... ... ... ... ... ... ... ... ... ... ... ... ... ... ... ... ... ... ... ... ... ... ... ... ... ... ... ... ... ... ... ... ... ... ... ... ... ... ... ... ... ... ... ... ... ... ... ... ... ... ... ... ... ... ... ... ... ... ... ... ... ... ... ... ... ... ... ... ... ... ... ... ... ... ... ... ... ... ... ... ... ... ... ... ... ... ... ... ... ... ... ... ... ... ... ... ... ... ... ... ... ... ... ... ... ... ... ... ... ... ... ... ... ... ... ... ... ... ... ... ... ... ... ... ... ... ... ... ... ... ... ... ... ... ... ... ... ... ... ... ... ... ... ... ... ... ... ... ... ... ... ... ... ... ... ... ... ... ... ... ... ... ... ... ... ... ... ... ... ... ... ... ... ... ... ... ... ... ... ... ... ... ... ... ... ... ... ... ... ... ... ... ... ... ... ... ... ... ... ... ... ... ... ... ... ...
13,... ...fr ' lit ' reisa ' steina ' efti- seuar ' faþur ' s-n ' goþan ',"... ... had the stones raised in memory of Sævarr, his/her good father.",en,... ... ... ... ... ... ... ... ...
14,...-k lun-a : -... ...(a)lbi · siao- ...,... may help the soul ...,en,"...-k, Lun-... ..."
15,[... iftiR biurn bunta sin kuþan kuþ hialbi ant has],"... in memory of Bjôrn, his/her good husbandman. May God help his spirit.",en,"... in memory of Bjôrn, his brother, and his father, he had."
16,[· rauþr · auk · biarn · litu · raisa · stein · eftR · mak sin · sikat · koþ hialbi ont hns ·],Rauðr and Bjôrn had the stone raised in memory of their kinsman-by-marriage Sighvatr. May God help his spirit.,en,"Rauðr and Bjôrn had this stone raised in memory of their father, God."
17,... ...-rimar : litu : r... ... sin ×,... Grímarr(?) had (the stone) raised/erected ... their ...,en,... raised the stone in memory of ...
18,× iarlibaki × lit × raisa × stan + þina × a... ... ...kuan + han × ati ain × tabu × alan × -... ... ont hans + §B × iarlabaki × lit raisa × stain × þin- at sik kuikuan × auk × þinkstaþ × þina × karþi + auk × ain ati + alt hu-(t)ari × þita +,"Jarlabanki had this stone raised in memory of himself while alive. He alone owned all of Tábýr. May God help his spirit. §B Jarlabanki had this stone raised in memory of himself while alive, and made this Assembly-place, and alone owned all of this Hundred.",en,Yarlbiaki had the stone raised in memory of ... ... ... ... ... ... ... ... ... ... ... ... ... ... ... ... ... ... ... ... ... ... ... ... ... ... ... ... ... ... ... ... ... ... ... ... ... ... ... ... ... ... ... ... ... ... ... ... ... ... ... ... ... ... ... ... ... ... ... ... ... ... ... ... ... ... ... ... ... ... ... ... ... ... ... ... ... ... ... ... ... ... ... ... ... ... ... ... ... ... ... ... ... ... ... ... ... ... ... ... ... ... ... ... ... ... ... ... ... ... ... ... ... ... ... ... ... ... ... ... ... ... ... ... ... ... ... ... ... ... ... ... ... ... ... ... ... ... ... ... ... ... ... ... ... ... ... ... ... ... ... ... ... ... ... ... ... ... ... ... ... ... ... ... ... ... ... ... ... ... ... ... ... ... ... ... ... ... ... ... ... ... ... ... ... ... ... ... ... ... ... ... ... ... ... ... ... ... ... ... ... ... ... ... ... ... ... ... ... ... ... ... ... ... ... ... ... ... ... ... ... ... ... ... ... ... ... ... ... ... ... ... ... ... ... ... ... ... ... ... ... ... ... ... ...
19,--- ¶ akla + kala + laka + ¶ --o-imi(k)(l)(i)(i),"... agla gala laga ('agla' = Thou art strong in eternity, Lord) ...",en,... ... ... ... ...
20,$M auæ : ma^ria : gra^kia : plena ...,$M Hail Mary full of grace ...,en,"$M Auæ, mother of the great, full of grace ..."
21,× kaR : reþi sin : eti : bui : uiburk uaR : muþR : snuR : fatriþ : ----,Geirr erected the stone in memory of Búi. Vébjôrg was (his) mother. [Was his] daughter-in-law Fastríð(?) ...,en,"Goreðr had the bridge built in memory of Bjôrn, his brother."
22,× [ul]fr [× a... ... -nk]imunt[r × au]k × [ai]... ... ...(n) × i... ...,Ulfr and ... Ingimundr and Ei-... ... the stone(?) in memory of(?) ...,en,Ulfrr ... ... ... ...
23,÷ felleg : er : fuþ : sin : bylli §B ÷ fuþorg lbasm,"Monstrous is the cunt, may the penis serve. §B Cunt-perverse/nymphomania ...",en,"Fellgeir and Fyðr, their father, §B Fyðr's lordman."
24,fuþorkhfuþorkh fuþorkhfuþorkhfuþorkhfuþorkhfuþorkh fuþorkhfuþorkhfuþorkhfuþorkhfuþork fuþorkhfuþorkhfuþork fuþorkhfuþorkhfuþorkhfu fuþorkhfuþorkhfuþork,<fuþork fuþork fuþork fuþork fuþork fuþork>,en,"Fyðorkh, Fyðorkh, Fyðorkh, Fyðorkh, Fyðorkh, Fyðorkh, Fyðorkh, Fyðorkh, Fyðorkh, Fyðorkh, Fyðorkh, Fyðorkh, Fyðorkh, Fyðorkh, Fyðorkh, Fyðorkh, Fyðorkh, Fyðorkh, Fyðorkh, Fyðorkh, Fyðorkh, Fyðorkh, Fyðorkh, Fyðorkh, Fyðorkh, Fyðorkh, Fyðorkh, Fyðorkh, Fyðorkh, Fyðorkh, Fyðorkh, Fyðorkh, Fyðorkh, Fyðorkh, Fyðorkh, Fyðorkh, Fyðorkh, Fyðorkh, Fyðorkh, Fyðorkh, Fyðorkh, Fyðorkh, Fyðork"
25,asm(u)(t)(r) · auk · þeR · bruþr · restu · sten · þani · eftiR · sarta · faþur · sia ·,"Ásmundr and his brothers raised this stone in memory of Svarti, their father.",en,"Asmundr and Þorbjôrn raised this stone in memory of Sætr, their father."
26,... ...- (:) rista : s(i)tn : þisa : e(f)(t)ir : asu : muþur : sin...,"... ... (had) this stone carved in memory of Ása, his mother.",en,... raised this stone in memory of ...
27,(k)iæte guþ þes er k o^(l)ma^þa,May God protect him whom I enraged.,en,"Gott, he is good."
28,þurfinr : r---- ----- : --n- : --... ... §B ...,Þorfinnr raised(?) the stone(?) in memory of(?) ... §B ...,en,Þorfinr raised ...
29,$M ÷ bo--- : oka...-...s(a)rfa : h-- : l-t : (h)-ga : hina : stan : yvir : (b)udaitu : af hah:h-b- k : til : aukarsarfa + ta en : iak : uar · (s)krivaþ : (t)a uar : (h)ahal · sunudah:r · untir-aþr : b-imstafr ++ i tolf:te : r(a)(d)(u) taflu + betar · aukar·sarfa · han skr-if mik · amen ·,"$M Bót-... Auðgeirsarfr/Ocksarve(?) he/she had this stone cut over Bótheiðr(?) of Hagebýr and (owner of) Auðgeirsarfr/Ocksarve. When I was written, then Hail was the Sunday(-stave); Under-Man the Prime-stave in the twelfth row of the table. Pétar of Auðgeirsarfr/Ocksarve, he wrote me. Amen.",en,"$M Boðr, my father, I have raised this stone in memory of Bóðr, my father's son."
30,[iufur · r... stan · aftir · fuluka · faþur · sin],"Jôfurr raised the stone in memory of Fullugi, his father.",en,... full of the faith of his father.
31,kuþa : risþi : stin : þansi : auft¶(i)R : þurbiurn : buta : sin : ¶ miuk : kuþan : þikn : ian ¶ þurþr : rist : runaR ¶ þasi,"Gyða raised this stone in memory of Þorbjôrn, her husbandman, a very good þegn. And Þórðr carved these runes.",en,"Gjôfni, the stone raised in memory of Þorbjôrn, his brother, and Gjôfni, the man who raised the runaR stone, Þorgi."
32,+ sinkR : let --... ... ... eftiR : friþelfi : kunu : sina : kuþ hialbi : sialu [h]inaR,"Sínkr had ... ... ... in memory of Friðelf, his wife. May God help her soul.",en,"Søndr had ... ... ... his friend Friðelfr, his wife. She was a good woman."
33,eskil : sulka : sun : let : res(a) ¶ sten : þena : eft : sialfan ¶ sik · e mun · stanta · meþ · sten ¶ lifiR · uitrint · su · iaR · uan · eskil §B kristr · hialbi · siol · hans ¶ aok · santa · migael §C toki · risti · runaR · e(f)(t)(i)(R) (·) -(o)ru · ¶ stiubmoþur · sina · kunu · koþa,"Áskell, Súlki's son, had this stone raised in memory of himself. Ever will stand, while the stone lives, this memento, which Áskell produced. §B May Christ and Saint Michael help his soul. §C Tóki carvedthe runes in memory of Þóra, his stepmother, a good wife.",en,"Eskil and Sulei, they had this stone erected in memory of Sialfann, their son. §B Kristi, the great, she is his. §C Tóki, the great, run in memory of Sólmoðr, his son."
34,$M ... ...r øssur : asbiæ?na^r s^on(·),$M ... rests/in memory(?) of Ôssurr Ásbjôrn's son.,en,$M ... ... ... ... ... ... ... ... ... ... ... ... ... ... ... ... ... ... ... ... ... ... ... ... ... ... ... ... ... ... ... ... ... ... ... ... ... ... ... ... ... ... ... ... ... ... ... ... ... ... ... ... ... ... ... ... ... ... ... ... ... ... ... ... ... ... ... ... ... ... ... ... ... ... ... ... ... ... ... ... ... ... ... ... ... ... ... ... ... ... ... ... ... ... ... ... ... ... ... ... ... ... ... ... ... ... ... ... ... ... ... ... ... ... ... ... ... ... ... ... ... ... ... ... ... ... ... ... ... ... ... ... ... ... ... ... ... ... ... ... ... ... ... ... ... ... ... ... ... ... ... ... ... ... ... ... ... ... ... ... ... ... ... ... ... ... ... ... ... ... ... ... ... ... ... ... ... ... ... ... ... ... ... ... ... ... ... ... ... ... ... ... ... ... ... ... ... ... ... ... ... ... ... ... ... ... ... ... ... ... ... ... ... ... ... ... ... ... ... ... ... ... ... ... ... ... ... ... ... ... ... ... ... ... ... ... ... ... ... ... ... ... ... ... ... ... ... ... ... ... ... ... ... ...
35,... [+ faslaug :] þaun : [hion × litu : i]ftiR · þial[fa : sun s]...,"... (and) Fastlaug, the married couple, had (the stone raised) in memory of Þjalfi, their son.",en,"Faslugaug, this man, his friend."
36,[aimuntr : let ... ... (k)uþ salu · ha...],Eimundr had ... May God help his soul.,en,Aimundr had ... his wife.
37,þuri ÷ auk frystain ' litu raisa stain iftiR ' þurstain broþur sin,"Þórir and Freysteinn had the stone raised in memory of Þorsteinn, their brother.",en,"Þóri and Frystiann, they raised the stone in memory of Þórustiann, their brother."
38,gya : sæhir : at þu : kak hæim §B þa^nsak : a^b(a)kista^n : rþis,Gyða says that you should go home. §B ... ... ...,en,"Gygi, you shall have this stone raised §B Þónsak, he has raised this stone."
39,þurkiR · auk · uri · þaiR · raistu · staina · at · ulaif · faþur · sin : auk : at · suain · bruþur sin ·,"Þorgeirr and Orri, they raised the stones in memory of Óleifr, their father and in memory of Sveinn, their brother.",en,"Þorkeir and Uri, they raised this stone in memory of Ulfa, their father; and in memory of Sveinn, their brother."
40,(h)agormr hialgar-r (l)i-unski-l-... §B ... þunt bloþ or rin or æ-r : bloþ or : rin or æ--,"Hagormr(?), ... ... §B ... thin blood, run out, out of ... blood, run out, out of ...",en,"Hagormr and Hjalgrarr, their son, and their son, ... ... ... ... ..."
41,alfkil ÷ uk ÷ hns ÷ suniR ÷ risþu : stin : þansi : ift : ¶ · mana : sin : frinta : þans × uas · lantirþi ÷ kitils ÷ þis ÷ ¶ nuruna ÷,"Alfkell and his sons raised this stone in memory of Manni, their kinsman, who was Ketill the Norwegian's estate-steward.",en,"Alfkiell and Hnssr, they raised this stone in memory of Franti, their father, and Valdr, their son."
42,× þeiR bryþr × reistu × kubl × þia × eftiR × sustur ×× sina × afriþi × auk × eftR × suein × faþur × sin × koþan ×,"These brothers raised these monuments in memory of their sister, Áfriðr, and in memory of Sveinn, their good father.",en,"Þorðr had the stone cut in memory of Sveinn, his father, and Sveinn's father, who was the good man."
43,× kut × raisti × ifti × skara × sun sin × anun × hiu × siþu,"Gautr raised (the stone) in memory of Skeri/Skari, his son. Ônundr cut the side.",en,"Gottræste, this stone in memory of Annun, his son."
44,(s)(a)- riti sanat kaolu a^mn -... §AQ (s)(a)- rit is anat i saolu a^mn -... §AR (s)(a)- riti| |is a| |an ati saolu a^mn -... §B a(i)kua(i)tu,... by writing heals the crazy woman. Amen ... §AQ ... writing is something different in the soul. Amen ... §AR let ... write who owns and experienced happiness/luck. Amen ...,en,"Sætr and Ríti, and Ámn and Sællu, and Ámn and Ríti, and Ámn and Sællu, and Ámn and Ríti."
45,... ...-þan × isun × isRn × bRkia nu × kuþ il×... ... §Q ... ...-þan × isun × isRn × bRkia nu × kuþ il×... ...,"... good(?), his(?) son(?). Now(?) (they) pray(?) to God(?) to help(?) ... §Q ... (the) good(?) son of them both. Now God may help(?) ...",en,... ... ... ... ... ... ... ... ... ...
46,$M §A spyr actriþi h-... §B --- act -...,$M §A Ask Ástríðr ... §B ... love ...,en,"$M §A Spyr, the ... §B ..."
47,$U §P -uþaþit-ih -ilald (t)-uiuu-(t)w- §Q a^luþa þit (s)i huilalda^| |^aï uiu u(e)a aþa^l,$U §P ... artifact ... §Q Of the ale this will be the resting-people’s (= the deads’): (for?) ever I sanctify abode of the gods.,en,$U §P -vôt-þið-ih -ilald (t)-vinn-... §Q Áv-... ... ... ... ... ...
48,÷ uesti : auk : iuar : auk : s(u)[lfa :] (b)ruþr : þriR : karþu : bru : þasi : (a)uk : satu : stein : þana : eftiR : þialfa : faþur : [sin],"Véseti and Ívarr/Jóarr and Sylfa, the three brothers made this bridge and placed this stone in memory of Þjalfi, their father.",en,"Vesti and Ivar and Sólvi, their brothers, carved this stone in memory of Þialfa, their father."
49,: hragli : auk : alkisl : satu : stin : þesi : eftR : serla : faþur : sin,"<hragli> and Algísl placed this stone in memory of Særli, their father.",en,"Hraugli and Alkisl, they had this stone cut in memory of their father, Sveinn."
50,...- : kuþ-... ...-u · ...,... ... ... ...,en,... ... ...
51,[iufur · uk stoþbiarn · litu ... ... ...kifast · faþur · sin ×],"Jôfurr and Stóðbjôrn had ... in memory of Ingifastr, their father.",en,"Ífjôr, good stone, ... ... ... ... ... ... ... ... ..."
52,: haraltr : kunukR : baþ : kaurua ¶ kubl : þausi : aft : kurm faþur sin ¶ auk aft : þourui : muþur : sina : sa ¶ haraltr (:) ias : soR · uan · tanmaurk §B ala · auk · nuruiak §C (·) auk t(a)ni (k)(a)(r)(þ)(i) kristno,"King Haraldr ordered these monuments made in memory of Gormr, his father, and in memory of Þyrvé, his mother; that Haraldr who won for himself all of Denmark §B and Norway §C and made the Danes Christian.",en,"Haraldr, Gunnr, Guðva, Karl, Þóseir, and Róm, their father. They were after Þóruvi, their mother. §B Ále, Norvæir, Norvæir, Norvæir, Norvæir, Norvæir, Norvæir, Norvæir, Norvæir, Norvæir, Norvæir, Norvæir, Norvæir, Norvæir, Norvæir, Norvæir, Norvæir, Norvæir, Norvæir, Norvæir, Norvæir, Norvæir, Norvæir, Norvæir, Norvæir, Norvæir, Norvæir, Norvæir, Norvæir, Norvæir, Norvæir, Norvæir, Norvæir, Norvæir, Norvæir, Norvæir, Norvæir, Norvæir, Norvæir, Norvæir, Norvæir, Norvæir, Norvæir, Norvæir,"
53,+ esse krusem tomi¶ni : fugite pa^rtes ¶ at^uerse uisit le(o) ¶ te t^ribu iuta -----... ----... ¶ kua(t)^uo^r gra^na in pen¶talum in--... ¶ fo(n)te t^utit : ¶ aaron : iesus + §B -(o)hannes ¶ ma^rkus ¶ maþeus ¶ lukas §C -a^gla al¶pha et ¶ o + - :,"Behold the cross of the Lord; flee, you hostile powers. The lion of the tribe of Juda, the root of David, has conquered. Four letters on the forehead-plate that Aaron bore on his forehead, Jesus. §B John, Mark, Matthew, Luke. §C Agla. Alpha and Omega ...",en,"Ese, Krúseim, gave this to me, and I had it in memory of the great, and he had it in memory of his son, and he had it in memory of his son, and he had it in memory of his son. ... ... ... ... §B ... ... ... §C ... ... ..."
54,[suth]i auk · iki[fastr · litu] rita [stai]n ' iftiR × ikalt ' uk ' (f)[tiR ikhu]ar · fe[þr si]na · kuþa · i,"Sóti and Ingifastr had the stone erected in memory of Ingjaldr and in memory of Ingvarr, their good fathers ...",en,"Sóðr and Iviðr had the stone raised in memory of Ígallr, their father, and their mother."
55,... ...þi : stin : þa...- · -...,... raised this stone ...,en,... raised the stone ...
56,+ ka^ute : tie · kinit^r · suermo: in·mokulata · ga^ute §B k-- ... §C ga^ute : kue : genuisti : eterni · lumi(n)- §D k[l]-... ...,"Rejoice, Mother of God, immaculate Virgin, rejoice §B ... §C Rejoice, Thou who created clarity from eternal light §D ...",en,"Gauti, he was in the midst of the moors. §B ... §C Gauti, he was in the midst of the moors. §D ..."
57,[rahnfriþr · lit rt stain þino ' aftiR biurno sun þaiRa kitilmuntaR ' hon ' fil a urlati ' kuþ hialbi hons ant auk| |kuþs muþiR ' osmunr mar'kaþi runaR ritar],"Ragnfríðr had this stone erected in memory of Bjôrn, her son and Ketilmundr's. He fell in Virland. May God and God's mother help his spirit. Ásmundr marked the right runes.",en,"Ragnfríðr had the stone raised in memory of Bjôrn, his son, and in memory of Kítmundr, his father, and in memory of Guðr, his brother, and in memory of Ósmundr, his mother."
58,... ...isa · sti- ... -t · su... ...,... raised the stone ... in memory of the son ...,en,... he ... ...
59,kunuar : resþi : stin : þani : eftiR : kana : bunta : sin : þegn harþa kuþan,"Gunnvôr raised this stone in memory of Kani, her husbandman, a very good Þegn.",en,"Gunnvarr raised the stone in memory of Gunnbiðn, his brother."
60,...[-n · sin +] sun + hulmfas--/hulmfas--... ... kuþ + hialbi + ant hans +,"... his, Holmfastr's son ... May God help his spirit.",en,"... in the sun, Huldfræðr(?) ... his son."
61,· aystin · auk · astriþr · raistu · stina · aftir · kak · sun · sin ·,"Eysteinn and Ástríðr raised the stones in memory of Kagr(?)/Gagr(?), their son.",en,Ásteinn and Ásteðr had this stone raised in memory of their father.
62,akuti + auk + osur + auk × biaurn × rastu × stain × (þ)[ina × afti](r) × nuka × trihk + kuþan ×,"Ágoti and Ôzurr and Bjôrn raised this stone in memory of Nokki, a good valiant man.",en,Ákvi and Ósvir and Bjôrn raised this stone in memory of their father.
63,ingibiorh · hin fahra · æhkia §B môrhk · kona · hæfer · faret · lu(t) in her mihgil oflate §C ærlikr,"Ingibjôrg, the fair widow. §B Many a wife has travelled stooping in here. A great show-off. §C Erlingr",en,"Ingibóðr had this stone made in memory of Mórhðr, his father, and in memory of his mother. §C Árlíkr"
64,... -it : tafast : rista : runir,... had Tafeistr to carve the runes.,en,... had the stone raised and the runes cut.
65,†$ [bariRþ ÷ riti stain ÷ þina ÷ aftiR un ÷ ... bruþur sin ÷ han uas| |sun : arinbiarnaR a-þuaun-ua-sun ÷ ial-i (k)u(þ) ant unaR],†$ <bariRþ> erected this stone in memory of Unn his brother. He was Arinbjôrn's son ... May God help Unn's spirit.,en,"†$ Barðir Þori's stone in memory of ... his brother, he was the son of Ingibjarnar, his father."
66,... × kumbl × aiftiR ... ...-str auk × s...-ta × ...,... the monument(s) in memory of ... Christ and Saint ...,en,... Kumbl ... ... ... ...
67,ali · auk · karli · risþu · stin · þansi · stin · þansi · iftiR · firist(i)n · faþur · sin · miuk · kuþan þikn,"Áli/Alli and Karli raised this stone [this stone] in memory of Freysteinn, their father, a very good Þegn.",en,"Áli and Karli raised this stone in memory of their father, their midwife. May God help their souls."
68,kuþfastr aok ' þorontr ' litu rita sten ' eftiR ' faþur sin ' hals ' ok frykuþr ' yftiR ' bonta sin ' þorþr : hiak · runar · þisar ' ual,Guðfastr and Þróndr had the stone erected in memory of their father Hals; and Freygunnr in memory of her husbandman. Þórðr cut these runes well.,en,"Guðfastr and Þorðr had the stone erected in memory of their father, their husbandman and their brother. They ran."
69,ikib(i)rn : ak : þiR : bryþr : litu : risa : stin : þina : a(t) : ikhul : faþur : sin : (k)uþ : hilbi : anta : hns bt(r) : þin : (h)-(n) : (h)--... ...- : -(a)(r)- : --...---- : (r)isti : runaR · þasi,"Ingibjôrn and his brothers had this stone raised in memory of Ígull, their father. May God help his spirit better than he has deserved. Tíðkumi carved these runes.",en,"Eikibrunr and Bryðr had the stone raised in memory of Ingihul, their father; and Góðr, his brother. They were the ones who carved the runes."
70,· kalmi : risþi : stin : þena : eftiR : helka : sun : sin : iaR : turknaþi :,"Gamli(?)/Galmi(?) raised this stone in memory of Helgi, his son, who drowned.",en,"Gámli raised this stone in memory of Helgi, her husbandman."
71,· þura · sati · stin · þasi · aftiR · suin · sun · sin · Rs · uRstr · o · ualu,"Þóra placed this stone in memory of Sveinn, her son, who died in the west in <ualu>.",en,"Þórvi, his son, raised the stone in memory of Sveinn, his son, and in memory of Róstr, his son, and in memory of Óvalvi."
72,hulmstain · auk · uikuþr · þaun · litu · raisa · stain · eftiR · sun · henaR · auk · uihialmr iftiR inkifast ·,"Holmsteinn and Végunnr, they had the stone raised in memory of her son, and Véhjalmr/Víghjalmr in memory of Ingifastr.",en,"Hulmsteinn and Víguðr, they raised this stone in memory of their son, Ingífastr, and in memory of their own husbandman."
73,...li : lit : resa : eftiR : f...,... had ... raised in memory of ...,en,... had the stone raised in memory of ...
74,sua ai ÷ titultitul ¶ fuþorkhniastbmlR §B huaR is i : alisti osa : huaR is (:) ¶ uifrþuR : karþi : afr aft asini fauþr ¶ kul:finR : fal(s) : taitirunoR ' u ¶ (a)iuinrunoR : sulialta : huaR : ? ¶ utu ÷ tuuut bilikikR : tuR ra(k)(i) ¶ (t)(u)(l)i,"Thus ever(?) ... <fuþorkhniastbmlR> §B Who is(?) ... ... Æsir's, who is Véfriðr /Véfrøðr made ... in memory of ... father. Kolfinnr/Gullfinnr concealed runes of gladness and runes of eternal friendship ... who ... ... ... ... ... ... Tuli/Tóli.",en,"Sveinn, the Titultull, and Fuðorkhniastbmlr §B and Hjalsti, and Hjalsti, and Hjalsti, and Hjalsti, and Hjalsti, and Hjalsti, and Hjalsti, and Hjalsti, and Hjalsti, and Hjalsti, and Hjalsti, and Hjalsti, and Hjalsti, and Hjalsti, and Hjalsti, and Hjalsti, and Hjalsti, and Hjalsti, and Hjalsti, and Hjalsti, and Hjalsti, and Hjalsti, and Hjalsti, and Hjalsti, and Hjalsti, and Hjalsti, and Hjalsti, and Hjalsti, and Hjalsti, and Hjalsti, and Hjalsti, and Hjalsti, and Hjalsti, and Hjalsti, and Hjalsti, and Hjalsti, and Hjalsti, and Hjalsti, and Hjalsti, and Hjalsti, and Hjalsti, and Hjalsti, and Hjalsti, and Hjalsti, and Hjalsti, and Hjalsti, and Hjalsti,"
75,÷ salsi karþi sul ÷ D ÷ skut- - þ--a hiu ×,Sôlsi(?) made(?) the sun(?). Dagr(?) cut(?) this(?) on the cliff-face.,en,"Sælsi, the good man, and Skuddr, the good man."
76,: asmuhtr : auk : fraybiurn · litu kera : meki · siRun · at · herbiurn · faþur : sin :,"Ásmundr and Freybjôrn had the rune-decorated landmark made in memory of Herbjôrn, their father.",en,"Asmundr and Fræybjôrn had this rune carved in memory of Herbjôrn, their father."
77,kuni lit rista runaR þisar eftR sik · kuikhan þurhkutr · risti runa þisar fots arfi,"Gunni had these runes carved in memory of himself while alive. Þorgautr, Fótr's heir, carved these runes.",en,"Gunnell(?) raised these runes in memory of Guikhan, his father. He raised these runes in memory of his father."
78,hulm(k)iR · auk · labus · auk · lafsi · þaiR · litu · raisa stain · at aib-rn · faþur sin koþan · ...t...,"Holmgeirr and <labus> and Lafsi, they had the stone raised in memory of Eibjôrn, their good father ...",en,"Hulm(?) and Labus and Lafsi, they raised this stone in memory of Ábjórn, their father."
79,†M [pær krusis ok sihnum : fgiaþ : ¶ : prokul : omne : malihnum +],†M With this sign of the cross will all evil flee far away.,en,"Dagmar and Sigunn, the good wife, and all the malihnum."
80,la-rans : gierþi : s[t]ai(n) : (þ)-,Lafranz made this stone.,en,"Lágrunn's, Geir's, Steinn's ..."
81,... ...ta · stiu(b) · (s)in · ha- ...,"... ..., his/her step(-son). He ...",en,... in the stone ...
82,[tora · lit · raisa · sti]n [· þina · i]ftiR · rolif · sun · sin · kuþ · hialbi · ant [· hans fotr · risti ·],"Tóra had this stone raised in memory of Hróðleifr, her son. May God help his spirit. Fótr carved.",en,"Tora had raised this stone in memory of Róllif, his son, and in memory of Hans, his brother."
83,ma^ria : mika(l) ¶ a mik br(i)kil ¶ torir §Q ma^ria : mika(i) ¶ a mik brakil ¶ torir,"Mary, Mikjáll owns me, Brigit(?). Þórir. §Q Mary, Mikjáll! Brakil/Brigit owns me. Þórir.",en,"Mæri and Mikael, my brother, they have made me. §Q Mæri and Mikael, my brother, they have made me."
84,... ...isti : krus : -... ¶ ...ir : mol:mu... ...,... raised (this?) cross in memory of Maelmuire ...,en,... raised the stone ... ...
85,ragna : let × raisa × stain × þin(a) ... ... × sun × kuþbirnaR × trenk × ufi(l)an,"Ragna had this stone raised ... ... Guðbjôrn's son, an undaunted valiant man.",en,"Ragnbjôrn and Ræsa, they have raised this stone in memory of Guðbjôrn, their father."
86,· sistin · ris(þ)... ... §B ...ftiR · keRmut · mak si...,"Sigsteinn raised ... §B in memory of Geirmundr, his kinsman-by-marriage.",en,Sjastinn raised ... §B ... made ...
87,[: rakR : lakþi : stin : yfiR : þiuk : s...n : sin : s...],"Rekkr laid the stone over Þjokkr, his son ...",en,"Rakr and Laki and Þiug, they were ..."
88,þurkl × auk + kisl + -itu + rais- ... þian + iftR + faþur sn + kans- ku- hialbi ant hans,Þorkell and Gísl had this stone raised in memory of their father Gansi(?)/Knasi(?). May God help his spirit.,en,Þorkl and Kjell had this raised ... Þiann had this stone cut in memory of his father.
89,biarn · li(t) ... ...- · ul- -(o)(r)oþur · sen ·,"Bjôrn had ... ... Ulfr, his brother.",en,Bjôrn and ... ... ... ...
90,[tiarfR · raisti · stain : þinsa : at : irim : faþur : sin : kuþan :],"Djarfr raised this stone in memory of Grímr, his good father.",en,"Þórfr raised the stone in memory of Írm, his father."
91,[huitr ok| |karl ouk ulf l...u ...ris...],Hvítr and Karl and Ulfr(?) had ...,en,Hvítir and Karl and Ulfr(?) and ... ... ... ...
92,... ...arl ' uk ihulbiurn ' litu rita stono þisa ' uk| |kirua bru þisa ' at iafur faþur si... ... (h)ialbi ont hos,"... Karl and Ígulbjôrn had these stones erected and this bridge made in memory of Jôfurr, their father ... may help his spirit.",en,"... Ágar, he had the stone raised in memory of Ingjôrn, his brother, and in memory of Ingjôrn's father, he died. (H)jalbi is in the house."
93,[...-R lit ' r...] ... ...- ÷ sina ÷ k...,... had (the stone) raised/erected ... ... their/his ...,en,... raised ... his wife.
94,[as]kil : lit : rita : stin : þa[na · -f-]- : u[n]-- : faþur : [si]n [-u-]a : kuþ[an],"Áskell had this stone erected in memory of ... his father, a good husbandman.",en,"Askeland had the stone raised in memory of Gunn, his son."
95,þruntr × risti + tsin × þinsa + aftiR · þurtsin [faþ](u)r sin,"Þróndr raised this stone in memory of Þorsteinn, his father.",en,"Þruntr raised this stone in memory of Þorðr, his father."
96,fastkaiR fastlauk at sun sin litu (h)akua at nefkair,"Fastgeirr (and) Fastlaug had (the stone) cut in memory of Nefgeirr, in memory of their son.",en,"Fastgeirr and Fastlaugr and the sun in this place, and the nefkair."
97,o^not^r : a mik : a ho^no^m,Ônundr of Hornar owns me.,en,"Notredr, a good man."
98,tuki : ri(s)-- ¶ -tin : þansi : ift ¶ þurstin : sin ¶ -(r)uþur : nuk ¶ igi : sin : faþu-,"Tóki raised this stone in memory of Þorsteinn, his brother, and Ingi, his father.",en,"Tóki raised this stone in memory of Þorsteinn, his son. He had the bridge cut."
99,[× sibi × auk × irmuntr × auk × þoriR × litu × raisa × stain × iftiR × s(u)... ... ...-- (h)(a)n · to × austr × sun × kismuntaR],"Sibbi and Ernmundr and Þórir had the stone raised in memory of ... ... ... He, Gísmundr's son, died in the east.",en,"Sigbi and Írmundr and Þórr had this stone raised in memory of their father, Ógmundr's son."
100,... stin : þinsi : i--iR : un...,... this stone in memory of ...,en,... in memory of ...
1,[hualf : lit ... ufir : tar : fadur : simun ...],... had the vault [made] ... over their father Símon ...,de,"Hälfigt ... für Tar, für Fader, für Simun ..."
2,...(a)lui : lit * kira : kubl : ifti... ... burþur : ulfs * þiR * a(u)... ... (m)iþ * ikuari : o : sirk*la(t)...,...-vé had the monument made in memory of ... Ulfr's brother. They in / to the east ... with Ingvarr in Serkland.,de,"... (d)ie(?) habe ich, ich habe ... (m)ich ... (d)ie(?) ..."
3,þat ik uk (M) nona ¶ snonk=uk(t)(i)unf(i) ¶ sak a=rf hit(r)k ¶ þik,... ... ... ... ... ... ... ... ... …,de,Ich habe nicht in Norðr und Norðr und Norðr und Norðr und Norðr und Norðr und Norðr und Norðr und Norðr und Norðr und Norðr und Norðr und Norðr und Norðr und Norðr und Norðr und Norðr und Norðr und Norðr und Norðr und Norðr und Norðr und Norðr und Norðr und Norðr und Norðr und Norðr und Norðr und Norðr und Norðr und Norðr und Norðr und Norðr und Norðr und Norðr und Norðr und Norðr und Norðr und Norðr und Norðr und Norðr und Norðr und Norðr und Norðr und Norðr und Norðr und Norðr und Norðr und Norðr und Norðr und Norðr und Norðr und Norðr und Norðr und Norðr und Norðr und Norðr und Norðr und Norðr und Norðr und Norðr und Norðr und Norðr und
4,§A nasi × auk : þair : bruþr : raistu : stain : þisa ×,"§A Nasi/Nesi and his brothers raised this stone §B in memory of Jarl, their good father, and made the bridge as thanks to God.",de,"§A Nasse und seine Brüder, die diese Steine errichtet haben."
5,[(n)...i...iukaR : auk : biorn : auk : farulfi : þiR : litu : risa : stan : aftiR * aka : faþur : sin * hat : uaR : uskul * þik : þRa *],"... and Bjǫrn and Farulfr, they had the stone raised in memory of Áki, their father. He was ...",de,...... ... ... ... ... ... ... ... ... ... ... ... ... ... ... ... ... ... ... ... ... ... ... ... ... ... ... ... ... ... ... ... ... ... ... ... ... ... ... ... ... ... ... ... ... ... ... ... ... ... ... ... ... ... ... ... ... ... ... ... ... ... ... ... ... ... ... ... ... ... ... ... ... ... ... ... ... ... ... ... ... ... ... ... ... ... ... ... ... ... ... ... ... ... ... ... ... ... ... ... ... ... ... ... ... ... ... ... ... ... ... ... ... ... ... ... ... ... ... ... ... ... ... ... ... ... ... ... ... ... ... ... ... ... ... ... ... ... ... ... ... ... ... ... ... ... ... ... ... ... ... ... ... ... ... ... ... ... ... ... ... ... ... ... ... ... ... ... ... ... ... ... ... ... ... ... ... ... ... ... ... ... ... ... ... ... ... ... ... ... ... ... ... ... ... ... ... ... ... ... ... ... ... ... ... ... ... ... ... ... ... ... ... ... ... ... ... ... ... ... ... ... ... ... ... ... ... ... ... ... ... ... ... ... ... ... ... ... ... ... ... ... ... ... ... ... ... ... ... ... ... ... ... ... ...
6,§A ...r × ok × e...,§A ... and ... §B ...,de,§A ... ... ... ...
7,k-na : let : legia : st¶in : þensi : auk : tuki :,Ginna(?)/Gína(?) had this stone laid and (i.e. with) Tóki.,de,"Kann ich hier helfen, ich habe den Steinkopf."
8,§A (m)a(l)(i) : es : a : s(t)ain(i) : þesu(m) : a- ...,"§A The agreement on this stone is, that ... §B half of the warping-line lie to ... §C as property and as allodial land ... ...",de,§A (m)a(l)(i) es: a: s(t)ain(i) þesu(m) a- ...
9,× orikia × auk × ikul × litu × raisa × stain × ... ...biurn × faþur sin ×,"Órœkja and Ígull had the stone raised ... ...-bjǫrn, their father.",de,"Örökja und Ikel haften die Steine, ... ...biurn faþur sein."
10,...[rn :] auk * fasti : raist=u st[a]in ** at * k(i)(l)beaurn : faþ(u)r : si(n) : [buata : þo]r[*kiai]rþ[i **],"Bjǫrn and Fasti raised the stone in memory of Ketilbjǫrn(?), their father, Þorgerðr's husbandman.",de,... ... ... ... ... ... ... ... ... ... ...
11,§A ...þi---- (+) -ftir + foþur (:) sin (:) þurbio-...,§A ... in memory of his father Þorbjǫrn. §B ...,de,§A ... ... ... ... ... ... ... ... ...
12,[... uaR * tauþr × i austr*uih- ...],... died on the eastern route ...,de,... hat die Tauten in der Nordwestseite gestützt.
13,k suntahr tir brim o=k i treta=ntu rato,K (was) the Sunday[-stave] and Tyrr the prime-stave in the thirteenth row.,de,"Gott ist unser Gott, Gott ist unser Gott."
14,§A ... ¶ ... ¶ ... ¶ ...,§A ... ... ... ... §B ... ... ...,de,§A ... ... ... ...
15,[... ...lfa : faþur * sin : auk ...],"... (in memory of) Þjalfi(?), his father and ...",de,... hat faþur seinen Bruder.
16,... : [ai](f)(t)(i)(r) * (m)(u)... * (u)…,... in memory of <mu-> ...,de,... ... ... ...
17,§A ol(a)f(r) : hnaki : -... ...ra : famtan : (b)o : kan-þis... ...n(m)... ...(i)rþi : s---...,§A Ólafr the Neck ... ... fifteen estates ... ... ... ... §B all may violate Gautr(?) ...,de,§A Olfr(?) hat ... ... ... ... ... ... ...
18,[biriki ÷ birita ÷ batar ÷ ok ÷ akhi ÷ kyrþi kirkuh ÷ asur ÷ ok ÷ skuli ÷ ok ÷ þorþr ÷ ok ÷ ku=nar ÷ i siua---sta ÷],May Birita save (us). Pétr and Áki made the church. Ôzurr and Skúli and Þórðr and Gunnarr in Sigvaldstaðir.,de,Bergiki und Bergita und Bergi und Bergi und Bergi und Bergi und Bergi und Bergi und Bergi und Bergi und Bergi und Bergi und Bergi und Bergi und Bergi und Bergi und Bergi und Bergi und Bergi und Bergi und Bergi und Bergi und Bergi und Bergi und Bergi und Bergi und Bergi und Bergi und Bergi und Bergi und Bergi und Bergi und Bergi und Bergi und Bergi und Bergi und Bergi und Bergi und Bergi und Bergi und Bergi und Bergi und Bergi und Bergi und Bergi und Bergi und Bergi und Bergi und Bergi und Bergi und Bergi und Bergi und Bergi und Bergi und Bergi und Bergi und Bergi und Bergi und Bergi und Bergi und Bergi und Bergi und Bergi und Bergi und Bergi und Bergi und Bergi und Bergi und Bergi und Bergi und Bergi und Bergi und Bergi und Bergi und Bergi und Bergi und Bergi und Bergi und Bergi und Bergi und Bergi und Bergi und Bergi und Bergi und Bergi und
19,þo=rir * ræist * runa=r * þessa=r * þan * olaus*mess*o=æpþa=n ¶ ...r han * fo=r * he=r um ¶ ÷ bæþe= =ge=rþo= =no=(r)ne=r * uæl * o=k * il=la * mikla * møþe ¶ g skapaþu * þær mer,"Þórir carved these runes on the eve of Olaus-mass, when he travelled past here. The norns did both good and evil, great toil ... they created for me.",de,"Dort ist der Rieger den Runa den, den man in der Nähe hat, und er hat die Bächter, die ihn in der Nähe haben. Er hat die Welt und die Welt und die Welt. Er schaut auf die Welt."
20,+ BONDO FRISO ME FECIT | ESGERVS RØTH ME FECIT : FIERI | fuþorkhniastblmy---,"Bondo (the) Frisian made me, Esgervs Red had me made. Golden numbers.",de,"Bonnod Friso me feiet, Egesver Røth me feiet, Fieri, fuþorkhniastblmy- ..."
21,[stoþi * auk * sihtiarfr *  þorker * lit]u * ris[t]a * stin at * aistu[lf * b]roþu[r *] (s)in [sun þorkerþa],"Stóði and Sigdjarfr and Þorgerðr had the stone carved in memory of Eistulfr, their brother, Þorgerðr's son.",de,"Stoði und Sigðífr, er hat die Rüstbarkeit gebaut, und er hat die Börde gebaut."
22,þoriR × lit hakua stain at * binu fiþur sin × ketilu[i × at × b]onta sin ×,"Þórir had the stone cut in memory of Bína(?), his father; Ketilvé in memory of her husbandman.",de,Þori er/er er er er er er er er er er er er er er er er er er er er er er er er er er er er er er er er er er er er er er er er er er er er er er er er er er er er er er er er er er er er er er er er er er er er er er er er er er er er er er er er er er er er er er er er er er er er er er er er er er er er er er er er er er er er er er er er er er er er er er er er er er er er er er er er er er er er er er er er er er er er er er er er er er er er er er er er er er er er er er er er er er er er er er er er er er er er er er er er er er er er er er er er er er er er er er er er er er er er er er er er er er er er er er er er er er er er er er er er er er er er er er er er er er er er er er er er er er er er er er er er er er er er er er er er er er er er
23,+ annus * inkannacionis : domini : millesimus * ducentisimus : tris=cesimus : oktauus : erat : fakta * ak kampana : bero : s=crp*sit,Anno incarnationis Domini millesimo ducentesimo tricesimo octavo erat facta hæc campana. Bero scripsit.,de,"Dieser Mann hat die Macht, die ich habe."
24,§A kruhs markus (s)u--io-(b) ¶ --(u)(h)(s) (m)aþ(e)(u)s -- §B (k)ruhs iohanæs ¶ (k)ruhs (l)(u)k-- --,"§A Crux, Marcus, ... crux, Matthæus, ... §B crux, Johannes, crux, Lucas …",de,§A Kristi Markus (s)u--io--b ... ... ... ... §B Kristi Johanes ... ... ...
25,[* iskirun * harþiR * totiR * lit * risti * runiR * ati * sik * sialfan * hn * uil * austr * fara * auk * ut * til * iursala * fair * risti * runiR *],"Ingirún(?) Harðr's daughter, had the runes carved in memory of herself. She wants to travel to the east and abroad to Jerusalem. Fótr(?) carved the runes.",de,"... die Roste und die Runen, sie sollen sieh, sie soll sieh, sie soll sieh."
26,[isifara · auk · k... ... ...-r · sin · hon tu i krikum],<isifara> and ... ... their … He died in Greece.,de,... ... ... ... ... ... ... ... ...
27,biarfaa : statu : sis[o] stain ¶ hakbiarn :  bruþr  ¶ ruþuisl : austain : imuar ¶ is af[a] : st[ai]n[a] : stata : aft : raf[a] ¶ su[þ] furi : ru[f]staini : kuamu ¶ uit i aifur : uifil ¶ [ba]uþ [u=m],"Hegbjǫrn raised this stone glaring (and his) brothers Hróðvísl, Eysteinn, <-muar>, who have had stones raised in memory of Hrafn south of Rofstein. They came far and wide in Eifor. Vífill bade ...",de,"Biarfaa hat diese Steine, die er in Ruggveisland und imuar, auf den Stein, die er in Ruggveisland und imuar, auf den Stein, die er in Ruggveisland und imuar, auf den Stein, die er in Ruggveisland und imuar."
28,[turi : sati : stin : þonsi : aftir : askut : bruþur : sin : iar : barþi : iattin : þikra : i : iatustun : auk : brunia : fik : harþa : kuþan *],"Dýri(?) placed this stone in memory of Ásgautr, his brother, who lived(?) in Jǫtunstaðir(?) and Brúni, a very good valiant man.(?)",de,"Torei und Steini, ich habe das Brautgeflecht gebrochen. Ich habe das Gesicht und das Gesicht gebrochen."
29,...[(n) '] uk ' ihul ' uk ' gisl ' uitr ' li... …,... and Ígull and Gísl (and) Eyndr(?) had ...,de,"... ich habe hier die Gisl und die Uiter, die ich hier habe."
30,--rþr * ris-- * kuml * þe... ... ...-aþis * o * eklanti,Þórðr raised this/these(?) monument(s) ... met his end in England.,de,--rþr ... ... ... ... ... ... ... ... ... ... ... ... ... ... ... ... ... ... ... ... ... ... ... ... ... ... ... ... ... ... ... ... ... ... ... ... ... ... ... ... ... ... ... ... ... ... ... ... ... ... ... ... ... ... ... ... ... ... ... ... ... ... ... ... ... ... ... ... ... ... ... ... ... ... ... ... ... ... ... ... ... ... ... ... ... ... ... ... ... ... ... ... ... ... ... ... ... ... ... ... ... ... ... ... ... ... ... ... ... ... ... ... ... ... ... ... ... ... ... ... ... ... ... ... ... ... ... ... ... ... ... ... ... ... ... ... ... ... ... ... ... ... ... ... ... ... ... ... ... ... ... ... ... ... ... ... ... ... ... ... ... ... ... ... ... ... ... ... ... ... ... ... ... ... ... ... ... ... ... ... ... ... ... ... ... ... ... ... ... ... ... ... ... ... ... ... ... ... ... ... ... ... ... ... ... ... ... ... ... ... ... ... ... ... ... ... ... ... ... ... ... ... ... ... ... ... ... ... ... ... ... ... ... ... ... ... ... ... ... ... ... ... ... ... ... ... ... ... ... ... ... ...
31,§P [katil × risti × sten × efti sin broþur : nahhar stens su- +],"Ketill raised the stone in memory of his brother Nagr(?), Harðsteinn's son.",de,"§P Kätil riste den Stein, den ich mir naheher stehn soll."
32,[+ butulfr : ... : ...s...r : butuiþr : ok : iakaupr : ok : olafr : ...],Bótulfr ... ... Bótviðr and Jakobr and Ólafr ...,de,Bettulfr und ... ... ... ... ... ... ... ... ... ... ... ... ... ... ... ... ... ... ... ... ... ... ... ... ... ... ... ... ... ... ... ... ... ... ... ... ... ... ... ... ... ... ... ... ... ... ... ... ... ... ... ... ... ... ... ... ... ... ... ... ... ... ... ... ... ... ... ... ... ... ... ... ... ... ... ... ... ... ... ... ... ... ... ... ... ... ... ... ... ... ... ... ... ... ... ... ... ... ... ... ... ... ... ... ... ... ... ... ... ... ... ... ... ... ... ... ... ... ... ... ... ... ... ... ... ... ... ... ... ... ... ... ... ... ... ... ... ... ... ... ... ... ... ... ... ... ... ... ... ... ... ... ... ... ... ... ... ... ... ... ... ... ... ... ... ... ... ... ... ... ... ... ... ... ... ... ... ... ... ... ... ... ... ... ... ... ... ... ... ... ... ... ... ... ... ... ... ... ... ... ... ... ... ... ... ... ... ... ... ... ... ... ... ... ... ... ... ... ... ... ... ... ... ... ... ... ... ... ... ... ... ... ... ... ... ... ... ... ... ... ... ... ... ... ... ... ... ... ... ... ...
33,× fastbiurn × lit rita × stain × iftiR mintil × faþurR sin,"Fastbjǫrn had the stone erected in memory of Myndill, his father.",de,"Fastbøyrn hat die Relikte gestan, wenn er seine Mönchstein."
34,§A pa=l æi(n)(a)=(r)so=n : ræist : run(a)=(r) (:) þæs...,§A Páll Einarr's son carved these runes §B ... this stone in memory of ...,de,§A Paugnäs(?) ... ... ... ...
35,* ali : lakþi : stin : þasi : uftiR : uþu : kunu : s... ...u : harþa : kuþa,"Áli/Alli laid this stone in memory of Auða, his wife ... very good.",de,"Ali hat das Stein in die Hände gegeben, und er hat es für seine Schwester gemacht."
36,--ti- + karþi × br(u) + þasi + a-tiR + hemkil + auk * siba sunu × sina,"<--ti-> made this bridge in memory of Heimkell and Sibbi, her sons.",de,"--ti- und Karðir und Þesi, ich habe Hemkil und Sibi, ich habe sie."
37,Side A : tuki : r-... : br--... Side B ...-s-…,Tōki …,de,"Säide ich, ich ..."
38,§A ... ¶ ... §B ... ¶ …,§A ... ... §B ... …,de,§A ... §B ...
39,+ aslagr : pr(e)str * reit * runa=r þessa=r,Áslakr the priest wrote these runes.,de,"Herr Strægr, ich habe die Runa gestrichen."
40,h[outi]an [* auk * asur * þair * litu *] (r)aisa * merki * þisa * at [*] (u)l[f] * faþur * sin *,"<houtian> and Ôzurr, they had these landmarks raised in memory of Ulfr, their father.",de,"Hauptmann und Äusser und Äusser, ich habe diesen und den Äusser und den Äusser und den Äusser und den Äusser und den Äusser und den Äusser und den Äusser und den Äusser und den Äusser und den Äusser und den Äusser und den Äusser und den Äusser und den Äusser und den Äusser und den Äusser und den Äusser und den Äusser und den Äusser und den Äusser und den Äusser und den Äusser und den Äusser und den Äusser und den Äusser und den Äusser und den Äusser und den Äusser und den Äusser und den Äusser und den Äusser und den Äusser und den Äusser und den Äusser und den Äusser und den Äusser und den Äusser und den Äusser und den Äusser und den Äusser und den Äusser und den Äusser und den Äusser und den Äusser und den Äusser und den Äusser und den Äusser und den Äusser und den Äusser und den Äusser und den Äusser und den Äusser und den Äusser und den Äusser und den Äusser und den Äusser und den Äusser und den Äusser und den Äusser und den Äusser und den Ä"
41,§A -uki : os^a : b : r^aisþ^a : u^ar : aft : -^t-a^þ : -(i)- : nafis §B : þo : is : o(s)(i) : --- : þ^aþa^n : (a)(u)- -u^a : staina : þisa : -----,§A ... §B …,de,§A — ... ... ... ... §B ... ... ... ... ...
42,tu-iR : resþi : sta... ... unþik : bru-ur : sin :,"Tólir/Dóttir raised the stone ... Óníðingr, his/her brother.",de,... steht ... und Brøkur hat.
43,a	b	c	d	e	f	g	h	i	k	l	m	n	o	p	r	s	t	u	v	y	.	þ	.	.	.,a	b	c	d	e	f	g	h	i	k	l	m	n	o	p	r	s	t	u	v	y	.	þ	.	.	.,de,... ... ... ... ... ... ... ... ... ... ... ... ... ... ... ... ... ... ... ... ... ... ... ... ... ... ... ... ... ... ... ... ... ... ... ... ... ... ... ... ... ... ... ... ... ... ... ... ... ... ... ... ... ... ... ... ... ... ... ... ... ... ... ... ... ... ... ... ... ... ... ... ... ... ... ... ... ... ... ... ... ... ... ... ... ... ... ... ... ... ... ... ... ... ... ... ... ... ... ... ... ... ... ... ... ... ... ... ... ... ... ... ... ... ... ... ... ... ... ... ... ... ... ... ... ... ... ... ... ... ... ... ... ... ... ... ... ... ... ... ... ... ... ... ... ... ... ... ... ... ... ... ... ... ... ... ... ... ... ... ... ... ... ... ... ... ... ... ... ... ... ... ... ... ... ... ... ... ... ... ... ... ... ... ... ... ... ... ... ... ... ... ... ... ... ... ... ... ... ... ... ... ... ... ... ... ... ... ... ... ... ... ... ... ... ... ... ... ... ... ... ... ... ... ... ... ... ... ... ... ... ... ... ... ... ... ... ... ... ... ... ... ... ... ... ... ... ... ... ... ... ... ... ... ... ...
44,× þorkis[l] -uk × þorstin auk × uibiarn × auk × olifr × --tu × raisa × stin × eftiR × þorbiarn × faþur × sin,"Þorgísl and Þorsteinn and Vébjǫrn and Óleifr had the stone raised in memory of Þorbjǫrn, their father.",de,Þorkísul(?) und Þorsteinn und Übiarn und Olfr(?) und Ræsa(?) und Þorbjôrn und Fætur(?) und Stein(?).
45,[kalukR lit × risa × stn × þina × iftR × siba · boanta sin × koes...--... faþur · s¶in han fal · s... ¶ keþfrekr],"<kalukR> had this stone raised in memory of Sibbi, her husbandman ... her father. He fell south(?) …",de,"[Kalukr] hat diesen Stein gestützt, er soll seine Frau, sein Bruder, sein Vater, sein Sohn, sein Bruder, sein Herr sein."
46,§A + tak ' hiR krist * (e)yratr * hafir * kart ' klukhera * sun ' amen,"§A Thank-you(?), Lord(?) Christ. Eyrhvatr(?) has made, son of the organist. Amen. §B Jubilant.",de,"§A Tak die Krist, die Erbräuter, die Hart, die Klughera, den Gott."
47,§A d=um * das : ka=rus * e=ris : da=re : des--,"§A As long as you give, you will be held dear; if you abandon giving, §B you will be despised.",de,"§A den Kaelr und die Reis, da er den Rest des Landes."
48,[× aist]r × lit × [ra... ... ... suart×haufþa × faþur] ...,"Eistr had … raised in memory of Svarthǫfði, his father.",de,[...] hat ... seine Frau ...
49,bosi : tlhi ¶ kirki ¶ bosi : ta=lh`þ´i sten ¶ til skatma ¶ kirkiu,Bósi shaped the church. Bósi shaped the stone for the church of the inhabitants of Skatelöv.,de,Bosei trägt die Kirche.
50,baki : fulk(s)tin þiR : raisþu : stin : þan:si : at : faþur : sin kitilhafþa þ=r=u=t=a=R= =þ=i=a=k=n uit,"Banki/Baggi (and) Folksteinn, they raised this stone in memory of their father Ketilhǫfði, a Þegn of strength. ...",de,"Baki und Fulkind, sie trugen die Steine, denn sie hatten die Fäulnis vom Gott."
51,riuiþr : risiþ : sti : þasi : auftiR : kirm : su : sin : miuk : kuþan : trik :,"<riuiþr> raised this stone in memory of Grímr, his son, a very good valiant man.",de,"Rieutr und Risiðr, sie haben das Kornstück und die Steine."
52,auþa : auk : ika * auk * erintis * þriþi * hafa * muþk-... -þ um * karua * stain ra--... itiR * suain * faþur : sin * auk * at kuþfast * bruþr * sin * han uaR : sun : auþuR,"Auða and Inga and Erindís as the third, the mother and daughters have (achieved) the feat of making and raising(?) the stone in memory of Sveinn, their father, and in memory of Guðfastr, their brother. He was Auða's son.",de,"Gott und ich, ich habe dieses Unglaubliche nicht. Ich habe das Unglaubliche nicht. Ich habe das Unglaubliche nicht."
53,...--- × lagþu × s... …,... laid the stone ...,de,... ... ... ...
54,a=u=æ ÷ maria ÷ iæssus + {ANNO : DOMINI : MO : CCCO : XLO : QUINTO : DECIMO : SEPTIMO : KLAS : AUGUSTI : CURATO : ECCLEIE : DOMINO : OLAUO : TUTORIBUS : ECCLEIE : GEDSTAUO : ET : NICHOLAO : HAQUINUS : FUDIT : HANC : CAMPANAM : MAGNO : REGE : SUECIE : DNO : SIGGONE : EPISCOPI : SCARENSI} : +,Ave Maria Jesus. {Anno domini millesimo trecentesimo sexagesimo quinto decimo septimo kalendas augusti curato ecclesiae domino Olauo tutoribus ecclesiae Gedstauo et Nicholao Haquinus fudit hanc campanam Magno rege Sueciae domino Siggone episcopo Scarensi.},de,Mara ist mein Vater. Ich habe den Herrn und den Mann und den Gott und den Gott und den Gott und den Gott und den Gott und den Gott und den Gott und den Gott und den Gott und den Gott und den Gott und den Gott und den Gott und den Gott und den Gott und den Gott und den Gott und den Gott und den Gott und den Gott und den Gott und den Gott und den Gott und den Gott und den Gott und den Gott und den Gott und den Gott und den Gott und den Gott und den Gott und den Gott und den Gott und den Gott und den Gott und den Gott und den Gott und den Gott und den Gott und den Gott und den Gott und den Gott und den Gott und den Gott und den Gott und den Gott und den Gott und den Gott und den Gott und den Gott und den Gott und den Gott und den Gott und den Gott und den Gott und den Gott und den Gott und den Gott und den Gott und den Gott und den Gott und den Gott und den Gott und den Gott und den Gott und den Gott und den Gott und den Gott und den Gott und den Gott und den Gott und den Gott und den Gott und den Gott und den Gott und den Gott und den Gott und den Gott und den Gott und den Gott und den Gott
55,osfriþr : risþi : stin : þonsi : eftiR : osgiR : hrþa : kuþan : trek : buta * sin,"Ásfríðr raised this stone in memory of Ásgeirr, her husbandman, a very good valiant man.",de,Dort ist er gestorben.
56,§A + esse krucem tomini fugite pa=rtes atu=erse : uicit leo * de tribu iuta ratiks ta=uit,"§A Behold the cross of the Lord; flee, you hostile powers. The lion of the tribe of Juda, the root of David, has conquered. §B Four letters on the forehead-plate that Aaron bore on his forehead, Jesus Christ. §C Mark, Matthew, Luke, John. §D Tetragrammaton. Alpha and Omega.",de,"§A Christus, Gottmännlicher Gott, Gottmännlicher Gott, Gottmännlicher Gott, Gottmännlicher Gott, Gottmännlicher Gott, Gottmännlicher Gott, Gottmännlicher Gott, Gottmännlicher Gott, Gottmännlicher Gott, Gottmännlicher Gott, Gottmännlicher Gott, Gottmännlicher Gott, Gottmännlicher Gott, Gottmännlicher Gott, Gottmännlicher Gott, Gottmännlicher Gott, Gottmännlicher Gott, Gottmännlicher Gott, Gottmännlicher Gott, Gottmännlicher Gott, Gottmännlicher Gott, Gottmännlicher Gott, Gottmännlicher Gott, Gottmännlicher Gott, Gottmännlicher Gott, Gottmännlicher Gott, Gottmännlicher Gott, Gottmännlicher Gott, Gottmännlicher Gott, Gottmännlicher Gott, Gottmännlicher Gott, Gottmännlicher Gott, Gottmännlicher Gott, Gottmännlicher Gott, Gottmännlicher Gott, Gottmännlicher Gott, Gottmännlicher Gott, Gottmännlicher Gott, Gottmännlicher Gott, Gottmännlicher Gott, Gottmännlicher Gott, Gottmännlicher Gott,"
57,§A f... ¶ ...ku-... ¶ ...-kas--... ¶ ...-kh--...,§A ... ... ... ... §B ...,de,§A ... ... ... ... ... ...
58,Side A ...(k)hniistmlR Side B n,[fuþor]khn[ia]s[tb]lmR …,de,Gegen die Steine.
59,iþinui ' uk ' austain ' uk ' ulfr ' uk * ol(a)[fr * litu * raisa * s]tain * iftiR hal(f)tan faþur sin,"Heðinvé and Eysteinn and Ulfr and Ólafr had the stone raised in memory of Halfdan, their father.",de,"Dann und Ulfr und Olfr, ich habe die Steine gelegt, Halftann, ich habe die Fäuste."
60,...-ta : bain : uas * (i)-(u)--...,This bone was ...,de,...-ta: ich habe das (Bann) gemacht.
61,§A (b)isi * sati : st[(n)] : þisi : iftiR : þurkut : u----þi : faþur,"§A Bisi placed this stone in memory of Þorgautr ... his father. §B And Gunna, both. Thistle, mistletoe, casket.",de,§A (b)isi (ste)rt (ste)rt (ste) (ste) (ste) (ste) (ste) (ste) (ste) (ste) (ste) (ste) (ste) (ste) (ste) (ste) (ste) (ste) (ste) (ste) (ste) (ste) (ste) (ste) (ste) (ste) (ste) (ste) (ste) (ste) (ste) (ste) (ste) (ste) (ste) (ste) (ste) (ste) (ste) (ste) (ste) (ste) (ste) (ste) (ste) (ste) (ste) (ste) (ste) (ste) (ste) (ste) (ste) (ste) (ste) (ste) (ste) (ste) (ste) (ste) (ste) (ste) (ste) (ste) (ste) (ste) (ste) (ste) (ste) (ste) (ste) (ste) (ste) (ste) (ste) (ste) (ste) (ste) (ste) (ste) (ste) (ste) (ste
62,× ilturi × lit × raisa × stin × eftiR × sukiR × faþur × sin × kuþ × hialbi * ant * ahns ×,"<ilturi> had the stone raised in memory of Siggeirr/Seygeirr, his father. May God help his spirit.",de,"Götter und Riese, ich habe das Geschlecht, das ich gebildet habe, nicht gebildet."
63,§A · anut · ... ...-n · sin · uk ifti(R) ... ...þa ·,ENG: Ônundr ... his son and in memory of ... ... his => §A Ônundr ... his son and in memory of ... ... §B ... …,de,§A ... ... ... ... ...
64,+ kuþluk * lit ... ... ... ...a × sun * sin * auk * at * sik * sialfa * han * to * a lank*barþa*l--ti *,"Guðlaug had the stones raised in memory of Holmi, her son, and in memory of herself. He died in Lombardy.",de,... ... ... ... ... ... ... ... ... ... ... ... ... ... ... ... ... ...
65,[anuntr ' uk ' þorbiarn ' li-u * rita sitn yftiR * katelmunt * bruþur],"Ǫnundr and Þorbjǫrn had the stone erected in memory of Ketilmundr, (their) brother.",de,"Ganz unten, ganz oben, ganz rechts, ganz links, ganz nach rechts, ganz nach links, ganz nach rechts, ganz nach links."
66,§A þa : ræist : mik : oa=k : ræisti ¶ [: a]mundi : o=rmstæins:a:sun : a : sot=range,§A Ámundi Ormsteinn's son of Sótrangr carved and raised me then. §B The border-mark is from here east into Langaforsinn. §C fir §D ...,de,"§A (ich) ræist mir, mir ræist mir, mir ræist mir, mir ræist mir, mir ræist mir."
67,... : þensa : iftir : eskil : (b)(r)-(þ)... …,"... this in memory of Áskell, brother …",de,... ich habe es in der Stadt erschlagen.
68,+ suain + auk + biarn × auk × ikulfastr × litu × raisa × stin × eftiR × ikul × faþur × sin ×,"Sveinn and Bjǫrn and Ígulfastr had the stone raised in memory of Ígull, their father.",de,"Sveinn und Bjôrn und Ígulfæstr und Ígulf, sie trugen die Steine, die ich in Ägla gestreut habe."
69,[+ hkir : rullis : raneulfr : sniaual... ...],Here rests(?) Randulfr(?) Snjóvaldr's ...,de,Horkr und Rullis und Rannefr und Sniaual ...
70,stifatr : sati : stin : þani : efti(r) …,Styfjaldr(?) placed this stone in memory of ...,de,Sättler hat sein Streuzeugnis gemacht.
71,[hulRstan : lit : kera : mer-... ...lf sun sin *],Holmsteinn had the landmark made ... his son.,de,Hülstrand hat mir den Berg gemacht.
72,auþbiarn : lit : reisa : stein : ...----... hialbi sialu * has,Auðbjǫrn had the stone raised ... May (God) help his soul.,de,Auþbiarn hat die Steine ... ... ... ...
73,rehinmoþ : læt * gæra : hualf : ifir * gunnar : æsbeorna=r * so=n : ¶ {HARALDVS : ME : FECIT : MAHISTER ¶ REGINMOT * LET * GERA * HVALF :¶ IFIR : GVNNAR : ESBEORNAR : SON},Reginmóð had the vault made over Gunnarr Ásbjǫrn's son. {Haraldus me fecit magister. Reginmóð had the vault made over Gunnarr Ásbjǫrn's son.},de,"Rheinmoð hat gern das, wie Gott gnädig, sein Gott. Er soll sein Herr werden."
74,a	b	c	t	e	f	g	h	i	k	?	m	n	o	k	m	r	s	d	u	X	?	þ,a	b	c	t	e	f	g	h	i	k	?	m	n	o	k	m	r	s	d	u	X	?	þ,de,"A, B, C, D, E, F, G, H, I, K, M, N, O, R, S, D, U, X."
75,[(u)tar : auk : -... ... ...þis : a=ustr × ...uk-ma],Óttarr and ... ... met his end in the east ...,de,... ... ... ... ... ... ... ... ... ... ... ... ... ... ... ... ... ... ... ... ... ... ... ... ... ... ... ... ... ... ... ... ... ... ... ... ... ... ... ... ... ... ... ... ... ... ... ... ... ... ... ... ... ... ... ... ... ... ... ... ... ... ... ... ... ... ... ... ... ... ... ... ... ... ... ... ... ... ... ... ... ... ... ... ... ... ... ... ... ... ... ... ... ... ... ... ... ... ... ... ... ... ... ... ... ... ... ... ... ... ... ... ... ... ... ... ... ... ... ... ... ... ... ... ... ... ... ... ... ... ... ... ... ... ... ... ... ... ... ... ... ... ... ... ... ... ... ... ... ... ... ... ... ... ... ... ... ... ... ... ... ... ... ... ... ... ... ... ... ... ... ... ... ... ... ... ... ... ... ... ... ... ... ... ... ... ... ... ... ... ... ... ... ... ... ... ... ... ... ... ... ... ... ... ... ... ... ... ... ... ... ... ... ... ... ... ... ... ... ... ... ... ... ... ... ... ... ... ... ... ... ... ... ... ... ... ... ... ... ... ... ... ... ... ... ... ... ... ... ... ... ... ... ... ... ...
76,* kiarþar + auk * ioruntr * lata ' reisa * þisa * steina * eftir * systur*suni * sina * irnmunt : auk ' ikiunt *,Gerðarr and Jǫrundr have raised these stones in memory of their sister's sons Ernmundr and Ingimundr.,de,"Gierðar und Hörtrundr hatten diese Steine, sie in ihrer Zeit, so wie sie sie in ihrer Zeit. Sie waren ihre Männer."
77,kun(t)(k)el : sati : sten : þansi : eftiR : kunar : faþur : sin : sun : hruþa : halgi : lagþi : han : i : sten:þr : bruþur : sin : a : haklati : i : baþum,"Gunnkell placed this stone in memory of Gunnarr, his father, Hróði's son. Helgi laid him, his brother, in a stone coffin in Bath in England.",de,"König Karl, der seine Frau und sein Sohn, den Harald, hat. Er ist seine Schwester. Er hat ihn in Barmherzigkeit."
78,[sihtia]rf ' auk humbiurn ' [auk þur](b)iurn ' þiR lit[u] r[i](t)a stin þino auk b[ru * kira at iu]n faþur * [sin],"Sigdjarfr and Holmbjǫrn and Þorbjǫrn, they had this stone erected and the bridge made in memory of Jón, their father.",de,"Geh mir, ich habe dich, ich habe dich, ich habe dich, ich habe dich, ich habe dich, ich habe dich, ich habe dich, ich habe dich, ich habe dich, ich habe dich, ich habe dich, ich habe dich, ich habe dich, ich habe dich, ich habe dich, ich habe dich, ich habe dich, ich habe dich, ich habe dich, ich habe dich, ich habe dich, ich habe dich, ich habe dich, ich habe dich, ich habe dich, ich habe dich, ich habe dich, ich habe dich, ich habe dich, ich habe dich, ich habe dich, ich habe dich, ich habe dich, ich habe dich, ich habe dich, ich habe dich, ich habe dich, ich habe dich, ich habe dich, ich habe dich, ich habe dich, ich habe dich, ich habe dich, ich habe dich, ich habe dich, ich habe dich, ich habe dich, ich habe dich, ich habe dich, ich habe dich, ich habe dich, ich habe dich, ich habe dich, ich habe dich, ich habe dich, ich habe dich, ich habe dich, ich habe dich, ich habe dich, ich habe dich, ich habe dich, ich habe dich, ich habe dich,"
79,...[r + kiarþi + kuml + þasi ·] -ftiR + kum... ...-a...-...[n +] ¶ ...----------…,... made these monuments in memory of Gummi(?) ... …,de,... ... ... ... ... ... ... ... ... ... ... ...
80,d	e	g	g	p	c|z	?	?	?,d	e	g	g	p	c/z	?	?	?,de,Dort liegt es.
81,+ uibaurn + risti + stin + þasa + aftiR + þurkiR + bruþur + sin,"Vébjǫrn raised this stone in memory of Þorgeirr, his brother.",de,"... den Stein, den ich vor dem Brunnen errichtet habe."
82,§A (f)uþ sinniþik §B i guþ gæti ' (i)tþ(i)inatui--i guþ,§A cunt(?) ... §B ... May God protect ... God,de,§A (f)uþ sinniþik §B i guþ gæti ... ... ...
83,...fi... ...(k)þu : yfiR : mu…,... laid over ...,de,... ... ... ... ... ...
84,§P kuþbirn : uti : þaiR r(a)isþu : stan þansi : at : kuþmar : f(a)þur : sin : stuþ : triki:l(a) : i · stafn skibi : likR uistarla uf huln sar tu :,"§P Guðbjǫrn (and) Oddi, they raised this stone in memory of Guðmarr, their father. He who died stood valiantly in the staff of the ship; (now) lies inhumed in the west. §Q Guðbjǫrn (and) Oddi, they raised this stone in memory of Guðmarr, their father. Stood valiantly in the staff of the ship; lies inhumed in the west, ...",de,"§P Kuðbrinn, ich habe den Stein, den ich in Kuðmar gebaut habe, in den Stein gestuft, und ich habe die Uhrlange auf den Hülm."
85,stein * þænnna * gærðe * ¶ botolfr * steinmeist=aræ,Bótulfr the stonemaster made this stone.,de,"Steine, die in der Welt der Welt, die Welt der Welt, die Welt der Welt, die Welt der Welt, die Welt der Welt, die Welt der Welt, die Welt der Welt, die Welt der Welt, die Welt der Welt, die Welt der Welt, die Welt der Welt, die Welt der Welt, die Welt der Welt, die Welt der Welt, die Welt der Welt, die Welt der Welt, die Welt der Welt, die Welt der Welt, die Welt der Welt, die Welt der Welt, die Welt der Welt, die Welt der Welt, die Welt der Welt, die Welt der Welt, die Welt der Welt, die Welt der Welt, die Welt der Welt, die Welt der Welt, die Welt der Welt, die Welt der Welt, die Welt der Welt, die Welt der Welt, die Welt der Welt, die Welt der Welt, die Welt der Welt, die Welt der Welt, die Welt der Welt, die Welt der Welt, die Welt der Welt, die Welt der Welt, die Welt der Welt, die Welt der Welt, die Welt der Welt, die Welt der Welt, die Welt der Welt, die Welt der Welt, die Welt der Welt, die Welt der Welt, die Welt der Welt, die Welt der Welt, die"
86,ormiga : ulfua-r : krikiaR : iaursaliR (:) islat : serklat,"Ormika, Ulfhvatr(?), Greece, Jerusalem, Iceland, Serkland.",de,"Gottmargot und Ulfröðr, ich habe siegeträgt."
87,-ikfastr : ak × une... ... ...a × eftiR × iluka × fþu... ...,"Sigfastr and Ónæmr ... ... in memory of Illugi, (their) father …",de,"Ich fastr, ich nehme ... ... ich habe ..."
88,§A ... ...ina : ok (l)... (þ)ena,§A ... stones and ... this §B had made ...,de,§A ... ... ... ... ... ...
89,§A þurstin × uk × ragnfriR × þu (r)(i)stu × stin × þina × iftiR × (b)iur[n] × i krnbu,"§A Þorsteinn and Ragnfríðr, they raised this stone in memory of Bjǫrn in Granbýr, §B Kalfr's brother. Vígmundr slaughtered him. May God help his spirit and soul better than he deserved.",de,"§A Þorsteinn und Ragnfríðir und Rísteinn, ich habe die Bräune für den Kronbär."
90,fraybiarn : auk : kuþrun : þau : ritu : stain : at * romunt * sun * sin * snialan * haiR * at * marhu * roþkais * broþiR * kuþ * hialbi * antu * ybiR * hiok runaR [iRma : k],"Freybjǫrn and Guðrún, they erected the stone here as a landmark in memory of Hróðmundr, their able son, Hróðgeirr's brother. May God help (his) spirit. Œpir cut the runes ... ...",de,"Fräybjôrn und Kuðrun trugen die Relikte auf, sie in Rom unter dem Gesicht der Sonne. Sie ließen die Männer in Marhu und Bróðr und Kuðrun und Hjalbi anten. Sie hatten die Runen gemacht."
91,a	b	c	d	e	f	g	h	i	k	l	m	n	o	p	r	s	t	u	.	y	.	þ	æ	ø	.,a	b	c	d	e	f	g	h	i	k	l	m	n	o	p	r	s	t	u	.	y	.	þ	æ	ø	.,de,"A, B, C, D, E, F, G, H, I, K, L, M, N, O, P, R, S, T, U."
92,* þurkiR : resþi : kuml : þusi : eftiR : onut : konb : faþur : sin :,"Þorgeirr raised these monuments in memory of Ônundr Moustache, his father.",de,"Gott, ich habe das mal getan."
93,þtæ : ska^rfa^þi : ulæf : fa^rby^nsun,Olafr/Oleifr Farbjǫrnsson joined this together.,de,"Dort hat er Ulaf, sein Bruder, erfrucht."
94,§PA ÷ ilon ÷ (æ)(l)rikum : nonim ÷ ilon ¶ illy : þ : ilon : r : br * sabaot : zion,§PA Elon ... ... Elon ... ... Elon ... ... Sebaoth Zion §PB Elion ... Adonai lux(?) ... grammaton Sebaoth(?) Michael Gabriel §PC Rafael. §QA Elon ... ... Elon ... ... Elon ... ... Sabaoth Zion(?) §QB Elion ... Adonai lux tetragrammaton Sadai(?) Michael Gabriel §QC Rafael.,de,§PA ÷ ilon ÷ (æ)(l)rikum : nonim ÷ ilon ¶ illy : þ : ilon : r : br * sabaot : zion
95,[asfriþ --- hakua × stan × at × tierf * sun * sin * nasi * at * broþur * sin likbiarn hiak + merki],"Ásfríðr had the stone cut in memory of Djarfr, her son; Nasi/Nesi in memory of his brother. Líkbjǫrn cut the landmark.",de,Häckau hat die Tierfsteine und den Brunnen errichtet. Er hat mir die Märlknechte gesandt.
96,...-m : bruþ(i)m : ...(a)im : raist- : kumbl : þitsi : (a)-... | ... (u)k : afteR : as--l : bruþuR : sin : guþ : hi…,"... Bróðir, they raised this monument ... and in memory of Áskell, their brother. God help …",de,...-m: Brötner: ... ... ... ... ... ... ... ... ... ... ... ... ... ... ... ... ... ... ... ... ... ... ... ... ... ... ... ... ... ... ... ... ... ... ... ... ... ... ... ... ... ... ... ... ... ... ... ... ... ... ... ... ... ... ... ... ... ... ... ... ... ... ... ... ... ... ... ... ... ... ... ... ... ... ... ... ... ... ... ... ... ... ... ... ... ... ... ... ... ... ... ... ... ... ... ... ... ... ... ... ... ... ... ... ... ... ... ... ... ... ... ... ... ... ... ... ... ... ... ... ... ... ... ... ... ... ... ... ... ... ... ... ... ... ... ... ... ... ... ... ... ... ... ... ... ... ... ... ... ... ... ... ... ... ... ... ... ... ... ... ... ... ... ... ... ... ... ... ... ... ... ... ... ... ... ... ... ... ... ... ... ... ... ... ... ... ... ... ... ... ... ... ... ... ... ... ... ... ... ... ... ... ... ... ... ... ... ... ... ... ... ... ... ... ... ... ... ... ... ... ... ... ... ... ... ... ... ... ... ... ... ... ... ... ... ... ... ... ... ... ... ... ... ... ... ... ... ...
97,Side A ... -(æ)þ-(-)ti-us : (a)-...--... | ... : os : ræh(n)aþ : k(r)... | ...-...(l)(i)(s)l(æ)i : --ks(i) ... Side B ...þ-(-)t...i... | ...-s : ræh... | ...-(s)l(æ)i : -…,... {os} regnat Christus(?) ... regnat(?) …,de,Sände ... ... ... ... ... ... ... ... ... ... ... ... ... ... ... ... ... ... ... ... ... ... ... ... ... ... ... ... ... ... ... ... ... ... ... ... ... ... ... ... ... ... ... ... ... ... ... ... ... ... ... ... ... ... ... ... ... ... ... ... ... ... ... ... ... ... ... ... ... ... ... ... ... ... ... ... ... ... ... ... ... ... ... ... ... ... ... ... ... ... ... ... ... ... ... ... ... ... ... ... ... ... ... ... ... ... ... ... ... ... ... ... ... ... ... ... ... ... ... ... ... ... ... ... ... ... ... ... ... ... ... ... ... ... ... ... ... ... ... ... ... ... ... ... ... ... ... ... ... ... ... ... ... ... ... ... ... ... ... ... ... ... ... ... ... ... ... ... ... ... ... ... ... ... ... ... ... ... ... ... ... ... ... ... ... ... ... ... ... ... ... ... ... ... ... ... ... ... ... ... ... ... ... ... ... ... ... ... ... ... ... ... ... ... ... ... ... ... ... ... ... ... ... ... ... ... ... ... ... ... ... ... ... ... ... ... ... ... ... ... ... ... ... ... ... ... ... ... ... ... ... ... ... ...
98,* austin * risþi * stin * ayftiR * kata * frita * sin *,"Eysteinn raised the stone in memory of Káti/Gaddi, his kinsman.",de,Austien und Risti haben das Gerät getan.
99,hake ÷ beanar÷sun ÷ a mik ÷ suæn ÷ os-(u)-dar÷sun ÷ slo ÷ mik ÷ osofar ÷ ræs÷t ÷ mik ÷ auk ÷ læiste ÷ oþesndhen ÷ nesta ÷ eptir ÷ olafs÷foku ÷ a seta ÷ are ÷ rikes ÷ f(o)s ÷ firþulhs ÷ hæra ÷ mahnusar ÷ norihs ÷ konohs,"Haki Bjǫrn's son owns me, Sveinn Ásmundr's son hammered me, Ásulfr carved and read me on the first Wednesday after Ólafr's-vigil in the sixth year of the reign of our worthy Sire Magnús, King of Norway.",de,"Häger, ich habe mich für Sie und für Söhrn und für Söhrn, ich habe mich für Räs und für Räs, ich habe mich für Leiste und für Leiste, ich habe mich für Oþesndhen und für Oþesndhen, jetzt für Olafs-Fok und für Olafs-Fok, ich habe mich für Rikes und für Rikes, ich habe mich für Förs und für Förs, ich habe mich für Häre und für Häre, ich habe mich für Mahnusar und für Mahnusar, ich habe mich für Norihs und für Norihs."
100,birla : sati : ... | ... : iftiR : tuka | mak : sin …,"Birla placed (this stone?) in memory of Tóki, his/her kinsman-by-marriage.",de,Bergla hat ... ... und ... und ...
1,* aystin * auk * astriþr * raistu * stina * aftir * kak * sun * sin *,"Östen och Estrid reste stenarna efter Gag, sin son",sv,"Åsteinn hade Ästeðr, hans brädda, stina. Han hade sina."
2,eskil : sulka : sun : let : res(a) ¶ sten : þena : eft : sialfan ¶ sik * e mun * stanta * meþ * sten ¶ lifiR * uitrint * su * iaR * uan * eskil kristr * hialbi * siol * hans ¶ aok * santa * migael toki * risti * runaR * e(f)(t)(i)(R) (*) -(o)ru * ¶ stiubmoþur * sina * kunu * koþa,"Eskil, Sulkes son, lät resa denna sten efter sig själv. Alltid må stå, medan stenen lever, denna minnesskrift, som Eskil gjorde. Kristus hjälpe hans själ och Sankt Mikael.
Toke ristade runorna efter Tora, sin styvmor, en god kvinna.",sv,"Sulka, skil, syn, levade. Sten, i sina egna händer. Sialfan, sig, stanna, men i sina egna händer. Líf, utrint, i sina egna händer. Än, Kristi, i sina egna händer. Sial, hans, i sina egna händer. Än, migael, i sina egna händer. Risti, i sina egna händer. Runa, i sina egna händer. Än, i sina egna händer. Sten, i sina egna händer. Stebmodh, sina, i sina egna händer."
3,iskil : auk : knauþimanr : raistu : stain : þansi : at : bruþur : sin : suera : as : uarþ : tauþr * o * eklanti kuml * kiarþu : þatsi [: ki]til  [s](b)[akR],"Eskil och Gnödigmand reste denna sten efter sin broder Sverre, som dog i England. Detta minnesmärke gjorde Kättil och Spak.",sv,Här är en bra sten. Han har sina svänder. Äldre kan vara egna.
4,₫orka- ' -(u)- ' -(u)--- ' (b)(r)(a)n(t)(r) ' ---... n-...- ' ... ' ybir ' risti,Torkel och ... Brand ... Öpir ristade,sv,Då har vi gjort denna.
5,[i-rkiorþ · lit · raisa · stain] · at ' anut ' faþur · sin [auk at ...tau-...] moþur sina · kuþ · hiebi · sal · þair-,"... lät resa stenen efter Anund, sin fader , och efter ... sin moder. Gud hjälpe deras själar.",sv,"Riktor ha på denna sten, att hans ägare ...-t hade ...-t, hans kugh, högt."
6,× kilauk × aiki × nefs × totiR × lit × raisa × stin × iftiR × trakmal × muþur×faþur × sin ×,"Gillög, Ekinevs dotter, lät resa stenen efter Dragmal, sin morfar.",sv,Kilavak har gjort denna trakt med sina mäster.
7,sihuastr ' uk ' bratr ' uk ' uikitil elha ' lit ' rita stin iftiR ' anhuit ' sun ' sin ' sum '  tauþr '  huita'huaþum ' (k)ristr ' ialbi ' sial ' antuita,"Sigvast och Brand och Vikättel. Helga lät resa stenen efter Andvätt, sin son, som dog i vita vader. Krist hjälpe Andvätts själ.",sv,"Sighastr och Bratr och Uviktil, välkommen till detta. Låt mig göra det. Ännu så här, hans som trötta, hans som trötta. Kristi, jag är hans."
8,aterfr * ... [* fuluki * lit(u)] * res... ... * eftiR * uiterf ' faþur [sin ...arm(i)lr * fals]...,"Ådjärv och Fulluge lät resa stenen efter Vidjärv, sin fader ...",sv,... ... ... ... ... ... ... ... ... ... ... ... ... ... ... ... ... ... ... ... ... ... ... ... ... ... ... ... ... ... ... ... ... ... ... ... ... ... ... ... ... ... ... ... ... ... ... ... ... ... ... ... ... ... ... ... ... ... ... ... ... ... ... ... ... ... ... ... ... ... ... ... ... ... ... ... ... ... ... ... ... ... ... ... ... ... ... ... ... ... ... ... ... ... ... ... ... ... ... ... ... ... ... ... ... ... ... ... ... ... ... ... ... ... ... ... ... ... ... ... ... ... ... ... ... ... ... ... ... ... ... ... ... ... ... ... ... ... ... ... ... ... ... ... ... ... ... ... ... ... ... ... ... ... ... ... ... ... ... ... ... ... ... ... ... ... ... ... ... ... ... ... ... ... ... ... ... ... ... ... ... ... ... ... ... ... ... ... ... ... ... ... ... ... ... ... ... ... ... ... ... ... ... ... ... ... ... ... ... ... ... ... ... ... ... ... ... ... ... ... ... ... ... ... ... ... ... ... ... ... ... ... ... ... ... ... ... ... ... ... ... ... ... ... ... ... ... ... ... ... ... ... ... ... ... ...
9,kilinR : r(e)isti ...(u)þur : sin : kuþ : hiabi : s(i)ol : has :,Gilling reste ... sin broder. Gud hjälpe hans själ.,sv,Kilinn är det som har gjort det.
10,asgautr : raisti : stin : þena : ... ...(r)(l) : faþur : sin × fostra : arna,"Åsgöt reste denna sten efter ... sin fader, Arnes fosterbroder",sv,"Gå ut i Räst, på högt. ... ... ... ... ... ... ... ... ... ... ... ... ... ... ... ... ... ... ... ... ... ... ... ... ... ... ... ... ... ... ... ... ... ... ... ... ... ... ... ... ... ... ... ... ... ... ... ... ... ... ... ... ... ... ... ... ... ... ... ... ... ... ... ... ... ... ... ... ... ... ... ... ... ... ... ... ... ... ... ... ... ... ... ... ... ... ... ... ... ... ... ... ... ... ... ... ... ... ... ... ... ... ... ... ... ... ... ... ... ... ... ... ... ... ... ... ... ... ... ... ... ... ... ... ... ... ... ... ... ... ... ... ... ... ... ... ... ... ... ... ... ... ... ... ... ... ... ... ... ... ... ... ... ... ... ... ... ... ... ... ... ... ... ... ... ... ... ... ... ... ... ... ... ... ... ... ... ... ... ... ... ... ... ... ... ... ... ... ... ... ... ... ... ... ... ... ... ... ... ... ... ... ... ... ... ... ... ... ... ... ... ... ... ... ... ... ... ... ... ... ... ... ... ... ... ... ... ... ... ... ... ... ... ... ... ... ... ... ... ... ... ... ... ... ..."
11,: auþkil : uk : suin : karþu : kuml : þusi : RftiR : oskut : hlu : faþur :: sin : kuþan : þRkn :,"Ödkel och Sven gjorde detta minnesmärke efter Åsgöt , sin fader, en god man",sv,"Göðkjell, du var en mycket bra man. Håll dig till sig."
12,[klintr auk blikr × ristu stin × þinsi * iftiR kunu(i)þ] × faþur × sin + han [× foR bort miþ (i)kuari + kuþ trutin hialbi ont ...](r)[a *] kristin[a þu]r[iR + --an- × ri]s[ti +],"Klint och Blek reste denna sten efter Gunnvid, sin fader. Han for bort med Ingvar. Gud drotten hjälpe alla kristnas ande. Tore ristade runorna.",sv,"Klintr auk blökt, restu stin, þonsi, kunnuð, fyðr, hans, förr bort mig, i kvari, i kuþ trutnu, hialbi, ont ... Kristin, þórr."
13,...[(u)](a)i- × [(a)]uk × ulf- litu × raisa × stai-(a) × e(f)tiR × hlftan * auk * eftiR × kunar × bryţr × sina × ţaiR * antaţus × aust... ...(u)m,"Sven och Ulv lät resa stenarna efter Halvdan och efter Gunnar, sina bröder. De dog österut ...",sv,... ... ... ... ... ... ... ... ... ... ... ... ... ... ... ... ... ... ... ... ... ... ... ... ... ... ... ... ... ... ... ... ... ... ... ... ... ... ... ... ... ... ... ... ... ... ... ... ... ... ... ... ... ... ... ... ... ... ... ... ... ... ... ... ... ... ... ... ... ... ... ... ... ... ... ... ... ... ... ... ... ... ... ... ... ... ... ... ... ... ... ... ... ... ... ... ... ... ... ... ... ... ... ... ... ... ... ... ... ... ... ... ... ... ... ... ... ... ... ... ... ... ... ... ... ... ... ... ... ... ... ... ... ... ... ... ... ... ... ... ... ... ... ... ... ... ... ... ... ... ... ... ... ... ... ... ... ... ... ... ... ... ... ... ... ... ... ... ... ... ... ... ... ... ... ... ... ... ... ... ... ... ... ... ... ... ... ... ... ... ... ... ... ... ... ... ... ... ... ... ... ... ... ... ... ... ... ... ... ... ... ... ... ... ... ... ... ... ... ... ... ... ... ... ... ... ... ... ... ... ... ... ... ... ... ... ... ... ... ... ... ... ... ... ... ... ... ... ... ... ... ... ... ... ... ...
14,+ a-... ... ...- + ra---u + stain + eftir haruk + bruþur + sin + in + rakn-... ... ...anta + sin + auk + at suni + ... ... ... ...ar þisi,"... reste stenen till minne av Haruk, deras broder, och Ragnhild [?] sin make och efter [deras] söner ... dessa runor",sv,... ... ... ... ... ... ... ... ... ... ... ... ... ... ... ... ... ... ... ... ... ... ... ... ... ... ... ... ... ... ... ... ... ... ... ... ... ... ... ... ... ... ... ... ... ... ... ... ... ... ... ... ... ... ... ... ... ... ... ... ... ... ... ... ... ... ... ... ... ... ... ... ... ... ... ... ... ... ... ... ... ... ... ... ... ... ... ... ... ... ... ... ... ... ... ... ... ... ... ... ... ... ... ... ... ... ... ... ... ... ... ... ... ... ... ... ... ... ... ... ... ... ... ... ... ... ... ... ... ... ... ... ... ... ... ... ... ... ... ... ... ... ... ... ... ... ... ... ... ... ... ... ... ... ... ... ... ... ... ... ... ... ... ... ... ... ... ... ... ... ... ... ... ... ... ... ... ... ... ... ... ... ... ... ... ... ... ... ... ... ... ... ... ... ... ... ... ... ... ... ... ... ... ... ... ... ... ... ... ... ... ... ... ... ... ... ... ... ... ... ... ... ... ... ... ... ... ... ... ... ... ... ... ... ... ... ... ... ... ... ... ... ... ... ... ... ... ... ... ... ... ... ... ... ... ...
15,ulfr * uk uikil + uk syrkil * þa... ...- stain * þina i(f)(t)iR ayt--u faþur sin ku*þ (h)ia[lbi] a-t,Ulf och Vikel och Syrkel de .. denna sten efter ... sin fader. Gud hjälpe anden,sv,"Ulfr och Uvikil och Syrkil var de, som höll på sina egna ättlor."
16,+ hialmuiþr + raisti + stain + at * þorkut + sun sn + amuti + risti + runar +,"Hjälmvid reste stenen efter Torgöt, sin son. Amunde ristade runorna.",sv,"Hjalmeðr, jag har gjort denna, så den som har gjort denna, runar."
17,+ þæ(t)(t)a · hus · er · u... kt · dt^rotne · ua^ro... o^k mo^ðo^r · ha^ns · ma^riu a^k pet^re postola,Detta hus är vigt åt vår Herre och hans moder Maria och Petrus aposteln,sv,Huset har en vattenkälla.
18,otrukr * ahmuntr : sihraifr : þaiR : litu : hakua : stain : at : bofa : faþur : sin * snialan *,"Otrygg, Agmund, Sigrev, de lät hugga stenen efter Bove, sin fader klok",sv,Ötrogrogrogrogrogrogrogrogrogrogrogrogrogrogrogrogrogrogrogrogrogrogrogrogrogrogrogrogrogrogrogrogrogrogrogrogrogrogrogrogrogrogrogrogrogrogrogrogrogrogrogrogrogrogrogrogrogrogrogrogrogrogrogrogrogrogrogrogrogrogrogrogrogrogrogrogrogrogrogrogrogrogrogrogrogrogrogrogrogrogrogrogrogrogrogrogrogrogrogrogrogrogrogrogrogrogrogrogrogrogrogrogrogrogrogrogrogrogrogrogrogrogrogrogrogrogrogrogrogrogrogrogrogrogrogrogrogrogrogrogrogrogrogrogrogrogrogrogrogrogrogrogrogrogrogrogrogrogrogrogrogrogrogrogrogrogrogrogrogrogrogrogrogrogrogrogrogrogrogrogrogrogrogrogrogrogrogrogrogrogrogrogrogrogrogrogrogrogrogrogrogrogrogrogrogrogrogrogrogrogrogrogrogrogrogrogrogrogrogrogrogrogrogrogrogrogrogrogrogrogrogrogrogrogrogrogrogrogrogrogrogrogrogrogrogrogrogrogrogrogrogrogrogrog
19,...mikR * lit * hkua * stain iftR s-... sin koþan,[Hä]ming lät hugga stenen efter sin gode [son],sv,"...
Rikars i Sverige. Han har sina koffer."
20,ikifastr ' lit ' raisa ' stain * uk ' bro ' kera ' eftiR ' iarlabaka ' faþur ' s[in ' uk ' sun ' io]runa ' uk ' ketilau lit ' at ' bonta ' sin ybir risti,"Ingefast lät resa stenen och göra bron efter Jarlabanke sin fader och Joruns son, och Kättilö lät [resa stenen] efter sin man. Öpir ristade",sv,"Eggfäst är jag, jag har gjort det. Vi har gjort det. Vi har gjort det. Vi har gjort det. Vi har gjort det. Vi har gjort det. Vi har gjort det. Vi har gjort det. Vi har gjort det. Vi har gjort det. Vi har gjort det. Vi har gjort det. Vi har gjort det. Vi har gjort det. Vi har gjort det. Vi har gjort det. Vi har gjort det. Vi har gjort det. Vi har gjort det. Vi har gjort det. Vi har gjort det. Vi har gjort det. Vi har gjort det. Vi har gjort det. Vi har gjort det. Vi har gjort det. Vi har gjort det. Vi har gjort det. Vi har gjort det. Vi har gjort det. Vi har gjort det. Vi har gjort det. Vi har gjort det. Vi har gjort det. Vi har gjort det. Vi har gjort det. Vi har gjort det. Vi har gjort det. Vi har gjort det. Vi har gjort det. Vi har gjort det. Vi har gjort det. Vi har gjort det. Vi har gjort det. Vi har gjort det. Vi har gjort det. Vi har gjort det. Vi har gjort det. Vi har gjort det. Vi har gjort det"
21,ra(h)nfriþr ' lit rasa stain þino ' aftiR biurn * sun þaiRa * kitilmun(t)aR ' kuþ mialbi hons (a)nt auk| |kuþs (m)uþiR hon fil a uirlanti * in osmuntr markaþi,"Ragnfrid lät resa denna sten efetr Björn, hennes och Kättilmunds son. Gud och Guds moder hjälpe hans ande. Han föll i Virland. Och Åsmund ristade.",sv,"Råfnifr, låt oss göra stanna, efterbiarn, det som vi har. Kitemun, målgjorda, det som vi har. Vi har i ossmuntr marken."
22,ma=ria : ilYihi-- ¶ iY i(Y)a=nis fa=þi(i)(r) ¶ (-)isu tius (*) mius ilYi ¶ Yk sunr Yk anti,"Maria, Eloihim, Johannes, Johannes fader, Jesus, min Gud, Eloi och sonen och anden",sv,Märk det som det svenska.
23,þuri × risþi stn × þansi iftR × þuriuþ × faþur si(n),"Tore reste denna sten efter Torvid, sin fader",sv,Ryssland ligger i Sverige.
24,: sluta : reisþi : s(t)ein : þena : eftiR : esbiurn : felaga : sin : auk : karþi : bru : þesi,"Sluta reste denna sten efter Esbjörn, sin bolagsman",sv,"Skejna, gå sedan till oss. Vi har dig."
25,[: sbak]R (:) le[t] : kerua : kuml : eftiR : suni : sina : suen : auk * rymik,Spak lät göra minnesmärket efter sina söner Sven och Röming,sv,Så har jag det som jag har.
26,ulafR : sati : stin : þansi : eftiR : siba : sun : sin,"Olov satte denna sten efter Sibbe, sin son",sv,"Ålandr, det svenska översättningstexten."
27,kuþr... ... (f)aþur sin * fur * hfila * hn * til * iklans * kuþ halbi * sil hns,Gudr ... sin fader. Han for manligen till England. Gud hjälpe hans själ.,sv,"Kvitt... ... hans föddes. Han till iklans kvitt halbi, hans."
28,hulfr · uk · uþulfr ' li(t)... ...,Ulv och Ödulv lät ...,sv,"Hulfr och Ulfr, ..."
29,faþiR : lit : hukua : runaR : þisi : uftiR : osur : bruþur : sin : is : nur : uarþ : tuþr : i : uikiku :,"Fader lät hugga dessa runor efter Asser, sin broder, som dog i norr i viking.",sv,"Huga, gå till Ängel. Ängel, gå till Ängel."
30,...rti : le(g)iR : koþ(r) : ---... ...-na : has : lit : rist : kuml : a- : (k)aiRielmR : ... : ainika : sun : þaiRa ·: trabu : leybika- : ... ...naR : at : feþrka : baþa : kuþ : -(e)... ...,"... god läkare[?] ... hans hustru lät rista/resa minnesmärket efter Gairhjälm ... deras ende son
dräpte lybeckare ... stenar[?] efter far och son, de båda. Gud hjälpe ...",sv,...Rätt gjorde det. Han hade mycket mycket. Han hade mycket mycket. Han hade mycket mycket. Han hade mycket mycket. Han hade mycket mycket. Han hade mycket mycket. Han hade mycket mycket. Han hade mycket mycket. Han hade mycket mycket. Han hade mycket mycket. Han hade mycket mycket. Han hade mycket mycket. Han hade mycket mycket. Han hade mycket mycket. Han hade mycket mycket. Han hade mycket mycket. Han hade mycket mycket. Han hade mycket mycket. Han hade mycket mycket. Han hade mycket mycket. Han hade mycket mycket. Han hade mycket mycket. Han hade mycket mycket. Han hade mycket mycket. Han hade mycket mycket. Han hade mycket mycket. Han hade mycket mycket. Han hade mycket mycket. Han hade mycket mycket. Han hade mycket mycket. Han hade mycket mycket. Han hade mycket mycket. Han hade mycket mycket. Han hade mycket mycket. Han hade mycket mycket. Han hade mycket mycket. Han hade mycket mycket. Han hade mycket mycket. Han hade mycket mycket. Han hade mycket mycket. Han hade mycket mycket. Han hade mycket mycket. Han hade mycket mycket. Han hade mycket mycket. Han hade mycket mycket. Han hade mycket mycket. Han hade mycket mycket. Han hade mycket mycket. Han hade mycket mycket. Han hade mycket mycket.
31,ţorstain (l)(i)... ...sa : stain : ţena : ... sik : sialfan : auk : sun : sin : hefni : uaR til : enklans : ukr : trenkr : farin : uarţ : ţa * haima : at : harmi tauţr kuţ hialbi : sialu : ţaima bruni : auk : sloţi : ţaiR ...(u) stan ţena,"Torsten lät resa denna sten efter sig själv och sin son Hävner. Till England hade den unge kämpen farit, dog sedan sorgligen hemma. Gud hjälpe deras själar. Brune och Slode ristade denna sten.",sv,Tostain (l)i... ... ... ... ... ... ... ... ... ... ... ... ... ... ... ... ... ... ... ... ... ... ... ... ... ... ... ... ... ... ... ... ... ... ... ... ... ... ... ... ... ... ... ... ... ... ... ... ... ... ... ... ... ... ... ... ... ... ... ... ... ... ... ... ... ... ... ... ... ... ... ... ... ... ... ... ... ... ... ... ... ... ... ... ... ... ... ... ... ... ... ... ... ... ... ... ... ... ... ... ... ... ... ... ... ... ... ... ... ... ... ... ... ... ... ... ... ... ... ... ... ... ... ... ... ... ... ... ... ... ... ... ... ... ... ... ... ... ... ... ... ... ... ... ... ... ... ... ... ... ... ... ... ... ... ... ... ... ... ... ... ... ... ... ... ... ... ... ... ... ... ... ... ... ... ... ... ... ... ... ... ... ... ... ... ... ... ... ... ... ... ... ... ... ... ... ... ... ... ... ... ... ... ... ... ... ... ... ... ... ... ... ... ... ... ... ... ... ... ... ... ... ... ... ... ... ... ... ... ... ... ... ... ... ... ... ... ... ... ... ... ... ... ... ... ... ... ... ... ...
32,[...is * haou]... ...-fr * ka(s)l ' ok * iufrfast ' lit ' rsa s[tn iftu * faiau sein] ...-l,... och Jovurfast lät resa stenen efter sin fader,sv,... ... ... ... ... ... ... ... ... ... ... ... ... ... ... ... ... ... ... ... ... ... ... ... ... ... ... ... ... ... ... ... ... ... ... ... ... ... ... ... ... ... ... ... ... ... ... ... ... ... ... ... ... ... ... ... ... ... ... ... ... ... ... ... ... ... ... ... ... ... ... ... ... ... ... ... ... ... ... ... ... ... ... ... ... ... ... ... ... ... ... ... ... ... ... ... ... ... ... ... ... ... ... ... ... ... ... ... ... ... ... ... ... ... ... ... ... ... ... ... ... ... ... ... ... ... ... ... ... ... ... ... ... ... ... ... ... ... ... ... ... ... ... ... ... ... ... ... ... ... ... ... ... ... ... ... ... ... ... ... ... ... ... ... ... ... ... ... ... ... ... ... ... ... ... ... ... ... ... ... ... ... ... ... ... ... ... ... ... ... ... ... ... ... ... ... ... ... ... ... ... ... ... ... ... ... ... ... ... ... ... ... ... ... ... ... ... ... ... ... ... ... ... ... ... ... ... ... ... ... ... ... ... ... ... ... ... ... ... ... ... ... ... ... ... ... ... ... ... ... ... ... ... ... ... ...
33,fasti * lit * hkua * runar * ±isar * iftR fastulf * sun sin,"Faste lðt hugga dessa runor efter Fastulv,sin son",sv,"Fasti lit, han har runat, för att få fastulfs son sin."
34,+ iuan * stretn + merki + ok + rahnuor + eftiri boanta +,Kättilfast lade märkena efter Johan streten och Ragnvor efter sin man Holmsten,sv,Egon har gjort denna.
35,fir--(r)iui : lit rita * kuml : yfitiRr : fnþur : sih : baosa : auk : boruþur : kuru- * kuþ hi=a=l-... * ul kuru -ial uti * a| |akla--,... lät resa kumlet efter sin fader Bause och broder ... Gud hjälpe ... föll ute i England,sv,... ... ... ... ... ... ... ... ... ... ... ... ... ... ... ... ... ... ... ... ... ... ... ... ... ... ... ... ... ... ... ... ... ... ... ... ... ... ... ... ... ... ... ... ... ... ... ... ... ... ... ... ... ... ... ... ... ... ... ... ... ... ... ... ... ... ... ... ... ... ... ... ... ... ... ... ... ... ... ... ... ... ... ... ... ... ... ... ... ... ... ... ... ... ... ... ... ... ... ... ... ... ... ... ... ... ... ... ... ... ... ... ... ... ... ... ... ... ... ... ... ... ... ... ... ... ... ... ... ... ... ... ... ... ... ... ... ... ... ... ... ... ... ... ... ... ... ... ... ... ... ... ... ... ... ... ... ... ... ... ... ... ... ... ... ... ... ... ... ... ... ... ... ... ... ... ... ... ... ... ... ... ... ... ... ... ... ... ... ... ... ... ... ... ... ... ... ... ... ... ... ... ... ... ... ... ... ... ... ... ... ... ... ... ... ... ... ... ... ... ... ... ... ... ... ... ... ... ... ... ... ... ... ... ... ... ... ... ... ... ... ... ... ... ... ... ... ... ... ... ... ... ... ... ... ...
36,: tufi : risþi : stin : þisi : iftR : umun : sin : fila...,"Tove reste denna sten efter Umon (?), sin bolagsman",sv,"Tufi, rikstecknaren, har sina förläggare."
37,: amuit * rsti * sina * ţina * yti * suna * sina * rnulfu * aku * hrenki bruţur * sena * uarţi * uti * terebina * i * kalmarna * sutuma * furu * afu * skani ×× eski * rsti * runa * ţasi ×,"Amunde reste denna sten efter sin son Runulv och [efter] RIng, sin broder. [Han] blev dräpt ute i Kalmarkund, [dĺ de] for frĺn Skĺne. Eskil ristade dessa runor",sv,"Härnifrån, den svenska översättningstexten."
38,...-r ' li- r-... ... ...--R ...u(r) ' sun kunars ' i ' risny suain risti,... lät resa .. efter ... Gunnars son i Risne. Sven ristade,sv,...-r ... ... ... ... ... ... ... ... ... ... ... ... ... ... ... ... ... ... ... ... ... ... ... ... ... ... ... ... ... ... ... ... ... ... ... ... ... ... ... ... ... ... ... ... ... ... ... ... ... ... ... ... ... ... ... ... ... ... ... ... ... ... ... ... ... ... ... ... ... ... ... ... ... ... ... ... ... ... ... ... ... ... ... ... ... ... ... ... ... ... ... ... ... ... ... ... ... ... ... ... ... ... ... ... ... ... ... ... ... ... ... ... ... ... ... ... ... ... ... ... ... ... ... ... ... ... ... ... ... ... ... ... ... ... ... ... ... ... ... ... ... ... ... ... ... ... ... ... ... ... ... ... ... ... ... ... ... ... ... ... ... ... ... ... ... ... ... ... ... ... ... ... ... ... ... ... ... ... ... ... ... ... ... ... ... ... ... ... ... ... ... ... ... ... ... ... ... ... ... ... ... ... ... ... ... ... ... ... ... ... ... ... ... ... ... ... ... ... ... ... ... ... ... ... ... ... ... ... ... ... ... ... ... ... ... ... ... ... ... ... ... ... ... ... ... ... ... ... ... ... ... ... ...
39,... at ' sik ' silfa... ...--[k]an ' in ' (r)[ai-]-(n) ' -(a)stgi[-],... efter sig själv medan han levde och ... Fastgeir (?),sv,... i sig ... ... ... ...
40,iak * uait : hastain : þa : hulmstain : bryþr * menr : rynasta : a : miþkarþi : setu : stain : auk : stafa : marga eftiR * fraystain * faþur * sin *,"Jag vet Håsten och Holmsten, bröderna vara runkunnigast bland män i Midgård De satte stenen och stavar många efter Frösten fader sin",sv,"Hulmstaðinn, menr, mjökarn, mjökarn, mjökarn, mjökarn, mjökarn, mjökarn, mjökarn, mjökarn, mjökarn, mjökarn, mjökarn, mjökarn, mjökarn, mjökarn, mjökarn, mjökarn, mjökarn, mjökarn, mjökarn, mjökarn, mjökarn, mjökarn, mjökarn, mjökarn, mjökarn, mjökarn, mjökarn, mjökarn, mjökarn, mjökarn, mjökarn, mjökarn, mjökarn, mjökarn, mjökarn, mjökarn, mjökarn, mjökarn, mjökarn, mjökarn, mjökarn, mjökarn, mjökarn, mjökarn, mjökarn, mjökarn, mjökarn, mjökarn, mjökarn, mjökarn, mjökarn, mjökarn, mjökarn, mjökarn, mjökarn, mjökarn, mjökarn, mjökarn, mjökarn, mjökarn, mjökarn, mjök"
41,ikilauh × lit + hakua * eli ţsa * eftR + sun sin × sihfastr * auk * -ihilt * broţiR hans * ţ-u muţrkun bua i hu-um,"Ingelög lät hugga denna häll efter sin son Sigfast och ... hans broder [lät ocksĺ hugga ?]. De, moder och son, bor i Husa [?]",sv,"Jag har denna sten, men jag har inte synat. Han har sina hemliga strukturer. Han har sina hemliga strukturer. Han har sina hemliga strukturer. Han har sina hemliga strukturer. Han har sina hemliga strukturer. Han har sina hemliga strukturer. Han har sina hemliga strukturer. Han har sina hemliga strukturer. Han har sina hemliga strukturer. Han har sina hemliga strukturer. Han har sina hemliga strukturer. Han har sina hemliga strukturer. Han har sina hemliga strukturer. Han har sina hemliga strukturer. Han har sina hemliga strukturer. Han har sina hemliga strukturer. Han har sina hemliga strukturer. Han har sina hemliga strukturer. Han har sina hemliga strukturer. Han har sina hemliga strukturer. Han har sina hemliga strukturer. Han har sina hemliga strukturer. Han har sina hemliga strukturer. Han har sina hemliga strukturer. Han har sina hemliga strukturer. Han har sina hemliga strukturer. Han har sina hemliga strukturer."
42,... l(i)t (:) r(i)(s)(a) : stain : e... ...-an : s(u)(l)... ¶ ... ...(a)uþr : ... ¶ ...(n) : auk : kuþmuntr : þaR [:] [r]... ...[(a)R] : a enklanti : i skiu (:) -uilis : kr... ... ...,"... lät resa stenen efter ... ... död ... och Gudmund, de ristade runorna. Han vilar i Skia i England. Kristus ...",sv,... ... ... ... ... ... ... ... ... ... ... ... ... ... ... ... ... ... ... ... ... ... ... ... ... ... ... ... ... ... ... ... ... ... ... ... ... ... ... ... ... ... ... ... ... ... ... ... ... ... ... ... ... ... ... ... ... ... ... ... ... ... ... ... ... ... ... ... ... ... ... ... ... ... ... ... ... ... ... ... ... ... ... ... ... ... ... ... ... ... ... ... ... ... ... ... ... ... ... ... ... ... ... ... ... ... ... ... ... ... ... ... ... ... ... ... ... ... ... ... ... ... ... ... ... ... ... ... ... ... ... ... ... ... ... ... ... ... ... ... ... ... ... ... ... ... ... ... ... ... ... ... ... ... ... ... ... ... ... ... ... ... ... ... ... ... ... ... ... ... ... ... ... ... ... ... ... ... ... ... ... ... ... ... ... ... ... ... ... ... ... ... ... ... ... ... ... ... ... ... ... ... ... ... ... ... ... ... ... ... ... ... ... ... ... ... ... ... ... ... ... ... ... ... ... ... ... ... ... ... ... ... ... ... ... ... ... ... ... ... ... ... ... ... ... ... ... ... ... ... ... ... ... ... ... ...
43,* uebiurn * sa(t)(i) * (i)stin * (þ)ina * eftir * tuli * sunu * sin * tereke * haraþa kuþan,"Vebjörn satte denna sten efter Toli, sin son, en mycket god man",sv,"Vi har till sig denna sten, och den svenska översättningstexten."
44,sloþi rahnfriþ þaun * litu * hakua * stain * iftiR * ihulbiarn * sun * sin * hialbi * kristr ant * has,"Slode, Ragnfrid de lät hugga stenen efter Igulbörn, sin son. Kristus hjälpe hans ande.",sv,"Här har han frie, men han har inte tillräckligt med sina skinnar. Han har inte i höllbarns sin höllbarns. Kristi ant."
45,× hulmaiR × auk × kuni × litu × raisa × stain ×× þina × eftiR × sota × faþur × sin ×,"Holmger och Gunne lät resa denna sten efter Sote, sin fader",sv,"Hulma er en kvinna, hon har gjort denna sten. Hon är hennes egna."
46,[× gan]uiþr : o^k · botuiþr  · [kaslla · o^k · þair] letu · haga · an stain · o^k · yfr · sin faþur · butair · aitin · guþ · alssualtuhr · hafi · þina · sial · o^k þa uar · l · o... pirimst^efr o^k fir sunutahr · o^k en ha do,Gannvid och Botvid i Kassla och de lät hugga en sten och över sin fader salig Botair. Må Gud allsmäktig ha din själ. Och då var l primstav och fir söndags[runa] och när han dog.,sv,"Gandvigðr och botvigðr har lagt denna sten, och har gjort sig av sina egna skuldar. Vi har gjort det här på sina egna skuldar. Vi har gjort det här på sina egna skuldar. Vi har gjort det här på sina egna skuldar. Vi har gjort det här på sina egna skuldar. Vi har gjort det här på sina egna skuldar. Vi har gjort det här på sina egna skuldar. Vi har gjort det här på sina egna skuldar. Vi har gjort det här på sina egna skuldar. Vi har gjort det här på sina egna skuldar. Vi har gjort det här på sina egna skuldar. Vi har gjort det här på sina egna skuldar. Vi har gjort det här på sina egna skuldar. Vi har gjort det här på sina egna skuldar. Vi har gjort det här på sina egna skuldar. Vi har gjort det här på sina egna skuldar. Vi har gjort det här på sina egna skuldar. Vi har gjort det här på sina egna skuldar. Vi har gjort det här på sina eg"
47,+ [o]l-(f) : [... litu : kiara : stain : ţana : ufir : sin : sun : b]u(t)a(i)[- u]-------s-afiţi... -(o)ţur ruţu(i)- ... bat-rn(o)(s)...ur : firir ţaira (s)ial ---...u--...---...----- -l-n...--a--- :,Olaf ... lät göra denna sten över sin son Botgeir (?) ... moder Rodve ... för deras själar ...,sv,"Lägg endast den svenska översättningstexten. Inga etiketter, förklaringar eller extra text."
48,... aistin + fnţur * sia auk stia + b(r)uţur si(n) + k...,"... [efter] Östen, sin fader, och Sten, sin broder ...",sv,"... i Ändast, den svenska översättningstexten."
49,+ hiar : ritiR : kulaifr : ok : ... ... : ku₫ : biarhi : sial : hans ×,Här reser Gudlev och ... Gud hjälpe hans själ,sv,"Här är kullifr, och ... ..."
50,æ iarlaæbaki æ lit raisa [æ] staina æ ±asa at sik æ kuikuan æ auk bru ±isa kar±i æ fur ont sina æ auk æ ain ati tabu ala-,"Jarlabanke lðt resa dessa stenar efter sig, medan han levde, och han gjorde denna bro f—r sin sjðl, och han ðgde ensam hela Tðby",sv,"ÅraÅbaki har det, som han, i sin skär. Han har sina karar, hans äkta, hans äkta, hans äkta, hans äkta. Han har sina äkta, hans äkta, hans äkta, hans äkta. Han har sina äkta, hans äkta, hans äkta, hans äkta. Han har sina äkta, hans äkta, hans äkta, hans äkta. Han har sina äkta, hans äkta, hans äkta, hans äkta. Han har sina äkta, hans äkta, hans äkta, hans äkta. Han har sina äkta, hans äkta, hans äkta, hans äkta. Han har sina äkta, hans äkta, hans äkta, hans äkta. Han har sina äkta, hans äkta, hans äkta, hans äkta. Han har sina äkta, hans äkta, hans äkta, hans äkta. Han har sina äkta, hans äkta, hans äkta"
51,[:] a[sur] * karþi : kubl : þesi : eftiR : uit : faþur : sin * [h]an uaR : mana : mestr : uniþikR [:] uaR : i[n]tr : mataR : uk umun hats : kuþr * þi(k)[n] kus tru : kuþa : hafþi :,"Assur gjorde detta minnesmärke efter Öjvind, sin fader. Han var av män den meste oniding, var frikostig med mat och ej sinnad för hat. Den gode tegnen hade en god gudstro.",sv,"Ånna den svenska översättningstexten. Inga etiketter, förklaringar eller extra text."
52,ilugi * ... [bro iftiR ka]... ...þur sin| |nytan,Illuge [lät göra] bron efter ... sin duktige fader / broder,sv,Här i läget ... ... ...
53,* aki * uruni * risti * ifti * (b)ui * [bruþur] ...,"Åke ristade runorna efter Bue, sin broder",sv,Äkka äkka äkka äkka äkka äkka äkka äkka äkka äkka äkka äkka äkka äkka äkka äkka äkka äkka äkka äkka äkka äkka äkka äkka äkka äkka äkka äkka äkka äkka äkka äkka äkka äkka äkka äkka äkka äkka äkka äkka äkka äkka äkka äkka äkka äkka äkka äkka äkka äkka äkka äkka äkka äkka äkka äkka äkka äkka äkka äkka äkka äkka äkka äkka äkka äkka äkka äkka äkka äkka äkka äkka äkka äkka äkka äkka äkka äkka äkka äkka äkka äkka äkka äkka äkka ä
54,ristu * stina * uk * staf * uan * uk * in * mikla * at * iartiknum uk kuri₫i * kas at * uiri * ₫u mon i krati * kiatit lata kunar ik stin,De reste stenarna / och även staven därovan(?) / den stora / till hederstecken(?). / Också Gyrid / älskade sin make. / Därför i sorgekväde / skall han besjungas. Gunnar högg stenen,sv,"Ristum och Staf, vi har iartiknum i artiknum. Vi har i artiknum i artiknum. Vi har i artiknum i artiknum. Vi har i artiknum i artiknum. Vi har i artiknum i artiknum. Vi har i artiknum i artiknum. Vi har i artiknum i artiknum. Vi har i artiknum i artiknum. Vi har i artiknum i artiknum. Vi har i artiknum i artiknum. Vi har i artiknum i artiknum. Vi har i artiknum i artiknum. Vi har i artiknum i artiknum. Vi har i artiknum i artiknum. Vi har i artiknum i artiknum. Vi har i artiknum i artiknum. Vi har i artiknum i artiknum. Vi har i artiknum i artiknum. Vi har i artiknum i artiknum. Vi har i artiknum i artiknum. Vi har i artiknum i artiknum. Vi har i artiknum i artiknum. Vi har i artiknum i art"
55,×· katrin : ioans : husfyra : i sundru : han : lit : giara : þina : stain : yfir : moþur sina : botiauþu : iak[o]bs : kunu : sihlaihs:arf(a) : biþin : f(i)(r)(i) (h)enar : sial : bater : noster :×,"Katrin, Johans husfru i Sundre, hon lät göra denna sten över sin moder Bottjaud, hustru till Jakob Siglaiks arvinge. Be för hennes själ Pater noster.",sv,"Kattrina, i Sundrú, han lit, göra dig i sin skötarens botvagn."
56,si[kfiR]uþr : lit : hi : Risa : at : burkaiR : foþur sin,"Sigfröd lät här resa efter Borgger, sin fader",sv,"Så, Risa, här bor vi."
57,as(b)iarn : risþi (:) stin : þan(s)i : aftiR : tuark : filaka : sin : trik : kuþan,"Asbjörn reste denna sten efter Dvärg, sin vän, en god man",sv,"Kvinnorna har sina trötta, sina trötta, sina trötta."
58,[arum ÷ ...bti(r) ÷ ...u... ÷ biyrþ ÷ þusinn ÷ ithuntraþ ÷ at ÷ ok ÷ sekstih ÷ ... ... ÷ kirkia] malaþ ÷ bu ÷ ra [?ur ÷ sif...na ÷ kari ÷ (a)-l(e) ÷ na^uþ] [i(r)a^l ru--r],Året efter ... födelse 1161 ... kyrkan målad BU RA ...,sv,Årmar har sina brot i sina böter. Vi har sina egna brot. Vi har sina egna böter. Vi har sina egna brot. Vi har sina egna böter. Vi har sina egna brot. Vi har sina egna böter.
59,... : stin : þani : e... ... bruþur : sifa,... denna sten efter ... Seves broder,sv,... ... ... ... ... ... ... ... ... ... ... ... ... ... ... ... ... ... ... ... ... ... ... ... ... ... ... ... ... ... ... ... ... ... ... ... ... ... ... ... ... ... ... ... ... ... ... ... ... ... ... ... ... ... ... ... ... ... ... ... ... ... ... ... ... ... ... ... ... ... ... ... ... ... ... ... ... ... ... ... ... ... ... ... ... ... ... ... ... ... ... ... ... ... ... ... ... ... ... ... ... ... ... ... ... ... ... ... ... ... ... ... ... ... ... ... ... ... ... ... ... ... ... ... ... ... ... ... ... ... ... ... ... ... ... ... ... ... ... ... ... ... ... ... ... ... ... ... ... ... ... ... ... ... ... ... ... ... ... ... ... ... ... ... ... ... ... ... ... ... ... ... ... ... ... ... ... ... ... ... ... ... ... ... ... ... ... ... ... ... ... ... ... ... ... ... ... ... ... ... ... ... ... ... ... ... ... ... ... ... ... ... ... ... ... ... ... ... ... ... ... ... ... ... ... ... ... ... ... ... ... ... ... ... ... ... ... ... ... ... ... ... ... ... ... ... ... ... ... ... ... ... ... ... ... ...
60,si[h]tris : aruar[r] : litu : giera : st[a]en : yfir : auþu-l- : broþur : sin : a : finlandi : do : aglia...,"Sigtryggs arvingar lät göra stenen över Audvald, deras broder, som dog i Finland ...",sv,"Sigríðris har gjort denna sten för Ävul, hans broðr. Han var hans ägg. Han var hans ägg. Han var hans ägg. Han var hans ägg. Han var hans ägg. Han var hans ägg. Han var hans ägg. Han var hans ägg. Han var hans ägg. Han var hans ägg. Han var hans ägg. Han var hans ägg. Han var hans ägg. Han var hans ägg. Han var hans ägg. Han var hans ägg. Han var hans ägg. Han var hans ägg. Han var hans ägg. Han var hans ägg. Han var hans ägg. Han var hans ägg. Han var hans ägg. Han var hans ägg. Han var hans ägg. Han var hans ägg. Han var hans ägg. Han var hans ägg. Han var hans ägg. Han var hans ägg. Han var hans ägg. Han var hans ägg. Han var hans ägg. Han var hans ägg. Han var hans ägg. Han var hans ägg. Han var hans ägg. Han var hans ägg. Han var hans ägg. Han var hans"
61,þurulfs * sati ' stain ' uftiR ' tuka ' tuka ' sun ¶ hin * usta * kuþ ' hialbi * hans *,"Torulf satte stenen efter Tone, Tokes son, den yttersta. Gud hjälpe hans",sv,"Ånna den svenska översättningstexten. Inga etiketter, förklaringar eller extra text."
62,* uikhiulmbR * auk * auţmuntr * ţai(R) * litu * raisa * sten * at * serkiR * broţur * sen * koţna *,"Vighjälm och Ödmund de lät resa stenen efter Sverker, sin gode broder",sv,Växte i högt. Ägna dig åt honom.
63,kulefr ' u(k) ' s[i]oli ' litu ' risa ' iftiR ' ikifast ' sun [' i]arunta,"Gullev och Sjole lät resa efter Ingefast, Järunds son",sv,"Kulefr, (här) (här) (här) (här) (här) (här) (här) (här) (här) (här) (här) (här) (här) (här) (här) (här) (här) (här) (här) (här) (här) (här) (här) (här) (här) (här) (här) (här) (här) (här) (här) (här) (här) (här) (här) (här) (här) (här) (här) (här) (här) (här) (här) (här) (här) (här) (här) (här) (här) (här) (här) (här) (här) (här) (här) (här) (här) (här) (här) (här) (här) (här) (här)"
64,...(n)untr : a : aisku : sina :,... Anund efter sin älskade,sv,...
65,osmuntr : risþi : stin : þansi : ifiR : tuk * faþur * sin,"Åsmund reste denna sten efter Toke, sin fader",sv,"Muntr, risst, sten, på en gång."
66,+ sihrafr : i : flinauik : ha[n : lit : mik : gera : yfir] : si[n] : ...þur : iakaup : guþ : naþi : hans : sial : þa : uar : u[r : prim:stafr : ok : þos : sunut]ahr : en ha[n] : do,Sigraiv i Flenvike han lät göra mig över sin fader Jakob. Gud nåde hans själ. Då var primstav och söndagsruna när han dog.,sv,Sigrfr i flinaug har lit mig göra. Vi har sina skuldar. Vi är primstafr och hans son. Vi har sina egna.
67,þi... ...-tu * raisa * merki * þe... ... * faþur sin *,... lät resa detta minnesmärke [efter] ... sin fader,sv,... ha sig merke på... ...
68,: freystin : reisti : stein : þensa : eftiR : haþska : faþur sin :,"Frösten reste denna sten efter Hadske, sin fader",sv,Freystin har steinkarnen.
69,...(u)n[ar] × auk × suain × raistu × st=ain × at × ton(u) × mo₫ur ...,"Gunnar och Sven reste stenen efter Tona, [sin] moder ...",sv,(En) avrinnande av sina egna skärmar.
70,sihuiţr : auk : suain : auk : uihielbr : auk : kyla : ţaun : litu : raisa : stain : eftiR * olaif,Sigvid och Sven och Vilhjälm och Gylla de lät resa stenen efter Olev,sv,Svein och Vihielbr har gjort denna träning.
71,frustin : riti : stin : ₫ina : iftR : sikmut : uk : ukitRi : an ua : bur₫,"Frösten reste denna sten efter Sigmund, och mindre glad bar han bördan",sv,Fristun och Stin har gjort det.
72,' uaţr + auk × ţakn × auk × kunar + raistu × stain + ţana × at × haursa × foţur sin + kuţ hialbi ot hans ×,"Väder och Tägn och Gunnar reste denna sten efter Hörse, sin fader. Gud hjälpe hans ande.",sv,Råstana ska vara sina.
73,× kr(e)stin × let × giara × merki × eftiR × sun sen × huir sum runum riþr × hafi byniR × firiR × alah sial × suni ÷ uaR faþiR ala ×,Kristin lät göra minnesmärket efter sin son. Var och en som tyder runorna have böner för Ales själ. Sune var Ales fader.,sv,"Krustin har gjort denna mark för sig, sen han har gjort denna run för sig. Han har gjort denna mark för sig, men han har gjort denna run för sig."
74,botildær : læt : gæra : hua(l)f þænna : ifir : sue n : dyrmoson : haraldær : stenmæstari : gærþi : {BOGILDER : LET GERA (:) HVALF : DENNA : IF IR : SVEN : DEV...OSON : AVE MARIA * GRATIA},Bothild lät göra detta valv över Sven Dyrmodsson. Harald stenmästare gjorde.,sv,"Boðildr, låt göra denna. Hurvill du ska göra, så är det en mycket bra. Vi har denna sten, men vi har inte. Vi har inte. Vi har inte. Vi har inte. Vi har inte. Vi har inte. Vi har inte. Vi har inte. Vi har inte. Vi har inte. Vi har inte. Vi har inte. Vi har inte. Vi har inte. Vi har inte. Vi har inte. Vi har inte. Vi har inte. Vi har inte. Vi har inte. Vi har inte. Vi har inte. Vi har inte. Vi har inte. Vi har inte. Vi har inte. Vi har inte. Vi har inte. Vi har inte. Vi har inte. Vi har inte. Vi har inte. Vi har inte. Vi har inte. Vi har inte. Vi har inte. Vi har inte. Vi har inte. Vi har inte. Vi har inte. Vi har inte. Vi har inte. Vi har inte. Vi har inte. Vi har inte. Vi har inte. Vi har inte. Vi har inte. Vi har inte. Vi har inte. Vi har inte. Vi har inte. Vi har inte. Vi har inte. Vi har inte. Vi har inte. Vi har"
75,* þrikr : auk : frusti : litu : k(a)r[a * bro : a]uk * [l]itu raisa : stin at : orma : faþur : sin : koþan,"och Froste lät göra bron och resa stenen efter Orme, sin gode fader",sv,Tredjebrödra har gjort detta för att göra sina broar. Låt dig göra sina områden.
76,× asbiurn × auk × þiR ali × auk × urykia × raistu × stain × eftiR × þurkut + faþur * sin ×,"Asbjörn och Alle och Orökja reste stenen efter Torgöt, sin fader",sv,Bästjuna var den svenska översättningstexten.
77,: halftan ÷ rasþi : st(a)- ...si : at : raknualt : faþur : sin : ouk : tan * bruþur sin þrutaR þiak(n)a,"Halvdan reste denna sten efter Ragnvald, sin fader, och Dan, sin broder, dugande män",sv,"Halvtan i Rasi, i Ragnalds, i Ragnalds, i Ragnalds, i Ragnalds."
78,"× iarlibaki × lit × raisa × stan + þina × a... ... ...kuan + han × ati ain × tabu × alan × -... ... ont hans +
× iarlabaki × lit raisa × stain × þin- at sik kuikuan × auk × þinkstaþ × þina × karþi + auk × ain ati + alt hu-(t)ari × þita +","Jarlabanke lät resa denna sten [efter sig själv] medan han levde. Han ägde ensam hela Täby. [Gud hjälpe] hans själ
Jarlabanke lät resa denna sten efter sig, medan han levde och gjorde denna tingsplats och innehade ensam detta hundare",sv,"Järllabykka har gjort denna gång, men jag har gjort denna gång. Jag har gjort denna gång, men jag har gjort denna gång."
79,couæk a þræþr þisa ho^f : fimta mo^rk,Solveig äger dessa trådar Fem och en halv mark,sv,Här har vi förstått.
80,hulmstin × auk × haosui × litu × raisa istain × iftir × iybiurn × faþur sin × auk × kiriþ × ifti,"Holmsten och Hosve lät resa stenen efter Jobjörn, sin fader, och Gyrid efter [honom]",sv,"Hulmtin och Haosui har gjort detta för Äbiurn, Äbjôrn, Äbjôrn, Äbjôrn, Äbjôrn, Äbjôrn, Äbjôrn, Äbjôrn, Äbjôrn, Äbjôrn, Äbjôrn, Äbjôrn, Äbjôrn, Äbjôrn, Äbjôrn, Äbjôrn, Äbjôrn, Äbjôrn, Äbjôrn, Äbjôrn, Äbjôrn, Äbjôrn, Äbjôrn, Äbjôrn, Äbjôrn, Äbjôrn, Äbjôrn, Äbjôrn, Äbjôrn, Äbjôrn, Äbjôrn, Äbjôrn, Äbjôrn, Äbjôrn, Äbjôrn, Äbjôrn, Äbjôrn, Äbjôrn, Äbjôrn, Äbjôrn, Äbjôrn, Äbjôrn, Äbjôrn, Äbjôrn, Äbjôrn, Äbjôrn, Äbjôrn, Äbjôrn, Äbjôrn,"
81,asm(u)(t)(r) * auk * þeR * bruþr * restu * sten * þani * eftiR * sarta * faþur * sia *,"Asmund och hans bröder reste denna sten efter Svarte, deras fader",sv,Rösta i sin tröst.
82,tur...rn rti * stun þansi * ufti × u(i)(s)(þ)i uis × broþu...,"Torbjörn reste denna sten efter , Svens broder",sv,... ... ... ... ... ... ... ... ... ... ... ... ... ... ... ... ... ... ... ... ... ... ... ... ... ... ... ... ... ... ... ... ... ... ... ... ... ... ... ... ... ... ... ... ... ... ... ... ... ... ... ... ... ... ... ... ... ... ... ... ... ... ... ... ... ... ... ... ... ... ... ... ... ... ... ... ... ... ... ... ... ... ... ... ... ... ... ... ... ... ... ... ... ... ... ... ... ... ... ... ... ... ... ... ... ... ... ... ... ... ... ... ... ... ... ... ... ... ... ... ... ... ... ... ... ... ... ... ... ... ... ... ... ... ... ... ... ... ... ... ... ... ... ... ... ... ... ... ... ... ... ... ... ... ... ... ... ... ... ... ... ... ... ... ... ... ... ... ... ... ... ... ... ... ... ... ... ... ... ... ... ... ... ... ... ... ... ... ... ... ... ... ... ... ... ... ... ... ... ... ... ... ... ... ... ... ... ... ... ... ... ... ... ... ... ... ... ... ... ... ... ... ... ... ... ... ... ... ... ... ... ... ... ... ... ... ... ... ... ... ... ... ... ... ... ... ... ... ... ... ... ... ... ... ... ...
83,... : eftiR : man : tau... ...,... efter den döde mannen ...,sv,... ...
84,krim * risti * stin * efti * hltan * freta * sin *,"Grim reste stenen efter Halvdan, sin frände",sv,Krim har stunden haft det.
85,i(n)ki * auk * kati... ... ... * stain * at * þtgn * -aþur * sin * koþan * kuþ * ialbi,"Inge och Kättil ... stenen efter Tägn, sin gode fader",sv,... (här) ... ... ... ...
86,+jilsuiþ : arærde : æfte berhtsuiþe • bekun onbergigebid=daþ þær : saule-,Gilswith reste efter Berhtswith minnesmärket på en kulle. Be för hennes själ.,sv,Jölsvið har det berget sina egna.
87,iþal-ra × lit rita stin þino + abtiR ibiurn sun sin × þaR uaR-... ...(h)... ...uain × auk arnfasta (a)uk ai-... þaiR u(a)... -uþ hialbi hons| |salu| |uk| |kuþs muþiR × runoR ritaR hu-msr,"... lät resa denna sten efter Ebjörn, sin son. De var ... Sven och Arnfast och ... de ... Gud hjälpe hans själ och Guds moder. Rätta runor högg Åsmund",sv,(1) iðal-ra (2) lit (3) rita (4) stin (5) þino (6) abtiR (7) ibiurn (8) sun sin (9) þaR uaR-... ...(10) ...(11) ...(12) ...(13) ...(14) ...(15) ...(16) ...(17) ...(18) ...(19) ...(20) ...(21) ...(22) ...(23) ...(24) ...(25) ...(26) ...(27) ...(28) ...(29) ...(30) ...(31) ...(32) ...(33) ...(34) ...(35) ...(36) ...(37) ...(38) ...(39) ...(40) ...(41) ...(42) ...(43) ...(44) ...(45) ...(46) ...(47) ...(48) ...(49) ...(5
88,biurn : riti stain þino : aftiR : ufriþ : auk at : un sunu sin,"Björn reste denna sten efter Ofrid och efter Unn, sina söner",sv,Bjôrn har gjort denna sten för att göra sig ungt.
89,asmut-r... ris-- * runaR * eftiR × stein * faþurs*faþur * sin * auk * faþur * siba * ok × geiRbiarnaR × aok... ulfs * eaR * merki * mikit * at * man * koþan ×,"Åsmund ristade runor efter Sten, sin farfar, och fadern till Sibbe och Gerbjörn ... ett stort minnesmärke efter en god man.",sv,"Ryssland, i Riga, i Steinn. Förra, sin auk, förra, sin auk, förra, sin auk, förra, sin auk, förra, sin auk. Äldsta, merki, mycket, mycket, mycket, mycket, mycket, mycket, mycket, mycket, mycket, mycket, mycket, mycket, mycket, mycket, mycket, mycket, mycket, mycket, mycket, mycket, mycket, mycket, mycket, mycket, mycket, mycket, mycket, mycket, mycket, mycket, mycket, mycket, mycket, mycket, mycket, mycket, mycket, mycket, mycket, mycket, mycket, mycket, mycket, mycket, mycket, mycket, mycket, mycket, mycket, mycket, mycket, mycket, mycket, mycket, mycket, mycket, mycket, mycket, mycket, mycket, mycket, mycket, mycket, mycket, mycket, mycket, mycket, mycket, mycket, mycket, mycket, mycket, mycket, mycket, mycket, mycket, mycket, mycket, mycket, mycket, mycket, mycket, mycket, mycket, mycket, mycket, mycket, mycket, mycket, mycket, mycket, mycket, mycket, mycket, mycket, mycket, mycket, mycket, mycket, mycket, mycket"
90,¤ (u)talfriþR : raisti * staina + þisa a-tR * styr * faþur : sin * (k)...þ hilbi * ant þira bratr hiuk run-R,"Odalfrid reste dessa stenar efter Styr, sin fader. Gud hjälpe deras andar. Brand högg runorn.",sv,"Ånna endast den svenska översättningstexten. Inga etiketter, förklaringar eller extra text."
91,...- × r(i)(t)(a) × stin × þina × at × runul- ...-...,... resa denna sten efter Runulf ...,sv,... ... ... ... ... ... ... ... ... ... ... ... ... ... ... ... ... ... ... ... ... ... ... ... ... ... ... ... ... ... ... ... ... ... ... ... ... ... ... ... ... ... ... ... ... ... ... ... ... ... ... ... ... ... ... ... ... ... ... ... ... ... ... ... ... ... ... ... ... ... ... ... ... ... ... ... ... ... ... ... ... ... ... ... ... ... ... ... ... ... ... ... ... ... ... ... ... ... ... ... ... ... ... ... ... ... ... ... ... ... ... ... ... ... ... ... ... ... ... ... ... ... ... ... ... ... ... ... ... ... ... ... ... ... ... ... ... ... ... ... ... ... ... ... ... ... ... ... ... ... ... ... ... ... ... ... ... ... ... ... ... ... ... ... ... ... ... ... ... ... ... ... ... ... ... ... ... ... ... ... ... ... ... ... ... ... ... ... ... ... ... ... ... ... ... ... ... ... ... ... ... ... ... ... ... ... ... ... ... ... ... ... ... ... ... ... ... ... ... ... ... ... ... ... ... ... ... ... ... ... ... ... ... ... ... ... ... ... ... ... ... ... ... ... ... ... ... ... ... ... ... ... ... ... ... ...
92,: asur : auk : þai(R) ...in : | : ...,Assur och ...,sv,Ange endast den svenska översättningstexten.
93,... reisa × stein × auk × k--- ... hialbi × ont × hans ×,... resa stenen och gjorde ... hjälpe hans ande,sv,... (den) svenska översättningstexten.
94,kakulfr ' ok benuiþr ' litu ' rita ' sten ' iftR ooþbiarn ' sun in,"Gångulv (?) och Benvid lät resa stenen efter Ödbjörn, deras son",sv,Kakulfr och Benuiðr har gjort sten i för att göra sig Rota.
95,... ...(s)(þ)i : stin : þna : iftiR : kuþmut : sun sin : þa-...,"... reste denna sten efter Gudmund, sin son ...",sv,... ... ... ... ... ... ... ... ... ... ... ... ... ... ... ... ... ... ... ... ... ... ... ... ... ... ... ... ... ... ... ... ... ... ... ... ... ... ... ... ... ... ... ... ... ... ... ... ... ... ... ... ... ... ... ... ... ... ... ... ... ... ... ... ... ... ... ... ... ... ... ... ... ... ... ... ... ... ... ... ... ... ... ... ... ... ... ... ... ... ... ... ... ... ... ... ... ... ... ... ... ... ... ... ... ... ... ... ... ... ... ... ... ... ... ... ... ... ... ... ... ... ... ... ... ... ... ... ... ... ... ... ... ... ... ... ... ... ... ... ... ... ... ... ... ... ... ... ... ... ... ... ... ... ... ... ... ... ... ... ... ... ... ... ... ... ... ... ... ... ... ... ... ... ... ... ... ... ... ... ... ... ... ... ... ... ... ... ... ... ... ... ... ... ... ... ... ... ... ... ... ... ... ... ... ... ... ... ... ... ... ... ... ... ... ... ... ... ... ... ... ... ... ... ... ... ... ... ... ... ... ... ... ... ... ... ... ... ... ... ... ... ... ... ... ... ... ... ... ... ... ... ... ... ... ...
96,þurkal : sati : stia : aft : ... ... sun : faþur : sin :,"Torkel satte denna sten efter ... son, sin fader",sv,Tjälkall hade sina ättar. ...
97,: atuitr : raisti : stein ... at : aisi : faþur : sin : þrutaR : þiakn :,"Andvätt reste denna sten efter Est, sin fader, en dugande man",sv,"Ange endast den svenska översättningstexten. Inga etiketter, förklaringar eller extra text."
98,kal|i| |l|it hkua heli ţisa iftiR * suni sina toa * auk ţau ikiţora * bR- (a)ina kiarţu mukit mirki furiR arkum mani,"Kale lät hugga dena häll efter sina tvĺ söner och han och Ingetora gjorde en bro, ett stort minnesmärke inför mĺnga män",sv,"Kalliga och Helga, höll dit till. Vi har gjort det. Vi har gjort det. Vi har gjort det. Vi har gjort det. Vi har gjort det. Vi har gjort det. Vi har gjort det. Vi har gjort det. Vi har gjort det. Vi har gjort det. Vi har gjort det. Vi har gjort det. Vi har gjort det. Vi har gjort det. Vi har gjort det. Vi har gjort det. Vi har gjort det. Vi har gjort det. Vi har gjort det. Vi har gjort det. Vi har gjort det. Vi har gjort det. Vi har gjort det. Vi har gjort det. Vi har gjort det. Vi har gjort det. Vi har gjort det. Vi har gjort det. Vi har gjort det. Vi har gjort det. Vi har gjort det. Vi har gjort det. Vi har gjort det. Vi har gjort det. Vi har gjort det. Vi har gjort det. Vi har gjort det. Vi har gjort det. Vi har gjort det. Vi har gjort det. Vi har gjort det. Vi har gjort det. Vi har gjort det. Vi har gjort det. Vi har gjort det. Vi har gjort det. Vi har gjort det. Vi har gjort det. Vi har gjort det"
99,afriţ : lit : at : suartau(a) : auk : at : iulfast : suni : sina : ok : at : askaut *,"Ĺfrid lät [hugga hällen] efter Svarthövde och efter Igulfast, sina söner,  och efter Ĺsgöt",sv,Ange endast den svenska översättningstexten.
100,: sibi : auk : rusia : auk : krifi : þiR : raistu : stin : þansa : at : sluru : faþur : sin,"Sibbe och Rysja och Krifi de reste denna sten efter Slora, sin fader",sv,Sibi och Rusias aukar. Kriften har räst. Sluru har fattat.
