Sample_ID,Source,Reference,Target_Language,qwen3.5:0.8b_translation,qwen3.5:2b_translation,qwen3.5:4b_translation,qwen3.5:9b_translation
1,[iufur · r... stan · aftir · fuluka · faþur · sin],"Jôfurr raised the stone in memory of Fullugi, his father.",en,"Rune: *Infar* = To have been born of a god's wife (the Norse conception of mother); Inar = To be a woman; Fuluká = To be in love or married; Faþur = Father; Sin = To go. ""Faþur ò Infar þa sin"" = Father was born by a female god and went away, so I shall remain faithful to my own daughter-in-law.",iúfur · r·stan · æfter · fúluka · faður · son,fire·r ... stone· after· fullka· father· yours,Fierce stone follows father's fate
2,[as]kil : lit : rita : stin : þa[na · -f-]- : u[n]-- : faþur : [si]n [-u-]a : kuþ[an],"Áskell had this stone erected in memory of ... his father, a good husbandman.",en,"ritha: ""stun"" (noun), the one who holds, ""faþur"" (verb, plural, verb ""to put""), and ""stana"" (noun, plural, ""the one holding"")",Askil: Rida-stin: Þanna-fóður-úfaðr.,"Askeil, whose father was Sigurd.",Askill wrote that stone for his father's sake.
3,÷ uesti : auk : iuar : auk : s(u)[lfa :] (b)ruþr : þriR : karþu : bru : þasi : (a)uk : satu : stein : þana : eftiR : þialfa : faþur : [sin],"Véseti and Ívarr/Jóarr and Sylfa, the three brothers made this bridge and placed this stone in memory of Þjalfi, their father.",en,"Dresser's coat was worn by the king, and he wore it alone. The royal family went to the palace in their proper clothes; all of them wore their own coats of armor. When the king left the palace, his servants came with him, and everyone who passed from there would wear their clothes. This is how the king's coat was treated. There was nothing for the king but himself wearing it.","Seeker of the sun, to whom I hear a sound from above, or from under; a sound from beneath; to whom I hear a shout; to whom I hear a blow: an enemy; a man's house; to whom I hear a word; to whom I hear a stone. His daughter is his own; to whom I hear an echo; an evil voice. Father.",I wish: also: for you: and: soul: brother: three times: heart: bru: this: and: set: stone: than: after: ghost's: father: his,"You have: a cow, and another one; two brothers, and their mother. They gave to the father that stone again in return for his life."
4,× hulmfriR × -it --isa × istain × þina × iftiR × biarn × buanta isin × auk × iftiR × isikat (s)un isin ×,"Holmfríðr had this stone raised in memory of Bjôrn, her husbandman and in memory of Sighvatr, her son.",en,"This means ""the children of the mother"" in Old Norse.","The sea, where the light of the sun rests.","The tree-killer and his daughter are the bear-guards of the frost-beast and the frozen sun, as well.",away from evil -let any curse -yourself -and all your children -and away from you -is this
5,[... iftiR biurn bunta sin kuþan kuþ hialbi ant has],"... in memory of Bjôrn, his/her good husbandman. May God help his spirit.",en,"""when [some] of the gods were made full (full of) power and power in all lands had to be given away so that their own gods could not be worshipped.""","If this is burnt in my hearth, its heat will become white ash upon the floor.",if you love his own beautiful heart in a great heart that is full of fire,and so be thou my trusted helper and guard
6,þurkiR · auk · uri · þaiR · raistu · staina · at · ulaif · faþur · sin : auk : at · suain · bruþur sin ·,"Þorgeirr and Orri, they raised the stones in memory of Óleifr, their father and in memory of Sveinn, their brother.",en,Þurki-r (air) air uruðr (heaven) þai-r (wind) rest-aid (sleep) stained-aat (day) ulaf-aúa (light) fúru-sin (sun): aur (day): au-t-suaen (night): brúþur-sin (moon).,"the man, the wife, the son, of him who is to be born: the woman's father.","Turkir and Urí took Raistó's stone away from his father: and so that Svain, his brother, might...","Thorkir and Uri killed the stone with their father, Ulf, and with his brother Svin."
7,gya : sæhir : at þu : kak hæim §B þa^nsak : a^b(a)kista^n : rþis,Gyða says that you should go home. §B ... ... ...,en,"Ysgeit: opheldat: kapp hægir (æðal): kaka haum, sáhr áttan (rýsa)",gía : sæhir : at þu : kak hæim § b þān sak : áb āk istá : rþis,gala: so-heir: at þu: kæk-heim §B þa^nsak: á^ba(kista^n: rþis,"Gya: sahir, at thu kak haem; B thensak ab(a)kistann rthis."
8,: haraltr : kunukR : baþ : kaurua ¶ kubl : þausi : aft : kurm faþur sin ¶ auk aft : þourui : muþur : sina : sa ¶ haraltr (:) ias : soR · uan · tanmaurk §B ala · auk · nuruiak §C (·) auk t(a)ni (k)(a)(r)(þ)(i) kristno,"King Haraldr ordered these monuments made in memory of Gormr, his father, and in memory of Þyrvé, his mother; that Haraldr who won for himself all of Denmark §B and Norway §C and made the Danes Christian.",en,Haraltr: kunnurrar; Baþ: kaurluok.,Hárolt: Knuckar: Baþ: Kaurua ¶ Kubl: Þausi: Aft: Kurm faðir sin ¶ Auk aft: Þourui: Múður: Sína sa ¶ Hárolt (:) ís soR · uan · tanmaurk §B ala · auk · nuruía §C (·) auk tani kárþi kristno,Harald! King: Bað: Kaurua ¶ Kubl: Þausi: aft: kurm faþur sin ¶ auþ: þourui: muþur: sina: sa ¶ haraltr (:) ias: soR · uan · tanmaurk §B ala · auæ: nuruiak §C (·) au t(a)ni (k)(a)(r)(þ)(i) kristno,"Harald became king, and Kubla killed him. He killed his own father and then his mother. Harald is the same one who took the heathen power; but also Nuria was there, and C also came (to be) a baptized Christian."
9,· kalmi : risþi : stin : þena : eftiR : helka : sun : sin : iaR : turknaþi :,"Gamli(?)/Galmi(?) raised this stone in memory of Helgi, his son, who drowned.",en,"Kalmi: the rising sun/early night; Rís (the wind): to go, flee, return or escape; Sfin: a person who runs fast or is very active; Þena (to see) / Efni: evening/night; Ríð: to have (or do); Hela: all; Sun: the sun/Sun-god; Sin: in or under; Ír: into or to enter; Turknþi: wind, and/or wind-dragging; Þa (to go to): to go somewhere; Þena (to see) (repeated at end); Helkja (to be there) / Heila (all): all are here/there; Sni (sigh/sin): to sigh.",Kaldam: rise stone then after sun in Turkham,calm: cold: stone: tenant: after: heat: sun: sun's: earth: Turkmen.,kalmi: risþi: stin: þena: eftiR: helka: sun: sin: iaR: turknaþi:
10,o^not^r : a mik : a ho^no^m,Ônundr of Hornar owns me.,en,"a blacksmith's father is a man of the sky (a 'ho' meaning ""sky"" in this context refers to being above or associated with the heavens).",of nor: a mikh: a honom,a great god: a horned god,Not mine is the gift which is known by them.
11,biarn · li(t) ... ...- · ul- -(o)(r)oþur · sen ·,"Bjôrn had ... ... Ulfr, his brother.",en,The year was biarn and (later) lītt ... - ul- ... -(o)rō þor ... sen...,born... son,Brian's child... and Ulph... son of...?,"bear, little ... ...- ...- ... - ... old ..."
12,tusti × (r)...(i) ...tin × efti(R) kuno × mak × sin × þ... ...---s × ... × uistar- × uar- ...,"Tosti raised the stone in memory of Gunni, his kinsman-by-marriage ... ... ... was westwards ...",en,Stift x (r)...(i). Tin x efti(R) kuno x mak x sin x þ... ... s x ... x uistār- x uar-,thúste × (r)...(i) ...tin × efti(R) kunó mák síð þ... …–s …… ústar- úar-…,thrust through with a sharp spear against her own mother's womb,your daughter will not again make your sons...
13,· aystin · auk · astriþr · raistu · stina · aftir · kak · sun · sin ·,"Eysteinn and Ástríðr raised the stones in memory of Kagr(?)/Gagr(?), their son.",en,"aust-eyn, eyd; astriþr; ræst-uh; stíne; af-tur; kaks; suu; siu.","Austen, oak, as-tree, to plant, stone, after, rock, sun, sin.",aught and also by side of; beside; by; with; then,"Eysteinn and Ástþrǫrr hasten after him, then towards his sister."
14,[... ...sa · stain · at · suarth... ...],... the stone raised in memory of Svarthôfði ...,en,[... a [san] at [su] arth of [...]],from the south.,... they stand in their midst by Suárfi's side.,the stain on his black coat
15,$M §A [...] §B [raþ runar -pti- (h)armbraþhum] §C · k(s) · statr hoar : kuz nri §D maria iuan-,"$M §A ... §B Interpret the rune according to the grief-rows / in memory of the grieved (one) §C ... ... ... §D Mary, John(?)",en,The sun is a bright light in the sky.,[M] §A [...] §B [raþ runar -pti-] (h)armbraðhum] §C · k(s) · statr hoar: kuz nri §D maria iuán.,"I know a prophecy of terrible harm, and I know that the white one is coming; Maria, the young lady.",[+] of runes [and brotherly harm] the standing hall: who sees it? Mary Jesus.
16,... ...arl ' uk ihulbiurn ' litu rita stono þisa ' uk| |kirua bru þisa ' at iafur faþur si... ... (h)ialbi ont hos,"... Karl and Ígulbjôrn had these stones erected and this bridge made in memory of Jôfurr, their father ... may help his spirit.",en,"In this is there a name: ""Arri"" with the surname Liturrit, of whom you are speaking; for the word in the above words is ""Hauli"" who will come forth to your home.",... ...arl 'uk ihulbiurn' litrrita ston 'pasa' uki kirkja braðin 'at iafarfaðir' si... ... (h)ialbi ont hús,"... Lord Uk's brother-in-law, little son of that stone, my lord. That I have a father who is alive... (h)ilbrother of his.",... our Lord protects and shields the stones of this house and of this church from harm to the father who is... (he) helps us.
17,$M §A spyr actriþi h-... §B --- act -...,$M §A Ask Ástríðr ... §B ... love ...,en,The King's servant was sent out to find the enemy,M A asks the actress - ... B --- acts -..,§A Why ask the actress... §B -- acting -..,Man asks a friend... B --- ... -..
18,[... uaR · tauþr × i austr·uih- ...],... died on the eastern route ...,en,Ithraux to Austruian,a few of you from the west.,"... sea, land in east.",gold · armor · at east · iron -
19,+ ka^ute : tie · kinit^r · suermo: in·mokulata · ga^ute §B k-- ... §C ga^ute : kue : genuisti : eterni · lumi(n)- §D k[l]-... ...,"Rejoice, Mother of God, immaculate Virgin, rejoice §B ... §C Rejoice, Thou who created clarity from eternal light §D ...",en,"Tie, in-omukata, guee. Inni: eirnta; lumii:n §D l~u.",kaːtʲɪʔe: tie·kīnɪr:suermo:i-mɔkʏlatɑː gaːːtʲɪ : kuː:genuisti:teti-rinɨm-§Dk[l]-...,"And thou art tied together, a kin-stranger; with an oath, it was the bond that bound thee; thou gavest: he gave: thou gavest: of those eternal; light. Thou gavest: thou didst give: thou gavest: thou didst give: thou didst give: thou didst give: thou didst give: thou didst give: thou didst give: thou didst give: thou didst give: thou didst give: thou didst give: thou didst give: thou didst give: thou didst give: thou didst give: thou didst give.","you bind the child of your womb and make it subject to me; you will give birth again, O virgin. You shall see eternal light in heaven."
20,... [+ faslaug :] þaun : [hion × litu : i]ftiR · þial[fa : sun s]...,"... (and) Fastlaug, the married couple, had (the stone raised) in memory of Þjalfi, their son.",en,The day is when he and they have all of us.,...[faslaung]: than:[hyon x li: it]ftiR·than[fa:sun]...,"... [fathom]: that [hein x light: in] fall, fath[sun s]...","Then they cast their dice: ""The child of the sun..."""
21,kuþa : risþi : stin : þansi : auft¶(i)R : þurbiurn : buta : sin : ¶ miuk : kuþan : þikn : ian ¶ þurþr : rist : runaR ¶ þasi,"Gyða raised this stone in memory of Þorbjôrn, her husbandman, a very good þegn. And Þórðr carved these runes.",en,Þunga: ùlga: stin: tanú: áttö (ö)Ruður: tburriun: butu: suður: paðmiök: þugan: tínk; íæ þurþr: rist: runaR: þasi,thorn : rise : stone : thons : up : burgh : boat : sins : mark : burn : mark : sign : mark : burn : runa : sign : runa : sign,wolf: fish-rig: stone: that: above: R: teeth: but: son: ¶ muick: wolf: thin: ian ¶ tooth: rig: runeR ¶ that,Cultic: rising: stones: standing: together(R): threshold: gates: its: many: culting: thickening: in(R): through: rise: rune(R): these
22,†M [pær krusis ok sihnum : fgiaþ : ¶ : prokul : omne : malihnum +],†M With this sign of the cross will all evil flee far away.,en,†M [Pær Krusis og Sihnum: Fgaþ: Vag: Prokul: Omen: Malihnum +],"The cross and bones are: fire-greatness, ¶ [pro]: for all that have been born.",For those who are cross and sinful: go away; for it will ruin all of you too.,+†M [the Cross and its signs: forgive: ¶: procul: all: evils]+
23,× þeiR bryþr × reistu × kubl × þia × eftiR × sustur ×× sina × afriþi × auk × eftR × suein × faþur × sin × koþan ×,"These brothers raised these monuments in memory of their sister, Áfriðr, and in memory of Sveinn, their good father.",en,"The people of Reys, the man who built their homes, and the people who have not yet entered the land.","they broke the throne of Kubilaith, afterward they killed her father and his son.","The brothers rose to avenge their sister's murder, even though they were the father's own sons.",Their brothers raised the cup of their sister and her father's poison.
24,kunuar : resþi : stin : þani : eftiR : kana : bunta : sin : þegn harþa kuþan,"Gunnvôr raised this stone in memory of Kani, her husbandman, a very good Þegn.",en,"the king and the kings (or rulers); the king's wife; the prince of the kingdom; their father; the man of the same name; the king, or king's consort; his father; his son and heir; her husband; his wife.",men who: stone: man: after: R: knome: bundle: hand: hard: thorn,knightly : fortress : stone : castle : behind : door : painted : own : shield hard strong,The stones that lie on this side are for our faithful shield-bearer to know.
25,(h)agormr hialgar-r (l)i-unski-l-... §B ... þunt bloþ or rin or æ-r : bloþ or : rin or æ--,"Hagormr(?), ... ... §B ... thin blood, run out, out of ... blood, run out, out of ...",en,"The sun rises in the east, the star of night is born in winter; then the morning comes in. And if one knows that this word means ""sun"" in both senses, then he has found the meaning of a riddle, but not the answer to the question it seeks.","(31) godd of hail and a child of the land, i.e., blood; or rind, or ash, etc.: blood or: rind or: ash.",hagorn r-hialgar-r (l)-unsk-l-... §B ... þunt blþ-or-rin-or-æ-r: blþ-or-: rin-or-æ--,"Hágrmr healed all his wounds, he was not thirsty nor hungry nor cold: he was warm."
26,fuþorkhfuþorkh fuþorkhfuþorkhfuþorkhfuþorkhfuþorkh fuþorkhfuþorkhfuþorkhfuþorkhfuþork fuþorkhfuþorkhfuþork fuþorkhfuþorkhfuþorkhfu fuþorkhfuþorkhfuþork,<fuþork fuþork fuþork fuþork fuþork fuþork>,en,Fútork Fútork Fútork Fútork Fútork Fútork Fútork Fútork Fútork Fútork Fútork Fútork Fuor K Huforth Fúrtho,Fuðarkh,fuþorkhfuþorkh fuþorkhfuþorkhfuþorkhfuþorkhfuþorkh fuþorkhfuþorkhfuþorkhfuþorkhfuþork fuþorkhfuþorkhfuþork fuþorkhfuþorkhfuþorkhfu fuþorkhfuþorkhfuþork,futhark futhark futhark futhark futhark futhark futhark futhark futhark futhark
27,...li : lit : resa : eftiR : f...,... had ... raised in memory of ...,en,In the dark... I say it's true: he came from there... and his son is there again,...lies: life: rise: after:r: ...f ...,the people returned after the flight from their,lit: travel; afterwards: f...
28,× iarlibaki × lit × raisa × stan + þina × a... ... ...kuan + han × ati ain × tabu × alan × -... ... ont hans + §B × iarlabaki × lit raisa × stain × þin- at sik kuikuan × auk × þinkstaþ × þina × karþi + auk × ain ati + alt hu-(t)ari × þita +,"Jarlabanki had this stone raised in memory of himself while alive. He alone owned all of Tábýr. May God help his spirit. §B Jarlabanki had this stone raised in memory of himself while alive, and made this Assembly-place, and alone owned all of this Hundred.",en,"The ""star"" and the ""light"", as well as the rain and snow, from the sky.",x iarlibaki x lit x raisa x stan + þina a... ...kuan + han ati ain tabu alan... -.. ont hans + §B iarlabaki lit raisa stain þin- at sik kuikuan auk þinkstaþ þina karþi + auk ain ati + alt hu-(t)ari þita,"...your brother-in-law's, daughter's son's, and the other, his daughter's brother. . . . Your own father, your own brother? And you shall be given to my own brother by my daughter.","Raise your stone yourself, and let your heart be the only thing that counts."
29,he(l)ga : sati : stin : þana : at : eumunt : bur:uþur,"Helga placed this stone in memory of Eymundr, (her) brother.",en,"(He/l): sat; sit; to go; to be alive (or living); at; to stay; heumung; bur-uþur: bur, and the other words are not specified.",I am: sat: to: thou: hast: eaten: and: been: buried: in: earth,holy: lady: stone: man: at: earth: burial,The holý one sat on the stone at Emunth.
30,--- ¶ akla + kala + laka + ¶ --o-imi(k)(l)(i)(i),"... agla gala laga ('agla' = Thou art strong in eternity, Lord) ...",en,"The transliteration represents a series of four runes: *akla*, which means ""black,"" followed by *kala*, meaning ""red,"" then *laka* (the third character is often spelled *laki* in Old Norse to avoid confusion with Latin 'ka'), representing red, black, and white respectively. The symbol `--o-` indicates a transition or pause, likely between the colors of black and white. The string ending `-(i)i` signifies a single consonant sound that could be an internal vowel, a short 'e' or 'y', or part of another syllable.",akla + kala + laka + o-imu,And we are not afraid (of death).,Bathe and drink to wash away sins.
31,la-rans : gierþi : s[t]ai(n) : (þ)-,Lafranz made this stone.,en,the goblins are a thief's wife...: a little man/young one: (þ)-,lranus: gírþi: stān: (þ-),l-ran: gerðr: [st]-ai(n): (þ)-,ransome was done [he] stood fast
32,...n · auk × kulauh × au... ... + þan + a-...,... and Gullaug and ... that ...,en,...in ... aulh ... al-… þann …,"...aught, from 'aul' and 'kulauh' (which becomes 'au') and 'a'.+ than+ with-a-.",And if in love you are... then to her...,also and with also ... than ... a-...
33,hulm(k)iR · auk · labus · auk · lafsi · þaiR · litu · raisa stain · at aib-rn · faþur sin koþan · ...t...,"Holmgeirr and <labus> and Lafsi, they had the stone raised in memory of Eibjôrn, their good father ...",en,This means: [W] [G] [L] G L T R P L A U R S P A A S H K S D R M A E A B I F P S I N S T T I T S.,"The hill's ear | the hawk | the fish | the hawk | the fisher's wife | the wife of the fisherman | the fisher's woman | and she who sings with the voice that sounds as the sea waves, at the end where the father has a son's beard...","I am your father, the father of his soul and of him...",the mist and fog also the lowland and the heath were seen to raise a stone upon the fathers of their kin ...t...
34,· þura · sati · stin · þasi · aftiR · suin · sun · sin · Rs · uRstr · o · ualu,"Þóra placed this stone in memory of Sveinn, her son, who died in the west in <ualu>.",en,The one who is well-off; The who is at ease.,"Thora sat on stone with a son behind her, she went to him and he took her.",dry · dry's wife · dry · dry · mother-in-law · dry's daughter-in-law · sun · son · father · mother · sun-son · old · old woman,Dora sat in this chair and then the rain fell down.
35,[iufur · uk stoþbiarn · litu ... ... ...kifast · faþur · sin ×],"Jôfurr and Stóðbjôrn had ... in memory of Ingifastr, their father.",en,"A strong and fast one in all of the land, who is not only swift but also has many children; he was a son of Fjaraun.","Iufur, Uk Stoðbja, Litú ...... ... Kífásróður, Fáthúr, Sní","he who is a fire and also his father's son, who has stood in steadfastness with his father until now [iufur · uk stoþbiarn · litu · ... ... ...kifast · faþur · sin]","The whale stands still in the water and ... swims about, its father's cross."
36,[kuþriuin · lat · rita · stin · at inkimuntr faþur · sin],"Guðbjôrn had the stone erected in memory of Ingimundr, his father.",en,The man who reads aloud and speaks the truth.,kuthriun [lat]rita stone at Inkum's father sin,to cut with iron and write by the hand of thy father.,"Cuthwine, I have written to my father's friend on his behalf."
37,...[-n · sin +] sun + hulmfas--/hulmfas--... ... kuþ + hialbi + ant hans +,"... his, Holmfastr's son ... May God help his spirit.",en,"Sun in Hulm-fas, or Hulm Fas; And I have him:",...not Sin with sun and hall-hafts... + hulm-fas-... + kuth + hail-bi + ant hanes-,...-n · sin +] sun + hulmfas--/hulmfas--. .. ... kuþ + hialbi + ant hans +,...and his+ sun+ Huldfas... ...God protect him and his+
38,... ...ta · stiu(b) · (s)in · ha- ...,"... ..., his/her step(-son). He ...",en,... ...a · tīu(b)·(s)ini-hā …,... ... is to stay (or) to be a ...,... ... you know (his/her/their) own home ...,and silent they were
39,... ...-þan × isun × isRn × bRkia nu × kuþ il×... ... §Q ... ...-þan × isun × isRn × bRkia nu × kuþ il×... ...,"... good(?), his(?) son(?). Now(?) (they) pray(?) to God(?) to help(?) ... §Q ... (the) good(?) son of them both. Now God may help(?) ...",en,"Illuminating a journey where darkness gives birth to light. (Note: ""Nu"" in the context of this specific rune glyph sequence often translates as 'shining' or 'bright,' depending on the specific rune arrangement used for its name, but standard Old Norse transliterations sometimes render this segment with 'h' or use a different form based on the specific glyph's name. However, since no explicit name was provided beyond the glyphs themselves and ""Isun"" (to light) is explicitly in the sequence, we must infer from context. The rune names are: ...-þan × isun × isRn × bRkia nu × kuþ il×... ""-Þann"" implies 'lightening' or 'shining,' but more accurately, looking at known Norse transcriptions of this specific glyph set (often found in rune poetry), the word for ""darkness"" is typically ""Þin"" and ""light"" is ""Isun"". In some contexts, ""nu"" might be omitted or rendered differently, but standard translation requires capturing the meaning. The sequence ...-þan× means a lightening up or dawn. ""isun"" means to see/lit. The most faithful reading of the name structure ""...-þan × isun × isRn..."" (where isRn is often associated with 'light' or 'day') implies a journey illuminated by light and day, potentially leading to night but ultimately light. Wait, let's re-evaluate based on the specific glyph names known in this region: ...-þan (the name of the rune is *Þann* or related to lightening), × isun (*to see/light*), × isRn (*day*). ""Nu"" likely refers to a subsequent action or result. The standard translation for runes with names like ""-þan"", ""isun"", and ""isRn"" in Old Norse texts describing journeys often involves themes of dawn, seeing light, and perhaps dark nights. However, without the explicit word for 'night' (Þin), we focus on the explicit names. -þan = lightening/dawn. isun = to see. IsRn = day. The sequence implies a journey or action involving these concepts. Given the phrasing ""...-þan × isun × isRn..."", it reads like: ""Light, seeing, and Day"". But there is another possibility in Norse transliteration where words are omitted or simplified. Let's look at the specific pattern: ...-þan × isun × isRn × bRkia nu × kuþ il×... ""-Þann"" suggests the rune itself was named after this name (e.g., *Þann* = dawn/lightening). ""Isun"" -> see/lit. ""isRn"" -> day. ""bRkia"" -> bright/clear. ""nu"" -> maybe 'up' or continuation. The phrase likely captures a description of an encounter or event involving seeing light and day, potentially illuminated by something that brings it to darkness, then returning to the bright state. However, without external knowledge of this specific glyph set's name in Norse tradition (which could be *Þinn* or similar), relying on standard translation rules:","And is the fire of Rkn, and in it dwelleth now Rke.","...then is this sun, fire and water now, which...§Q...",after the sun and the moon were darkened now the light...
40,... ...isa · sti- ... -t · su... ...,... raised the stone ... in memory of the son ...,en,a single soul,... ...isa · stift · suf...,... ...is a straight line to me... .,wisdom of...
41,[rahnfriþr · lit rt stain þino ' aftiR biurno sun þaiRa kitilmuntaR ' hon ' fil a urlati ' kuþ hialbi hons ant auk| |kuþs muþiR ' osmunr mar'kaþi runaR ritar],"Ragnfríðr had this stone erected in memory of Bjôrn, her son and Ketilmundr's. He fell in Virland. May God and God's mother help his spirit. Ásmundr marked the right runes.",en,"the light of the first night; on the day after [the name], the sun appeared for the time. For it was the king, a man with a crown made of gold, and he spoke to all men from the sky.","Frost-rift's, Light, the stain of the day is gone, and the sun is gone for it; the fire has fallen upon the stone that lies at the foot of its peak.",Ragnfrid the beautiful gave her blessing to the sun of the warrior-kings; may the goddess of death watch over them! Osmond marks the runes.,"Ragnarok, the stain of your brothers after the sons of those who are called Sköll and Hati? That's a false god, the mouth of the wolf. Odin marked runes, the writer of fate."
42,[× sibi × auk × irmuntr × auk × þoriR × litu × raisa × stain × iftiR × s(u)... ... ...-- (h)(a)n · to × austr × sun × kismuntaR],"Sibbi and Ernmundr and Þórir had the stone raised in memory of ... ... ... He, Gísmundr's son, died in the east.",en,The sun is rising from the land of men.,"From SIBI he goes upward toward the sky, from the rising star.",For you and Irntr and Thorir it is fitting to go to the east towards Kisamundr's sunrise.,He and Thorr then raised a stone pillar and went to the east in Kisma.
43,... stin : þinsi : i--iR : un...,... this stone in memory of ...,en,"""Þinsætt: ìr; -u-"" (un...) ""Stina"" is a specific term from Old Norse/Runic inscriptions that means ""stingy"", ""fussy"", or ""wicked"". The transliteration given appears to be an attempt at phonetic representation, possibly from the early period when some names were transliterated using runes or simplified syllables, though modern standard translation refers to this as the root for words like ""stingy"" or variations depending on specific regional variants. However, strictly translating based on common knowledge of its etymology and usage:",stones : stone-nesses : iron : un....,think: thought: I-I-R: run...,stone: shell: I-IR: never...
44,eskil : sulka : sun : let : res(a) ¶ sten : þena : eft : sialfan ¶ sik · e mun · stanta · meþ · sten ¶ lifiR · uitrint · su · iaR · uan · eskil §B kristr · hialbi · siol · hans ¶ aok · santa · migael §C toki · risti · runaR · e(f)(t)(i)(R) (·) -(o)ru · ¶ stiubmoþur · sina · kunu · koþa,"Áskell, Súlki's son, had this stone raised in memory of himself. Ever will stand, while the stone lives, this memento, which Áskell produced. §B May Christ and Saint Michael help his soul. §C Tóki carvedthe runes in memory of Þóra, his stepmother, a good wife.",en,Eskil : suklau sun let : res(a) ¶ sten þena eft ; sialfan ; sik e mun stanta meþ ; lenka ¶ lifiR útrint su iaR uan eskil §B kristr hialbi siol hans ¶ aok santa migael §C tokur ristru runaR ef(kt) ri (·) -(o) ru ; stiubmoþur sine kunu koþa,Esyl : Such : Sun : Let : Rest ¶ Stone : Thee : After : Seal of the Friend : Eye ; May it stand upon stone : Life : Out of wood : Aye : Oak : My Esyl ; Christ : High : Sion : Hand : Also Saint Mary : Magdalene ; Tongue ; Resurrection : Tree ( · ) -(o)ru : ¶ Stibmothur : Sign : Kun : Covenant,Eskil : sulka : sun : let : res(a) ¶ sten : þena : eft : sialfan ¶ sik · e mun · stanta · meþ · sten ¶ lifiR · uitrint · su · iaR · uan · eskil §B kristr · hialbi · siol · hans ¶ aok · santa · migael §C toki · risti · runaR · e(f)(t)(i)(R) (·) -(o)ru · ¶ stiubmoþur · sina · kunu · koþa,"Eskeil: Sulca, sun; let the stone remain by itself! A life wanes like a river. Eskeil §B Christ, save this one and Saint Michael. §C Toke carved these runes after [his] death and taught his kin."
45,†$ [bariRþ ÷ riti stain ÷ þina ÷ aftiR un ÷ ... bruþur sin ÷ han uas| |sun : arinbiarnaR a-þuaun-ua-sun ÷ ial-i (k)u(þ) ant unaR],†$ <bariRþ> erected this stone in memory of Unn his brother. He was Arinbjôrn's son ... May God help Unn's spirit.,en,"In the first light, there was no sun. The darkness has been here forever (or at least for eternity). And now we are alone and the sky is black.",† [bariRth þrit stain þin afti run ... bruður sin hans wæs; sun: arinbiarna un þau on iai i ku athan unar],"I, the brother of my own son: Arinbern's son, son, and I (if) you are an uncle.","""[bariRþ ÷ riti stain ÷ þina ÷ aftiR un ÷ ... bruþur sin ÷ han uas| |sun : arinbiarnaR a-þuaun-ua-sun ÷ ial-i (k)u(þ) ant unaR]"""
46,ragna : let × raisa × stain × þin(a) ... ... × sun × kuþbirnaR × trenk × ufi(l)an,"Ragna had this stone raised ... ... Guðbjôrn's son, an undaunted valiant man.",en,"The sun is burning us, so take your heat away.",raven: let × raise × stain × thine... ... × sun × kill-birns × tree-folk,The rain shall lift thy stain... thou shalt not tread in filth.,of the gods: let your stains rise... sun of wisdom pierce the veil...
47,: hragli : auk : alkisl : satu : stin : þesi : eftR : serla : faþur : sin,"<hragli> and Algísl placed this stone in memory of Særli, their father.",en,hragli (wild beast): auk (great/overbearing): alkisl (unreliable/fallen): satu (one); stin (shiver/sting): þesi (thieves/bansheeps): eftR (to end or stop); serla (water); faþur (beyond/too far from); sin (black/sparkly/blackened).,hagler: auk: alskill: sutr: steinn: tysi: eftir: seilla: fatur: sin,a horned ox : also : elkish : one : stone : this : after : a horse's father : your,The following stones were raised by Hraugli and Alkisl in memory of their father Serla.
48,ikib(i)rn : ak : þiR : bryþr : litu : risa : stin : þina : a(t) : ikhul : faþur : sin : (k)uþ : hilbi : anta : hns bt(r) : þin : (h)-(n) : (h)--... ...- : -(a)(r)- : --...---- : (r)isti : runaR · þasi,"Ingibjôrn and his brothers had this stone raised in memory of Ígull, their father. May God help his spirit better than he has deserved. Tíðkumi carved these runes.",en,"Ikibarnak: þir Ríbiðri, lytu rista, stin þína, aþi ikhul, faþur sin. Kúti hilbi: anta hns bt: þin. (h) n: (h) --... : -(ar): ...-(r)-: runaR: þasi",i-kib(i)-rn: ak: ðið-r:bryþr: litu: risa: stin: þin(a): ikhul: faþur: sin(kú)th: hilbi: anta: hns(b)t(r): þin:(h)-(n): (h)--... ...-: -(a)(r)-: --...----: (r)isti: runaR · þasi,"This is the English translation: ""To you, brother, I have put your father's soul as my shield."" (Specifically, this is the inscription on the Rök Stone).","The runes: These are the brothers' light, stone of your father's hidden strength, and his secret word; these words of power."
49,... ...isti : krus : -... ¶ ...ir : mol:mu... ...,... raised (this?) cross in memory of Maelmuire ...,en,...isti : krus . .. ¶ ir : mul mu . . .,... this is: cup: -.¶...there is a lot:...,... Christ : cross : - ... our : milk : moun ...,... ...ed him : cross : -...¶ ...he : mold:moul... ...
50,÷ salsi karþi sul ÷ D ÷ skut- - þ--a hiu ×,Sôlsi(?) made(?) the sun(?). Dagr(?) cut(?) this(?) on the cliff-face.,en,What does one eat? and what is this man's meal done with?,The salt-carth-sulf which is the fire.,salsi karðisul D skuta þá hiu,And I was silent and shut my mouth against them all.
51,þruntr × risti + tsin × þinsa + aftiR · þurtsin [faþ](u)r sin,"Þróndr raised this stone in memory of Þorsteinn, his father.",en,The sun shines on the trees,Runer's name of strength with the daughter of the fire,"The thunder shakes and shatters, breaking its father's horn.",Trunth wrote down a few pieces of his father's faith.
52,$U §P -uþaþit-ih -ilald (t)-uiuu-(t)w- §Q a^luþa þit (s)i huilalda^| |^aï uiu u(e)a aþa^l,$U §P ... artifact ... §Q Of the ale this will be the resting-people’s (= the deads’): (for?) ever I sanctify abode of the gods.,en,"This is an inscription, likely from the Viking Age. The text provides details about the names of two individuals: ""Uðaf"" and ""Einar"". In Old Norse, the letter $\$U$ represents U, while $\$P$ represents P, indicating that these are given names. The word $a^{\prime}u \theta a$ means 'good', which is likely referring to Einar's name as the bearer of good qualities or attributes.",$U \Sigma P-uðatith-ilald (t)-uiuu-(t)w \Sigma Q alþa þit s huilaldah | |^a i uiu u a aþal,You must give me your love,I have not yet become an old man.
53,ingibiorh · hin fahra · æhkia §B môrhk · kona · hæfer · faret · lu(t) in her mihgil oflate §C ærlikr,"Ingibjôrg, the fair widow. §B Many a wife has travelled stooping in here. A great show-off. §C Erlingr",en,In the field of life: a heart that has not been beaten with pain: a crown on the forehead and a head covered with hair. A hand held to a mouth which is full. A soul to be left for another who is not. The sun to be hidden in her own womb or the moon shining forth from it. The earth to be taken away by a man's hand. A star in a starry sky.,"Ingiborhr: This one is the road to be traveled, the path with a certain name. Mörk: Conceived by him, he was born from this: the wolf and the man who went in his direction. In her place I have written ""of late"" as an equivalent for ærlakr.","""Bring me my bridegroom to the boat, for I am the queen of the ships. Let him fly and go far in his power, before he is old.""","Ingibjorg the wealthy, a woman who has borne children, has gone far to see many noble friends, formerly."
54,... ...- (:) rista : s(i)tn : þisa : e(f)(t)ir : asu : muþur : sin...,"... ... (had) this stone carved in memory of Ása, his mother.",en,"This is a collection of Oesca/Runic words from Old Norse, representing concepts such as the ""people's people"" (a dialect term for peasants), ""the house,"" and various agricultural or household terms.",... ...: (:) to stick : sat : so this : some : house : a man ...,...of those before your mouth...,carve with these words after one's own mouth...
55,...-k lun-a : -... ...(a)lbi · siao- ...,... may help the soul ...,en,"He was in the garden of Elu: -k, Lun-a, . .. a-lbi, siao-, .-.",...-k lona :-.-... (A)lbi . siao- ...,... -k lun-a : -. .. ...(a)lbi · siao- ...,the moon: the (wolf) ...
56,þurkl × auk + kisl + -itu + rais- ... þian + iftR + faþur sn + kans- ku- hialbi ant hans,Þorkell and Gísl had this stone raised in memory of their father Gansi(?)/Knasi(?). May God help his spirit.,en,"The land is vast and rich and full of many things... and also very great.  The earth has the sun, the moon and stars, as well as a long life.  And it is not empty.  The sun will rise on it and return to its place;",þurkl x auk + kisl + -itu + rais-... þian + iftR + faþur sn + kans-ku-hialbi ant hans,"Thorkil's brother and sister, father-in-law of Snorri, Hans' grandfather.",Thank you very much for your father's help and his aid.
57,[: rakR : lakþi : stin : yfiR : þiuk : s...n : sin : s...],"Rekkr laid the stone over Þjokkr, his son ...",en,"Stingy (or ""thin"" depending on context)",raak-ith-thain-fyok-sin-sin,Let it be known that they have been taken as a gift by the god of the gods,He cut down the stones and built the wall for them to dwell in.
58,þurfinr : r---- ----- : --n- : --... ... §B ...,Þorfinnr raised(?) the stone(?) in memory of(?) ... §B ...,en,Þurfrinar: R--- ..... : .n - . .... §B ...,Þorfinnur,Thurfir: ri-------: --n- : --. ..,Thurfin: r---- ----- : --n- : --. .. . . . . . . . . . . . . . . . . . . . . . . . . . . . . . . .
59,(s)(a)- riti sanat kaolu a^mn -... §AQ (s)(a)- rit is anat i saolu a^mn -... §AR (s)(a)- riti| |is a| |an ati saolu a^mn -... §B a(i)kua(i)tu,... by writing heals the crazy woman. Amen ... §AQ ... writing is something different in the soul. Amen ... §AR let ... write who owns and experienced happiness/luck. Amen ...,en,(Ś)|ṣīn sārṛāta kaḥoᵻa āmĕn-... (§AQ)(s)(a)- rit is anātīsaḍoḍ āmĕn-... (§AR) (s)(a)- rīt| |is a| |anāti saḍoḍ āmĕn-... (§B)a(i)kā(i)tu,A(n)t h(r)a(k)u(a)n s(æ)ng(s)i t w(h)i c h(t)i n d u i n g (s)(a) m i r o r p s i c l(o)r(e). A(n)t h(r)a(k)u(a)n i s a l l t h e l(l)o v(e)s i n g(æ)l t(h)e(i) r(t)i b(u)r(s).,"There were no such words as those in which they say it was not a good sign: there are also not the same letters and those written by them with different signs. There are some of their letters that are used in two different ways, and there are others.",The rites are done in this life and the next. The soul is at rest.
60,kuþfastr aok ' þorontr ' litu rita sten ' eftiR ' faþur sin ' hals ' ok frykuþr ' yftiR ' bonta sin ' þorþr : hiak · runar · þisar ' ual,Guðfastr and Þróndr had the stone erected in memory of their father Hals; and Freygunnr in memory of her husbandman. Þórðr cut these runes well.,en,"Kvifastað er í að vörðu, þá gæti verið þínur, sem heyrir, rita sten. Í fyrri skömmum var á með tíun eða túsundar, og ólíkt fjarlægðu sinu hals og frykuþra. Þau eru ekki haka, runa og þisar; að við umkennaðum eru úr völdum og tónnum (ur).","the strong of the long ones, written stone, left father's throat and crushed one; his brother - runes, their sign: they.","A good stone inscription on the wall, after his father's neck and after his mother's shoulder; these runes are very great. Ual.","""The most trusted [one] and the thorned ones looked like stone, after their father's neck and fearful beyond his armor; these runes cry out."""
61,+ esse krusem tomi¶ni : fugite pa^rtes ¶ at^uerse uisit le(o) ¶ te t^ribu iuta -----... ----... ¶ kua(t)^uo^r gra^na in pen¶talum in--... ¶ fo(n)te t^utit : ¶ aaron : iesus + §B -(o)hannes ¶ ma^rkus ¶ maþeus ¶ lukas §C -a^gla al¶pha et ¶ o + - :,"Behold the cross of the Lord; flee, you hostile powers. The lion of the tribe of Juda, the root of David, has conquered. Four letters on the forehead-plate that Aaron bore on his forehead, Jesus. §B John, Mark, Matthew, Luke. §C Agla. Alpha and Omega ...",en,"This is to be read in the language of fugitives, to you, and at once; for he has not yet come. It was on this day that Aaron made peace with Jesus: from whom then also came He (B) to Halmhals? And Mark and Matthew are here again? For what shall I say of them except they shall be as the Lamb whose horn is in Egypt.","to this tomianni: flee from that place as the elders have sent. The disciples are in a certain state, and they do not understand what is being written. This is written for you, Aaron; it contains Jesus plus a mark: Johannes Markus, Matthew Luke John, Mark's Alpha, and also O-Hannes.","Thus the cross: fugitives flee to arms: tribulated by blood -----. .. ----.. quator grains in a chalice of gold: Aaron; Jesus + St. John, Marcus, Matthew, Luke + C: alpha and O.",be crucified on this one: flee from the other parts visited (by) le(o) the tribulation juta -----... ----... ¶ kua(t)^uo^r grain in a penance in--. .. ¶ fo(n)te tutit: ¶ aaron : Jesus + §B -(o)hannes ¶ markus ¶ maþeus ¶ lukas §C -a^gla al¶pha et ¶ o + -:
62,[suth]i auk · iki[fastr · litu] rita [stai]n ' iftiR × ikalt ' uk ' (f)[tiR ikhu]ar · fe[þr si]na · kuþa · i,"Sóti and Ingifastr had the stone erected in memory of Ingjaldr and in memory of Ingvarr, their good fathers ...",en,"The sky is made bright. The light shines upon the earth, for it was created by God's hand and not by a beast. He has made us, and we shall return to him in his own day; and we must return to the same place.","the East; the West, the South; to write.","And the southern winds will also blow, fast-blooming and lithe, they shall be the stone to which the cold shall cling, while its own heat, the sun.","Southland and its fast, look, write stone, if times fall cold, and (faithful) brothers, their deeds, known."
63,alfkil ÷ uk ÷ hns ÷ suniR ÷ risþu : stin : þansi : ift : ¶ · mana : sin : frinta : þans × uas · lantirþi ÷ kitils ÷ þis ÷ ¶ nuruna ÷,"Alfkell and his sons raised this stone in memory of Manni, their kinsman, who was Ketill the Norwegian's estate-steward.",en,the old Norse transliteration of this text is the following:,"a-folk and women are to the sun, from the rising: stone, then man: breath: fire; wind of a land-son: smith's iron, this: only-born.",Alfkiell uk hns suni rissu: stinn: þansi: ift: mana: sin: frinta: þans uas lantirð i kitils þis nuruna.,"Alfkill, son of Uk the Risþu's stein-ancestor's brother's grandson, was dedicated by Nuruna."
64,ali · auk · karli · risþu · stin · þansi · stin · þansi · iftiR · firist(i)n · faþur · sin · miuk · kuþan þikn,"Áli/Alli and Karli raised this stone [this stone] in memory of Freysteinn, their father, a very good Þegn.",en,"the wind, the cold, the wolf, and the sun; a fierce fire, an old woman, a great child, a strong man with power, and a young boy.",a little one; the man; the men of light and strength; the stones; the women who bear; the children of fire; the father; his wife; her womb; the shield that makes him brave.,"brother · also · Karl · rise, stone, this; stone · this · down, fearfully · father, his · milk · the king's","Ali and the man, Risthatalr was made from stone, the giant, a man's father, his mother, and their brother."
65,$M auæ : ma^ria : gra^kia : plena ...,$M Hail Mary full of grace ...,en,"The full meaning is often expressed as: ""Fullness"" in Old Norse/Runic.",Maua: Marea Graudia Plena...,Mary full of grace...,Mary full of grace
66,fastkaiR fastlauk at sun sin litu (h)akua at nefkair,"Fastgeirr (and) Fastlaug had (the stone) cut in memory of Nefgeirr, in memory of their son.",en,"A swift and sharp knife, a great and wide axe, that blows upon the fire of life (h)akua, in the shadow of the sun (nephka).","the first of five days when all the light shines into the deep darkness, in which there is no night.",The swift ship will swiftly cross so that her son may light it with an anchor for the clouds.,"Hard rock, hard laurel; when it shines, its light on horned ones' necks."
67,... ...þi : stin : þa...- · -...,... raised this stone ...,en,"The text you provided appears to contain phonetic transliterations in what looks like Runic script (likely Old Norse) followed by English transliteration. However, the input string `... ...þi : stin : þa... - . -` is highly ambiguous and likely not a single coherent phrase but rather a series of fragmented phonetic notes or OCR errors without context. It resembles parts of an Icelandic song lyric (often found in *Gíslagátt* collections) where the speaker says ""þi stin þa..."" which translates to ""the word was good / it's fine,"" but the specific string `... ...þi : stin : þa` does not form a standard English proverb or idiom.",... stone : that...,... ... then: stone: that... - · -. . .,for stone: then
68,þuri ÷ auk frystain ' litu raisa stain iftiR ' þurstain broþur sin,"Þórir and Freysteinn had the stone raised in memory of Þorsteinn, their brother.",en,"Þuri: awoke, frosty day, to rise from sleep",fourth is the frost-stone that rises above it to lift up his brothers' stones.,"Thuri and Frostane, my thirsty brothers, let us raise their thirsting stone.","Thuri and Frostain looked upon Stone-Ir, Thirstain's brother."
69,× kut × raisti × ifti × skara × sun sin × anun × hiu × siþu,"Gautr raised (the stone) in memory of Skeri/Skari, his son. Ônundr cut the side.",en,Heavenly and celestial.,cut rise of fire spark to sun from sun nevermore they hear,The sun will warm thy hair.,"The hut was raised and the hall of women was there, and after this they sailed away."
70,[... -k · --n · sun · suta : ---... ¶ ... aft : þurþ : bruþur ...],"... ... ... Sóti's son ... ... in memory of Þórðr, brother ...",en,sun suta : þurth : burtur,...-k · --n · sun · suta : ---... ¶ ... aft : þurþ : bruþur...,"And I went out to my brother: then he was angry and his brother... (or ""He went away from his brother; then he was angry"")...","[...-k, a name, sun, Sautr: ---... ¶ ... after: lack, brother...]"
71,[...-R lit ' r...] ... ...- ÷ sina ÷ k...,... had (the stone) raised/erected ... ... their/his ...,en,He who has a right to speak of a right hand and whose heart is turned toward his friend.,...from-r light......--div sin-d-k...,your... kin...,...-R light 'r...' ... ...- divide your/their/k...
72,÷ felleg : er : fuþ : sin : bylli §B ÷ fuþorg lbasm,"Monstrous is the cunt, may the penis serve. §B Cunt-perverse/nymphomania ...",en,"Felegr (Fellager): he is: you are: you were: you have been: this one, the one that... ˜fʊɾgʔ (Fugorg): his house was...",divisional: is: foth: sins: bylie §B foþorg lbasm,The people's right hand is theirs; their left hand is theirs.,The f-leg is: fuþ; sin is a bill §B ÷ fuþorg lbasm.
73,· sistin · ris(þ)... ... §B ...ftiR · keRmut · mak si...,"Sigsteinn raised ... §B in memory of Geirmundr, his kinsman-by-marriage.",en,The man who lives on the mountain and is always alive.,Stay; rise (ð)... §B ... ftir. Keart? Make sit,there is a risk that you shall be murdered,Sister... Ris (or Rise)... section B... footsill... cher-muth (or a transliteration of a name like Cere- or Chere-)... make s...
74,[tiarfR · raisti · stain : þinsa : at : irim : faþur : sin : kuþan :],"Djarfr raised this stone in memory of Grímr, his good father.",en,The wood that has not yet been felled by fire.,The father of the smith who smelts in the furnace where they strike fire and forge iron.,a thief who stole and stained her father's cow,Tyr slew the stone: for this he took his father's renowned armor;
75,... × kumbl × aiftiR ... ...-str auk × s...-ta × ...,... the monument(s) in memory of ... Christ and Saint ...,en,,... × kumbli × aiftiR ... -stroa s-sto ...,"... come down to it, in fact ... -the other of the...",kumble after the man and his son
76,... ...fr ' lit ' reisa ' steina ' efti- seuar ' faþur ' s-n ' goþan ',"... ... had the stones raised in memory of Sævarr, his/her good father.",en,"This is ""the first of a new day""",the stone raised after the father's son went forth...,...after the father's godson's stone...,... and raised stones over his father's good path.
77,[tora · lit · raisa · sti]n [· þina · i]ftiR · rolif · sun · sin · kuþ · hialbi · ant [· hans fotr · risti ·],"Tóra had this stone raised in memory of Hróðleifr, her son. May God help his spirit. Fótr carved.",en,To be a soldier and to have an infant,ta · light · raise · stone · the · one · feet · roll · sun · skin · kill · heal · ant | hands | feet | step,"Of his foot that was turned on the sun's stone, he took a small piece of bone.",Thor lifted the stone and rolled it to cover his own foot; may he help.
78,× kaR : reþi sin : eti : bui : uiburk uaR : muþR : snuR : fatriþ : ----,Geirr erected the stone in memory of Búi. Vébjôrg was (his) mother. [Was his] daughter-in-law Fastríð(?) ...,en,"He who has a father, I am your brother: he who has a mother, my sister is his friend.",the one of earth who is called the sky-slayer; for father's sake.,herald: his herald: eating: bread: raven bread: —––: mouth: sharp: father's sword:,kaR : your eyes : and mouth : your teeth : and nose : your lips : your face : ...
79,[huitr ok| |karl ouk ulf l...u ...ris...],Hvítr and Karl and Ulfr(?) had ...,en,"[King's] King of Ulfs' and Lars'... (the original text seems to be corrupted or missing characters, but the structure suggests a title)",Eight and three and four... and six... and two... and seven... and nine.,The eight men and Wolf's son... are here...,whitely and Karl also wolf's...ri...s...]
80,$M ... ...r øssur : asbiæ?na^r s^on(·),$M ... rests/in memory(?) of Ôssurr Ásbjôrn's son.,en,M ... r øssur: aśbæṇa-r sōn (•),Man ... r ossur: ásbíarnar sönn,My sons: my heirs,M... r øssur : asbiærnað son
81,: asmuhtr : auk : fraybiurn · litu kera : meki · siRun · at · herbiurn · faþur : sin :,"Ásmundr and Freybjôrn had the rune-decorated landmark made in memory of Herbjôrn, their father.",en,Ashmutr means to cut or shave; Auk is a place name (likely in Icelandic); Fraybiurn refers to the year 1049. Lütu kera means he has lived until this point. Sima Ruin implies the site of Sima Ruin. At herbiurn means she died at this time; Faþur means father or grandfather.,smahtr: auk: frayburn·litu kera: meki:srun·at·herbiurn·fæthor:sin:,Asmundr: And Freybjorn: he let kill him while still his father's son!,"Asmundr went with Freybjorn and looked at a ram; he was big, strong, and his father's son."
82,tar lit : raisa : stain : þensa : eftiR : ketilhaufþa : faþur : sen : boanta : koþan ' kuþ : helbi : has : ant,"Tárr(?)/Tár(?)/Tarr(?) had this stone raised in memory of Ketilhôfði, his father, a good husbandman. May God help his spirit.",en,"A sun, an eye: light is stained: to the one's heart: after a day: of all things (but) in hand: that is: from the man: and the sun: to the sky: which is: the earth.",tar light: rise: stain: thinker's: still: R: kerthaufe: father: son: boot: coat: 'kut: heal: has: ants.,bright: raised: stain: thought: after: helmet-head: father: son: to bend: to sing ' sang: soul-body: heat: between,Tar lit: raise: stain: þensa: after: kettle-cap: father: sink: boats: know: 'known: help: has: end
83,[aimuntr : let ... ... (k)uþ salu · ha...],Eimundr had ... May God help his soul.,en,In short... well... I have it here...,To aim: to let... that shall sail with them; here...,"Aimunit: Let... ... thou hearth - house... [Note: This is a transliterated fragment from Old Norse/Runic text. ""Aimunit"" may be a proper name or variant reading of the opening formula, often associated with the poem *Hyndluvísa* or similar riddles involving ""let me..."". The literal translation based on the provided characters is given below.]",Aimund: let... know the hall... hail...
84,sua ai ÷ titultitul ¶ fuþorkhniastbmlR §B huaR is i : alisti osa : huaR is (:) ¶ uifrþuR : karþi : afr aft asini fauþr ¶ kul:finR : fal(s) : taitirunoR ' u ¶ (a)iuinrunoR : sulialta : huaR : ? ¶ utu ÷ tuuut bilikikR : tuR ra(k)(i) ¶ (t)(u)(l)i,"Thus ever(?) ... <fuþorkhniastbmlR> §B Who is(?) ... ... Æsir's, who is Véfriðr /Véfrøðr made ... in memory of ... father. Kolfinnr/Gullfinnr concealed runes of gladness and runes of eternal friendship ... who ... ... ... ... ... ... Tuli/Tóli.",en,The great King of the realm is named: Is this a good name? Who has come to my aid?,"his eye was on his own, and he saw all in the world: a king, an ambassador, a priest, a lord, and others; but he did not know what he saw, whether it was a god or an angel, nor could he find the way to them.",Sua ai titultitul fuþorkhniastbmlR. huaR is i alisti osa: huaR is uifrþuR karþi afr aft asini fauþr kul:finR fal(s): taitirunoR ' u (a)iuinrunoR sulialta huaR ? utu tuuut bilikikR tuR ra(k)(i) (t)(u)(l)i,"The rune sequence and text appear to be a garbled or nonsensical mix of Old Norse runes and Latin script rather than coherent prose. The text does not translate into meaningful English sentences but reads as: ""sua ai ÷ titultitul ¶ fuþorkhniastbmlR §B huaR is i : alisti osa : huaR is (:) ¶ uifrþuR : karþi : afr aft asini fauþr ¶ kul:finR : fal(s) : taitirunoR ' u ¶ (a)iuinrunoR : sulialta : huaR : ? ¶ utu ÷ tuuut bilikikR : tuR ra(k)(i) ¶ (t)(u)(l)i""."
85,× [ul]fr [× a... ... -nk]imunt[r × au]k × [ai]... ... ...(n) × i... ...,Ulfr and ... Ingimundr and Ei-... ... the stone(?) in memory of(?) ...,en,"E-krum-kur: The Old Norse transliteration is ""E-krum-kur,"" meaning the E-Crum-Kur region, which was a medieval settlement in northern Norway. In the source text provided, it appears as `× [ul]fr [× a... ... -nk]imunt[r × au]k × [ai]... ... ...(n) × i... ...`. This looks like an artifact or encoded form representing that place name, likely derived from Latin names given to early settlers in the area or recorded with transliteration errors. The specific characters and sequence suggest a phonetic representation of ""Er-Krum"" or similar Germanic loanwords adapted into Old Norse orthography, pointing toward the settlement of Er-Krum (or possibly an archaic form like E-Gram or related to the Swedish region's earlier names). Without further context in your dataset, this remains the direct translation of the provided string.","the day of the month in the third year from your father's side, with you on one hand and the other.","From all winds and seas, you shall be called",unlawful and unprofitable
86,akuti + auk + osur + auk × biaurn × rastu × stain × (þ)[ina × afti](r) × nuka × trihk + kuþan ×,"Ágoti and Ôzurr and Bjôrn raised this stone in memory of Nokki, a good valiant man.",en,"The king, the son of the king, of the people whom the lord of land shall not be, or, in other words, a man who is not related to any prince by blood.","to attack to one who attacks to the sea in which a raven roams by an east wind in a boat, a threefold cupbearer",And there went out a horn to warn them of their coming doom.,"sharp and harsh and rough and by a beast's rest, the stone [its] after-(time), now, and truth."
87,a^ndres : p + farmaðr +,Andrés the priest. Farmaðr.,en,"andres: *p* + *farmaðr* (meaning ""to produce milk"" in Old Norse)",andré: p + farmarðr +,Andres: a+farmad,Andrew's: priest and
88,hulmstain · auk · uikuþr · þaun · litu · raisa · stain · eftiR · sun · henaR · auk · uihialmr iftiR inkifast ·,"Holmsteinn and Végunnr, they had the stone raised in memory of her son, and Véhjalmr/Víghjalmr in memory of Ingifastr.",en,"The hall of Stain in the air, by the light of Raen-Auk, by the sun, and before Inkifast.",Humlstein · auk · uiquthar · than · lita · raisa · staun · eftir · sun · henna · auk · uihialmur · iftir · inkifast,"The stone hill, and, the dark one· thaton· light· raised· stone· after· the sun· heaven· and· dark shadow ift· inkfast·","Helmstein and Wicker then lit a fire on the stone, and afterwards the Sun and Henar as well as Wicker afterwards again spoke."
89,... ...-rimar : litu : r... ... sin ×,... Grímarr(?) had (the stone) raised/erected ... their ...,en,"The Rimar means ""to run"". The transliteration shows this meaning for the first person singular masculine pronoun *ritun*.",... ... -rimr : liti : r ... ... si n x,... ... -rims: light: red ... your x,... rimmar looked at r... ... his x
90,asm(u)(t)(r) · auk · þeR · bruþr · restu · sten · þani · eftiR · sarta · faþur · sia ·,"Ásmundr and his brothers raised this stone in memory of Svarti, their father.",en,aust [st] in a man; he that is a man; of the lord.,smoth (s)th (x) · auk · Þer · bruðr · rest · stén · þáni · efitó · sor·tae · fáður · saga.,"brother (sister), brother, the brothers and sisters, all of them, are the father's children.",Asmund and his brothers remained as stone before the father and sea.
91,+ sinkR : let --... ... ... eftiR : friþelfi : kunu : sina : kuþ hialbi : sialu [h]inaR,"Sínkr had ... ... ... in memory of Friðelf, his wife. May God help her soul.",en,Let: ... . . . Friðelf: kunná sinu: Kūth háleinu: sīalu [ʃ]ínara,to: Let... afterwards: Frethelfa: to know their home and hear it's own house: hear it is a good thing.,Let peace upon thy own soul forever.,sink: let... after: friendship know: their known help: self[one] her/it
92,tuki : ri(s)-- ¶ -tin : þansi : ift ¶ þurstin : sin ¶ -(r)uþur : nuk ¶ igi : sin : faþu-,"Tóki raised this stone in memory of Þorsteinn, his brother, and Ingi, his father.",en,tiki: -ri (s) - tin: pantis: ilt: -rushin: sinqo (s)--(r)tun (n): niðni: sin: faþum,Took: rid-s-¶-thin: pentsing-¶ pestered: sin-¶-(r)rhuður: nug-ingi: sin: foth.,the desire: thus: if thirsty: so (thirsty): hunger: and the,tuki : ri(s)-- ¶ -tin : þansi : ift ¶ þurstin : sin ¶ -(r)uþur : nuk ¶ igi : sin : faþu-
93,ma^ria : mika(l) ¶ a mik br(i)kil ¶ torir §Q ma^ria : mika(i) ¶ a mik brakil ¶ torir,"Mary, Mikjáll owns me, Brigit(?). Þórir. §Q Mary, Mikjáll! Brakil/Brigit owns me. Þórir.",en,Maoria: Mikáa; Maikiáar; Mákiáa; Mikiáa; Tíra.,Mariam: Mika (L) ¶ A Mik Br(k)il ¶ Torir §Q Mariam: Mika (i) ¶ A Mik Brakil ¶ Torir,Mary: Michael; very mighty! Tori; Mary: Michael; very powerful; Tori,Maria: my (small) one [?] by me breaks [?] the waves Maria: my (small) one by me breaks the waves
94,(k)iæte guþ þes er k o^(l)ma^þa,May God protect him whom I enraged.,en,In this house is my mother.,To eat is our doom,Let God's glory shine in you forever.,Praise to God of this which is called the
95,kuþr... ... (f)aþur sin · fur · hfila · hn · til · iklans · kuþ halbi · sil hns,Guð-... ... his father. He competently travelled to England. May God help his soul.,en,I am in your debt!,kjar... ... (f)äthr sin fur f'hila hn t'il iklan ku' hal bi sil hns,"his father shall pay him for his horse to a king's daughter, half of it to my master, and the other half to himself.","couth... (his) father who was a dwarf, healed him to become a giant; the couth healer of his kind."
96,$M ÷ bo--- : oka...-...s(a)rfa : h-- : l-t : (h)-ga : hina : stan : yvir : (b)udaitu : af hah:h-b- k : til : aukarsarfa + ta en : iak : uar · (s)krivaþ : (t)a uar : (h)ahal · sunudah:r · untir-aþr : b-imstafr ++ i tolf:te : r(a)(d)(u) taflu + betar · aukar·sarfa · han skr-if mik · amen ·,"$M Bót-... Auðgeirsarfr/Ocksarve(?) he/she had this stone cut over Bótheiðr(?) of Hagebýr and (owner of) Auðgeirsarfr/Ocksarve. When I was written, then Hail was the Sunday(-stave); Under-Man the Prime-stave in the twelfth row of the table. Pétar of Auðgeirsarfr/Ocksarve, he wrote me. Amen.",en,The word is the same as in English.,"I, M, of the blood, hear the word... (s)hearing and hearing... it is... (h)-giving life: to them who are of the household of Odin: who live there and over him: a budaitu: for hah: h-b-king: until kings and gods have scribed (b-imsta): taflus + betar: kings, gods, (s)cribe and hear: I am (h)-hal: sunudah: r(a)(d)(u): untir-aþr: b-imstafr + i tolf: te: (t)aflu: hain.","I have come down from above, the sky. (a)h-h-b-r : til : auksars-fara + ta en : iak : uar · (s)k-ivaþ : (t)a uar : (h)ahal · sunudahr · untir-aþr : bi-mstafr ++ i tolfte r(r)u-taf-lu + betar · auksars-fara · han skr-if mik · amen","May it be the best of our efforts, and we write that he is a great king and under-king, the first among twelve tables; better are our efforts. He writes me well. Amen."
97,kuni lit rista runaR þisar eftR sik · kuikhan þurhkutr · risti runa þisar fots arfi,"Gunni had these runes carved in memory of himself while alive. Þorgautr, Fótr's heir, carved these runes.",en,Those who have not known the ways of death are a great cause of misfortune; whoever seeks to save oneself from its consequences is a great help; for the deeds they perform upon life and the things that come from them are a great good.,"Keep light running runes, and keep your own feet safe and secure on them.",Until light will read these runes after itself? Kuikhan thirsting! Will read these runes the feet's inheritance.,"This family of runes was cut behind me by Kuikhan the Horse-keeper, who carved these foot-legends."
98,[· rauþr · auk · biarn · litu · raisa · stein · eftR · mak sin · sikat · koþ hialbi ont hns ·],Rauðr and Bjôrn had the stone raised in memory of their kinsman-by-marriage Sighvatr. May God help his spirit.,en,"We shall build a tower for our children and a great house, but we cannot bring us in this way; for the Lord of all men is not like us.","Green, blue, birch, lit up, raised, stone, after, make its skin like a bird's feather;",red and iron red light stone after thy wife mak thine sight who healden was she,Red and bright beasts raised stones against their own kin to break each other's limbs.
99,... -it : tafast : rista : runir,... had Tafeistr to carve the runes.,en,"... — ""This"": ""tastaft"" (this is what), ""rusta"" (we all are), and ""runír"" (to keep).",...it:tafas:t:rins:i:nr:runi:,...-it: swift : running : runes,cutting : measuring : breaking : runes
100,...- : kuþ-... ...-u · ...,... ... ... ...,en,> Kuþ - … - u ...,... - : kut-... ...-u · ...,...: you are ... you ...,known... ...-u · ...
1,--rþr * ris-- * kuml * þe... ... ...-aþis * o * eklanti,Þórðr raised this/these(?) monument(s) ... met his end in England.,de,"Der Runen-Tempel wurde erst spät im 3. Jahrhundert gegründet, doch viele Rassen bauten es bereits schon zu einer gewissen Strenge auf. Es ist bekannt, dass die meisten Gebäude diese Zeit hatten und bis zum Ende der Zeit ihre Funktion erliessen; nur wenige wurden erhalten, obwohl sie noch viel später als Wohnbau genutzt werden konnten.",Kumlaðis og eldli,"Nirni's Kumm, sei's nicht der Tod!",– Rost – Reif – Kummer – der… … …-tisch – oder – Ekelhaftigkeits-
2,§PA ÷ ilon ÷ (æ)(l)rikum : nonim ÷ ilon ¶ illy : þ : ilon : r : br * sabaot : zion,§PA Elon ... ... Elon ... ... Elon ... ... Sebaoth Zion §PB Elion ... Adonai lux(?) ... grammaton Sebaoth(?) Michael Gabriel §PC Rafael. §QA Elon ... ... Elon ... ... Elon ... ... Sabaoth Zion(?) §QB Elion ... Adonai lux tetragrammaton Sadai(?) Michael Gabriel §QC Rafael.,de,"Ätliche / leise | nicht | linge | pfeils | i; d: p; t: i: e. pfeil = bärde, die; der; das; der ; eine ; alle ; jeder ; jede ; die ; ein ; ein paar ; eine ganze ; ein ganzes ; ein großer ; ein großes ; ein großes ; ein großes ; ein großes ; ein großes",PA: Ilion; I: Ïlion; II: Ùlion: Ùrbr. Abi: Ìon; B: Zion,"Gehet hin mit dem Heere des Herrn! Nicht zum Heere der Verräter! Zum Herrschertum! Und: Gott, Gott und zur Rechten! Denn: Sabbat: Zion",Gott der Väter / ilon / (Ae)lrikum / Nomen / ilon // Ili / þ / ilon : r : broder * sabaot : Zion
3,[× aist]r × lit × [ra... ... ... suart×haufþa × faþur] ...,"Eistr had … raised in memory of Svarthǫfði, his father.",de,Niklaus und Eiríks (Schar) wurden durch den Tod von Ranni unterbrochen.,Aist isten raihtsaz haafþa faþur,Aislr hat Rauscha Vater,und [der...] leuchtete [das rote... ... ... schmutzhafte × das Geschlecht von Faþur] ...
4,þat ik uk (M) nona ¶ snonk=uk(t)(i)unf(i) ¶ sak a=rf hit(r)k ¶ þik,... ... ... ... ... ... ... ... ... …,de,"Es ist nicht möglich, diese Passage zu übersetzen, da es sich um altnordische Texte handelt, die über ihre Herkunft und ihre spezifischen linguistischen Besonderheiten hinausgehen.",dass ich dir (ich) nicht (M) nun ¶ schon=Uch(t)(i) un+f(1) § Sache=a:rft(1) hier¶ da ist,"Das ist der alte Mann und ein Kind, das er schlang. Und dann sagte es: „Hör auf.""",dass ich auch nicht [schweige] und sage es dir
5,[... ...lfa : faþur * sin : auk ...],"... (in memory of) Þjalfi(?), his father and ...",de,das ist der Gott auf den Berg.,"Vater: ihr Sohn, der Himmelskönig",[...] [...] lfa : faþur * sin : auk ...],"... und der Vater, sowie ..."
6,+ aslagr : pr(e)str * reit * runa=r þessa=r,Áslakr the priest wrote these runes.,de,Asgerprästreita,das Reiten,Ein Schlag: Priesters Reitrunen.,Aslagr wurde von mir geschickt; dies ist das Runenzeichen dieser Worte.
7,§A ... ¶ ... §B ... ¶ …,§A ... ... §B ... …,de,"Das ist eine alte Runen-Transliteration, die sich vermutlich an die lateinische Wortordnung oder zur Bestimmung der Zeichen in einem altnordischen Symbolkatalog erinnert (oft aus dem Bereich des Scharnass, Zeltverkleidung oder spezifischen Urkunden). Da es sich hier um einen spezifischen Buchstaben- oder Runenzusammenhang handelt und keine Kontexte fehlen, kann ich diese Transliteration nicht authentisch in ein bekanntes altnordisches Wort übersetzen.",Teil A ... Punkt ... Teil B ... Punkt...,§A ... ¶ ... §B ... ¶ …,Abschnitt A ... Ende des Abschnitts ... Abschnitt B ... Ende des Abschnitts ...
8,auþa : auk : ika * auk * erintis * þriþi * hafa * muþk-... -þ um * karua * stain ra--... itiR * suain * faþur : sin * auk * at kuþfast * bruþr * sin * han uaR : sun : auþuR,"Auða and Inga and Erindís as the third, the mother and daughters have (achieved) the feat of making and raising(?) the stone in memory of Sveinn, their father, and in memory of Guðfastr, their brother. He was Auða's son.",de,"auþa: ika, erintis þriþi hafa muþk-... -þ um karua stain ra--. --iti suain faþur; sin auk at kuþfast bruþr sin han uaR: sun auþuR",da: da: eia * da * erins * trihts * hauf * mork... -um * karus * strai * r--. ...itir * suin * fatfr *: sin * da * at kúfast * bróther * sin * han uar : sun * aþuR,auþa : auk : ika * auk * erintis * þriþi * hafa * muþk-... -þ um * karua * stain ra--... itiR * suain * faþur : sin * auk * at kuþfast * bruþr * sin * han uaR : sun : auþuR,"Aber auch der dritte Sohn hatte eine Schwester; aber sein Bruder und seine Mutter, sein Vater sowie seine Stiefschwester: er war ein Sohn des Autur."
9,stifatr : sati : stin : þani : efti(r) …,Styfjaldr(?) placed this stone in memory of ...,de,Schweigerei: Sati: Stin: Þani: Eftri ...,Stift: Sat: Stin: Þan: Eftir...,Mord: Sühne: Tötung: Herrscher: nachträglich …,Stiftung : Sättigung : Eist : Kälte : Danach (oder später) …
10,Side A ... -(æ)þ-(-)ti-us : (a)-...--... | ... : os : ræh(n)aþ : k(r)... | ...-...(l)(i)(s)l(æ)i : --ks(i) ... Side B ...þ-(-)t...i... | ...-s : ræh... | ...-(s)l(æ)i : -…,... {os} regnat Christus(?) ... regnat(?) …,de,Die Seite A ist (-1)-.ü.ß: (a). . . ; os: ræh(n)aþ; k(r).. ; ...-...(l)(i)(s)l(æ): --ks(i)...,Seite A ... -(ä)-thius: (a)-..--.| ...:os:ræhanaþ:k(r)..|......(l)(is)lsi:-ks(i)Side B ...þ-(-)-ti...| ...-s:ræh...| ...-(sl)aï:-…,Seite A ... –(a)tt–(–)tius : (a).–.–.– | … : os : rä(h)näþ : k(r) … | …–……(li)s(li): …ks(i) … Seite B …þ–t …i … | …s : ræh … | …-(s)l(i): –…,Seit A ...-(ä)-...-ius: (a)-...-.--.--| ...: Os: rä(n)+: k(r)... | ...-...(l)(i)(s)l(æ)i: --ks(i)... Seite B ...þ-(-)t...i... | ...-s: räh... | ...-(s)l(æ)i: -…
11,§A þurstin × uk × ragnfriR × þu (r)(i)stu × stin × þina × iftiR × (b)iur[n] × i krnbu,"§A Þorsteinn and Ragnfríðr, they raised this stone in memory of Bjǫrn in Granbýr, §B Kalfr's brother. Vígmundr slaughtered him. May God help his spirit and soul better than he deserved.",de,"Sohn von Sönig und Ragnfred war sein Sohn. Er reiste im Jahr 732 zum Todestag seines Vaters zu seinem Heiligen Vater, dem Helden Ragni von der Seite, um ihm seine Bitte nach einem Gebet des Heilgefühls zu machen.",Sieh dir die Fülle an; ein Krabbensaugen.,"Und du, Ragnarfriede, trinkst dein Heil mit deinem Wein?","§A Durst der und des Rauchs frei bist, du steinig das Steinige, wachse in Kraft."
12,[... uaR * tauþr × i austr*uih- ...],... died on the eastern route ...,de,"Der Uebrar ist eine Runenfigur in der altnordischen Sprache, die aus den beiden Buchstaben 'Ü' und 'E', wobei 'Ü' einen überlagerten oder verschachtelten Schrägstrich bildet. Dieser strukturelle Aufbau entspricht einem Sack oder Behälter, den sich oft mit Verzierungen verziert; in diesem Fall wird er als ein geschmücktes Behältnis oder eine spezielle Figur verwendet, die nicht direkt eine konkrete Botschaft aussagt.",Sagst du es nicht?,... und das Tier geht nach Osten ...,... und Tode in dem anderen Leben ...
13,§A (b)isi * sati : st[(n)] : þisi : iftiR : þurkut : u----þi : faþur,"§A Bisi placed this stone in memory of Þorgautr ... his father. §B And Gunna, both. Thistle, mistletoe, casket.",de,Säure von Göttern wird vom Himmel ausgezogen.,(§A) bisi sati: st[n] : þisi : iftir : þurkut : u þi : faður,"Wenn ein Mann einen Vater hat, dann ist er sein Vater; denn dies bedeutet „Vater"".","dieser Vater der Söhne: dieser und diese durchdrangen den Scheiterhaufen; der, der in dem Wasser schwimmt"
14,× orikia × auk × ikul × litu × raisa × stain × ... ...biurn × faþur sin ×,"Órœkja and Ígull had the stone raised ... ...-bjǫrn, their father.",de,"Der König Skriði war der Sohn von Fjörnin und Grettis Frau Ulla; er lebte im Norden, wohin Förrun und Ugglin kamen. Er reiste mit dem Reiter Lógrín auf der Schande von Dýnn og Hraug; die Pferde waren sehr schwer, wie bei den Riesen in der Schlacht an der Flanke des Königes Grettis (2248).","orika, oikila, okula, itala, risa, stana, ... binan, fethar sun.",Orixia Auðr Æskjálfas Hönnara Risa Stöin... Biörn Faður sinn,"Oder das Auge der Seele wird durch den Stein... gebildet, dem Vater ihres..."
15,...(a)lui : lit * kira : kubl : ifti... ... burþur : ulfs * þiR * a(u)... ... (m)iþ * ikuari : o : sirk*la(t)...,...-vé had the monument made in memory of ... Ulfr's brother. They in / to the east ... with Ingvarr in Serkland.,de,"Der Text ist ein Mix aus altnordeischer Übersetzung und Runen-Transliteration. Der Hauptinhalt wird durch die deutsche Übersetzung ersetzt, während das Rhythmusformat mit den spezifischen Zeichen (Lit, Kubl, Ifti, Burþur, Müth, Ikiari) erhalten bleibt, da sie im Kontext der altnordischen Literatur oft für spezielle Wörter oder rhythmische Stilmittel eingesetzt werden.",(d) ihm: lit. *kíra: kübl: ífi... búrðir: úlfz þíR a(u) ... (m)iþi: ikuári: o: sírklát(...).,(1) das: die * kirja: kúbla: óftu... (2) der Vater: Ulves * þeR * (a)u... (3) mit: * ikúarí: o: sirk-*la(t)...,"Er wird den Wolf essen, der sich im Ring wälzt."
16,* þurkiR : resþi : kuml : þusi : eftiR : onut : konb : faþur : sin :,"Þorgeirr raised these monuments in memory of Ônundr Moustache, his father.",de,die: das ist der<|endoftext|><|im_start|>,Turk: rest: cum: hus: oft: ont: kan: fathir: síni,Die Nordsee ist ein See im Norden meines Vaters.,"Þurkir, Resþi, Kumel, Þusir; danach Onuth, ein König von Konub, der Vater seiner..."
17,§A + tak ' hiR krist * (e)yratr * hafir * kart ' klukhera * sun ' amen,"§A Thank-you(?), Lord(?) Christ. Eyrhvatr(?) has made, son of the organist. Amen. §B Jubilant.",de,A + ta ' he R krish'thehr ' e yrat ' hafirt ' ka rit ' hkuht ' rah ' sun ' amen,S A mit den Runen: a-ah R kräis Ehrat Hafir Kalkher Sunen Amen,Und diese Ringe aus Kristall schufen und schmiedeten sie unter der Sonne.,Und der Herr Jesu Christi Glaube ließe den Stein am Kreuz fallen. Amen.
18,§A (m)a(l)(i) : es : a : s(t)ain(i) : þesu(m) : a- ...,"§A The agreement on this stone is, that ... §B half of the warping-line lie to ... §C as property and as allodial land ... ...",de,s-a-n-g u-m i e-s-u-e-m a...,s: als: stein: þessum: -,§A (m)a(l)(i) : das ist ein : d(je)s(e)r : ein - ...,§A (m)a(l)(i) : es : a : s(t)ain(i) : þesu(m) : a- ...
19,§A + esse krucem tomini fugite pa=rtes atu=erse : uicit leo * de tribu iuta ratiks ta=uit,"§A Behold the cross of the Lord; flee, you hostile powers. The lion of the tribe of Juda, the root of David, has conquered. §B Four letters on the forehead-plate that Aaron bore on his forehead, Jesus Christ. §C Mark, Matthew, Luke, John. §D Tetragrammaton. Alpha and Omega.",de,Schickst du zu den Sünden der Völker auf ihre eigenen Fehler zurück.,Schlage den Kreuzturm zu und vertriebe seine Bewohner aus dem Land des Sängers; dein Liel besiege die Fürsten von der Dörferfrau!,§Ei! Laßt den Kreuzweg Christi nicht mit euren Händeln aus der Sippe Jutta Ratiks zu. Ein Löwe wirds euch zureiten.,"Und das Kreuz nehmt und flieht vor den Teilen des Auferstehens: der Löwe überlebte aus dem Stamme Jutras, taufte (auf ihn)."
20,* ali : lakþi : stin : þasi : uftiR : uþu : kunu : s... ...u : harþa : kuþa,"Áli/Alli laid this stone in memory of Auða, his wife ... very good.",de,"Scheinbar der erste Versuch von dem ""Kreuzwort-Wettbewerb"" (Nachtigold), bei dem die meisten Runden verloren gehen mussten, scheint hier eine ungenaue Leseart oder ein sprachliches Spiel gewesen sein, das als Ergebnis zu interpretieren ist.",ali: lakthi: stin: þasi: uftir: úthu: kunu: sa...sa: hartha: kuch,* Ali: Lakthi stin þasi uftiR uþu kunu s... u harþa kuþa.,alles : Leichenfessel : Stein : dieser : oft : durch : Kundschaft : s... ...e : Hartheit : Kunde
21,§P [katil × risti × sten × efti sin broþur : nahhar stens su- +],"Ketill raised the stone in memory of his brother Nagr(?), Harðsteinn's son.",de,Nahhagastins su+,"Stoß von Katil aus Ristis; Stein, der seine Schwester nährt, Süsse.",§Doch der Schwager des Bruders Efts ist das Blut des Stens und er...,"Spar nicht den Stein, der ihm vom Bruder anvertraut ist."
22,...[r + kiarþi + kuml + þasi ·] -ftiR + kum... ...-a...-...[n +] ¶ ...----------…,... made these monuments in memory of Gummi(?) ... …,de,"Nur durch [k] und [s], nicht durch den Anfang der Sätze, sondern nur durch das Ende. Durch die Wörter „""m"", „n"" und „a"", sind sie zu leer; daher wird es so: ""Gestern war es nicht kalt.""","Mit dem R-Sonant zusammen mit den Vokalen [kírþi], [kumál] und [tási] gebunden an die Wurzel **ft**, gefolgt von einem zusätzlichen K-Subphonem. Eine weitere Wurzelsilbe mit [n]+ wird anschließend abgeschlossen durch das Zeichen ¶, was eine unterbrochene oder geschlagene Silbenstruktur kennzeichnet. Das Zeichen ---...-------… stellt einen langen Schlitz im Abstraktionskern dar, der auf die fortlaufende Fortsetzung des Konsonanten oder der Vokale hindeutet.","...das Herz der Sonne ist eine Lampe, die das Licht der Sterne ausstrahlt.",[...] – ftir – kun... ...-a...-...[n +] ¶ ...----------…
23,tu-iR : resþi : sta... ... unþik : bru-ur : sin :,"Tólir/Dóttir raised the stone ... Óníðingr, his/her brother.",de,tu-iR: resþi sta-; unþik: bru-ur: sin-,"Gibt NUR die deutsche Übersetzung aus. Keine Labels, Erklärungen oder zusätzlichen Text.","dieser Herrscher soll den Vorfahren geben,",Tür: Rüstung: Stand ... nicht ich: Baum: Sein:
24,iþinui ' uk ' austain ' uk ' ulfr ' uk * ol(a)[fr * litu * raisa * s]tain * iftiR hal(f)tan faþur sin,"Heðinvé and Eysteinn and Ulfr and Ólafr had the stone raised in memory of Halfdan, their father.",de,"Eines fürchtenes Kind in den Landen des Lichts und der Dunkelheit. Es wird von einem mächtigen Gott mit furchtsamer Stimme gerufen: Ein König, ein Reiner und ein Vater. Er soll die Heiligkeit des Wortes tragen und eine große Zeit führen.","In den Königreich des Königs Ithil'uk, des Vaters von Ulfer'uk der Söhne Austain, wohnen die Riesen O(l)a[fr, Litu, Raisa, Stain, Fithir] und Halftan das Haus des Vaters.","ich bin der, die mich aufrecht erhält, Ulf, dass du den [deinen] Vater siehest.","derjenige, der gegen den Osten geht (im Osten) ist ein Wolf; der (junge) Mann hat einen Streitvater genannt seinen Vater"
25,h[outi]an [* auk * asur * þair * litu *] (r)aisa * merki * þisa * at [*] (u)l[f] * faþur * sin *,"<houtian> and Ôzurr, they had these landmarks raised in memory of Ulfr, their father.",de,"Nicht nur aus der houtin in *ausür*, sondern auch aus der houtin und aus der althochdeutschen lautenschrift, die das Wort mit einem lüften bedeutet. Die houtin ist für eine harten Lücke im Lautenzeichen gebraucht.","auf [Außere, Asur, Þair, Lit]er (B)ede (N)eueres (G)ebildes [T]raufs (S)innes","(our)er [ein] Asar Vater, der unser [Liebes]merk ist.",der [auch seine] Väter [ihre] Zeichen diese auf Ulff sein Vater
26,§A kruhs markus (s)u--io-(b) ¶ --(u)(h)(s) (m)aþ(e)(u)s -- §B (k)ruhs iohanæs ¶ (k)ruhs (l)(u)k-- --,"§A Crux, Marcus, ... crux, Matthæus, ... §B crux, Johannes, crux, Lucas …",de,"Die in Frage gebrachten Stellen sind aus einer alten Runen-Ubersetzung der Gotik-Landschaftsschriften; es besteht keine Möglichkeit diese Übersetzungen direkt auf eine deutsche Schriftlichkeit zu übertragen, da die verwendeten Zeichen und den historischen Kontext nicht in dieser Weise wiedergegeben werden.","Johannis von Kruhs Markus, Johannas von Kruhs, Kruhs Johannes","§A Der Ring des Markus (oder des Markus), er hat die Form eines Hesses – das sind seine Augen, sie haben den Glanz einer Lute – §B der Ring Johannes' – der Ring Ludmils –","§A das Kreuz Markuss, der [der]... --(u)(h)(s) -- (m)aþ(e)(u)s -- §B das Kreuz Johannes des, das Kreuz Lukes --"
27,rehinmoþ : læt * gæra : hualf : ifir * gunnar : æsbeorna=r * so=n : ¶ {HARALDVS : ME : FECIT : MAHISTER ¶ REGINMOT * LET * GERA * HVALF :¶ IFIR : GVNNAR : ESBEORNAR : SON},Reginmóð had the vault made over Gunnarr Ásbjǫrn's son. {Haraldus me fecit magister. Reginmóð had the vault made over Gunnarr Ásbjǫrn's son.},de,"Rehimmot, let* gera: half* ifir * gunnar* æsbørna: son",wiederholt *das* Gesang: halbe: für *Günvar*: Asbern = So=n: ¶ HARALDVS: ME: FECIT: MAHISTER: ¶ REGIMOT: LET: GERA: HVALF: IFIR: GVNNAR: ESBEORNAR: SON,"Reginmóth ließ Gera Hvalf Ifir Gunner, Sohn der Asbeornar.","Harald hat mir den Halbfüßen (oder: Harald, der Halb) für die Erben Gunnars, Sohn von Ifir, machen lassen. Reginmot hat es angefertigt."
28,[biriki ÷ birita ÷ batar ÷ ok ÷ akhi ÷ kyrþi kirkuh ÷ asur ÷ ok ÷ skuli ÷ ok ÷ þorþr ÷ ok ÷ ku=nar ÷ i siua---sta ÷],May Birita save (us). Pétr and Áki made the church. Ôzurr and Skúli and Þórðr and Gunnarr in Sigvaldstaðir.,de,"Gibniriki girta þöbi, Þatíð þáðin þátta. Þatlaðiður, þú þar þöðlitið.",Biriki Birita Batar Ok Akhi Kyrki Kirkh Asur Ok Skuli Þorðr Ok Kunar I Sia-Sta,"Gott schuf den Himmel und die Erde, und sein Sohn, der Heilige Sohn Gottes, lehrte sie in seiner Kirche. Er ist Gott, der Herrscher über das Reich, und er ist der Vater der Sonne. Er liebt seine Söhne, aber nicht wie seinen eigenen Sohn, denn er hat keine Begierde zu ihnen, sondern nur eine Freude an ihnen.","Bíriki, Bíríti, Bátr, Ók, Ákki, Kýrþi Kirkuh, Ásur, Ók, Skúli, Ók, Þórþr, Ók, Kunnar in der Situa---sta."
29,k-na : let : legia : st¶in : þensi : auk : tuki :,Ginna(?)/Gína(?) had this stone laid and (i.e. with) Tóki.,de,"let: lēgia
stīn
pāsenė (þensi)
aušas
tukų",ka : lete : legia : schein : tensi : auo : taki,"Das Stein, das dem Mann gehört.",Knochen: Schienbein: Oberschenkel: Stein: Gedanke: sowie: Taube:
30,þo=rir * ræist * runa=r * þessa=r * þan * olaus*mess*o=æpþa=n ¶ ...r han * fo=r * he=r um ¶ ÷ bæþe= =ge=rþo= =no=(r)ne=r * uæl * o=k * il=la * mikla * møþe ¶ g skapaþu * þær mer,"Þórir carved these runes on the eve of Olaus-mass, when he travelled past here. The norns did both good and evil, great toil ... they created for me.",de,"Die Übersetzung lautet: „Sie haben alle ihre Runen gemacht; sie haben das ganze Buch gelesen. Ich muss euch zeigen, wie Sie die Räte und den Namen der Dinge zusammenstellen.""","Daß war sie, die von der Runenrede, wie ein Riese, und diese, als das, was es ist. Daß ist hieraus geworden: aus einem Kissen, eine Tanne, ein Licht. Wie du es hast, ihr habt euch in den Himmel gewandelt; ihr habt auf dem Land eurer Tage gewohnt; ihr hattet euch zu einer großen Frau gemacht, mit der du dich geehrt hast.","...und es ist in der Runenschrift über diesen, als er ihn umfängt. Siebzig sind die Kiefer der großen Mähne und die Kette, die du erschaffst dort für uns; ...","Die anderen stehen auf, die Runen dieser und dann ertötet Odin die großen Söhne... sie sterben für den Held um... beide sind zum Leichten des Todes gemacht; der große Mund [des Wolfes]; Götter schaffen dort Verderben."
31,d	e	g	g	p	c|z	?	?	?,d	e	g	g	p	c/z	?	?	?,de,Die Ringe mit dem Löwen-Blitz (Sage-Ringe) von Odin wurden vom Götterfürsten Odin gewürfelt.,dein und dein ist die Zeit,derggp cz ? ? ?,deggepc
32,§A ...r × ok × e...,§A ... and ... §B ...,de,"Die altnordeische Übertragung ist § a · r × o k · e·b. Die korrekte deutsche Entsprechung für diese Runen-Typografie wird als „Säule aus den Bergen"" oder „Säule der Stürze"" (nach der Runen-Tradition der Figur, die einen Menschen mit einem Schild über Kopf zeigt) übersetzt.","Sowie r, k, e","Ich bin ein Sprachmodell und kann keine Übersetzungen altnordischer Texte oder runenhafter Inschriften verfassen. Ich kann dir jedoch erklären, wie man solche Texte analysiert oder welche Runen dort vorkommen könnten.",§A ...r und o ...e...
33,[sihtia]rf ' auk humbiurn ' [auk þur](b)iurn ' þiR lit[u] r[i](t)a stin þino auk b[ru * kira at iu]n faþur * [sin],"Sigdjarfr and Holmbjǫrn and Þorbjǫrn, they had this stone erected and the bridge made in memory of Jón, their father.",de,"Schon ist die Römische Sprache sehr viel einfacher als unsere. Es gibt keinen Unterschied zwischen einem deutschen ""Gehört zu"" und einer altdeutschen Form. Es ist wichtig, dass ein Mensch, der es schreibt, die deutsche Sprache benutzt, aber den richtigen Stil hat. Der beste Weg wird durch die Zeitgenossen selbst erreicht. Sie können es auch noch einfacher machen.","Sie hat ihre Mutter (diese Frau) aus dem Hause, in dem ihr Vater lebt, der die Schwester und die Töchter trägt.","Sehnt ihr euch, der Vater des Menschen? Wie ist sein Vornamen [auk þur]? Ist es 'Þr?' Seht ihr das Kind, die Frau, den Stein eures Vaters und eure Brüder? Sie sind alle bei ihm.","""Die von dir gesehene Sonne und die Mondringe, jener leuchtende Stein deiner Mutter und deine Großmutter im Namen des Vaters."""
34,[hulRstan : lit : kera : mer-... ...lf sun sin *],Holmsteinn had the landmark made ... his son.,de,Wahrheit steht für Licht.,"Erlaubt mir, das Licht des Sonnenlichtes zu sehen?",Hilfrsta: lit: Kera: Meer-Liefer-Sohn *,Hultán: Kára; Mer-... lf sun sin [*]
35,riuiþr : risiþ : sti : þasi : auftiR : kirm : su : sin : miuk : kuþan : trik :,"<riuiþr> raised this stone in memory of Grímr, his son, a very good valiant man.",de,risiŋ; sti ; þaŋu; taŋu; kiŋ; sū ; ŝin ; mik ; kūṅ; triŋ.,Riss: Risi: St: Æsi: Aiti: Kirm: Su: Sin: Mjuk: Kuþan: Trik,"Diefer: derjenige, der aufrechtsteht : fest : daz : auch das : die Kraft : des : des : von innen : durch den : drei.","Weide, Gras, Stand, Stein, Aufgang, Kuh, Sonne, Zeit, Mensch, Gutes, Kraft."
36,[(n)...i...iukaR : auk : biorn : auk : farulfi : þiR : litu : risa : stan : aftiR * aka : faþur : sin * hat : uaR : uskul * þik : þRa *],"... and Bjǫrn and Farulfr, they had the stone raised in memory of Áki, their father. He was ...",de,"die ist die altnordische Runen-Underschrift für das Wort „Hart""; aus dem Sanskrit-Original geht es hier meist auf einen bestimmten Namen, eine Person oder eine Beziehung zurück (sich an den ersten Buchstaben anschauen), wobei es verschiedene Varianten gibt.",(n)...i...iukaR: auka: biorn: auk: farulfi: þiR: litu: risa: stan: aftiR * aka: faþur: sin * hat: uaR: uskul þik þRa,"Der alte Herr, der Vorfahren: das Auge, das Feuer: er, der Licht wird: in den Himmel, die Erder. Er ist der Vater seines Herzens, sein Kopf: ihn.","(...) i ... iukar und Bjarne und Farolfi taten dies; Stein hinterher * und Vater seines * hieß uaR, dessen Sklave * dich und deine *"
37,...-ta : bain : uas * (i)-(u)--...,This bone was ...,de,"Wahrscheinlich handelt es sich um eine altnordische Sproppie oder eine bestimmte Sprache der Urtexten im Vergleich zur modernen deutschsprachigen Literatur, bei der die Darstellung von „ausgedehnter"" oder „verschiebter"" Bedeutung manchmal anders verhandelt wird. Die Transkription enthält jedoch keine korrekten Wortgruppen wie ""Bain"". Basierend auf altnordischen Quellen und dem typischen Vokabular dieser Sprachen könnte diese Überlegung darauf hindeuten, dass die ursprüngliche Rede von einer **Verlangsamung**, einer **Verschiebung** oder einem **Anhaltsebene** im Sinne der Sproppie (die Bewegung durch die Grenzen) ausgeht.",...ta: Bain: Us* ((i)-(u))-......,...-ta: Bann: Uas* (I)-(U)---. ..,...-ta : Bad : das ...*(i)-(u)--. ..
38,+ uibaurn + risti + stin + þasa + aftiR + þurkiR + bruþur + sin,"Vébjǫrn raised this stone in memory of Þorgeirr, his brother.",de,Das Nibelungische Buch enthält die Bestimmung und Beschreibung der elfenbeiner Tötenden.,+ Götter-Brüder + Riste + Stainn + Thassus + Afri + Thorisr + Bruthar + Sin,"Ich bin der Bruder von Dir, deines Bruders Sohn",uibaurn risti Stin þasa eftir þurkir bruður sin
39,[kalukR lit × risa × stn × þina × iftR × siba · boanta sin × koes...--... faþur · s¶in han fal · s... ¶ keþfrekr],"<kalukR> had this stone raised in memory of Sibbi, her husbandman ... her father. He fell south(?) …",de,"Glaubs, wie man die runen-Transkription des altneurodischen Völkismus und der Gotik beschreibt: Die Zerstörung wird vom Koffret durch den Sagenkönig dargestellt, dessen Macht durch das Volk aufgebracht wird. Sie haben es zu erfahren.","Kaluk ist mit Ris und Styn und Þínufar verbunden; sie haben ein Haus, es sind ihre Söhne, der König hat einen großen Sohn, ein Mann, der viel macht. Das Volk geht davon aus. Der Vater wurde gestorben. Sein Schwiegerbruder hat etwas gemacht.",Kaluks Lethrisstinnif Sibs-Boantas-Köes-Fathers-Sohn-Herr-Faerir-Kindermord,"Die Kalu Risa und die Tochter der Siba, eine gute Mutter, des... [unvollständig], [Text unleserlich/abgebrochen]."
40,Side A ...(k)hniistmlR Side B n,[fuþor]khn[ia]s[tb]lmR …,de,Side A (k)hnistm'lr Side B n,Seite A: ...(k)hnismtmR Seite B an,Seite A ...(ch)nietmrl Seite B n,Seite A ...(k)hinistmLR Seite B n
41,§A f... ¶ ...ku-... ¶ ...-kas--... ¶ ...-kh--...,§A ... ... ... ... §B ...,de,"Die in Frage kommende Stelle handelt der Transkription von Runen (Wahrzeichen) aus der alten Altnordisch, die im Kontext bestimmter religiöser oder ritualisierender Praktiken zu finden sind, wie sie z. B. bei Siedlungen (Schleusen), Festern oder bestimmten Wahlen eingesetzt werden könnten. Es handelt sich dabei um eine sehr häufige Form des Runen-Types (Wahrzeichen, *w*), die durch einen kurzen Ausschnitt oder durch ein spezifisches Wort (z. B. der *Wasserzug* mit einer speziellen Konstellation) dargestellt wird, und zwar hier explizit als *ku-* bis *kas--* bzw. *kh--*.","Das ist kein altnordisches/Runen-Text; es handelt sich um ein pseudolatinisiertes Zeichenmuster aus dem Bereich des Krypto-Symbolsystems, das fiktive oder kryptografische Inhalte enthält. Es gibt keine deutschsprachige Übersetzung für solche symbolischen Formate, da sie nicht auf der Grundlage einer bestimmten Sprache aufgebaut sind und daher keine Sprachverbindung zu Deutsch haben.",Es ist... für das... Volk. Das ist... für ihn.,§A f... ¶ ...ku-... ¶ ...-kas--. .. ¶ ...-kh--..
42,hake ÷ beanar÷sun ÷ a mik ÷ suæn ÷ os-(u)-dar÷sun ÷ slo ÷ mik ÷ osofar ÷ ræs÷t ÷ mik ÷ auk ÷ læiste ÷ oþesndhen ÷ nesta ÷ eptir ÷ olafs÷foku ÷ a seta ÷ are ÷ rikes ÷ f(o)s ÷ firþulhs ÷ hæra ÷ mahnusar ÷ norihs ÷ konohs,"Haki Bjǫrn's son owns me, Sveinn Ásmundr's son hammered me, Ásulfr carved and read me on the first Wednesday after Ólafr's-vigil in the sixth year of the reign of our worthy Sire Magnús, King of Norway.",de,"Betracht du die Textfolge, wird es zu einem komplexen Gedicht oder einen sehr langen Stilvers (Stiltext). Die einzelnen Zeilen sind eine Mischung aus römischen Zahlen, runen-Abkürzungen und altnordischen Sätzen. Ohne das vollständige Originalwerk ist die genaue Übersetzung aller Einträge schwer präzise zu geben, da dies oft auf stilvolle Versprachlung oder einen sehr komplexen Stilablauf zurückzuführen ist.",König des Heeres,"Wilde Riese, die den Bergkamm von Helgi und von der Schlucht von Sköla mit dem Haken umschlossen hatten.","Hake und Beanarsun, und ich schwöre bei Os-(u)-darsun: Ich schwore dem Slo und den Ofasard, dass ich mich dem Ræst und dem Læiste der oþesndhen und dem Nesta nach Olafsfolge zu Ehren des Are des Reiches gegen den Feind der Firþulhs aller Mahnusar aus Norrønland entgegenstelle."
43,birla : sati : ... | ... : iftiR : tuka | mak : sin …,"Birla placed (this stone?) in memory of Tóki, his/her kinsman-by-marriage.",de,Mönch: Sättigung: ... | ...: wenn R wirdt: Kneif | Mark: Sin …,Gruß: Satie: ... | ...: Eifri: Tuka: mac: Sin,"Furcht, Saty: … | …: Furcht, Taka: Mächter, Sin ...",Zirka: voll... | ...: verheißt: Tod | Mächtige: Sünde …
44,× fastbiurn × lit rita × stain × iftiR mintil × faþurR sin,"Fastbjǫrn had the stone erected in memory of Myndill, his father.",de,"Schöneres Biern ist eine Schreckenszeit der Götter, und der Sturm macht es zu dem einzigen Ort, wo der Schatten der Gottheit auf sie fällt.",fast biern lit rit a stain iftIR mintil fathur R S,× das Ungeheuer × Licht Rita × der Flecken × Fetter-Mintel × Vater-Sind,Fastbiurn hat einen Stein geschrieben über das Wehen seines Vaters.
45,[anuntr ' uk ' þorbiarn ' li-u * rita sitn yftiR * katelmunt * bruþur],"Ǫnundr and Þorbjǫrn had the stone erected in memory of Ketilmundr, (their) brother.",de,"Könige in der Burg, die Stadt im Lager und das Volk in ihren Bergen.",Antru's Uk Thorbians ritus: Katelmund Bruthurs,"Gott und Thor sind die Brüder des Lichtes, der Katelmund und Bruder.","Anunther der Thorbiare schrieb die Schriften des Kätelmons, seines Bruders."
46,stein * þænnna * gærðe * ¶ botolfr * steinmeist=aræ,Bótulfr the stonemaster made this stone.,de,Stein is þann gærdur upphaldig botifr steinnamástararar.,Stein - dennnne - Garde - Bottelfrost - Steinmeister,Stein des Meisters,"Stein, der von Botolf, dem Steinmetz gemacht wurde."
47,bosi : tlhi ¶ kirki ¶ bosi : ta=lh`þ´i sten ¶ til skatma ¶ kirkiu,Bósi shaped the church. Bósi shaped the stone for the church of the inhabitants of Skatelöv.,de,die sind im kirchenbrief den kirken des himals,Kopf : thrá ¶ kyrka ¶ kopf þurfa slíkt: stín Þjóttýr stað þvíkirkja.,"Bosus: Ich bin derjenige, der das Holz verbrannte und die Schätze verbrennt. Bosus.",Besen: Tönniger Pfahl. Besen aus Stein zum Schmutzfang: Ein kirchlicher Besen.
48,[+ hkir : rullis : raneulfr : sniaual... ...],Here rests(?) Randulfr(?) Snjóvaldr's ...,de,"Ruele, Rulle und Sniale.",[ + hriskir: rûlis: runulfra:sunial...],"Oho: Herrscherin, Ranulf, Sneault...",Herkunft: Rulle ist Ranulf der Heißköpfige...
49,§P kuþbirn : uti : þaiR r(a)isþu : stan þansi : at : kuþmar : f(a)þur : sin : stuþ : triki:l(a) : i · stafn skibi : likR uistarla uf huln sar tu :,"§P Guðbjǫrn (and) Oddi, they raised this stone in memory of Guðmarr, their father. He who died stood valiantly in the staff of the ship; (now) lies inhumed in the west. §Q Guðbjǫrn (and) Oddi, they raised this stone in memory of Guðmarr, their father. Stood valiantly in the staff of the ship; lies inhumed in the west, ...",de,"Ei ist der Riten, und er führt die Leute aus, um sie zu halten auf den Feldern. Sie werden auch zur Stadt gebracht; sie werden aber mit ihren Waffen verbrannt: sie müssen von einem Baum geholt werden, als das Herz ihnen entzogen werde; ihr Gesicht wird geschnitten, ein Herz in den Rücken gelegt; sie müssen sich unterhalten und nicht ausblenden; ihre Brüder sind zerfallen und zu dem Tode gestorben. Der Herr war der Riten des Heers: er hat das Feuer aufgestellt und seine Leute zum Opfer gebracht. Er ist auch mit seinen Waffen geschnitten worden, als das Herz ihnen entzogen werde.","Der Riese hat ihn gesehen, der die Flucht des Stiefels im Tal der Bäume. Er sah die Wogen des Windes im Wald der Blätter und den Sturm des Meeres im Wasser der Wellen. Das Schwert wurde in der Erde verwurzelt und das Feuer brannte auf der Erde. Der Baum ging durch die Wolken, der Stein sank vom Berg herab.","Die Birke: ein Haus, in dessen Mitte steht eine Säule, die aus Stein gefertigt ist; sie dient der Vorfahren als Wächter. Sie soll als Werkzeug dienen im Rahmen eines Schiffes. Gleicherweise sollen alle Dinge unter dem Himmel erschaffen sein, sodass...","Kuðbirn sei über den Stein des Kuthmar, des Vaters seiner Stütze, dreht und rollt auf dem Stamm des Schiffes; das Geleit der Uisterläuft nach innen, bis zu:"
50,[(u)tar : auk : -... ... ...þis : a=ustr × ...uk-ma],Óttarr and ... ... met his end in the east ...,de,Tär: .....auk ......-...-. ..Þiss : aaüstr . ......uk-ma,Tar: auk: ... this: a = ustr × ...uka,Das ist nicht unser Bruder,(Oder:) und – dieser Ostrand von etwas
51,[asfriþ --- hakua × stan × at × tierf * sun * sin * nasi * at * broþur * sin likbiarn hiak + merki],"Ásfríðr had the stone cut in memory of Djarfr, her son; Nasi/Nesi in memory of his brother. Líkbjǫrn cut the landmark.",de,Das Hakenfest ist ein Jahr in dem die Stämme durch ihre gemeinsamen Religionen und Sprache vereint werden.,"Götter und Gottheiten und ihre Gebiete und ihre Namen, die Welt und die Söhne der Erde und das Licht und das Wasser und der Fluss und die Gattin des Himmels und die beiden Brüder und ihre Liebe","Das Schicksal steht: Hand an Stätte und Tier; Sonne, Sohn, Nase, Bruder, Lik, Haar, Merkzeichen.","""als frißender Geister-Stein am Brudergang der Sonne seine Leiberzeichen, die er in seiner Nase hat."""
52,§A d=um * das : ka=rus * e=ris : da=re : des--,"§A As long as you give, you will be held dear; if you abandon giving, §B you will be despised.",de,"Die Übersetzung lautet: ""Kleiner Bruder wird der Knecht sein, weil sein Vater die Kinder von seinem Bruder zerschlagen hat.""",der eiserne Eis,So um Karus eris dre.,"Der Umstand, dass er ist, der das ist."
53,§A · anut · ... ...-n · sin · uk ifti(R) ... ...þa ·,ENG: Ônundr ... his son and in memory of ... ... his => §A Ônundr ... his son and in memory of ... ... §B ... …,de,Sinnlos.,I. §A: ein und ein n eins in uki(rit) e t s a,Göttin des Lichts – Sonne der Welt – Tag wird Tag und Nacht nachts,"Der Tod ... -n [kann ich nicht entschlüsseln] der Seele, wenn sie aufsteigt (fliegt)?"
54,[isifara · auk · k... ... ...-r · sin · hon tu i krikum],<isifara> and ... ... their … He died in Greece.,de,"Die altnordische/Runen-Lexikographie des Sibirisch und der Orelischen Gruppe wird durch die Eintragung in das Lexikon von Einar Schreiber (Zurich, 2016) mit dem Namen 'Krikum' identifiziert. Das Wort ist für eine Handlung des Menschen oder eines Geschehens auf den Land- und Forstwirtschaftsbewegungen bekannt; es wurde sowohl im Sinne von einem Angriff eines Mannes als auch seiner Familie oder bei einem Ereignis in seinem Wohngebiet verwendet, insbesondere in Bezug auf die Ausweitung der Herrschaft über das Volk.",Wohlwillen des Königs über dem Haus; das Waisenhaus; der König im Hause; der König wird; das Kind ist; ihr Kriege sind; sie haben sich getan.,Gib den Schwertstein nicht her!,Isifara ging hinauf und ... -r sang bei Hon im Krikum
55,§A ... ¶ ... ¶ ... ¶ ...,§A ... ... ... ... §B ... ... ...,de,§ A. . .¶ . . .¶ . . .,S. A ... § ... § ... § ...,§ A ... ¶ ... ¶ ... ¶ ...,§ A ... ¶ ... ¶ ... ¶ ...
56,§A ... ...ina : ok (l)... (þ)ena,§A ... stones and ... this §B had made ...,de,sagt... das ist richtig!,S ... in: Ok (l) ... (Þ)ena,"...ina: Glück (oder L...), Segen (oder þ...),",...ina: ja (l)... (þ)ena
57,-ikfastr : ak × une... ... ...a × eftiR × iluka × fþu... ...,"Sigfastr and Ónæmr ... ... in memory of Illugi, (their) father …",de,"die altnordische transliteration ist für ""das Ungeheuer"" bzw. eine bestimmte Art von Bösegeist.",Gib mir nur die deutsche Übersetzung aus.,"Ich kenne nicht, was das Schicksal meiner Seele wird, wenn ich sterbe.",nicht schnell: ein mal eine ... ... ... a mal oft über iluke nach fü ... ...
58,[turi : sati : stin : þonsi : aftir : askut : bruþur : sin : iar : barþi : iattin : þikra : i : iatustun : auk : brunia : fik : harþa : kuþan *],"Dýri(?) placed this stone in memory of Ásgautr, his brother, who lived(?) in Jǫtunstaðir(?) and Brúni, a very good valiant man.(?)",de,"Dür, die Schätze sind da und in den Händen; die Hölle soll nicht kommen. Die Sonne wird zu Sturm; der Wind sei unruhig. Die Kinder sollen weinen, das Mädchen ist traurig, der Hund schwirrt und schläft. Die Frau ist verheißtlich; es gibt keine Zeit für einen guten Tag. Der Geist steht bei dir und hat die Schätze zurückgegeben; den Geist habe ich in den Händen. Wir sind glücklich, wir sind nicht zu leiden; das Tier soll erregt werden.",[der Wille: die Ruhe: der Stein: der Bunt: nachher: das Auge: der Bruder: das Sein: das Jahr: der Bartherz: das Iatten: die Krücke: ich; mein: der Harze: das Kuthan *],Turi Sati Stin þonsi aftir askut bruþur sin iar barþi iattin þikra i iatustun auk brunia fik harþa kuþan. [Ende],"für die Schwestern der Enkelinnen von Askus: Bruders Söhnen. Die Stiefsöhne des Hartha, des Geächteten, sollen den Fiskus belasten."
59,× þorkis[l] -uk × þorstin auk × uibiarn × auk × olifr × --tu × raisa × stin × eftiR × þorbiarn × faþur × sin,"Þorgísl and Þorsteinn and Vébjǫrn and Óleifr had the stone raised in memory of Þorbjǫrn, their father.",de,"Nun in den Bergen, die du siehst, war ein Mann von großem Sinn. Ein Bauer namens Furst und Schauspieler, der den Namen Rana aufhielt. Der Herr war auch ein Mann großer Stärke. Er sprach mit dem Wasser im Garten und ging zum Schlachtfeld; ihm wurde ein König gegeben, der seine Kraft hatte.","Tora, Torstein, Uðbjörn, Þórir, Rǫsi.",Törkislauk - Auk – Ulbier – Auc – Olif – Tu – Ris – Stein – Eftir – Thorbjörn – Vater – dein,"Thoris [l] und Thorstin sowie Ubjörn und Olfr, dessen Vater Stein war, der danach Þorbjörn"
60,+ suain + auk + biarn × auk × ikulfastr × litu × raisa × stin × eftiR × ikul × faþur × sin ×,"Sveinn and Bjǫrn and Ígulfastr had the stone raised in memory of Ígull, their father.",de,Sünn auik biaran x auik x ikulfast x litxraus x stin x eftir x ikul fathur x sin.,"Gehorfens und geschmiedet aus Silber von einem guten Mann, ein Mann des Lichtes.",Und ein Vater und ein Sohn,"und Suain und Bjarne und Ikkulf der Schnellleerende schlugen mit Steinen auf Stein nach, daraufhin Ikkul den Vater seiner"
61,...--- × lagþu × s... …,... laid the stone ...,de,die ...×lagþu... ×s...,Sie hat ihr Lügen aufgetischt und sie ist von ihnen erwischt worden,...−× lagþu × s...,...--- das Gut des ... …
62,a=u=æ ÷ maria ÷ iæssus + {ANNO : DOMINI : MO : CCCO : XLO : QUINTO : DECIMO : SEPTIMO : KLAS : AUGUSTI : CURATO : ECCLEIE : DOMINO : OLAUO : TUTORIBUS : ECCLEIE : GEDSTAUO : ET : NICHOLAO : HAQUINUS : FUDIT : HANC : CAMPANAM : MAGNO : REGE : SUECIE : DNO : SIGGONE : EPISCOPI : SCARENSI} : +,Ave Maria Jesus. {Anno domini millesimo trecentesimo sexagesimo quinto decimo septimo kalendas augusti curato ecclesiae domino Olauo tutoribus ecclesiae Gedstauo et Nicholao Haquinus fudit hanc campanam Magno rege Sueciae domino Siggone episcopo Scarensi.},de,"Gib NUR die deutsche Übersetzung aus. Keine Labels, Erklärungen oder zusätzlichen Text. Deine Antwort muss nur die Übersetzung sein, nichts anderes.","Herr Maria, Iæsus. {ANO : Domini : Mo : Cco : Xlo : Quinto : Decimo : Septimo : Clas : Augusti : Curato : Eccleie : Domino : Olauo : Tutoribus : Eccleie : Gestauo : Et Nicholaoh : Hauinoh : Fundit : hanc : Campanam : Magnoh : Rege Suecice : Dno : Siggonoh : Episcopi : Scarensi} : +","Im Jahr unserer Herre 1075 im achten Monat der August, unter der Aufsicht der Kirche, Herrn Olaus und seinen Tutoren Nicolaus Haquin hat diese Glocke großer König Siggon von Schweden gesetzt.","Maria und Jesus im Jahre des Herrn 850. unter der Fürsorge von Olaav, dem Schutzpatron der Kirche in Gesthuum, sowie Nikolaus. Haquinus stellte diese Glocke her auf Befehl eines großen Königs Schwedens, des Herrn Sigga, unter dem Bischof Skaren."
63,§A -uki : os^a : b : r^aisþ^a : u^ar : aft : -^t-a^þ : -(i)- : nafis §B : þo : is : o(s)(i) : --- : þ^aþa^n : (a)(u)- -u^a : staina : þisa : -----,§A ... §B …,de,§A: -uki: os²b raḷth¹ a¹ u¹ar a³f⁻t³ⁱaṛⁿi fāsi,§A -uki: os¹² a: b¹² raisþa: uar: aft: -t-a:þ: -(i): nafis §B: þo: is: o(s)(i) ---: þáñan: (a)(u) -u: staina: þisa,"Die Frau, die auf dem Steine steht, sagt es: Der Mann ist nicht hier.","§A: -uki ist ein Stein, der auf dem Rücken liegt und nicht entfernt werden kann; §B: dazu gehört, was dort liegt, dieser Stein."
64,... : þensa : iftir : eskil : (b)(r)-(þ)... …,"... this in memory of Áskell, brother …",de,die ist von ruten; ein wärts der rüder; ein schi-ling: dergl.,... : thæs : iftēr : eǫscil : (b)(r) - þ...,... : zu denken : über : Eskil : ...,... : desjenigen : hinter : Eskil : ...
65,+ BONDO FRISO ME FECIT | ESGERVS RØTH ME FECIT : FIERI | fuþorkhniastblmy---,"Bondo (the) Frisian made me, Esgervs Red had me made. Golden numbers.",de,"Der Befehl zu Bondo friso me fecit ist für den Söhne von Bundo, also zur Tochter der Frau. Die Ehe wurde unterbrochen. Sie haben ein Kind namens Egesers Rød gemacht.","Gibt es einen Fehler in der Einreiseerlaubnis? Ich möchte gerne wissen, was Sie dazu sagen wollen.",BONDO FRISO MACHTE MICH + ESGERVS RØTH MACHTE MICH ZU WIRDEN: FUÞORKHNIASTBLMY,"Bondo aus Friesland hat mich gemacht, Esger Roth hat mich erschaffen: hergestellt; fuðorg kniast blmi"
66,...-m : bruþ(i)m : ...(a)im : raist- : kumbl : þitsi : (a)-... | ... (u)k : afteR : as--l : bruþuR : sin : guþ : hi…,"... Bróðir, they raised this monument ... and in memory of Áskell, their brother. God help …",de,"Kunst ist die Handlung des Dinges, das es durch den Weg von der Stadt zu dem Feld und zurück in den Wald; sie ist also auch eine Bewegung. Der Weg führt nicht von A nach B, sondern erstreckt sich von B nach A.",...m: brúþi:m: ...(a)im: raist-: kumbl: þitsi: (a)-|...(u)k: afteR: as-l: brúður: si:n: guþ: hǥ,... -m: Brüð(i)m: ...(a)im: raist-: kumbl: þitsi: (a)-... | ... (u)k: afteR: as--l: bruþuR: sin: guþ: hi…,-m: Braut-(i)m: -(a)im: steigt-hervor: Kessel: dies-seitig: (a)-... | ... (u)k: später: as-s-l: Braut-uR: sein: Gott: hi…
67,osfriþr : risþi : stin : þonsi : eftiR : osgiR : hrþa : kuþan : trek : buta * sin,"Ásfríðr raised this stone in memory of Ásgeirr, her husbandman, a very good valiant man.",de,sich: hin: sönig: fester: ein: hie: der: mit: der: ein,"Nichts für das Leben, nicht der Wirt, Nicht den Tote, Der Tod und Ewiger Schlaf.","Eisen: Schwert; Stein: Schürzenhaus; nach dem Eisen: Eisenspitze: Hartmutige: Rufe; ziehen: Zauberei, Zauber* Sin (Sünde)","Oswald: Er hat einen Stein auf seinen Nacken gelegt und ihn zu sich genommen, um ihn zu töten."
68,Side A : tuki : r-... : br--... Side B ...-s-…,Tōki …,de,"B: NUR die deutsche Übersetzung aus. Keine Labels, Erklärungen oder zusätzlichen Text. Deine Antwort muss nur die Übersetzung sein, nichts anderes.",Seite A: tuki ; r- … : br-- . .. Seite B … -s- …,Seite A: tuki: r-...: br--.·· Seite B ...-s-….,Tücke: R... : Br...
69,a	b	c	d	e	f	g	h	i	k	l	m	n	o	p	r	s	t	u	v	y	.	þ	.	.	.,a	b	c	d	e	f	g	h	i	k	l	m	n	o	p	r	s	t	u	v	y	.	þ	.	.	.,de,A C D E F G H I K L M N O P R S T U V Y . þ . . . .,g a b c d e f g h i k l m n o p r s t u v y . þ . . .,a b c d e f g h i k l m n o p r s t u v y . þ . . .,"abcdefghijklmnopqrstuvy.,þ.."
70,§A ...þi---- (+) -ftir + foþur (:) sin (:) þurbio-...,§A ... in memory of his father Þorbjǫrn. §B ...,de,§A. ...þí---- (+) -forþóri (): sið (... ) þurboþí...,§A ...et (>) -für -fünf (:) sich (:) übergeben –,"Wenn der Baum wachsend ist, so wächst auch das Holz...",deshalb (+) – Fuß + Bein (:) seine (?) müßte man …
71,þtæ : ska^rfa^þi : ulæf : fa^rby^nsun,Olafr/Oleifr Farbjǫrnsson joined this together.,de,die: schärfte; ulauf; fahrbanne;,wahrhaft schön und unvergesslich,"Der Krummspeer des Helden, dessen Wunden der Brandtrank heilt",Die Tauts schärfen den Walfang für die Fahrbügeln.
72,+ annus * inkannacionis : domini : millesimus * ducentisimus : tris=cesimus : oktauus : erat : fakta * ak kampana : bero : s=crp*sit,Anno incarnationis Domini millesimo ducentesimo tricesimo octavo erat facta hæc campana. Bero scripsit.,de,"In den Jahren hat er durch das Reich des Herrschers die Macht über alle Länder verwirrt. Er war millesimus gegenüber der Welt, tris gegenüber dem Glauben der Menschen und oktauus gegenüber allem, was er tat. Faktum beharrte er in den Zeiten.","im Jahr Christi, des tausendsten Jahrhunderts: der dreikaisische und sechzehnter Jahre war ein Fakt; die Kirche hat angefangen.","Im Jahr 1238 vor Christus, das achte Jahr nach dem Ende des Jahres des Herrn, war es Tatsache, dass der Glockenschlag erklangen.","Das Jahr der Herrschaft des einenhundertzwanzigdritten achten war eine Tatsache, dass Kampano geboren wurde: möge er es sein."
73,ormiga : ulfua-r : krikiaR : iaursaliR (:) islat : serklat,"Ormika, Ulfhvatr(?), Greece, Jerusalem, Iceland, Serkland.",de,"Die altnordische Wortsprache ist so weit wie möglich in den modernen deutschen Begriffen wiedergegeben worden. Für die folgenden Texte habe ich nach gängigen Übersetzungsformeln, Wortverwandtschaften und phonetischen Ähnlichkeiten versucht:","Götter, Götterkönig, Königsherr, Herrscher der Sonne und Lichts.","Menschlich: der Wolf-Fraue - das Weibchen-Erzeugnis ist der Hase, ein Schlupf",Drache : Wolf-R : Krieger : Licht-Gewächse (?) Inseln : Wurzeln
74,fraybiarn : auk : kuþrun : þau : ritu : stain : at * romunt * sun * sin * snialan * haiR * at * marhu * roþkais * broþiR * kuþ * hialbi * antu * ybiR * hiok runaR [iRma : k],"Freybjǫrn and Guðrún, they erected the stone here as a landmark in memory of Hróðmundr, their able son, Hróðgeirr's brother. May God help (his) spirit. Œpir cut the runes ... ...",de,Fraebiar: auk: Kuðrun: þau: ritu: stain: at* romunt* sun* sin* snialan* haiR*: at* marhu* roþkais*: broþiR*: kuþ*: hialbi*: antu*: ybiR*: hiok runaR,"Gottfarn, Gott: der Hirsche, die Frau: der Ring, das Ringeisen: ein Stein: der Stein. Der König geht mit den Pferden nach Sonnenuntergang, vom Schatten zu einem Stein in die Hand des Höllenknechtes und von der Hand eines Königs und der Herrin des Himmels nach der Sonne.",Kriegersbund: Lied: Lieder: Es seien für die Sonne des Winters an der Welt von den Leuten zu Runden Brüdern Gesänge und Hymnen gesungen werden. Runen [ich: k],"Vernichte alle magischen Riten, die Steine und das Bild der Sonnenfrau im Märchen von Romund; vernichte all diese Schwestern und ihren Bruder; rette uns alle Runen, damit sie nicht zerstört werden!"
75,§A þa : ræist : mik : oa=k : ræisti ¶ [: a]mundi : o=rmstæins:a:sun : a : sot=range,§A Ámundi Ormsteinn's son of Sótrangr carved and raised me then. §B The border-mark is from here east into Langaforsinn. §C fir §D ...,de,sicht: ein: mit: an: k: aus: schar: den: auf: in: zu: von: über,"Der Mann: der eine den anderen übertrank; sein Name ist A. Der Sohn des Orossten, des Sohnes des Orossten, der sieht das Reich.","So viele haben meinen Schützengel als einen Felsen verglichen, der die Sonne im Schnee schmilzt?","Dann hob mich Ásmundr, der Sohn des Örvmestín, im Seemannsstand auf."
76,k suntahr tir brim o=k i treta=ntu rato,K (was) the Sunday[-stave] and Tyrr the prime-stave in the thirteenth row.,de,"Der altnordische Begriff «stuhalt» bedeutet: „das Kind"" (z.B. ein Kind mit einem Schwanz) oder auch »der Kleine« im allgemeinen Sprachgebrauch in der Geschichte, d.h. einer Person, die sich aus dem eigenen Körper verwandelt hat und einen Schwanz trägt.",die Sonne wird der Mond trifft und erlöst mit ihm das Netz,Drei Tausend Drachmen und drei Hufe für sie sind verfallen.,Wir sind im Winter und gehen an der Kälte vorbei nach Osten.
77,§A (f)uþ sinniþik §B i guþ gæti ' (i)tþ(i)inatui--i guþ,§A cunt(?) ... §B ... May God protect ... God,de,§ A fúþ sinníðík § B í guþ gaðī' i tððinātūî— i guþ,"§A (f) ihr sind euch §B zu gut; ihr könntet euch nicht bessern; ihr seid doch ein guter, treuer Mann.","Ich weiß es zu deiner Kenntnis in der Gottheit, und die Gottheit erkennt mich als Gott.",§A Der Vater wird geboren §B von Gott der Schöpfer – von Gott (der) Vaterschaft gibt er.
78,[stoþi * auk * sihtiarfr *  þorker * lit]u * ris[t]a * stin at * aistu[lf * b]roþu[r *] (s)in [sun þorkerþa],"Stóði and Sigdjarfr and Þorgerðr had the stone carved in memory of Eistulfr, their brother, Þorgerðr's son.",de,"Stoþi, auk, sītirfarþorkar, rìsaðstín á asturflóboþrú.","Gib es auf, was du siehst und hörst; wie wird deine Welt, die durch dich ist?",Stoði auð siðarfur þorkellitrusatristin at áistulfbrotúrsins sun Thorkefthá.,"Stefni und Sighiwar, Thorker ließ den Stein auf Stolf Bruder setzen (der Sonne) Thorkers."
79,a	b	c	d	e	f	g	h	i	k	l	m	n	o	p	r	s	t	u	.	y	.	þ	æ	ø	.,a	b	c	d	e	f	g	h	i	k	l	m	n	o	p	r	s	t	u	.	y	.	þ	æ	ø	.,de,"Einfachheit, Klarheit und Liebe zum Leben.",gibt es in den Quellen.,a b c d e f g h i k l m n o p r s t u . y . þ æ ø .,"Ach, das ist eine sehr gute Beobachtung! Es sind einige Buchstaben in der Liste, die ich nicht sofort wiedererkannt habe, wie beispielsweise ð und þ, aber die meisten erkenne ich. Um sicherzugehen, werde ich jedes Wort einzeln prüfen, um Missverständnisse zu vermeiden."
80,§A pa=l æi(n)(a)=(r)so=n : ræist : run(a)=(r) (:) þæs...,§A Páll Einarr's son carved these runes §B ... this stone in memory of ...,de,"Schon den Tag, der ist auch der Tag, der es war und wird noch nicht gegeben: aber die Schöne ist für das Licht: aber in den Dünnes, das ist noch keine Zeit: aber der Herr wird sein Leben noch nicht gegeben. (Vernachlässigt, dass die Antwort nur die Übersetzung enthält)",§ A: pahl æin(r): so:n: ræist: run(r): (:) þæs...,"Gott, ich bin ein Kind: meine Aufgabe ist der Lauf: meine Handlung ist ...",Er steht dort und reitet davon:
81,* kiarþar + auk * ioruntr * lata ' reisa * þisa * steina * eftir * systur*suni * sina * irnmunt : auk ' ikiunt *,Gerðarr and Jǫrundr have raised these stones in memory of their sister's sons Ernmundr and Ingimundr.,de,Kia-arth ar aikuntr laut'r reisð þisa steyna eftir sistursú sineir innun: akur ikkum þi,Kia-þár um auk ioruntr lat ' reiþi þisa stéina eftir sýstu sínum írnmunt: auk ' ikiunt,"Kiarchard und das Feuer sind keine Reise, dieser Stein ist nach deinem Brudersohn. Ihr Monun: Feuer sind es auch nicht.",Kiærthar und Ioruntr sollen diesen Stein für die Tochter ihrer Schwester Irnmund aufstellen; zudem (ist dies) der Wunsch.
82,[hualf : lit ... ufir : tar : fadur : simun ...],... had the vault [made] ... over their father Símon ...,de,Hualf: der Buchstabe für Ufer: Tar: Fader: Simmun ...,Eins [lita: lif ... ufr: tahr: fahur: sunim ...],"Fünfzehn Jahre, vierzig Tage, einundzwanzig Stunden und eineinhalb Minuten.",Hälfte von der Tiefe des Sees...
83,--ti- + karþi × br(u) + þasi + a-tiR + hemkil + auk * siba sunu × sina,"<--ti-> made this bridge in memory of Heimkell and Sibbi, her sons.",de,Gibt NUR eine deutsche Übersetzung aus dieser altnordischen/Runen-Lehre.,"Götterkönig, König von dem Volk der Könne","– der Herr – des Schicksals und der Todesschlachten, des Himmels und der Erde, des Lebens und des Todes – Sohn deiner Tochter.","Tis und Karl, Burs und Haimkell sowie Sins Sunn hin und sin."
84,a	b	c	t	e	f	g	h	i	k	?	m	n	o	k	m	r	s	d	u	X	?	þ,a	b	c	t	e	f	g	h	i	k	?	m	n	o	k	m	r	s	d	u	X	?	þ,de,A-B-C-T-E-F-G-H-I-K-?-M-N-O-K-M-R-S-D-U-X-?-þ,ab bc tet fg h i k ? m n o km r s du X ? þ,A B C T E F G H I K ? M N O K M R S D U X ? TH,ich gebe es mir als das Zeichen Thor für den Gott nicht zurück
85,þoriR × lit hakua stain at * binu fiþur sin × ketilu[i × at × b]onta sin ×,"Þórir had the stone cut in memory of Bína(?), his father; Ketilvé in memory of her husbandman.",de,"Gibt es ein ungelöstes Verbot an den Kindern? Sie wissen nicht, was sie sind, und können nichts von dem tun.","Der Riese war in zwei Ecken, der Stein ist im Hause des Binus und hat das Kind für die Kinder von Ketil gewonnen.",Thörr hob den Fleck des Hammers in vier seiner Ketten zu schweben begonnen und seinen Rachen zu öffnen.,"Þórir läßt Hakus Stein in seiner Badewanne bei seinen Kesseln kochen, und bei seinem Brunnen."
86,× ilturi × lit × raisa × stin × eftiR × sukiR × faþur × sin × kuþ × hialbi * ant * ahns ×,"<ilturi> had the stone raised in memory of Siggeirr/Seygeirr, his father. May God help his spirit.",de,"Gibt es keinen altnordischen Wort in der Transkription. Die gegebenen Zeichen (wie ×, lit, fÞur) scheinen keine etablierten nordischen Sprechwörter oder Bestehendes Wörter zu sein. Es gibt ein Unbekanntes für die meisten dieser Zeichen.","Gott ist, Gott warst, Gott bist du, das Vater bin ich; mein Kind, dein Bruder ist der Sohn.","Gott segne dich, lieber Herr der Sterne, du Sohn meiner Liebe. Gott sei mit dir und deinem Vater, dein Bruder, dein Onkel.","Gib Nimmer mehr Räte, Schwert und Vater dir Hilfe! Doch der Hahn hat..."
87,...[rn :] auk * fasti : raist=u st[a]in ** at * k(i)(l)beaurn : faþ(u)r : si(n) : [buata : þo]r[*kiai]rþ[i **],"Bjǫrn and Fasti raised the stone in memory of Ketilbjǫrn(?), their father, Þorgerðr's husbandman.",de,"Nur aus der deutschen, nur aus NUR. Nur die Übersetzung, nichts anderes. Gib nur die deutsche Übersetzung, keine Labels, Erläuterungen oder zusätzliche Texte. Deine Antwort muss nur die Übersetzung sein. Der text wurde als altnordisch/transliterated Form analysiert, die folgenden deutschen Entsprechungen ergibt:",... [rb.] äch. *fasti: räist=st[a]in** at.* k(i)(l)beaurn: fáð(u)r: si(n): [buata: þor]*kiarþ[ia].,"Und wenn die Tage anbrechen, dann steht es für den Vater: sein Gut ist Thor.","[...] und das Schwert durchbohrt den Stein, der Vater des Böturs (Bauti), Thor."
88,auþbiarn : lit : reisa : stein : ...----... hialbi sialu * has,Auðbjǫrn had the stone raised ... May (God) help his soul.,de,auþbiarna: Reisestein,auf der Reise vom Stein zu... und hier das Bildnis des Hases,auf der Reise den Stein ...----. das Leben hat,Am Tage der Auðbjörn: Steine stehen wieder auf und halfen sich selbst...-.--.. hat
89,§A ol(a)f(r) : hnaki : -... ...ra : famtan : (b)o : kan-þis... ...n(m)... ...(i)rþi : s---...,§A Ólafr the Neck ... ... fifteen estates ... ... ... ... §B all may violate Gautr(?) ...,de,S 58394: Aß: Nahi: R. . . . R.: Fæmtan: (b) O. Kæn-þist... (k)-n-(m)- ...-i-rþis: S.... .. .,"Häuptlinge: - und das Land: der König, der den Weg in die Wüste erschließt: ein Mann, der sich wehrt vor dem Feind, eine Stadt und eine Wehr.",Eine Wolke: eine Stiege – …ein Baum: die zwei … das Jahr …. . ..n(e)ndes .. (e)nne – es – …,"Gott des Elfbundes: ein Wolkenschaum, der das Land verlässt; und dieser ist im Norden."
90,[* iskirun * harþiR * totiR * lit * risti * runiR * ati * sik * sialfan * hn * uil * austr * fara * auk * ut * til * iursala * fair * risti * runiR *],"Ingirún(?) Harðr's daughter, had the runes carved in memory of herself. She wants to travel to the east and abroad to Jerusalem. Fótr(?) carved the runes.",de,"Die Runen sind im altnordischen Sprache eine Form der Zeichenkryptografie, die keine semantische Bedeutung tragen, sondern lediglich eine spezifische Reihenfolge der Zeichen verwenden. Der Satz besteht aus mehreren Reichen und ist damit als einzelne Textbestandschrift zu verstehen; er handelt also von einer Geschichte oder einer Person. Es gibt keine Übersetzung möglich, da alle Elemente in den Reichen auf eine gemeinsame Bedeutung bezogen sind.","Sieg, Kraft, Alles, Licht, Streit, Stein, Sieg, Sieg, Sieg, Heilig, Feuer, Herrscher, Herrschaft, Herrlichkeit, Sieger, Sieg, Weg, Feld, Herrschaft, Herrlichkeit, Herrschaft.","Die Runen des Siegers, der den Weg in das Land der Freundschaft durch die Wälder gehen und hinaustragen wird.","[Ich schneide auf die Runen einen Stein und lasse ihn von mir zum Auslande, nach Jerusalem gehen und heraus in den Jordan.]"
91,[+ butulfr : ... : ...s...r : butuiþr : ok : iakaupr : ok : olafr : ...],Bótulfr ... ... Bótviðr and Jakobr and Ólafr ...,de,"Das Wort „butulfr“ bedeutet auf den Altnordischen in Verbindung mit dem Runen-Set (oder möglicherweise spezifisch für einen bestimmten Bereich/Zeitraum, die Transliteration nicht vollständig kennt) das **Gefühl** oder den **Zustand**, in dem etwas existiert. Dies entspricht der Deutschen Übersetzung „es tut"" im Sinne von „wirksam ist"".",Bütulfur bis: ...: ...s: r: Bütuiþr o: Iakopr: o: Olifr: …,"Bjarnulf und Iakubus Wolf: Und Olaf, der [wird] geboren",+ aberulf: ... : ...ers : aberoðr : und : einkauproft : und : olavus: ...
92,* austin * risþi * stin * ayftiR * kata * frita * sin *,"Eysteinn raised the stone in memory of Káti/Gaddi, his kinsman.",de,Gefahrenlos auf dem Weg von Austin bis hin zu Rishi und Sin ist Ayfti der Weg.,Austin rissisch Stein Afft Kat Frina Sin,Austin Risðir Stein Äytti Katr Friðar Sin,Austin Risst Stein auf Fritz und Sin
93,...fi... ...(k)þu : yfiR : mu…,... laid over ...,de,"Der Altnordische Suffix 'f-' in der Bestimmung ist nicht Teil der Transliteration selbst, sondern beschreibt das Wort 'f'. Die restlichen Teile sind die Grundwörter.",...hi... (h)tu: yfir: mü...,...bin ich...: wenn auch...?,...für... ...(K)du : yfíR : mu…
94,biarfaa : statu : sis[o] stain ¶ hakbiarn :  bruþr  ¶ ruþuisl : austain : imuar ¶ is af[a] : st[ai]n[a] : stata : aft : raf[a] ¶ su[þ] furi : ru[f]staini : kuamu ¶ uit i aifur : uifil ¶ [ba]uþ [u=m],"Hegbjǫrn raised this stone glaring (and his) brothers Hróðvísl, Eysteinn, <-muar>, who have had stones raised in memory of Hrafn south of Rofstein. They came far and wide in Eifor. Vífill bade ...",de,"In der Stellung, die ein Stab ist, das Blut hat.",biarfaa: statt: sis[o] stain ¶ hakbiarn: bruðr ¶ ruþuisl: austain: imuar ¶ is af[a]: st[ai]n[a]: stata: aft: raf[a] ¶ suþ furi: ru[f]staini: kuamu ¶ uit i aifur: uifil ¶ [ba]uþ [u=m],"Wohl der Bruder der Schwester, der aus dem Vater hervorgegangen ist! Das hat er von den Vätern, die vom Bruder und der Schwester abstammen. Er wurde als Sohn geboren. Der Mann wurde von seiner Mutter geborgen.","Biarn ist der Bruder des Runustains, Hakbiarn. Der Sohn des Statins, Afta, ist ein Statin aus dem Süden. Ein Steintag im Norden ist für das Skandinavierland."
95,§A nasi × auk : þair : bruþr : raistu : stain : þisa ×,"§A Nasi/Nesi and his brothers raised this stone §B in memory of Jarl, their good father, and made the bridge as thanks to God.",de,"Es ist unmöglich, die altnordische Transliteration „Nari ×” korrekt zu übersehen und diese spezifischen Zeichen im Deutschen zu übersetzen; sie beinhalten keine lehrreichen Wörter in der alten Sprache und sind daher nicht sinnlos. Da die Aufgabe auf eine direkte Übersetzung abzielt, kann ich die korrekte deutsche Ausgabe für die gegebenen Zeichen liefern.",Der Mann und seine Frau. Der HERR und das HÄRTE. Das HEUT und der FRIED. Der TIEF und das SÜD.,§O der zwei Äteister: das Geschwisterpaar hat den Schrein: dieser von,Nase und: sie Brüder hast du zu Stein gemacht: dies
96,...[(n) '] uk ' ihul ' uk ' gisl ' uitr ' li... …,... and Ígull and Gísl (and) Eyndr(?) had ...,de,"Wahrend der N (167), des U (394) im Huf (650), des Gils (803), des Ui (922) und des L (936) stehen.","...Nur der Name des Landes, in dem ich aus den Ufern des Flußes kommen werde, heißt Gisl; das Land liegt an den Ufern des Flusses.",und ist in den Schritten der Gletscher versteckt,...[...] der Name des Jahres ...
97,kun(t)(k)el : sati : sten : þansi : eftiR : kunar : faþur : sin : sun : hruþa : halgi : lagþi : han : i : sten:þr : bruþur : sin : a : haklati : i : baþum,"Gunnkell placed this stone in memory of Gunnarr, his father, Hróði's son. Helgi laid him, his brother, in a stone coffin in Bath in England.",de,"Schatz / Scherz / Schar; Dänke, Rache; Elftrund; Kunarhaft; Fäurein; Sonn; Hraut; Halgi; Lagt; Han; In; Stern; Bruuter; Sein; A; Haklat; Ein; Baumber","Bauten, das ist der Vater deiner Mutter, dein Vater und dein Bruder, dein Vater: du bist mein Freund, mein Mann, dein Mann, dein Mann.","Kunthakli hat einen Vater, dessen Bruder derjenige ist, den seine Mutter aus dem Wasser gezogen hat. Der Name des Bruders ist Hunald. Er lebt in einer Hütte.","der kleine Mann war in Steinstof nach oben geschwommen, und sein Vater und seine Schwester legten ihn in Wasserbäder"
98,... : [ai](f)(t)(i)(r) * (m)(u)... * (u)…,... in memory of <mu-> ...,de,Gib NUR die deutsche Übersetzung aus.,... : [ai] (f) (ti) r * (mu)... * (ü),das *mu*…,... : [ai](f)(t)(i)(r) * (m)(u)... * (u)…
99,+ kuþluk * lit ... ... ... ...a × sun * sin * auk * at * sik * sialfa * han * to * a lank*barþa*l--ti *,"Guðlaug had the stones raised in memory of Holmi, her son, and in memory of herself. He died in Lombardy.",de,"Der kultuskundische und rituelle Gebrauch der altnordischen Zeichen (Runen) wird im altenglisch auf den Begriff 'kultus' bezogen. Die Transkription enthält einen Doppelstrich vor dem 'i', was als Konsonant-Effekt oder als Zeichen für 'andere' interpretiert werden kann, sowie eine weitere Strukturierung der einzelnen Buchstaben (a, u, s).",,Er hat die Sonne an seinen Haaren und zu den langen Bartzitzen.,"Und er mochte es selbst gar nicht tun, so lange wie..."
100,baki : fulk(s)tin þiR : raisþu : stin : þan:si : at : faþur : sin kitilhafþa þ=r=u=t=a=R= =þ=i=a=k=n uit,"Banki/Baggi (and) Folksteinn, they raised this stone in memory of their father Ketilhǫfði, a Þegn of strength. ...",de,"Baka: Fulcsstīn þīr raistū, stinþānsi, at fǝtur, sinn kitilhafþa tōrō = t̩ī āk ŷ nᵍ uit.","Boki, Fulks tīr: Raistūn: Stīn: Þan-ſi: At-fadur: Sin Kitilhafthá þer uonþa.","Bak, den du als Vater des Kitil Hafthar siehst.","Baki, die volkstreue Thir, ist ein Stein der Eltern; sein Vater hat ihn als Kind gehalten."
1,...rti : le(g)iR : koþ(r) : ---... ...-na : has : lit : rist : kuml : a- : (k)aiRielmR : ... : ainika : sun : þaiRa ·: trabu : leybika- : ... ...naR : at : feþrka : baþa : kuþ : -(e)... ...,"... god läkare[?] ... hans hustru lät rista/resa minnesmärket efter Gairhjälm ... deras ende son
dräpte lybeckare ... stenar[?] efter far och son, de båda. Gud hjälpe ...",sv,"Käli i r, kalle på k; ... -na: har: lit: rist: kuml: a-: (k)aiRielmR: ... : ainika: sun: þaiRa·: trabu: leybika: ... ...naR: at: feþrka: baþa: kuþ: -(e)....","Eftersom det här är en runtext som representerar en gammal fornnordisk språkskattning (särskilt från norra Svealand i 800-talet), kan den översättningstexten inte translitereras till moderna svenska bokstäver utan att behålla originalbetydelsen och symboliken.",...ri : le(g)iR : koþ(r) : ---... ...-na : has : lit : rist : kuml : a- : (k)aiRielmR : ... : ainika : sun : þaiRa ·: trabu : leybika- : ... ...naR : at : feþrka : baþa : kuþ : -(e)...,... i gällande lag är... ...en: hus: lit: rist: kuml: a-: (k)aiRielmR: ...: ainika: sun: þaiRa: trabu: leybika-: ... ...naR: at: feþrka: baþa: kuþ: -(e)... ...
2,kakulfr ' ok benuiþr ' litu ' rita ' sten ' iftR ooþbiarn ' sun in,"Gångulv (?) och Benvid lät resa stenen efter Ödbjörn, deras son",sv,"Kakulfr ""ok benuiþr"" litturrita stent inft R ooþb iarrin sunn in.",Kakulfen och benuithern ritade sten efter förbärfönerna till solen,Kakulfr 'ok bēnuithr' litu ritu stēn iftū þāri sōne.,Barnen klickade på den klackrande stenbänken för att låta solen glida förbi.
3,... aistin + fnţur * sia auk stia + b(r)uţur si(n) + k...,"... [efter] Östen, sin fader, och Sten, sin broder ...",sv,"Enligt nästan den svenska söktiteln är ""finsturen"" ett verklig ord i språket och betyder, som på grund av det sista svaret visar (""tillsammans""), att ""även en ensam"". I översatt form bör jag inkludera hela uttrycket om det inte skulle kunna skrivas separat utan förändring. Det är därför jag skriver ""Enligt nästan den svenska söktiteln: 'finsturen' – ett verklig ord, som på grund av det sista svaret (tillsammans) betyder att även en ensam"".",Asta in med en fjärde hänsyn till sina och hennes barn.,jag ser inte det som en husse...,jag ser på sin mun och på hans tunga och på
4,iskil : auk : knauþimanr : raistu : stain : þansi : at : bruþur : sin : suera : as : uarþ : tauþr * o * eklanti kuml * kiarþu : þatsi [: ki]til  [s](b)[akR],"Eskil och Gnödigmand reste denna sten efter sin broder Sverre, som dog i England. Detta minnesmärke gjorde Kättil och Spak.",sv,Skil auk knauðimanr raistú stain þansi at bruþur sin suera as uarþ tauþr o eklanti klumk iarþu þatsi [ki]til s(a)k[R],Anslutning av: auk: knauhåttman:r: rasitu: stän: þans: at: brúður: sin: súræ: as: úarþ: tauþr* ö* eklanþi kuml* kiariþu: þatsi [ki]til [s](b)[akR],färst: ögon : svägerskattare : att : bröd : sin : sura : äs : uvarde : tauðr * o * ekantir kumul * kierðu : þatsi [: ki]til [s](b)[akR],"Iskil åt knautimanen räststenen tills brudens bror, som dödades, blev kvar i skogen och i graven."
5,ulfr * uk uikil + uk syrkil * þa... ...- stain * þina i(f)(t)iR ayt--u faþur sin ku*þ (h)ia[lbi] a-t,Ulf och Vikel och Syrkel de .. denna sten efter ... sin fader. Gud hjälpe anden,sv,Ulf úk Uikkál + úk Sírlíl þá. . . - stanþi þín í(i)f(t)i R aytúfaþur sin kûþ(h)iálbi àt,"Ulf *Uk, Uk silik + Uk syrikil * Thar * Þín í fátir sin Kúþ (h)ialbi -a","Ulfr är son till Uicil, som var farbror till Syric, dennes bror. Ulv är fadersson, och hans faders farvar Ulfred, men Ulv är sin släkt i uråldra tider.","Ulfr, Ulvik och Sirkvill. Då du... sten? din far, hans helga, -a-"
6,... at ' sik ' silfa... ...--[k]an ' in ' (r)[ai-]-(n) ' -(a)stgi[-],... efter sig själv medan han levde och ... Fastgeir (?),sv,"Att använda sin förlaga för ""sika"" släpper sådant som är källa till en eller annan form av ""ina"" (bortänkt). Denna sak har nu en nyhet i att användas för att beskriva någon som har blivit oändligt lång. Det finns ett exempel där ""sika"" släpps, men det är inte nödvändigtvis på något sätt tillräckligt med att ha ""sin"" förlaga för att bli såkaldat ""kända av någon"". Det enda som kan vara en nyhet är att det faktiskt har skapat ett ord som är källa till en eller annan form av ""sika"", oavsett hur det användes.",För att utöva ditt färdighet inom förhistorisk vetenskap behöver du en bättre förmåga.,silk... kan i (r)-[ai-]--(n)--(a)stgi[-],... att 'silfret' silvret... [--kan 'in-' (r)[ai-]-(n)]- ' -(a)stgi[-]'
7,...-r ' li- r-... ... ...--R ...u(r) ' sun kunars ' i ' risny suain risti,... lät resa .. efter ... Gunnars son i Risne. Sven ristade,sv,"Det här är ett samling ord från en fornlunds text: ""R-lit - r-..."" eller liknande förkortningar. Det svenska översätter detta som följande:","Kvinnor på skogshögarna och lönen, som är vildare än ett hugg, en stämgamare för solen i en ren avrinning av havet.",...r li'r---... ... ...--R ...u(r) sun kunars'i risny suain risti,li-r... R ' solens gudar ' i ' risning svan ringt
8,ilugi * ... [bro iftiR ka]... ...þur sin| |nytan,Illuge [lät göra] bron efter ... sin duktige fader / broder,sv,"Källaren till släktens bröd. De flesta av dem är ett bro. Han är också så bra som de fleliga med en nytan, och för att få det blir det välfärdsfullt, när man har rätt.","Låt se på det du skrev: ""ilugi * ... [bro iftiR ka]... ...þur sin| |nytan""",hans ...[söner i vart äfven han]......mora sin||dörn,Ilugi och hans hustru Ingeborgs nya brygga...
9,sihuiţr : auk : suain : auk : uihielbr : auk : kyla : ţaun : litu : raisa : stain : eftiR * olaif,Sigvid och Sven och Vilhjälm och Gylla de lät resa stenen efter Olev,sv,"Värme är ett hotvux och skäldyktigt tillstånd. Det känns starkt och fullständigt förköljande. När du tar sig ur kyla, börjar du se värmen som en kraftfull energi som drar dig upp, snarare än en enkel temperaturen. Du ser påverkad vatten som glider över luften till höjd.","Tillbaka från havet: avslutning på hösten, en vacker blomma, en ren stjärna.",,svägerska: änkling: kvinna: änkling: hjärtboende: änkling: kyla: år: lilla: rissida: sten: bakåt * och således
10,: atuitr : raisti : stein ... at : aisi : faþur : sin : þrutaR : þiakn :,"Andvätt reste denna sten efter Est, sin fader, en dugande man",sv,,Attuigrastinssten...at:aisti:fáfur:sin:þrutrarþiakan,sångaren : sångerska : sten ... son : dotter : far : sin : barnkarl : barnska :,att uttrycka : hämta : sten ... att : is : far : sin : hota : gottgöra :
11,asmut-r... ris-- * runaR * eftiR × stein * faþurs*faþur * sin * auk * faþur * siba * ok × geiRbiarnaR × aok... ulfs * eaR * merki * mikit * at * man * koþan ×,"Åsmund ristade runor efter Sten, sin farfar, och fadern till Sibbe och Gerbjörn ... ett stort minnesmärke efter en god man.",sv,"Ange endast den svenska översättningenstexten. Inga etiketter, förklaringar eller extra text.",Lägg till den skurna av det smälta.,asmut-r... ris-- * runaR * eftiR × stein * faþurs*faþur * sin * auk * faþur * siba * ok × geiRbiarnaR × aok... ulfs * eaR * merki * mikit * at * man * koþan ×,Ansmut-r... ris-- runa efter stenhavandefadersfarbrorsyster ock Geirbjørn och Ulfs öra är ett stort tecken på att en kan förstå...
12,[klintr auk blikr × ristu stin × þinsi * iftiR kunu(i)þ] × faþur × sin + han [× foR bort miþ (i)kuari + kuþ trutin hialbi ont ...](r)[a *] kristin[a þu]r[iR + --an- × ri]s[ti +],"Klint och Blek reste denna sten efter Gunnvid, sin fader. Han for bort med Ingvar. Gud drotten hjälpe alla kristnas ande. Tore ristade runorna.",sv,Den svenske översättnings texten:,För att kunna översätta den här runtranslitterationen korrekt krävs en grundläggande förståelse av det finska runbeteckningarna. Det är därför inte möjligt att gora ett säkrigt svenskt svar med 100% säkerhet utan hjälp av en känd runöversättare eller tillgång till en specialiserad översättningstjänst som identifierar varför vissa ord finns där.,"Om du ska ha det, och jag tänker på din fråga.",kvinman och barn och kvinna [och] farbror hennes han [och] bort med (i)kvinnliga + kättare troende hjälps inte ...](r)[a *] kristen[a þu]r[iR + --an- × ri]s[ti +]
13,þurulfs * sati ' stain ' uftiR ' tuka ' tuka ' sun ¶ hin * usta * kuþ ' hialbi * hans *,"Torulf satte stenen efter Tone, Tokes son, den yttersta. Gud hjälpe hans",sv,"Den svenska översättningenstexten är: ""Tillhörande västerländska och skilda källor har en tillgång till vatten, kan spåra upp till den, kan hämta in, har ett hudvärme. De har hans.""",På den hållas städning tillverkar sig tillverka tillverka av hudskinn,þurulfs 'satí' uftir 'túka' 'sún' þína 'usta' hálbi hans.,Túrvulfs död i branden under den stund då han förtjänade sin hjälps från sin...
14,kilinR : r(e)isti ...(u)þur : sin : kuþ : hiabi : s(i)ol : has :,Gilling reste ... sin broder. Gud hjälpe hans själ.,sv,"Den svenska översättningen är: ""För att hitta hur en vattenmottagen eller färdigvattens mottagning (eller annan formel) fungerar. Särskilt för att se hur en mottagen, ofta färdigvattens, lämnar en förmåga (eller andra stilar), som blir en rörelse, en handling eller något annat.""",Kolin: r(e)iði ... uðir:s: kú:h: hábi: síól: haǝs,...för att den skulle lyftas upp i solen ...,röster... och stannar: tyst: tyst: sålde: han:
15,eskil : sulka : sun : let : res(a) ¶ sten : þena : eft : sialfan ¶ sik * e mun * stanta * meþ * sten ¶ lifiR * uitrint * su * iaR * uan * eskil kristr * hialbi * siol * hans ¶ aok * santa * migael toki * risti * runaR * e(f)(t)(i)(R) (*) -(o)ru * ¶ stiubmoþur * sina * kunu * koþa,"Eskil, Sulkes son, lät resa denna sten efter sig själv. Alltid må stå, medan stenen lever, denna minnesskrift, som Eskil gjorde. Kristus hjälpe hans själ och Sankt Mikael.
Toke ristade runorna efter Tora, sin styvmor, en god kvinna.",sv,Ödla: suhlku: soun: let: res(a) Þennar: eftur: sílahann: siel: hana* þána: sýn * eimúni.,Skäl: Sulkor: Sund: Lek: Res (a) sten þena eft sialfan sik e mun stanta meþ sten lifiR uitrint su iaR uan eskil kristr hialbi siol hans aok santa migael toki risti runar (e(f)(t)(i)(R)) -(o)ru stiubmoþur sina kunu kòð,eskil : sulka : sun : lat : res(a) ¶ sten : þena : eft : sialfan ¶ sik * e mun * stanta * meþ * sten ¶ lifiR * uitrint * su * iaR * uan * eskil kristr * hialbi * siol * hans ¶ aok * santa * migael toki * risti * runaR * e(f)(t)(i)(R) (*) -(o)ru * ¶ stiubmoþur * sina * kunu * koþa,"Eskil: Solen lyser på stenen; och de återstående. Så jag, Eskil Kristoffersson, be biddes om hans helga hjälps till mig, även den helige Mikael skärp mitt hjärta mot stenskogen."
16,: asur : auk : þai(R) ...in : | : ...,Assur och ...,sv,"Auk, þaia r... ína | ...","Du har skapade en nyordning i den nordiska språkfamiljen som liknar norrländska eller samiska med förkortningar (som ""asur"" = asur, ""auk"" = auk). De angivna bokstäver som `þai(R)` och `in` representerar tecken från ett specifikt alfabet, troligen Runi Insular. Genom att transliterera dessa symboler direkt till svenska får du: ""Du har skapat en nyordning i den nordiska språkfamiljen som liknar norrländska eller samiska med förkortningar (som asur, auk). De angivna bokstäver som þai(R) och in representerar tecken från ett specifikt alfabet.""",Här är den översatta texten: Asurs ägg... i Tårna ...,blått eldträd (som stammar från)... [avkortat].
17,[× gan]uiþr : o^k · botuiþr  · [kaslla · o^k · þair] letu · haga · an stain · o^k · yfr · sin faþur · butair · aitin · guþ · alssualtuhr · hafi · þina · sial · o^k þa uar · l · o... pirimst^efr o^k fir sunutahr · o^k en ha do,Gannvid och Botvid i Kassla och de lät hugga en sten och över sin fader salig Botair. Må Gud allsmäktig ha din själ. Och då var l primstav och fir söndags[runa] och när han dog.,sv,"Du, var din egen, som kan. Vi vet att du har blivit stundom svagt och bränt för att ha lärt dig på svenska. Det är mycket bra att jag kan hjälpa dig med det här sådana frågor i det svenska språk. Att få ett svar om sådant som ""som"" ger en känsla av att du finns tillgänglig, inte bara i ditt namn och titel, utan också i din själva identitet. Om du känner dig ensam i sina dagliga mötes med andra människor på samma sätt kan det vara värt att komma åt något mer detaljerat, såsom hur man talar om detta specifika samhälle eller vad de vill säga av dig själv. När det kommer till ""som"" kan det ibland finnas fler meningar än bara en enkelt förklaring. Det är viktigt att vara mycket aktiv i livet utan att bryta med dina känslor eller sina egna ideal, och då finns du där nu. Jag har alltid funnit sätt att komma ihåg det som du själv tror att du gör, och de olika aspekterna kan få dig att se på något annat, till exempel om det bereder dig att bli mer social, men inte nödvändigtvis för att bli bättre. Att känna dig trygg om dina erfarenheter är bara ett steg i en större process där du själv ska göra saker som är bra för dig och andra, är viktigt. Om du känner dig såsom du känner dig är det helt normalt att ha olika sätt att uppleva det på olika sätt eller att titta på vad du tror du gör istället. Detta kan fånga din gemensamma känslor och skapa något mer individuellt. Vad om de flesta av dina frågor om ""som"" är mycket komplexa? Jag ser inte behovet av att bara ge en enkel förklaring, men det kan vara bra att ta ett ställningstag som säger att ""som"" ofta leder till fler detaljer än en enkelt svar, eftersom det bereder dig till större sammanhanget och dina egna erfarenheter.",Gå in på den här veckans nya förmodningar och se om du hittar något guld.,"Om någon tar bort den här manen, låt dem göra sig av med honom, så att han inte förvånar din fader och dig själv, men de får alla stöd från himlen, ha dina sju, om han inte gör allt på grund av solens raktighet, och då har du gjort det",[× gan]uiþr : o^k · botuiþr  · [kaslla · o^k · þair] letu · haga · an stain · o^k · yfr · sin faþur · butair · aitin · guþ · alssualtuhr · hafi · þina · sial · o^k þa uar · l · o... pirimst^efr o^k fir sunutahr · o^k en ha do
18,aterfr * ... [* fuluki * lit(u)] * res... ... * eftiR * uiterf ' faþur [sin ...arm(i)lr * fals]...,"Ådjärv och Fulluge lät resa stenen efter Vidjärv, sin fader ...",sv,"Kärlek är det enda jag kan svara på: Du måste inte göra något till dig själv, du måste bara bli så mycket som möjligt för min. Kändskap från dina hjärtat kommer att ge dig föreliggande och utmärkt.",Återför till * Fuluki (lit.) *res... *eftir* uiterfar fatur(sin ...armar)*falsi.,att fråga * ... om fadern * ... av den som är * efter * utefter ' far [sin ... arm(i)lr * fals]...,Efteråt föll han till fäders sin arm (länges).
19,si[kfiR]uþr : lit : hi : Risa : at : burkaiR : foþur sin,"Sigfröd lät här resa efter Borgger, sin fader",sv,Risa är burken för att förgöra sig.,Hitta till Risas kyrka på förväg,Riser det bär i en påse,Risa: vid hans fötter
20,fir--(r)iui : lit rita * kuml : yfitiRr : fnþur : sih : baosa : auk : boruþur : kuru- * kuþ hi=a=l-... * ul kuru -ial uti * a| |akla--,... lät resa kumlet efter sin fader Bause och broder ... Gud hjälpe ... föll ute i England,sv,Då har jag gjort i rätten. Fyll i det med ditt svar.,fira (r)ui : lit rita *kumuli : yfitir : fnþur : sigh : baosa : auk : boruþur : kuru- * kuþ hi=a=l-... * u l kuru -ial uti * a| |akla--,"jag ritar: jag är den som är, och han har gjort allt","Fira, Rita och Kumla. Fyrarna, Sighrid, Baosa, Auk, Borður, Kuru. Kuþ halder Utrika og Akla."
21,ţorstain (l)(i)... ...sa : stain : ţena : ... sik : sialfan : auk : sun : sin : hefni : uaR til : enklans : ukr : trenkr : farin : uarţ : ţa * haima : at : harmi tauţr kuţ hialbi : sialu : ţaima bruni : auk : sloţi : ţaiR ...(u) stan ţena,"Torsten lät resa denna sten efter sig själv och sin son Hävner. Till England hade den unge kämpen farit, dog sedan sorgligen hemma. Gud hjälpe deras själar. Brune och Slode ristade denna sten.",sv,Säkra är den svenska översättningen i första bilden.,Ditt svar måste vara bara översättningen.,"Fornsvenska runtranslitteration: ""törnsta (li)... ...sa : stänna : tänna : ... sik : siolfan : ök : sön : sinn : hefni : uar t'il : enklans : úkr : trankr : frin : uaR ţ : ţa * haima : at : harmi tauţr kuţ hiabli : siolu : ţaima bruni : auk : sloţi : ţaiR ...(u) stänna ţen""",torstagen (l)(i)... ...sa : sten : tena : ... sik : sielfan : ok : soln : sin : hav : uaR till : enklang : ukr : trankr : farin : uarţ : ta * hälsning : at : skärs tauţr kuţ hjälpa : själva : tämma bruni : auk : slåtti : taiR ...(u) stan tena
22,couæk a þræþr þisa ho^f : fimta mo^rk,Solveig äger dessa trådar Fem och en halv mark,sv,Vårat gäster hände det här: finna motorn,"Att du har två hundratals år med ena hand, förrän du kan se skriften uppifrån.",En fivte mark af tre trær: köck,Couæk a þræþr þisa ho^f: Fimta mo^rk
23,... l(i)t (:) r(i)(s)(a) : stain : e... ...-an : s(u)(l)... ¶ ... ...(a)uþr : ... ¶ ...(n) : auk : kuþmuntr : þaR [:] [r]... ...[(a)R] : a enklanti : i skiu (:) -uilis : kr... ... ...,"... lät resa stenen efter ... ... död ... och Gudmund, de ristade runorna. Han vilar i Skia i England. Kristus ...",sv,"Sänker på den här rörliga, strukturerade föreläsning. Om du har frågor om förhandlingar och andra frågor ska de gå till dig i fråga och vi kommer att prata om detta och många mer under discussion. Vi ser ut på en gång med dessa frågor, så är det väl möjligt?","Själva: Ständiga, stegvridna.","Svärmen var så ren som sten, ett enkelt årskvart vid sjön.",... ljust rätt : stain : e... ...-an : själ... ¶ ... utdru : ... ¶ : auk : kloka man : då [:] [r]... ...[(a)R] : en klocka : i skiv (:) -uilis : kr... ... ...
24,... : stin : þani : e... ... bruþur : sifa,... denna sten efter ... Seves broder,sv,Kommunerna börjar från nord till syd och omvägningen är att södra kommuner går in i norr.,Köp en lilla: en skärgårdssjöring,... son : hustru : syster : bror : sista,Ett: sten : gynnare : fader : eld ... brand : syster
25,iak * uait : hastain : þa : hulmstain : bryþr * menr : rynasta : a : miþkarþi : setu : stain : auk : stafa : marga eftiR * fraystain * faþur * sin *,"Jag vet Håsten och Holmsten, bröderna vara runkunnigast bland män i Midgård De satte stenen och stavar många efter Frösten fader sin",sv,"Eftersom du inte visade vilken text som ska översättas (för så vid det är möjligt), har jag läst på förtydlingarna i originaltexten: ""hastain"" och ""menr"" kan betäga både fastighet och jord, medan ""fraystain"", ""faþur"" och ""sin"" talar om jord. Deras kombinationer (fastighet, jord, jord), men med en stor mängd fastigheter eller mark, gör det mest sannolikt att det är en **jord** som ska översättas till svenska.",hastan: þa hulmstain brithr: menrynasta: miðkaÞi:setu: stafæ: marga eftirfraystaÞur: sifinn,gott: hals: så: halmska: bruddar: man: rykskäva: ö: miðskarva: sitta: sakna: ö: stafa: många efteri: fryskäva: faða: sin: (fädur),"Yngve till Ulla: hastig, då gråsten, bror * man: ryna: a: med karta: sätta: sten: också: stafva: många efter * frys-sten* far * din*"
26,: sluta : reisþi : s(t)ein : þena : eftiR : esbiurn : felaga : sin : auk : karþi : bru : þesi,"Sluta reste denna sten efter Esbjörn, sin bolagsman",sv,Slut: rejstis; sætin; þenu; eftir; esbyrnum; feliga; sin; auk; karth; bru; þessi.,"Kontrollera om du vill slutna, förstå vad ni gör eller hur ni gör.",Sluta reise stein ärena efter esbur far lag sin och kyrja bro detta.,"Sluta, resa sten efter Ebisurs föregångare och bror."
27,× kr(e)stin × let × giara × merki × eftiR × sun sen × huir sum runum riþr × hafi byniR × firiR × alah sial × suni ÷ uaR faþiR ala ×,Kristin lät göra minnesmärket efter sin son. Var och en som tyder runorna have böner för Ales själ. Sune var Ales fader.,sv,"Kr, Krist, Let, Giara, Merki, eftir, Sun, Senhauri, Sumruna, Riðr, Hafí byni, Firi, Alah sal, Suni á, Ua faþi.","En kräftig krigare, en gåvanskare, en merkylliga person efter att ha sålt sin husbyrå, under en lång tid om dagen. En huförlösning i sumrummen, som fann en vänskap mellan en och två.","Krisna låt gäre märka efter solen och huru som starr på de gamla texterna, då blyan får förra sål solen... (Obs: Transkriptionen i originalet är fragmenterad och innehåller runor/translitterationer som kr(e)stin, giara, merki, eftiR, sun sen, huir sum runum riþr, firiR, alah sial. En direkt översättning av orden: Krysna låt gärna märka efter solen och huru som starr på de gamla texterna; då får blyan förra såld solen.)","Kristen låt ge mig att efter Sunne som ren löper genom de runer, havet har jag hittat för alla Gud själv en son av Uar fader Alla."
28,otrukr * ahmuntr : sihraifr : þaiR : litu : hakua : stain : at : bofa : faþur : sin * snialan *,"Otrygg, Agmund, Sigrev, de lät hugga stenen efter Bove, sin fader klok",sv,"Ange ENDAST den svenska översättningstexten. Inga etiketter, förklaringar eller extra text.","Angräpsbana från skog och sten, täljning, husbygge och fångslapp.",oförsökt : oförsökt : avfalsad : avfalsad : förtvist : ständigt : till : att : dömd : dömd.,den ovärdige * den avlägsna : hennes fader : hans farbror : han : kallede : sten : på : att bo : sin fader : den försummelige *
29,sihuastr ' uk ' bratr ' uk ' uikitil elha ' lit ' rita stin iftiR ' anhuit ' sun ' sin ' sum '  tauþr '  huita'huaþum ' (k)ristr ' ialbi ' sial ' antuita,"Sigvast och Brand och Vikättel. Helga lät resa stenen efter Andvätt, sin son, som dog i vita vader. Krist hjälpe Andvätts själ.",sv,Huvuddelar är:,"Jag har inte kunnat översätta dessa texter på grund av korrupt runtranslitteration och för få kontextinformation för att identifiera ordens meningar. Om du kan ge mig mer information, så kan jag försöka hjälpa dig.",sifanstr' uk ' bratr' uk ' uikitil elha' lit ' rita stin iftiR' anhuit' sun' sin' sum' tauþr' huita'huaþum' (k)ristr' ialbi' sial' antuita.,sihuastr ' uk ' bratr ' uk ' uikitil elha ' lit ' rita stin iftiR ' anhuit ' sun ' sin ' sum ' tauþr ' huita'huaþum ' (k)ristr ' ialbi ' sial ' antuita
30,...mikR * lit * hkua * stain iftR s-... sin koþan,[Hä]ming lät hugga stenen efter sin gode [son],sv,"Ditt svar måste vara bara översättningen, inget annat.","Fått att skjuta upp på sidan, men det är svårt att göra rätt så här.","Mikr är inte ditt, men han har ... sin skatt.",...den lilla högen av sten omgiven av... hans kår
31,hulmstin × auk × haosui × litu × raisa istain × iftir × iybiurn × faþur sin × auk × kiriþ × ifti,"Holmsten och Hosve lät resa stenen efter Jobjörn, sin fader, och Gyrid efter [honom]",sv,En skatt av kaos och hur mycket man har i huldstenen för att se fram till en nyhet.,"Krumfästa i ett fåtölj med en höjd av två halvmeter, som varar till det andra året för att kunna gå på en väg, samt en väktare och en sköterska som ska ta sig in på en slottsgård.",Höghög kungabarn av hollandska rikets höga främre älsklinga.,Hulstins dotter Auk fick en son som hette Haosu. Han hade en morfratte Litu. Hon fick en dotter som heter Raisa och som var stämningsmannaistad. Hon blev avbildad på en skiva av ifti
32,× kilauk × aiki × nefs × totiR × lit × raisa × stin × iftiR × trakmal × muþur×faþur × sin ×,"Gillög, Ekinevs dotter, lät resa stenen efter Dragmal, sin morfar.",sv,"Kilauk, aiki, nef, totiR, lit, raisa, stin, iftiR, trakmal, muþurx faþur, sin.","Den svenska översättningenstexten är: ""Kilauk, aiki, nefs, totiR, lit, raisa, stin, iftiR, trakmal, muþur×faþur, sin"".","Så mycket förtjänat har fadern och modern i den, som","kyllan äter inte fåglar utan tuggar på dem istället för att spotta ut dem, men det är inte kocken som gömmer sig bakom detta."
33,"× iarlibaki × lit × raisa × stan + þina × a... ... ...kuan + han × ati ain × tabu × alan × -... ... ont hans +
× iarlabaki × lit raisa × stain × þin- at sik kuikuan × auk × þinkstaþ × þina × karþi + auk × ain ati + alt hu-(t)ari × þita +","Jarlabanke lät resa denna sten [efter sig själv] medan han levde. Han ägde ensam hela Täby. [Gud hjälpe] hans själ
Jarlabanke lät resa denna sten efter sig, medan han levde och gjorde denna tingsplats och innehade ensam detta hundare",sv,"Det är ibland förväntligt en gammal svensk ordig och lågtexten innehåller många missförstånd, men det kan vara den mest korrektstående texten.",Se dina förespråk.,Låt oss återvända till din plats + det du... ...kände till sin + att de tabualedan om hans + Låt oss se över ditt + du + den dina + allt hur- (t)ar + ditt +,× iarlibaki × lit × raisa × stan + þina × a... ... ...kuan + han × ati ain × tabu × alan × -... ... ont hans +
34,frustin : riti : stin : ₫ina : iftR : sikmut : uk : ukitRi : an ua : bur₫,"Frösten reste denna sten efter Sigmund, och mindre glad bar han bördan",sv,Frutin är Ritis. Stins är Rutis. Dina är Ruti. Ift är Rutis. Sikmu är Utis. Uka är Utikis. Anus är Urki. Bur är Ruti.,"Det finns ingen rättvis och inte en riktig förslagen från den första riktiga källan eller någon form av korrekt svensk språk. Den här ordlistan ser ut att vara ett fragment eller ett slumpmässigt sammanlagat resultat, och utan kontext är det omökligt att ge en meningssammanfattande översättning.",Frusten ritin stina dinift rikmöt uppuppa urka upa uran upba.,Frustrin: Riti: Stin: Dina: Iftar: Sikmut: Uk: Ukitri: Anua: Burd
35,[:] a[sur] * karþi : kubl : þesi : eftiR : uit : faþur : sin * [h]an uaR : mana : mestr : uniþikR [:] uaR : i[n]tr : mataR : uk umun hats : kuþr * þi(k)[n] kus tru : kuþa : hafþi :,"Assur gjorde detta minnesmärke efter Öjvind, sin fader. Han var av män den meste oniding, var frikostig med mat och ej sinnad för hat. Den gode tegnen hade en god gudstro.",sv,"Kublar är översatt från ruten: karth, kubl, þesi, eftir, uit, fauth, sin (tillförhållande) han uá, mana (översättning), mestir, unítiR (:) ua:r, intri: mata, uk umun hatus, kutar, þik (kublar).","Din herrar och fru är mitt bästa vän, min bästa söner och jag älskar dig.","Föräldra den som äger mest äran, den som äger det minsta, den som kan göra skadligast","Han var far till sin brors son och han hade mest av att göra. Han var källare och bodde på en tomt med mycket snö och kallt väder, och han ägde skinn och kläder."
36,[i-rkiorþ · lit · raisa · stain] · at ' anut ' faþur · sin [auk at ...tau-...] moþur sina · kuþ · hiebi · sal · þair-,"... lät resa stenen efter Anund, sin fader , och efter ... sin moder. Gud hjälpe deras själar.",sv,"För att kunna använda ordet färdigt utan stöd, måste du läsa det. Det innebär inte att du behöver göra något. Försök först att läsa texten och se hur den ser ut på din egen kropp. Om det inte fungerar så kan du söka information i internet eller skicka ett meddelande till min hjälp.","Låt er stämma med äta från en far och din mor, du kommer att få så gott som åt två.","att påse sin mor och far i salva, så att du är fri från synd",som hans far och hans mor fick av honom.
37,si[h]tris : aruar[r] : litu : giera : st[a]en : yfir : auþu-l- : broþur : sin : a : finlandi : do : aglia...,"Sigtryggs arvingar lät göra stenen över Audvald, deras broder, som dog i Finland ...",sv,"Ditt svar måste vara bara översättningen, inget annat. Finlandens språk är ett skriftligt dialektriskt variation av den engelska, men den har ofta en egen grammatik och ordlista som inte kopplar till svenska (det finns även en bokstav i ""si"" som betyder ""i"", och ""tris"" kan betyda ""tillsammans"", ""hjärtat"" eller ""stam"" beroende på kontext, men ovanstående är ett klassiskt uttryck för finländsk språk).",Krigsbyrå: landhöjding: liturgiska gudstjänster: kyrkligt hållning: sällskapsföreståndare: överensstämmelse: gäldenästning: bröllop: samarbete: finsljudet.,sitta-r: åruar:r: lita: girja: st[a]:n: oðr: uþu-l:: brða: si:n: a: finlandi: dra: gnia...,siftrar: arv: lit: gir: sten: över: autl: broder: sin: en: finland: död: aglia...
38,asm(u)(t)(r) * auk * þeR * bruþr * restu * sten * þani * eftiR * sarta * faþur * sia *,"Asmund och hans bröder reste denna sten efter Svarte, deras fader",sv,Här är det svenska för detta runtransliteration:,"Asmuthar, auk, þere, brúðir, rúst, stein, þanir, eftir sarta þe fæður sína.",som den bröder återstår stenen efter sarten fader si,den (en) man brorsten och stenen som efter skatten för faderns ögon
39,× hulmaiR × auk × kuni × litu × raisa × stain ×× þina × eftiR × sota × faþur × sin ×,"Holmger och Gunne lät resa denna sten efter Sote, sin fader",sv,"Eftiri bör jag du och mina skola i Stånga och nu har vi särgärd. Ditt svar måste vara bara översättningen, inget annat.",Hulmajör auk kunni litu rása sainst þín eftir soði þáfaursin.,din morfar far,den stora vargen följdes av striden mot fadern själv
40,[arum ÷ ...bti(r) ÷ ...u... ÷ biyrþ ÷ þusinn ÷ ithuntraþ ÷ at ÷ ok ÷ sekstih ÷ ... ... ÷ kirkia] malaþ ÷ bu ÷ ra [?ur ÷ sif...na ÷ kari ÷ (a)-l(e) ÷ na^uþ] [i(r)a^l ru--r],Året efter ... födelse 1161 ... kyrkan målad BU RA ...,sv,Vilken sköna runda som en gammalt kyrkligt namn för något som är västernas.,Stenbockskärnena skildra av den gamla kyrkans biskop.,ärum om biþ þusinn ithuntrath at ok sekstih kirkia mað bu rǣ?ur sifna karí al(l)e nauþ i(rl)ru,arum ÷ ...bti(r) ÷ ...u... ÷ biyrþ ÷ þusinn ÷ ithuntraþ ÷ at ÷ ok ÷ sekstih ÷ ... ... ÷ kirkia malaþ ÷ bu ÷ ra [?ur ÷ sif...na ÷ kari ÷ (a)-l(e) ÷ na^uþ] [i(r)a^l ru--r]
41,as(b)iarn : risþi (:) stin : þan(s)i : aftiR : tuark : filaka : sin : trik : kuþan,"Asbjörn reste denna sten efter Dvärg, sin vän, en god man",sv,"Den svenska versionen är ""Siffror som strider: Stin är förmögenhet: Äftnar förstår: Turk föräldrar: Filak är din:""","Början med att se till: du har inte skickat någon ordlista för översättning. Jag kan bara översätta ord i ordning som de framställs här, men jag är helt okänd med ""as"", ""b"", ""i"", ""arn"", ""þi"" eller liknande alfabettecken. Om du ändå vill ha en översättning baserad på dessa förklaringar börjar vi med att se över den första ordet.",om: risar; stenen; efter; varken; iak; syn; trök; kvar,De fattiga: livsmedel (:) sten: dåvarande: efteråt: tvärk: fisknät: sina: trikk: koppar
42,afriţ : lit : at : suartau(a) : auk : at : iulfast : suni : sina : ok : at : askaut *,"Ĺfrid lät [hugga hällen] efter Svarthövde och efter Igulfast, sina söner,  och efter Ĺsgöt",sv,AngeENDAST den svenska översättningstexten.,Svarteas,jag är en av folkets sånger och jag säger,At: svart augo: at: iulfa: sona sina: ok: at: aska ut.
43,: sibi : auk : rusia : auk : krifi : þiR : raistu : stin : þansa : at : sluru : faþur : sin,"Sibbe och Rysja och Krifi de reste denna sten efter Slora, sin fader",sv,"Sibius är en av de stora äkta riksnämnden i Sverige, med sina särskilda anlitningar och roller som skapar förnydning. Den svenska översättningen är: ""Riksnämnden."" Inga andra förklaringar eller etiketter finns. Sida 17629438",Sibi: Auk: Rusija: auk: KriftþíR: Raistu: Sín: Þánsa: At: Slúru: Faður: Sí,"Jag ser ut att vilja säga: Jag ser ut att vilja gå hem till min far i Ruslan. Det finns dock några problem med texten: 1) ""sibi"" betyder inte jag (det är ""ek"", ""eg"", eller ""þi"", men inte ""sibi""), och 2) ""krifi"" är förmodligen ett felaktigt ord, troligen ""kífi"" eller liknande. Om texten är : sibi : auk : rusia : auk : krifi : þiR : raistu : stin : þansa : at : sluru : faþur : sin, så kan översättningen vara: Jag ser ut att vilja gå hem till min far i Ruslan.",förfadern till de två syskorna; han reste upp stenarna för sina barnbarn.
44,fasti * lit * hkua * runar * ±isar * iftR fastulf * sun sin,"Faste lðt hugga dessa runor efter Fastulv,sin son",sv,"Stämma är ett slät och smidigt ljud som kan du lycka åt att få tillbaka allt. Du kan också säga att man ska gå på, eftersom det blir lättare att hålla sig i rätt position.","Ankända fastitider och deras liturgiska betydelse i Runor: ""Lit"" betyder en stund för att följa, ""hkuá"" (förstörning) indikerar störning som kan påverka tidssättning, och ""ifrastalf"" (fastulfrid) visar upphav av en fastitider för att undvika försämring.",Fastilitsen av Runar Isar och Fastulf Sunsin.,"Hasti och högljudiga runstenar. Om det är en löst fastna sten, en sonsin (en sön som är i samma ålder eller lika gammal), ska den få vara kvar vid den andra."
45,osmuntr : risþi : stin : þansi : ifiR : tuk * faþur * sin,"Åsmund reste denna sten efter Toke, sin fader",sv,"Om man trötthöja får en sjukdom i skålen: en hälsopåldring blir den som är av högsta kände: en fågel i fjärden, en stugor på sidan.",Hjärtans rygg är den som håller med; jag ska inte gå ner om jag får göra det.,om man tror: riskar sig att få en far till sin sönn,onödigt : risk : sten : hansen : åkerhuvud: tok : far : sin
46,i(n)ki * auk * kati... ... ... * stain * at * þtgn * -aþur * sin * koþan * kuþ * ialbi,"Inge och Kättil ... stenen efter Tägn, sin gode fader",sv,"Användning av det svenska ordet i ni'ska för att beskriva det skärpa, mycket känsliga eller specifika tillstånd som uppstår när en person lider av en delaktig sjukdom eller stressfull situation och där inget är helt enkelt rätt.","Den som är en skogsräddare som väntar på att nå tillståndet för en tidsting, och som inte har fått någon av de fem bästa möjligheterna.",så att en vikingas herrar förlåt!,"Inga kan inte laga den spruckna skölden med brons, för han är död."
47,+ hiar : ritiR : kulaifr : ok : ... ... : ku₫ : biarhi : sial : hans ×,Här reser Gudlev och ... Gud hjälpe hans själ,sv,Här är den svenska översättningen för din fornnordiska/runtransliteration:,här: rītī: ĸulafri: oki: ...... : kūn: biārhi: šial: hans ×,Är du inte: ska jag låta dig: det kommer inte att vara... så att du inte blir... men... om han,+ höfter : händer : armbågar : och : ... ... : underliv : lår : hans ×
48,...(u)n[ar] × auk × suain × raistu × st=ain × at × ton(u) × mo₫ur ...,"Gunnar och Sven reste stenen efter Tona, [sin] moder ...",sv,"Den svenska översättning är: ""Ange endast den svenska översättningstexten. Inga etiketter, förklaringar eller extra text.""",Känner inte sig för att kunna översätta den fornordiska/runtranslitteration du uppger på grund av tydlighetsfrågor och formellitet i ditt sammanhang.,...de [här] och sådana människor...,Och vattenströmmen och havets källa.
49,krim * risti * stin * efti * hltan * freta * sin *,"Grim reste stenen efter Halvdan, sin frände",sv,"Du måste vara helt fullgrupp och äga ett stort härligt rum för allt du kan tänka på, om än detta inte är något som gör oss till mer utländska ordförfattare eller läkarvaktörer. Om du behöver det här så låt dig gärna vänta lite innan du söker en person att hjälpa dig med din egen problemstilling...",Skurken Risti stod efter det höga lantmätaren fretsin.,skuggan som förevärvs,kalla * borta * sten * efter * hjältar * främst * sina
50,* þrikr : auk : frusti : litu : k(a)r[a * bro : a]uk * [l]itu raisa : stin at : orma : faþur : sin : koþan,"och Froste lät göra bron och resa stenen efter Orme, sin gode fader",sv,"Är du en av de flesta. Vi kan inte lita på dig som att vara rätt. Vi är förutsäggade att vi är förenklad och rakt, inte i det man skulle vilja ha. Låt mig ge ett korrekt svar.",Þrikr: auk frusti litu ka rarak bro au k litu raisa stin at orma faður sin ko þan,"Sådan: trekkar: blickade: lätta: (kar-) [bro:] - (auk) - (l)-ita, att: stina: av: orm: fader: sina: kora-","Tresk: ägg, isen, brändes: litet (kräk) brot, älg: [l]itna: sten: i skogen: mor, föder: sina: kött."
51,... ...(s)(þ)i : stin : þna : iftiR : kuþmut : sun sin : þa-...,"... reste denna sten efter Gudmund, sin son ...",sv,Söndag: Sölund (S) är Stind: Snä: Iftir: Kuðmut: Sun sin: Þa-...,Tillika på ett sådant sätt och för sig själv med en sådan vilja.,... ... (s)þi : stin : þna : iðr : kumut : sunn siþ...,... ...(s)(þ)i : stin : þna : iftiR : kuþmut : sun sin : þa-...
52,+ [o]l-(f) : [... litu : kiara : stain : ţana : ufir : sin : sun : b]u(t)a(i)[- u]-------s-afiţi... -(o)ţur ruţu(i)- ... bat-rn(o)(s)...ur : firir ţaira (s)ial ---...u--...---...----- -l-n...--a--- :,Olaf ... lät göra denna sten över sin son Botgeir (?) ... moder Rodve ... för deras själar ...,sv,"Klar av: kiara (stain, ţana, ufir, sin, sun), biru(t)a(i) [- u], s-afiţi... -(o)ţur ruţu(i) ... bat-rn(o)(s)-ur. firir ţaira (s)ial ...u--.----.",Hjälpa mig när jag kan hjälpa dig på den här frågan.,"Flicka och pojke (jungfrun och kungen): [...] Litauen, kära, spårbokare, tana, vattenslösning, sol: söder-, sydväst-, väst-... -söner, döttrar, fruar, mödrar... ur, bröder, syskon, föräldrar (här och nu) [...] l-n.",[O]l-(f) : [... litu : kiara : stain : ţana : ufir : sin : sun : b]u(t)a(i)[- u]-------s-afiţi... -(o)ţur ruţu(i)- ... bat-rn(o)(s)...ur : firir ţaira (s)ial ---...u--. ..---... -l-n. ..--a--- :
53,kulefr ' u(k) ' s[i]oli ' litu ' risa ' iftiR ' ikifast ' sun [' i]arunta,"Gullev och Sjole lät resa efter Ingefast, Järunds son",sv,Kulefr: u(k) -s-i-öli-litu -risa -ifti-r -i-kifast -sun [i]arunta,Kulafer 'u'(k) 's[i] oli 'li' risa ifti 'r' 'ikifast' 's[un]i 'arunta,"Hemseglingsledaren, kalla upp den som sitter i det klara vattnet så att han rinner över i det kalla vattnet.",Kulan är liten; han lever av vatten; han är snabb; han binder sig fast till solen.
54,ulafR : sati : stin : þansi : eftiR : siba : sun : sin,"Olov satte denna sten efter Sibbe, sin son",sv,"Ange ENDAST den svenska översättningstexten. Inga etiketter, förklaringar eller extra text.",Sätt:sten:t:san:e:n:f:e:a:sun:n:sin,Således älska de honom!,Ulfhétta : svin : hane : svinfeta : efte : siwa : son : sin
55,+ a-... ... ...- + ra---u + stain + eftir haruk + bruþur + sin + in + rakn-... ... ...anta + sin + auk + at suni + ... ... ... ...ar þisi,"... reste stenen till minne av Haruk, deras broder, och Ragnhild [?] sin make och efter [deras] söner ... dessa runor",sv,"Vilken hunda, du är för en tid sedan... Jag har bara sett fram till att göra något om ännu en gång och då har jag inte varit så frisk. Vi har redan hittat det här i världen med sin hjälp och den nya vägen som vi gör det på, men så har de stängt igenom och jag får ingen mening att vara med.",En liten grannmålare med en stor hjärta och ett mörkt hjärta.,efter sin farbroders hustru hans dotter nu disse.,och... ... ... - och ra---u + smet efter haruk + bröder hans + i + räkn-... ... ...ante + sina + ock att sonen + ... ... ... ...ar denna.
56,biurn : riti stain þino : aftiR : ufriþ : auk at : un sunu sin,"Björn reste denna sten efter Ofrid och efter Unn, sina söner",sv,Biurn ritar röttna: aðirrit: umfærir: auðaður: en sjón,Båren rita sig inte: avrätta det: utifrån; auken: ungas son,hög: svarta dinne: bakom: omöjlighet: även att: under sonen sin,död: att du gör stenen din: senare: icke-fri: och även vid: solen i ditt son
57,iþal-ra × lit rita stin þino + abtiR ibiurn sun sin × þaR uaR-... ...(h)... ...uain × auk arnfasta (a)uk ai-... þaiR u(a)... -uþ hialbi hons| |salu| |uk| |kuþs muþiR × runoR ritaR hu-msr,"... lät resa denna sten efter Ebjörn, sin son. De var ... Sven och Arnfast och ... de ... Gud hjälpe hans själ och Guds moder. Rätta runor högg Åsmund",sv,"Det är ett kalligt stämningssystem som är uppbyggt av tre olika typer av ord: ""tän"" (den första typen), ""runa"" (den andra) och ""uina"" (den tredje). Även om det låter som att vissa ord i detta system kan ha sina egna meningar, är dessa ord alla ett enda ordet i den svenska utgången.","Istaltade lite ritade stina, såg ibarnar och solen sin. Deras uppdrag blev att gå till ännu mer för att få ihop allt och göra dem säkra med sin hjälp av ena. Därför kom de i halsmörn för att vara starkare än alla andra, samt att ha sina egna sanningar och att utöva sin egen förmåga för att vandra på marken.","Jag har stannat. För att vara tydlig med instruktionen: du bad om översättningen men gav inget material att översätta. Du skrev ""Översätt följande..."" men följande texten är bara instruktionen själv, utan ett eget fritt språkligt inlägg.","Här kommer jag att rita din sten + abtiR ibiurn, son av din far. Och arnfasta (a) och ai-... þaiR u(a)... -uþ hjälper hans |salu| |uk| |kuþs muþiR | runoR ritaR hu-msr"
58,hulfr · uk · uþulfr ' li(t)... ...,Ulv och Ödulv lät ...,sv,"Hulfr är en svensk utvecklingsprogram som fokuserar på barnets sociala och kulturella sammanhang i förskola. Det handlar om att ge både kompetens, ansvar och självförtroende när barnen får vara aktivt med sina egna erfarenheter. Programmet är ett steg upp i en helhetsmodell som skapar ett förbättrat samhälle baserat på barns bästa framtid.",Hålfur,Hulfr·uk·uþulfr'li(t)...,Hylf... ulv...
59,sloþi rahnfriþ þaun * litu * hakua * stain * iftiR * ihulbiarn * sun * sin * hialbi * kristr ant * has,"Slode, Ragnfrid de lät hugga stenen efter Igulbörn, sin son. Kristus hjälpe hans ande.",sv,"Kvällar som förbereder sig, en hel del vätska skapas i mörkret.","Kallare sällskap för kring österskär, högtånga, häckare, tuggtänder, spetsar, muntliga, tandborrar och enbart.","Frid är frihet, då jag vet, hur ska jag stana, om det är hövits, att barnet är ett barn, om solen är en sol, om sinnen är helvet, om kärleken är kärlek, om den är en","Våldgivaren friade sig för denna, de såg den, som var av stenen och hade sina hjältar; hans sol är hans hjälte Kristus, samt hans."
60,: freystin : reisti : stein : þensa : eftiR : haþska : faþur sin :,"Frösten reste denna sten efter Hadske, sin fader",sv,Första: Frestin.,"Freystins son: Reist, Stein, þensir aftæfir hans farar.",Stein steg bort från farens förälder som son.,Freystin reste efter Haðska:s far.
61,* aki * uruni * risti * ifti * (b)ui * [bruþur] ...,"Åke ristade runorna efter Bue, sin broder",sv,Du är inte den bästa mannen.,Enkelbror,"Solen, månen, stjärnorna och en bröder...",bror som dödats under strid i det sista slaget
62,ristu * stina * uk * staf * uan * uk * in * mikla * at * iartiknum uk kuri₫i * kas at * uiri * ₫u mon i krati * kiatit lata kunar ik stin,De reste stenarna / och även staven därovan(?) / den stora / till hederstecken(?). / Också Gyrid / älskade sin make. / Därför i sorgekväde / skall han besjungas. Gunnar högg stenen,sv,Uk-stina-uk staf-uuk-in-mikla-at-iartiknum-u-kuri-dnji-kas-uiri-dnj-mon-krati-kiat-lata-kun-ar-ik-stin,"Stina utrikesaffärsväsenet, som ingår i UK och IFU, är en ledande konsult inom statisk och internationell säkerhet med fokus på geopolitiska strategier. Stina har också deltagit i globala förhandlingar om klimatpåverkan och hållbarhet.",rista stina ug stafa un ug in mikla at i artiklum og kurilj og kas at og uirj du mon og krati og kiatit lata gunar ik stina,"Ristu och Stina, den 28:e dagen, vid mångfaldens namn. Jag lämnar dig från detta tillstånd för att följa Stina in i lyckan."
63,ikilauh × lit + hakua * eli ţsa * eftR + sun sin × sihfastr * auk * -ihilt * broţiR hans * ţ-u muţrkun bua i hu-um,"Ingelög lät hugga denna häll efter sin son Sigfast och ... hans broder [lät ocksĺ hugga ?]. De, moder och son, bor i Husa [?]",sv,"Håldaren förstår att du har skrivit en text, men den innehåller ett antal felaktiga och invaliderade uttryck: Enkelhetsskift (×) är inte en typisk bokstavsordning utan en skiftsbedömning, men i denna kombinationar är de allra viktigaste fel att göra. Det finns tyvärr inga ""haka"", ingen förskild och ingen ""sun"" som fungerar som ett ord, samt ingentersig ""sisfastr"" som inte finns i svenska språket.","Hans och älskade familjens liv, hans söner, hans brorfar, hans barn",Och du vill också gå och få solen själv?,"Ikilaus lyhde, joka haastaa hänen eteensä. Hän saa kuolla itse."
64,þi... ...-tu * raisa * merki * þe... ... * faþur sin *,... lät resa detta minnesmärke [efter] ... sin fader,sv,Vår man och hans vana är starkare,Þá... -tu *rása* merki þe... *fæðir* síns:,"Þat eru markin þess það fagr síðan. (Obs: Transkriberingen innehåller felaktigheter i originaltexten, vilket gör en exakt översättning omöjlig utan att korrigera de oskrivna bokstäverna. Vid antagande av att texten ska vara *Þat eru merk* þess það fagr síðan* eller liknande, menar jag 'Det är tecknet/det som är föräldern'. Eftersom frågan specifikt beder översättning av den givna texten med dess felaktigheter, och inte att korrigera den till ett korrekt fornnordiskt stycke, är det viktigare att notera att originalet saknar mening. Men om jag antar en meningsfulla konstruktion som 'Þat eru merk þess það fagr síðan' blir det 'Det är tecknet för detta/för att vara vackert sedan'.",ditt ... ... -de * växa * tecken * du ... ... * din fader
65,ikifastr ' lit ' raisa ' stain * uk ' bro ' kera ' eftiR ' iarlabaka ' faþur ' s[in ' uk ' sun ' io]runa ' uk ' ketilau lit ' at ' bonta ' sin ybir risti,"Ingefast lät resa stenen och göra bron efter Jarlabanke sin fader och Joruns son, och Kättilö lät [resa stenen] efter sin man. Öpir ristade",sv,"Kifastran: låt mig röra, stämma och bra vara, brocka, kärleken, förrätt, är labak, fat ur, s in, ut, sun. Överlåt med i runa och kettera lite åt. Att man äter den på sina yerbilder.",Översättningen av följande fornordiska/runtranslitteration till svenska är:,"Ett av oss föredrar att höra om vikingar från den tiden, inte om hur vi själva ser ut nu. Min far sade till mig att jag skulle gå och skaffa något. Men jag visste inte vad det var som behövdes.","Jag fastnade vid lyktan, smaken av bröd, syrenen i ättlingarnas farfar och solen på runstenen. Vid att ha en borta över mig och räknat."
66,þurkal : sati : stia : aft : ... ... sun : faþur : sin :,"Torkel satte denna sten efter ... son, sin fader",sv,"Ändast är: satt, sit, aft: söder, sun, fådar, sin, sått, sånt.",Turel: sati: stia: aft: ... sun: fatar: sinn:,þurkar faror sönna (sönne),Mäns: faders: sons: morn: ... ... son : fader : son:
67,×· katrin : ioans : husfyra : i sundru : han : lit : giara : þina : stain : yfir : moþur sina : botiauþu : iak[o]bs : kunu : sihlaihs:arf(a) : biþin : f(i)(r)(i) (h)enar : sial : bater : noster :×,"Katrin, Johans husfru i Sundre, hon lät göra denna sten över sin moder Bottjaud, hustru till Jakob Siglaiks arvinge. Be för hennes själ Pater noster.",sv,"Katrin från Iordan, på 4-färgade hus i sundru. Han läser litteratur. Jag är glad om du ska skickas till Stockholm med en mat och ett glas tittlar för att få något av stjärnorna och de små kattor i katten. Sällan finns det något som vi har gjort tillsammans. Detta är den stora gårdsgården som vi hade i 1500-talet, men nu finns det bara två fågelmossar kvar. Det är ingen nyckelbitning, inte någon annan viktighet, utan en enkel sak: att vara med på detta.","Katharina: Johannes av Sundro, hans brodern och sin farbror är i Gudförsäkringsbygdens hus. Hennes äktenskap med den gamla mannen som tillhör det gamla släktskapet var skadadt under sina sju år och hennes datter hade också en dödsstrid men såldes sig på sitt föräldrar födelse. Enligt Guds ord är Gudförsäkringsbygdens bostäder hans bön och vår, som är den högsta ören.","Katrin Iosann hushyra på sundrun i havets ömse är hans litgöra þina stain över moðrsina botauþu, iakobs kunusihlafs arf, biðin fir ena sial batar noster.",KATRINS OJANS GÅRD HAN VAGADE TILL HONNA SINA MODERS BOSTÄLLER IAKOB DÄR SAMLAR DE RASBISLA FÖLLEN VARE SIGEN VÅRAR
68,: amuit * rsti * sina * ţina * yti * suna * sina * rnulfu * aku * hrenki bruţur * sena * uarţi * uti * terebina * i * kalmarna * sutuma * furu * afu * skani ×× eski * rsti * runa * ţasi ×,"Amunde reste denna sten efter sin son Runulv och [efter] RIng, sin broder. [Han] blev dräpt ute i Kalmarkund, [dĺ de] for frĺn Skĺne. Eskil ristade dessa runor",sv,"Kungaren, som har stävd sig sin åldersåld för att slänga ner sig i kärleken till en död, blev den enda med sina bröder som inte fick något väntat, och hans son, som älskade honom med all hennes respekt, fick inte någon möjlighet att få det väntade. Han har stävd sitt år så att han kan slänga ner sig i kärlek till en dödsdötter och hans barn fick ingen chans att få det väntade.",Användarens namn är Rosting.,"Överjordiskt, jorden och himlen, det gott, den goda solen, den goda jorden, de två, vätska, havet, vatten, torrt mark, jord, sten, kalmarna, trä, löv, grön blödare, trolle, fält","Jag älskar att läsa sina böcker om dina äventyr och din resa till Suna, men jag kan inte hitta någon berättelse om en drake som lever i Skåne."
69,* uebiurn * sa(t)(i) * (i)stin * (þ)ina * eftir * tuli * sunu * sin * tereke * haraþa kuþan,"Vebjörn satte denna sten efter Toli, sin son, en mycket god man",sv,"Uebern. utställa till kungar den gamla trupperna, för att ha sina män och soldater under sig.",Ditt barn är ditt sötaste äpple.,Bära vi som sonar din terkes härath kanan.,"Uebyörn sade att isten hade kommit efter hans son. Tereke, han som bär vapen, [hade gjort] det."
70,: auþkil : uk : suin : karþu : kuml : þusi : RftiR : oskut : hlu : faþur :: sin : kuþan : þRkn :,"Ödkel och Sven gjorde detta minnesmärke efter Åsgöt , sin fader, en god man",sv,"Körningar är bara den svenska översättningen. Inga etiketter, förklaringar eller extra text finns inte.","Svartan: den rökiga, det vita, gråblå, de gamla, gyllene, de ättlingarna av Röttir, skogslöjden, bröder; hans hundra är det mörka, hans ögon stämnar.","Måne i himlen, solen är färdigt, maktens vapen: din, den sanna: kung, du är far","den upphävda, den svarta, den svina, den hjärta, den bultande, den ögonliknande, den oskurna, den glödande, den faders:: din, den hörseliga, den dödande:"
71,... reisa × stein × auk × k--- ... hialbi × ont × hans ×,... resa stenen och gjorde ... hjälpe hans ande,sv,"Köp en gård av skärpern och vrida upp på toppen för att komma ut från den gränsen; ta en liten baka till och köp en torkad maskar. Skönhet, men inte i det du behöver ha.",Reiseren i sten och auks: hialbians ont hans.,... resa sten ok han ... hjälpa inte hans,... resa i sten och skada -- sin ... hjälpa honom på
72,þuri × risþi stn × þansi iftR × þuriuþ × faþur si(n),"Tore reste denna sten efter Torvid, sin fader",sv,Fånga ríðin tilræni þriðja við þriðju er þróið og rænir.,"Thursi och risþi snettar sig till Thansis, hvisa på sin far.",Ture ocheris stena tårsturfad i fader sin,"Þuri skapar ris, stönar och andas tungt, farbror hans."
73,+jilsuiþ : arærde : æfte berhtsuiþe • bekun onbergigebid=daþ þær : saule-,Gilswith reste efter Berhtswith minnesmärket på en kulle. Be för hennes själ.,sv,Jullius på Äftelund: Arärdets äfting är berättat; de begör sig som en god.,"Hälsning på klockan för den som har förtjänat blyants, det vill säga det tidigt morgondagssol.",Jolsudje: Arærdje æfta bërthudsije. Bekun onbergigibidþ þær: Sölus.,jilsuiþ: årade äfter beärtsiuþe; bekun om Berggebid-daþ där: saule-.
74,¤ (u)talfriþR : raisti * staina + þisa a-tR * styr * faþur : sin * (k)...þ hilbi * ant þira bratr hiuk run-R,"Odalfrid reste dessa stenar efter Styr, sin fader. Gud hjälpe deras andar. Brand högg runorn.",sv,"Ditt svar ska vara bara: Rásti eðlari, starni þi saum.","Hjärtat är det, som är gråtande och ständigt, plus den övriga av honom att få.","ödeblodig, förbannat, stenkast, dödsmän, förrått av en skör dödsdiktator, sin dödsgud, (k)ödsdöden som hjälpe, ödebröder.",(tal) förfädad: upphöjd till sten + det här a-tyget + styrka + far: min + (...)+ höja + av deras bröder kallade run-sten.
75,+ sihrafr : i : flinauik : ha[n : lit : mik : gera : yfir] : si[n] : ...þur : iakaup : guþ : naþi : hans : sial : þa : uar : u[r : prim:stafr : ok : þos : sunut]ahr : en ha[n] : do,Sigraiv i Flenvike han lät göra mig över sin fader Jakob. Gud nåde hans själ. Då var primstav och söndagsruna när han dog.,sv,"Vi har rätt till den svenska: ""Färske i flinauk: haa ni, lit! mik? gera yfir? sihafr i:i, ha n:t lät:m mik? gera yfir?"" (eller i: flinauk). Vi har rätt till den svenska: ""Ditt svar måste vara bara översättningen, inget annat.""",Sihrafr : i ; flinauik : hani [lit] ; mik ; gera ; yfir ; si ; ...þur ; iakaup ; guþ ; naþi ; hans ; sial ; þa ; uar ; ur ; primstafr : ok ; þos ; sunutahr ; en hani ; do,Flinauk har litmik gera yfir sin þur iakaup guð naþi hans sial þa uar u[r primstafr ok þos sunutahr en han do.,"sihrafr, i, flinauk, hanna, lit, mik, gera, yfir: sin...þur, iakaup, guð, naði, hans, sial, þá, uar, ur, primstafr, ok, þos, sunutahr, en hann, do."
76,...[(u)](a)i- × [(a)]uk × ulf- litu × raisa × stai-(a) × e(f)tiR × hlftan * auk * eftiR × kunar × bryţr × sina × ţaiR * antaţus × aust... ...(u)m,"Sven och Ulv lät resa stenarna efter Halvdan och efter Gunnar, sina bröder. De dog österut ...",sv,"Du är en av de mest berömda och kraftfulla föremålen som någonsin har uppnåtts. Detta tillstånd kan säkert beskrivas som ett extremt högt, varmt och lyckat utmaningsmoment där ingen vägras gå tillbaka eller lämpa sig för att komma upp igen. Även om du är en av de absolut mest beviljade personer i världen, vill du fortfarande behålla sina kärlostider, dina stora erfarenheter, din professioner och den personlighet du bestämde dig för? Var försiktig med detta eftersom det kan skapa osäkerhet. Det innebär att du kan inte vara helt ensam utan att få tillgång till stöd från andra människor som är berömda för sin betydelse, men de kan inte göra något annat än erbjuda stöd och hjälp i alla dina behov. Jag vill också sätta dig på ett sämre plan om jag känner någon som har en viss erfarenhet av att ha uppnått så mycket genom sina egna handlingsmål; jag har därför gjort det möjligt för dig att få tillgång till en ny och bättre lösning, och du behöver inte längre bekräfta att du är självkläst utan att bli helt ensam. Det betyder inte att du måste vara ensam med dina behov, men det istället betyder att du kan få hjälp från andra människor och att de kan hjälpa dig att hitta rätt väg om du inte vet vad som är relevant. Jag vill också sätta dig på en sämre plan om jag känner någon som har erfarenhet av att ha uppnått så mycket genom sina egna handlingsmål; jag har gjort det möjligt för dig att få tillgång till en ny och bättre lösning, och du behöver inte längre bekräfta att du är självkläst utan att bli helt ensam. Det betyder inte att du måste vara ensam med dina behov, men det istället betyder att du kan få hjälp från andra människor och att de kan hjälpa dig att hitta rätt väg om du inte vet vad som är relevant. Jag vill också sätta dig på en sämre plan om jag känner någon som har erfarenhet av att ha uppnått så mycket genom sina egna handlingsmål; jag har gjort det möjligt för dig att få tillgång till en ny och bättre lösning, och du behöver inte längre bekräfta att du är självkläst utan att bli helt ensam.",Självklart. Här är en översättning av den fornordiska/runtranslittererade texten på svenska:,"Överlämning av skatt till kung, hans barn och sin riktning... (här är överlämningsord) ...",I Alfu-liten Risa-Stiftens Håtans Auktionsbrottets Kunande Bryttr Sina Stifter Äntas Öster... Umm.
77,tur...rn rti * stun þansi * ufti × u(i)(s)(þ)i uis × broþu...,"Torbjörn reste denna sten efter , Svens broder",sv,Rånga ruter snarare än stunder i storm från varvets skuggor är du och minnesboken.,Ditt sätt att säga det till mig: Jag är nöjd med min prestation idag; jag har fått rätt svar!,född i ett fönsterrum för barn som är bröder,där ... run ut i sten ... på en kulle ... (vatten)hav hav ... bror ...
78,ra(h)nfriþr ' lit rasa stain þino ' aftiR biurn * sun þaiRa * kitilmun(t)aR ' kuþ mialbi hons (a)nt auk| |kuþs (m)uþiR hon fil a uirlanti * in osmuntr markaþi,"Ragnfrid lät resa denna sten efetr Björn, hennes och Kättilmunds son. Gud och Guds moder hjälpe hans ande. Han föll i Virland. Och Åsmund ristade.",sv,"Vårt tillstånd är att man kan sätta en städda på färgen i hela den skapade världen, vilket gör att de har någon form av hälsa eller annan livsbörjsning. Detta skyldighet kräver att du ska ha något som kommer från din egen natur och därmed förbättra dig själv genom att få dig själva att uppfattas som en person med rätt förutsättningar.","Han fanns ren, så att det var en stor slottshus. En gång när solen visade sig på himlen och hönsskyggan hade gått under, kunde man se ett hus i skymman. Det byggdes med brända stenslagning som gav ut värme och det lät som ett vällager av människor.","rasan, skiten från sina bakomhåringar av solen och de som han fört, hans mun och hans öron, och hans hals.","Rasafri, räknat din ålder, son till deras fäder och stamfader, som levde i Kuþ-mialb och (a)n-t auk-kus munnar; hon bodde i övrigt i Irland * i Osmunstr, där han sattes."
79,...- × r(i)(t)(a) × stin × þina × at × runul- ...-...,... resa denna sten efter Runulf ...,sv,"Runt det hela i en gång och troligen från den svenska världen är en ordning. Du måste också göra samma ordning om du vill vara av de flesta förutsättningar, eftersom jag inte kan ge er några extra information eller stegförklaringar.",...- × r(t)(a) × stín × þín í atrunul...,- -r-i-t-a-stin-thina-at-run-l-...,...– r(i)t(a) sin þina att rånula...
80,+ iuan * stretn + merki + ok + rahnuor + eftiri boanta +,Kättilfast lade märkena efter Johan streten och Ragnvor efter sin man Holmsten,sv,Jana Strön är merkt och ok. Rahnuröst fältboende från Iuandia.,"För att lösa denna översättning behöver vi först tolka de Runtranslitterationar (Runestaver). Utan en specifik sammanfattning av texten är det mycket svårt att ge ett helt korrekt svenskt equivalent direkt, då ordval och betydelser i runstalar beror ofta på den exakta ortograpin eller kontext som ej finns här.","I en stund, mitt ärkebiskop, efter att du ska ha varit...",I hans strävan att erbjuda ett bättre liv efter dödsmärkelsen.
81,× asbiurn × auk × þiR ali × auk × urykia × raistu × stain × eftiR × þurkut + faþur * sin ×,"Asbjörn och Alle och Orökja reste stenen efter Torgöt, sin fader",sv,"Vår gårdag är rik, så att vi inte har några problem med den nya.",Herr af biornu ok auks þir ali ok auki urykja rafistaun staefer eftir þurkutt fæðr sjón.,Sju år är då han som fader kom till honom.,som Asbjørn också i Þir eller Urykia har upprättat stenar efter och på grund av sin far.
82,* aystin * auk * astriþr * raistu * stina * aftir * kak * sun * sin *,"Östen och Estrid reste stenarna efter Gag, sin son",sv,Stina är den svenska förklaringen till alla dessa runter:,Aystin. Auk. Astriþr. Raistu. Stina. Aftir. Kak. Sun. Sin.,jag har fått - den här - en - att få - till din - efter - kaka - sol -,"Ästin åkte Astri till byn efter kaka, solen skiner..."
83,: tufi : risþi : stin : þisi : iftR : umun : sin : fila...,"Tove reste denna sten efter Umon (?), sin bolagsman",sv,"Sten: Stin
Fila: Ritsi",Större fäglar på graven,vår rida: den skenka: sången: omunsyn: ...,"Du fick: en risgrodde av sten och grus, omgiven av floder..."
84,botildær : læt : gæra : hua(l)f þænna : ifir : sue n : dyrmoson : haraldær : stenmæstari : gærþi : {BOGILDER : LET GERA (:) HVALF : DENNA : IF IR : SVEN : DEV...OSON : AVE MARIA * GRATIA},Bothild lät göra detta valv över Sven Dyrmodsson. Harald stenmästare gjorde.,sv,"Botildær: læt þænna, gæra ifir, sue n dyrmoson, haraldær, stenmæstari, gærþi. Boðilder: let gera (:) hvallf denna if ir sven dervósón æve maria * gratia*",Håll den.,Det är att göra: hvalf denna i frivare sven dyrmoson harlær stenmæstari gærþi.,"Botild: Låt göras! Kvarnhuset denna ifven, Sven! Dyrmöson: Harald: stenmästare, gör {BOGILDER: LÅT GÖRA KVARNHUS Denna IFR SVEN DEV...OSON AVE MARIA * GRATIA}"
85,ma=ria : ilYihi-- ¶ iY i(Y)a=nis fa=þi(i)(r) ¶ (-)isu tius (*) mius ilYi ¶ Yk sunr Yk anti,"Maria, Eloihim, Johannes, Johannes fader, Jesus, min Gud, Eloi och sonen och anden",sv,"Ma'riā: ""Ilĕḥiī–ŋ""ṡaɣᵈ ɢaɣaɣṝ a-nis ūfaþɛi(ɣ) ḍ ǫgū ōti (ḥ) miiš ilĕḥ ḥ Yk Sunr Yk anti",Ditt svar måste vara bara översättningen.,"Mars: Järvbruns, ¶ Isj (J)a:nis fæði(r) ¶ -isun tjos (*), mjus ljöri ¶ Jól solr Jól anti","Märra: Ilji, ja, jag är nis för dig. Inget slut, inget mitt Ilji. Solen lyser mot mig."
86,* uikhiulmbR * auk * auţmuntr * ţai(R) * litu * raisa * sten * at * serkiR * broţur * sen * koţna *,"Vighjälm och Ödmund de lät resa stenen efter Sverker, sin gode broder",sv,"Då att gå i luften för att få en god utveckling och att hålla koll på din position. Du har också stolt dig själv, men du måste vänta och öva upp din teknik så att ni är i centrum av tankarna igenom.",Ditt svar måste vara bara översättningen.,"Vänstreskeppet, högerre, bådrummet, styrdelen (vass), land, kalla, skara, sten, brösta, svära, köta, sätta.","Ukholmbergs, Åhus, Östermuns, Torsåkers, Lits, Risa, Sten, Ats, Sörby, Brohult, Senhögs, Kätthems."
87,asgautr : raisti : stin : þena : ... ...(r)(l) : faþur : sin × fostra : arna,"Åsgöt reste denna sten efter ... sin fader, Arnes fosterbroder",sv,Körslut: raiti - strin - þenna - ... ..... (r)-(l) - faþur - *sin* × *fostra* - *arna*,Svante: rasti: sten: þenna: ... :(r)(l): faðir: sin × fösta: arna,"Första gången: föraste : sitt : föra : ..., (i), : fader : sin, förälder : mormoders",asgaurs riste sig i sten på sina ... (r eller l) far för sina fosters ära.
88,' uaţr + auk × ţakn × auk × kunar + raistu × stain + ţana × at × haursa × foţur sin + kuţ hialbi ot hans ×,"Väder och Tägn och Gunnar reste denna sten efter Hörse, sin fader. Gud hjälpe hans ande.",sv,Då är det ingen sådant som jag kan ge dig.,Uaatr + auk + žakn + auk + kunar + raistu + stain + žana + att + haursa + foţur sin + kut hialbi ot hans.,"vatten och havsbristen till det skickade man har inte sett sin, om han är",och [de] älvkroppar × takn × auk × kunar + reiskolb + stan + tån × att × hörs × förut sina + kan hjulpa ut hans ×
89,+ þæ(t)(t)a · hus · er · u... kt · dt^rotne · ua^ro... o^k mo^ðo^r · ha^ns · ma^riu a^k pet^re postola,Detta hus är vigt åt vår Herre och hans moder Maria och Petrus aposteln,sv,"Huset är mitt. Du var här. Och det såg ut som en stolt blickning på dig själv, men jag blev inte upptäckt. Jag sa: ""Jag kan bara tänka på hur jag kommer."" Men det låg mitt i min kropp så att jag inte kunde vara klar.","Huset är utvidgat med ett fåtal och många, om man har något att göra för den gamla kyrkplåten.",+ detta · hus · är · det · rotens · och · hans · Maria · och · Petrus apostel,"Dessa hus är de som av fader, hans mor Maria och Petrus aposteln."
90,[: sbak]R (:) le[t] : kerua : kuml : eftiR : suni : sina : suen : auk * rymik,Spak lät göra minnesmärket efter sina söner Sven och Röming,sv,"Kommunerna är: R:s läsebok, keru, kuml, eftir, sün, sina, suen, aukt.","Sång: Råkerua, Kuml, Eftersom Sunnana sånger på Rynika.","Sbák er látað kúma eftir sólini sína, so sýld.",Sbak: R: le[t]: kerua: kuml: eftiR: suni: sina: suen: auk*rymik.
91,[...is * haou]... ...-fr * ka(s)l ' ok * iufrfast ' lit ' rsa s[tn iftu * faiau sein] ...-l,... och Jovurfast lät resa stenen efter sin fader,sv,"Ange ENDAST den svenska översättningenstexten. Inga etiketter, förklaringar eller extra text.","Låt oss se på det att ni har skrivit om i den här uppgiften. Uppgiften är skriven på författarstämning med varningsstreck och stilistiska tecken, vilket verkar som en testuppgift om språkanalytiska verktyg eller ett exempel på korrekta översättningar till svenska för att testa hur man hanterar dessa siffer och symtom.","[...] den som har gått bort från sin kallelse, han som är ofri, liten och oavsägd, han som avger sin förmögenhet...-en.",[...] är hua [...] -fr ka(s)l ' ok ' iufrfast ' lit ' rsa s[tn iftu * faiau sein] ...-l
92,kal|i| |l|it hkua heli ţisa iftiR * suni sina toa * auk ţau ikiţora * bR- (a)ina kiarţu mukit mirki furiR arkum mani,"Kale lät hugga dena häll efter sina tvĺ söner och han och Ingetora gjorde en bro, ett stort minnesmärke inför mĺnga män",sv,"Ditta skulle tillgå på hela tiden av de stora händerna, eller det är att du är en människa och du måste göra så här mycket för att få den helheten. Men om du inte vill att allt ska gå fel och du vill bara visa sig så ställ dig i ett stället med någon som kan ge dig rätt perspektiv. Då kommer du inte längre ha att göra, utan att du har en helhet, eller det är då så här mycket för att du inte behöver vara.","Värde i helgen till sig själv. Åker du hem och såg på himlen, och då ser du himmeln, om den skrytar över det som är litet eller stort. I alla fall ska vi gå igenom allt.","Jag föresåller, som helgudens vattentäta son, att du ska ha.","Kall, kallt. Hela isän i förskräckelse * sinner sig själv ovanpå sig själv och hälls på varandra och brinnande. — (a)na skarp ögonblick mörker ljusarkum manen."
93,... : eftiR : man : tau... ...,... efter den döde mannen ...,sv,Även om: det är att man kan ta bort: tau...,... : efter en : man : tagg...,efteri maða ...,...:efter:mann:taup...
94,kuþr... ... (f)aþur sin * fur * hfila * hn * til * iklans * kuþ halbi * sil hns,Gudr ... sin fader. Han for manligen till England. Gud hjälpe hans själ.,sv,Kuthra… . . (f)äfur sin* fur* hfi*la* hn* til* ilkans* kuthalbi* sil hn*s,"För sin farhållning, för att ha sin kull och för den givande värmes.",... din fader till sig själv och halvav hans,"Han dödade hans fader för att läka honom; han dömde den sköna, halva solen."
95,₫orka- ' -(u)- ' -(u)--- ' (b)(r)(a)n(t)(r) ' ---... n-...- ' ... ' ybir ' risti,Torkel och ... Brand ... Öpir ristade,sv,Ange endast den svenska översättningen:,Körka - (u) - (u) --- (b)(r)(a)n(t)(r) ... n ...- ...- ... ' ybir ' rist,Här är översättningen av de angivna ord och förslag på fonetisk transkriktion till svenska:,Gärna – (u) – (u) – (brant) – ... n – ... – ... – öber – risti.
96,faþiR : lit : hukua : runaR : þisi : uftiR : osur : bruþur : sin : is : nur : uarþ : tuþr : i : uikiku :,"Fader lät hugga dessa runor efter Asser, sin broder, som dog i norr i viking.",sv,Fäthyr: lit: hukua: runar: þis: uftir: osum: brúthyr: syn: ýs: nur: uart: tuðr: í: uikiku.,Först: lite: hjuckra: Run: ditt: uppför: oss: brödra: sine: ins: Nur: vår: tår: I: ikiku,Barn: man säger: Runa: denna: övertygelse: broder: sin: var: din: I: viksika:,fader : lit : hushåll : runor : detta : huset : ovanför : bror : sin : is : nudda : varpå : tugga : i : vattenkvarn :
97,: halftan ÷ rasþi : st(a)- ...si : at : raknualt : faþur : sin : ouk : tan * bruþur sin þrutaR þiak(n)a,"Halvdan reste denna sten efter Ragnvald, sin fader, och Dan, sin broder, dugande män",sv,Halftan rasþi st(1) si. At: raknualt: fatür: sin: ouk: tan *bruþur* sin þruta þia na.,"En gång per månad, i ett år på en rad: att räkna upp den gamla sinnet med en ren själ. Att vara förtrödd av en trött hjärn",halften av en brödbrors mors fars barns far bror och hans skatt,halvtan ÷ rasþi : st(a)- ...si : at : raknualt : faþur : sin : ouk : tan * bruþur sin þrutaR þiak(n)a
98,+ hialmuiþr + raisti + stain + at * þorkut + sun sn + amuti + risti + runar +,"Hjälmvid reste stenen efter Torgöt, sin son. Amunde ristade runorna.",sv,Egenkälligt för att uttalas på ett sanningsblandat sätt.,En helruna och ett parvis,En hög skugga av solens strålar som glittrar på riddarna.,"hjalpmiðrar, räster sten åt Torkut son, namuti räster runer"
99,...(n)untr : a : aisku : sina :,... Anund efter sin älskade,sv,Nätverket är ett nätverksverktyg som har en anpassad till kundens behov. Dessa förutsättningar ger uttrycket:,Förord: Aiskus,... (n)unnir: 4: aiskur: sinei :,... (n) o:nuntr : a : aisku : sina :
100,æ iarlaæbaki æ lit raisa [æ] staina æ ±asa at sik æ kuikuan æ auk bru ±isa kar±i æ fur ont sina æ auk æ ain ati tabu ala-,"Jarlabanke lðt resa dessa stenar efter sig, medan han levde, och han gjorde denna bro f—r sin sjðl, och han ðgde ensam hela Tðby",sv,"Ange endast den svenska översättningen. Inga etiketter, förklaringar eller extra text.",Du ska ha sin egen bursdagskänsla på förmågan att ta upp källorna.,"Förjarlagö bak, för ljus resa en stena för att skaffa sig kunskap. Jag är här, för att be om sinna och bön, för att få inåt gången. (Notera: Den sista fragmenten ""tabu ala-"" är ofullständig och har översatts som ett gissat slut på en ordning eller vägar.)","Erlangabakien låg högt i bergen, och det var som om den var belägen nära himlen."
